doc_id,length
official_macro_cpiaucsl_2010-01-01,61
official_macro_cpiaucsl_2010-02-01,61
official_macro_cpiaucsl_2010-03-01,61
official_macro_cpiaucsl_2010-04-01,61
official_macro_cpiaucsl_2010-05-01,61
official_macro_cpiaucsl_2010-06-01,61
official_macro_cpiaucsl_2010-07-01,61
official_macro_cpiaucsl_2010-08-01,61
official_macro_cpiaucsl_2010-09-01,61
official_macro_cpiaucsl_2010-10-01,61
official_macro_cpiaucsl_2010-11-01,61
official_macro_cpiaucsl_2010-12-01,61
official_macro_cpiaucsl_2011-01-01,61
official_macro_cpiaucsl_2011-02-01,61
official_macro_cpiaucsl_2011-03-01,61
official_macro_cpiaucsl_2011-04-01,61
official_macro_cpiaucsl_2011-05-01,61
official_macro_cpiaucsl_2011-06-01,61
official_macro_cpiaucsl_2011-07-01,61
official_macro_cpiaucsl_2011-08-01,61
official_macro_cpiaucsl_2011-09-01,61
official_macro_cpiaucsl_2011-10-01,61
official_macro_cpiaucsl_2011-11-01,61
official_macro_cpiaucsl_2011-12-01,61
official_macro_cpiaucsl_2012-01-01,61
official_macro_cpiaucsl_2012-02-01,61
official_macro_cpiaucsl_2012-03-01,61
official_macro_dcoilwtico_2010-01-04,65
official_macro_dcoilwtico_2010-01-05,65
official_macro_dcoilwtico_2010-01-06,65
official_macro_dcoilwtico_2010-01-07,65
official_macro_dcoilwtico_2010-01-08,65
official_macro_dcoilwtico_2010-01-11,65
official_macro_dcoilwtico_2010-01-12,65
official_macro_dcoilwtico_2010-01-13,65
official_macro_dcoilwtico_2010-01-14,65
official_macro_dcoilwtico_2010-01-15,65
official_macro_dcoilwtico_2010-01-19,65
official_macro_dcoilwtico_2010-01-20,65
official_macro_dcoilwtico_2010-01-21,65
official_macro_dcoilwtico_2010-01-22,65
official_macro_dcoilwtico_2010-01-25,65
official_macro_dcoilwtico_2010-01-26,65
official_macro_dcoilwtico_2010-01-27,65
official_macro_dcoilwtico_2010-01-28,65
official_macro_dcoilwtico_2010-01-29,65
official_macro_dcoilwtico_2010-02-01,65
official_macro_dcoilwtico_2010-02-02,65
official_macro_dcoilwtico_2010-02-03,65
official_macro_dcoilwtico_2010-02-04,65
official_macro_dcoilwtico_2010-02-05,65
official_macro_dcoilwtico_2010-02-08,65
official_macro_dcoilwtico_2010-02-09,65
official_macro_dcoilwtico_2010-02-10,65
official_macro_dcoilwtico_2010-02-11,65
official_macro_dcoilwtico_2010-02-12,65
official_macro_dcoilwtico_2010-02-16,65
official_macro_dcoilwtico_2010-02-17,65
official_macro_dcoilwtico_2010-02-18,65
official_macro_dcoilwtico_2010-02-19,65
official_macro_dcoilwtico_2010-02-22,65
official_macro_dcoilwtico_2010-02-23,65
official_macro_dcoilwtico_2010-02-24,65
official_macro_dcoilwtico_2010-02-25,65
official_macro_dcoilwtico_2010-02-26,65
official_macro_dcoilwtico_2010-03-01,65
official_macro_dcoilwtico_2010-03-02,65
official_macro_dcoilwtico_2010-03-03,65
official_macro_dcoilwtico_2010-03-04,65
official_macro_dcoilwtico_2010-03-05,65
official_macro_dcoilwtico_2010-03-08,65
official_macro_dcoilwtico_2010-03-09,65
official_macro_dcoilwtico_2010-03-10,65
official_macro_dcoilwtico_2010-03-11,65
official_macro_dcoilwtico_2010-03-12,65
official_macro_dcoilwtico_2010-03-15,65
official_macro_dcoilwtico_2010-03-16,65
official_macro_dcoilwtico_2010-03-17,65
official_macro_dcoilwtico_2010-03-18,65
official_macro_dcoilwtico_2010-03-19,65
official_macro_dcoilwtico_2010-03-22,65
official_macro_dcoilwtico_2010-03-23,65
official_macro_dcoilwtico_2010-03-24,65
official_macro_dcoilwtico_2010-03-25,65
official_macro_dcoilwtico_2010-03-26,65
official_macro_dcoilwtico_2010-03-29,65
official_macro_dcoilwtico_2010-03-30,65
official_macro_dcoilwtico_2010-03-31,65
official_macro_dcoilwtico_2010-04-01,65
official_macro_dcoilwtico_2010-04-05,65
official_macro_dcoilwtico_2010-04-06,65
official_macro_dcoilwtico_2010-04-07,65
official_macro_dcoilwtico_2010-04-08,65
official_macro_dcoilwtico_2010-04-09,65
official_macro_dcoilwtico_2010-04-12,65
official_macro_dcoilwtico_2010-04-13,65
official_macro_dcoilwtico_2010-04-14,65
official_macro_dcoilwtico_2010-04-15,65
official_macro_dcoilwtico_2010-04-16,65
official_macro_dcoilwtico_2010-04-19,65
official_macro_dcoilwtico_2010-04-20,65
official_macro_dcoilwtico_2010-04-21,65
official_macro_dcoilwtico_2010-04-22,65
official_macro_dcoilwtico_2010-04-23,65
official_macro_dcoilwtico_2010-04-26,65
official_macro_dcoilwtico_2010-04-27,65
official_macro_dcoilwtico_2010-04-28,65
official_macro_dcoilwtico_2010-04-29,65
official_macro_dcoilwtico_2010-04-30,65
official_macro_dcoilwtico_2010-05-03,65
official_macro_dcoilwtico_2010-05-04,65
official_macro_dcoilwtico_2010-05-05,65
official_macro_dcoilwtico_2010-05-06,65
official_macro_dcoilwtico_2010-05-07,65
official_macro_dcoilwtico_2010-05-10,65
official_macro_dcoilwtico_2010-05-11,65
official_macro_dcoilwtico_2010-05-12,65
official_macro_dcoilwtico_2010-05-13,65
official_macro_dcoilwtico_2010-05-14,65
official_macro_dcoilwtico_2010-05-17,65
official_macro_dcoilwtico_2010-05-18,65
official_macro_dcoilwtico_2010-05-19,65
official_macro_dcoilwtico_2010-05-20,65
official_macro_dcoilwtico_2010-05-21,65
official_macro_dcoilwtico_2010-05-24,65
official_macro_dcoilwtico_2010-05-25,65
official_macro_dcoilwtico_2010-05-26,65
official_macro_dcoilwtico_2010-05-27,65
official_macro_dcoilwtico_2010-05-28,65
official_macro_dcoilwtico_2010-06-01,65
official_macro_dcoilwtico_2010-06-02,65
official_macro_dcoilwtico_2010-06-03,65
official_macro_dcoilwtico_2010-06-04,65
official_macro_dcoilwtico_2010-06-07,65
official_macro_dcoilwtico_2010-06-08,65
official_macro_dcoilwtico_2010-06-09,65
official_macro_dcoilwtico_2010-06-10,65
official_macro_dcoilwtico_2010-06-11,65
official_macro_dcoilwtico_2010-06-14,65
official_macro_dcoilwtico_2010-06-15,65
official_macro_dcoilwtico_2010-06-16,65
official_macro_dcoilwtico_2010-06-17,65
official_macro_dcoilwtico_2010-06-18,65
official_macro_dcoilwtico_2010-06-21,65
official_macro_dcoilwtico_2010-06-22,65
official_macro_dcoilwtico_2010-06-23,65
official_macro_dcoilwtico_2010-06-24,65
official_macro_dcoilwtico_2010-06-25,65
official_macro_dcoilwtico_2010-06-28,65
official_macro_dcoilwtico_2010-06-29,65
official_macro_dcoilwtico_2010-06-30,65
official_macro_dcoilwtico_2010-07-01,65
official_macro_dcoilwtico_2010-07-02,65
official_macro_dcoilwtico_2010-07-06,65
official_macro_dcoilwtico_2010-07-07,65
official_macro_dcoilwtico_2010-07-08,65
official_macro_dcoilwtico_2010-07-09,65
official_macro_dcoilwtico_2010-07-12,65
official_macro_dcoilwtico_2010-07-13,65
official_macro_dcoilwtico_2010-07-14,65
official_macro_dcoilwtico_2010-07-15,65
official_macro_dcoilwtico_2010-07-16,65
official_macro_dcoilwtico_2010-07-19,65
official_macro_dcoilwtico_2010-07-20,65
official_macro_dcoilwtico_2010-07-21,65
official_macro_dcoilwtico_2010-07-22,65
official_macro_dcoilwtico_2010-07-23,65
official_macro_dcoilwtico_2010-07-26,65
official_macro_dcoilwtico_2010-07-27,65
official_macro_dcoilwtico_2010-07-28,65
official_macro_dcoilwtico_2010-07-29,65
official_macro_dcoilwtico_2010-07-30,65
official_macro_dcoilwtico_2010-08-02,65
official_macro_dcoilwtico_2010-08-03,65
official_macro_dcoilwtico_2010-08-04,65
official_macro_dcoilwtico_2010-08-05,65
official_macro_dcoilwtico_2010-08-06,65
official_macro_dcoilwtico_2010-08-09,65
official_macro_dcoilwtico_2010-08-10,65
official_macro_dcoilwtico_2010-08-11,65
official_macro_dcoilwtico_2010-08-12,65
official_macro_dcoilwtico_2010-08-13,65
official_macro_dcoilwtico_2010-08-16,65
official_macro_dcoilwtico_2010-08-17,65
official_macro_dcoilwtico_2010-08-18,65
official_macro_dcoilwtico_2010-08-19,65
official_macro_dcoilwtico_2010-08-20,65
official_macro_dcoilwtico_2010-08-23,65
official_macro_dcoilwtico_2010-08-24,65
official_macro_dcoilwtico_2010-08-25,65
official_macro_dcoilwtico_2010-08-26,65
official_macro_dcoilwtico_2010-08-27,65
official_macro_dcoilwtico_2010-08-30,65
official_macro_dcoilwtico_2010-08-31,65
official_macro_dcoilwtico_2010-09-01,65
official_macro_dcoilwtico_2010-09-02,65
official_macro_dcoilwtico_2010-09-03,65
official_macro_dcoilwtico_2010-09-07,65
official_macro_dcoilwtico_2010-09-08,65
official_macro_dcoilwtico_2010-09-09,65
official_macro_dcoilwtico_2010-09-10,65
official_macro_dcoilwtico_2010-09-13,65
official_macro_dcoilwtico_2010-09-14,65
official_macro_dcoilwtico_2010-09-15,65
official_macro_dcoilwtico_2010-09-16,65
official_macro_dcoilwtico_2010-09-17,65
official_macro_dcoilwtico_2010-09-20,65
official_macro_dcoilwtico_2010-09-21,65
official_macro_dcoilwtico_2010-09-22,65
official_macro_dcoilwtico_2010-09-23,65
official_macro_dcoilwtico_2010-09-24,65
official_macro_dcoilwtico_2010-09-27,65
official_macro_dcoilwtico_2010-09-28,65
official_macro_dcoilwtico_2010-09-29,65
official_macro_dcoilwtico_2010-09-30,65
official_macro_dcoilwtico_2010-10-01,65
official_macro_dcoilwtico_2010-10-04,65
official_macro_dcoilwtico_2010-10-05,65
official_macro_dcoilwtico_2010-10-06,65
official_macro_dcoilwtico_2010-10-07,65
official_macro_dcoilwtico_2010-10-08,65
official_macro_dcoilwtico_2010-10-11,65
official_macro_dcoilwtico_2010-10-12,65
official_macro_dcoilwtico_2010-10-13,65
official_macro_dcoilwtico_2010-10-14,65
official_macro_dcoilwtico_2010-10-15,65
official_macro_dcoilwtico_2010-10-18,65
official_macro_dcoilwtico_2010-10-19,65
official_macro_dcoilwtico_2010-10-20,65
official_macro_dcoilwtico_2010-10-21,65
official_macro_dcoilwtico_2010-10-22,65
official_macro_dcoilwtico_2010-10-25,65
official_macro_dcoilwtico_2010-10-26,65
official_macro_dcoilwtico_2010-10-27,65
official_macro_dcoilwtico_2010-10-28,65
official_macro_dcoilwtico_2010-10-29,65
official_macro_dcoilwtico_2010-11-01,65
official_macro_dcoilwtico_2010-11-02,65
official_macro_dcoilwtico_2010-11-03,65
official_macro_dcoilwtico_2010-11-04,65
official_macro_dcoilwtico_2010-11-05,65
official_macro_dcoilwtico_2010-11-08,65
official_macro_dcoilwtico_2010-11-09,65
official_macro_dcoilwtico_2010-11-10,65
official_macro_dcoilwtico_2010-11-11,65
official_macro_dcoilwtico_2010-11-12,65
official_macro_dcoilwtico_2010-11-15,65
official_macro_dcoilwtico_2010-11-16,65
official_macro_dcoilwtico_2010-11-17,65
official_macro_dcoilwtico_2010-11-18,65
official_macro_dcoilwtico_2010-11-19,65
official_macro_dcoilwtico_2010-11-22,65
official_macro_dcoilwtico_2010-11-23,65
official_macro_dcoilwtico_2010-11-24,65
official_macro_dcoilwtico_2010-11-26,65
official_macro_dcoilwtico_2010-11-29,65
official_macro_dcoilwtico_2010-11-30,65
official_macro_dcoilwtico_2010-12-01,65
official_macro_dcoilwtico_2010-12-02,65
official_macro_dcoilwtico_2010-12-03,65
official_macro_dcoilwtico_2010-12-06,65
official_macro_dcoilwtico_2010-12-07,65
official_macro_dcoilwtico_2010-12-08,65
official_macro_dcoilwtico_2010-12-09,65
official_macro_dcoilwtico_2010-12-10,65
official_macro_dcoilwtico_2010-12-13,65
official_macro_dcoilwtico_2010-12-14,65
official_macro_dcoilwtico_2010-12-15,65
official_macro_dcoilwtico_2010-12-16,65
official_macro_dcoilwtico_2010-12-17,65
official_macro_dcoilwtico_2010-12-20,65
official_macro_dcoilwtico_2010-12-21,65
official_macro_dcoilwtico_2010-12-22,65
official_macro_dcoilwtico_2010-12-23,65
official_macro_dcoilwtico_2010-12-27,65
official_macro_dcoilwtico_2010-12-28,65
official_macro_dcoilwtico_2010-12-29,65
official_macro_dcoilwtico_2010-12-30,65
official_macro_dcoilwtico_2010-12-31,65
official_macro_dcoilwtico_2011-01-03,65
official_macro_dcoilwtico_2011-01-04,65
official_macro_dcoilwtico_2011-01-05,65
official_macro_dcoilwtico_2011-01-06,65
official_macro_dcoilwtico_2011-01-07,65
official_macro_dcoilwtico_2011-01-10,65
official_macro_dcoilwtico_2011-01-11,65
official_macro_dcoilwtico_2011-01-12,65
official_macro_dcoilwtico_2011-01-13,65
official_macro_dcoilwtico_2011-01-14,65
official_macro_dcoilwtico_2011-01-18,65
official_macro_dcoilwtico_2011-01-19,65
official_macro_dcoilwtico_2011-01-20,65
official_macro_dcoilwtico_2011-01-21,65
official_macro_dcoilwtico_2011-01-24,65
official_macro_dcoilwtico_2011-01-25,65
official_macro_dcoilwtico_2011-01-26,65
official_macro_dcoilwtico_2011-01-27,65
official_macro_dcoilwtico_2011-01-28,65
official_macro_dcoilwtico_2011-01-31,65
official_macro_dcoilwtico_2011-02-01,65
official_macro_dcoilwtico_2011-02-02,65
official_macro_dcoilwtico_2011-02-03,65
official_macro_dcoilwtico_2011-02-04,65
official_macro_dcoilwtico_2011-02-07,65
official_macro_dcoilwtico_2011-02-08,65
official_macro_dcoilwtico_2011-02-09,65
official_macro_dcoilwtico_2011-02-10,65
official_macro_dcoilwtico_2011-02-11,65
official_macro_dcoilwtico_2011-02-14,65
official_macro_dcoilwtico_2011-02-15,65
official_macro_dcoilwtico_2011-02-16,65
official_macro_dcoilwtico_2011-02-17,65
official_macro_dcoilwtico_2011-02-18,65
official_macro_dcoilwtico_2011-02-22,65
official_macro_dcoilwtico_2011-02-23,65
official_macro_dcoilwtico_2011-02-24,65
official_macro_dcoilwtico_2011-02-25,65
official_macro_dcoilwtico_2011-02-28,65
official_macro_dcoilwtico_2011-03-01,65
official_macro_dcoilwtico_2011-03-02,65
official_macro_dcoilwtico_2011-03-03,65
official_macro_dcoilwtico_2011-03-04,65
official_macro_dcoilwtico_2011-03-07,65
official_macro_dcoilwtico_2011-03-08,65
official_macro_dcoilwtico_2011-03-09,65
official_macro_dcoilwtico_2011-03-10,65
official_macro_dcoilwtico_2011-03-11,65
official_macro_dcoilwtico_2011-03-14,65
official_macro_dcoilwtico_2011-03-15,65
official_macro_dcoilwtico_2011-03-16,65
official_macro_dcoilwtico_2011-03-17,65
official_macro_dcoilwtico_2011-03-18,65
official_macro_dcoilwtico_2011-03-21,65
official_macro_dcoilwtico_2011-03-22,65
official_macro_dcoilwtico_2011-03-23,65
official_macro_dcoilwtico_2011-03-24,65
official_macro_dcoilwtico_2011-03-25,65
official_macro_dcoilwtico_2011-03-28,65
official_macro_dcoilwtico_2011-03-29,65
official_macro_dcoilwtico_2011-03-30,65
official_macro_dcoilwtico_2011-03-31,65
official_macro_dcoilwtico_2011-04-01,65
official_macro_dcoilwtico_2011-04-04,65
official_macro_dcoilwtico_2011-04-05,65
official_macro_dcoilwtico_2011-04-06,65
official_macro_dcoilwtico_2011-04-07,65
official_macro_dcoilwtico_2011-04-08,65
official_macro_dcoilwtico_2011-04-11,65
official_macro_dcoilwtico_2011-04-12,65
official_macro_dcoilwtico_2011-04-13,65
official_macro_dcoilwtico_2011-04-14,65
official_macro_dcoilwtico_2011-04-15,65
official_macro_dcoilwtico_2011-04-18,65
official_macro_dcoilwtico_2011-04-19,65
official_macro_dcoilwtico_2011-04-20,65
official_macro_dcoilwtico_2011-04-21,65
official_macro_dcoilwtico_2011-04-25,65
official_macro_dcoilwtico_2011-04-26,65
official_macro_dcoilwtico_2011-04-27,65
official_macro_dcoilwtico_2011-04-28,65
official_macro_dcoilwtico_2011-04-29,65
official_macro_dcoilwtico_2011-05-02,65
official_macro_dcoilwtico_2011-05-03,65
official_macro_dcoilwtico_2011-05-04,65
official_macro_dcoilwtico_2011-05-05,65
official_macro_dcoilwtico_2011-05-06,65
official_macro_dcoilwtico_2011-05-09,65
official_macro_dcoilwtico_2011-05-10,65
official_macro_dcoilwtico_2011-05-11,65
official_macro_dcoilwtico_2011-05-12,65
official_macro_dcoilwtico_2011-05-13,65
official_macro_dcoilwtico_2011-05-16,65
official_macro_dcoilwtico_2011-05-17,65
official_macro_dcoilwtico_2011-05-18,65
official_macro_dcoilwtico_2011-05-19,65
official_macro_dcoilwtico_2011-05-20,65
official_macro_dcoilwtico_2011-05-23,65
official_macro_dcoilwtico_2011-05-24,65
official_macro_dcoilwtico_2011-05-25,65
official_macro_dcoilwtico_2011-05-26,65
official_macro_dcoilwtico_2011-05-27,65
official_macro_dcoilwtico_2011-05-31,65
official_macro_dcoilwtico_2011-06-01,65
official_macro_dcoilwtico_2011-06-02,65
official_macro_dcoilwtico_2011-06-03,65
official_macro_dcoilwtico_2011-06-06,65
official_macro_dcoilwtico_2011-06-07,65
official_macro_dcoilwtico_2011-06-08,65
official_macro_dcoilwtico_2011-06-09,65
official_macro_dcoilwtico_2011-06-10,65
official_macro_dcoilwtico_2011-06-13,65
official_macro_dcoilwtico_2011-06-14,65
official_macro_dcoilwtico_2011-06-15,65
official_macro_dcoilwtico_2011-06-16,65
official_macro_dcoilwtico_2011-06-17,65
official_macro_dcoilwtico_2011-06-20,65
official_macro_dcoilwtico_2011-06-21,65
official_macro_dcoilwtico_2011-06-22,65
official_macro_dcoilwtico_2011-06-23,65
official_macro_dcoilwtico_2011-06-24,65
official_macro_dcoilwtico_2011-06-27,65
official_macro_dcoilwtico_2011-06-28,65
official_macro_dcoilwtico_2011-06-29,65
official_macro_dcoilwtico_2011-06-30,65
official_macro_dcoilwtico_2011-07-01,65
official_macro_dcoilwtico_2011-07-05,65
official_macro_dcoilwtico_2011-07-06,65
official_macro_dcoilwtico_2011-07-07,65
official_macro_dcoilwtico_2011-07-08,65
official_macro_dcoilwtico_2011-07-11,65
official_macro_dcoilwtico_2011-07-12,65
official_macro_dcoilwtico_2011-07-13,65
official_macro_dcoilwtico_2011-07-14,65
official_macro_dcoilwtico_2011-07-15,65
official_macro_dcoilwtico_2011-07-18,65
official_macro_dcoilwtico_2011-07-19,65
official_macro_dcoilwtico_2011-07-20,65
official_macro_dcoilwtico_2011-07-21,65
official_macro_dcoilwtico_2011-07-22,65
official_macro_dcoilwtico_2011-07-25,65
official_macro_dcoilwtico_2011-07-26,65
official_macro_dcoilwtico_2011-07-27,65
official_macro_dcoilwtico_2011-07-28,65
official_macro_dcoilwtico_2011-07-29,65
official_macro_dcoilwtico_2011-08-01,65
official_macro_dcoilwtico_2011-08-02,65
official_macro_dcoilwtico_2011-08-03,65
official_macro_dcoilwtico_2011-08-04,65
official_macro_dcoilwtico_2011-08-05,65
official_macro_dcoilwtico_2011-08-08,65
official_macro_dcoilwtico_2011-08-09,65
official_macro_dcoilwtico_2011-08-10,65
official_macro_dcoilwtico_2011-08-11,65
official_macro_dcoilwtico_2011-08-12,65
official_macro_dcoilwtico_2011-08-15,65
official_macro_dcoilwtico_2011-08-16,65
official_macro_dcoilwtico_2011-08-17,65
official_macro_dcoilwtico_2011-08-18,65
official_macro_dcoilwtico_2011-08-19,65
official_macro_dcoilwtico_2011-08-22,65
official_macro_dcoilwtico_2011-08-23,65
official_macro_dcoilwtico_2011-08-24,65
official_macro_dcoilwtico_2011-08-25,65
official_macro_dcoilwtico_2011-08-26,65
official_macro_dcoilwtico_2011-08-29,65
official_macro_dcoilwtico_2011-08-30,65
official_macro_dcoilwtico_2011-08-31,65
official_macro_dcoilwtico_2011-09-01,65
official_macro_dcoilwtico_2011-09-02,65
official_macro_dcoilwtico_2011-09-06,65
official_macro_dcoilwtico_2011-09-07,65
official_macro_dcoilwtico_2011-09-08,65
official_macro_dcoilwtico_2011-09-09,65
official_macro_dcoilwtico_2011-09-12,65
official_macro_dcoilwtico_2011-09-13,65
official_macro_dcoilwtico_2011-09-14,65
official_macro_dcoilwtico_2011-09-15,65
official_macro_dcoilwtico_2011-09-16,65
official_macro_dcoilwtico_2011-09-19,65
official_macro_dcoilwtico_2011-09-20,65
official_macro_dcoilwtico_2011-09-21,65
official_macro_dcoilwtico_2011-09-22,65
official_macro_dcoilwtico_2011-09-23,65
official_macro_dcoilwtico_2011-09-26,65
official_macro_dcoilwtico_2011-09-27,65
official_macro_dcoilwtico_2011-09-28,65
official_macro_dcoilwtico_2011-09-29,65
official_macro_dcoilwtico_2011-09-30,65
official_macro_dcoilwtico_2011-10-03,65
official_macro_dcoilwtico_2011-10-04,65
official_macro_dcoilwtico_2011-10-05,65
official_macro_dcoilwtico_2011-10-06,65
official_macro_dcoilwtico_2011-10-07,65
official_macro_dcoilwtico_2011-10-10,65
official_macro_dcoilwtico_2011-10-11,65
official_macro_dcoilwtico_2011-10-12,65
official_macro_dcoilwtico_2011-10-13,65
official_macro_dcoilwtico_2011-10-14,65
official_macro_dcoilwtico_2011-10-17,65
official_macro_dcoilwtico_2011-10-18,65
official_macro_dcoilwtico_2011-10-19,65
official_macro_dcoilwtico_2011-10-20,65
official_macro_dcoilwtico_2011-10-21,65
official_macro_dcoilwtico_2011-10-24,65
official_macro_dcoilwtico_2011-10-25,65
official_macro_dcoilwtico_2011-10-26,65
official_macro_dcoilwtico_2011-10-27,65
official_macro_dcoilwtico_2011-10-28,65
official_macro_dcoilwtico_2011-10-31,65
official_macro_dcoilwtico_2011-11-01,65
official_macro_dcoilwtico_2011-11-02,65
official_macro_dcoilwtico_2011-11-03,65
official_macro_dcoilwtico_2011-11-04,65
official_macro_dcoilwtico_2011-11-07,65
official_macro_dcoilwtico_2011-11-08,65
official_macro_dcoilwtico_2011-11-09,65
official_macro_dcoilwtico_2011-11-10,65
official_macro_dcoilwtico_2011-11-11,65
official_macro_dcoilwtico_2011-11-14,65
official_macro_dcoilwtico_2011-11-15,65
official_macro_dcoilwtico_2011-11-16,65
official_macro_dcoilwtico_2011-11-17,65
official_macro_dcoilwtico_2011-11-18,65
official_macro_dcoilwtico_2011-11-21,65
official_macro_dcoilwtico_2011-11-22,65
official_macro_dcoilwtico_2011-11-23,65
official_macro_dcoilwtico_2011-11-25,65
official_macro_dcoilwtico_2011-11-28,65
official_macro_dcoilwtico_2011-11-29,65
official_macro_dcoilwtico_2011-11-30,65
official_macro_dcoilwtico_2011-12-01,65
official_macro_dcoilwtico_2011-12-02,65
official_macro_dcoilwtico_2011-12-05,65
official_macro_dcoilwtico_2011-12-06,65
official_macro_dcoilwtico_2011-12-07,65
official_macro_dcoilwtico_2011-12-08,65
official_macro_dcoilwtico_2011-12-09,65
official_macro_dcoilwtico_2011-12-12,65
official_macro_dcoilwtico_2011-12-13,65
official_macro_dcoilwtico_2011-12-14,65
official_macro_dcoilwtico_2011-12-15,65
official_macro_dcoilwtico_2011-12-16,65
official_macro_dcoilwtico_2011-12-19,65
official_macro_dcoilwtico_2011-12-20,65
official_macro_dcoilwtico_2011-12-21,65
official_macro_dcoilwtico_2011-12-22,65
official_macro_dcoilwtico_2011-12-23,65
official_macro_dcoilwtico_2011-12-27,65
official_macro_dcoilwtico_2011-12-28,65
official_macro_dcoilwtico_2011-12-29,65
official_macro_dcoilwtico_2011-12-30,65
official_macro_dcoilwtico_2012-01-03,65
official_macro_dcoilwtico_2012-01-04,65
official_macro_dcoilwtico_2012-01-05,65
official_macro_dcoilwtico_2012-01-06,65
official_macro_dcoilwtico_2012-01-09,65
official_macro_dcoilwtico_2012-01-10,65
official_macro_dcoilwtico_2012-01-11,65
official_macro_dcoilwtico_2012-01-12,65
official_macro_dcoilwtico_2012-01-13,65
official_macro_dcoilwtico_2012-01-17,65
official_macro_dcoilwtico_2012-01-18,65
official_macro_dcoilwtico_2012-01-19,65
official_macro_dcoilwtico_2012-01-20,65
official_macro_dcoilwtico_2012-01-23,65
official_macro_dcoilwtico_2012-01-24,65
official_macro_dcoilwtico_2012-01-25,65
official_macro_dcoilwtico_2012-01-26,65
official_macro_dcoilwtico_2012-01-27,65
official_macro_dcoilwtico_2012-01-30,65
official_macro_dcoilwtico_2012-01-31,65
official_macro_dcoilwtico_2012-02-01,65
official_macro_dcoilwtico_2012-02-02,65
official_macro_dcoilwtico_2012-02-03,65
official_macro_dcoilwtico_2012-02-06,65
official_macro_dcoilwtico_2012-02-07,65
official_macro_dcoilwtico_2012-02-08,65
official_macro_dcoilwtico_2012-02-09,65
official_macro_dcoilwtico_2012-02-10,65
official_macro_dcoilwtico_2012-02-13,65
official_macro_dcoilwtico_2012-02-14,65
official_macro_dcoilwtico_2012-02-15,65
official_macro_dcoilwtico_2012-02-16,65
official_macro_dcoilwtico_2012-02-17,65
official_macro_dcoilwtico_2012-02-21,65
official_macro_dcoilwtico_2012-02-22,65
official_macro_dcoilwtico_2012-02-23,65
official_macro_dcoilwtico_2012-02-24,65
official_macro_dcoilwtico_2012-02-27,65
official_macro_dcoilwtico_2012-02-28,65
official_macro_dcoilwtico_2012-02-29,65
official_macro_dcoilwtico_2012-03-01,65
official_macro_dcoilwtico_2012-03-02,65
official_macro_dcoilwtico_2012-03-05,65
official_macro_dcoilwtico_2012-03-06,65
official_macro_dcoilwtico_2012-03-07,65
official_macro_dcoilwtico_2012-03-08,65
official_macro_dcoilwtico_2012-03-09,65
official_macro_dcoilwtico_2012-03-12,65
official_macro_dcoilwtico_2012-03-13,65
official_macro_dcoilwtico_2012-03-14,65
official_macro_dcoilwtico_2012-03-15,65
official_macro_dcoilwtico_2012-03-16,65
official_macro_dcoilwtico_2012-03-19,65
official_macro_dcoilwtico_2012-03-20,65
official_macro_dcoilwtico_2012-03-21,65
official_macro_dcoilwtico_2012-03-22,65
official_macro_dcoilwtico_2012-03-23,65
official_macro_dcoilwtico_2012-03-26,65
official_macro_dcoilwtico_2012-03-27,65
official_macro_dcoilwtico_2012-03-28,65
official_macro_dcoilwtico_2012-03-29,65
official_macro_dcoilwtico_2012-03-30,65
official_macro_dcoilwtico_2012-04-02,65
official_macro_dcoilwtico_2012-04-03,65
official_macro_dcoilwtico_2012-04-04,65
official_macro_dcoilwtico_2012-04-05,65
official_macro_dgs10_2010-01-04,64
official_macro_dgs10_2010-01-05,64
official_macro_dgs10_2010-01-06,64
official_macro_dgs10_2010-01-07,64
official_macro_dgs10_2010-01-08,64
official_macro_dgs10_2010-01-11,64
official_macro_dgs10_2010-01-12,64
official_macro_dgs10_2010-01-13,64
official_macro_dgs10_2010-01-14,64
official_macro_dgs10_2010-01-15,64
official_macro_dgs10_2010-01-19,64
official_macro_dgs10_2010-01-20,64
official_macro_dgs10_2010-01-21,64
official_macro_dgs10_2010-01-22,64
official_macro_dgs10_2010-01-25,64
official_macro_dgs10_2010-01-26,64
official_macro_dgs10_2010-01-27,64
official_macro_dgs10_2010-01-28,64
official_macro_dgs10_2010-01-29,64
official_macro_dgs10_2010-02-01,64
official_macro_dgs10_2010-02-02,64
official_macro_dgs10_2010-02-03,64
official_macro_dgs10_2010-02-04,64
official_macro_dgs10_2010-02-05,64
official_macro_dgs10_2010-02-08,64
official_macro_dgs10_2010-02-09,64
official_macro_dgs10_2010-02-10,64
official_macro_dgs10_2010-02-11,64
official_macro_dgs10_2010-02-12,64
official_macro_dgs10_2010-02-16,64
official_macro_dgs10_2010-02-17,64
official_macro_dgs10_2010-02-18,64
official_macro_dgs10_2010-02-19,64
official_macro_dgs10_2010-02-22,64
official_macro_dgs10_2010-02-23,64
official_macro_dgs10_2010-02-24,64
official_macro_dgs10_2010-02-25,64
official_macro_dgs10_2010-02-26,64
official_macro_dgs10_2010-03-01,64
official_macro_dgs10_2010-03-02,64
official_macro_dgs10_2010-03-03,64
official_macro_dgs10_2010-03-04,64
official_macro_dgs10_2010-03-05,64
official_macro_dgs10_2010-03-08,64
official_macro_dgs10_2010-03-09,64
official_macro_dgs10_2010-03-10,64
official_macro_dgs10_2010-03-11,64
official_macro_dgs10_2010-03-12,64
official_macro_dgs10_2010-03-15,64
official_macro_dgs10_2010-03-16,64
official_macro_dgs10_2010-03-17,64
official_macro_dgs10_2010-03-18,64
official_macro_dgs10_2010-03-19,64
official_macro_dgs10_2010-03-22,64
official_macro_dgs10_2010-03-23,64
official_macro_dgs10_2010-03-24,64
official_macro_dgs10_2010-03-25,64
official_macro_dgs10_2010-03-26,64
official_macro_dgs10_2010-03-29,64
official_macro_dgs10_2010-03-30,64
official_macro_dgs10_2010-03-31,64
official_macro_dgs10_2010-04-01,64
official_macro_dgs10_2010-04-02,64
official_macro_dgs10_2010-04-05,64
official_macro_dgs10_2010-04-06,64
official_macro_dgs10_2010-04-07,64
official_macro_dgs10_2010-04-08,64
official_macro_dgs10_2010-04-09,64
official_macro_dgs10_2010-04-12,64
official_macro_dgs10_2010-04-13,64
official_macro_dgs10_2010-04-14,64
official_macro_dgs10_2010-04-15,64
official_macro_dgs10_2010-04-16,64
official_macro_dgs10_2010-04-19,64
official_macro_dgs10_2010-04-20,64
official_macro_dgs10_2010-04-21,64
official_macro_dgs10_2010-04-22,64
official_macro_dgs10_2010-04-23,64
official_macro_dgs10_2010-04-26,64
official_macro_dgs10_2010-04-27,64
official_macro_dgs10_2010-04-28,64
official_macro_dgs10_2010-04-29,64
official_macro_dgs10_2010-04-30,64
official_macro_dgs10_2010-05-03,64
official_macro_dgs10_2010-05-04,64
official_macro_dgs10_2010-05-05,64
official_macro_dgs10_2010-05-06,64
official_macro_dgs10_2010-05-07,64
official_macro_dgs10_2010-05-10,64
official_macro_dgs10_2010-05-11,64
official_macro_dgs10_2010-05-12,64
official_macro_dgs10_2010-05-13,64
official_macro_dgs10_2010-05-14,64
official_macro_dgs10_2010-05-17,64
official_macro_dgs10_2010-05-18,64
official_macro_dgs10_2010-05-19,64
official_macro_dgs10_2010-05-20,64
official_macro_dgs10_2010-05-21,64
official_macro_dgs10_2010-05-24,64
official_macro_dgs10_2010-05-25,64
official_macro_dgs10_2010-05-26,64
official_macro_dgs10_2010-05-27,64
official_macro_dgs10_2010-05-28,64
official_macro_dgs10_2010-06-01,64
official_macro_dgs10_2010-06-02,64
official_macro_dgs10_2010-06-03,64
official_macro_dgs10_2010-06-04,64
official_macro_dgs10_2010-06-07,64
official_macro_dgs10_2010-06-08,64
official_macro_dgs10_2010-06-09,64
official_macro_dgs10_2010-06-10,64
official_macro_dgs10_2010-06-11,64
official_macro_dgs10_2010-06-14,64
official_macro_dgs10_2010-06-15,64
official_macro_dgs10_2010-06-16,64
official_macro_dgs10_2010-06-17,64
official_macro_dgs10_2010-06-18,64
official_macro_dgs10_2010-06-21,64
official_macro_dgs10_2010-06-22,64
official_macro_dgs10_2010-06-23,64
official_macro_dgs10_2010-06-24,64
official_macro_dgs10_2010-06-25,64
official_macro_dgs10_2010-06-28,64
official_macro_dgs10_2010-06-29,64
official_macro_dgs10_2010-06-30,64
official_macro_dgs10_2010-07-01,64
official_macro_dgs10_2010-07-02,64
official_macro_dgs10_2010-07-06,64
official_macro_dgs10_2010-07-07,64
official_macro_dgs10_2010-07-08,64
official_macro_dgs10_2010-07-09,64
official_macro_dgs10_2010-07-12,64
official_macro_dgs10_2010-07-13,64
official_macro_dgs10_2010-07-14,64
official_macro_dgs10_2010-07-15,64
official_macro_dgs10_2010-07-16,64
official_macro_dgs10_2010-07-19,64
official_macro_dgs10_2010-07-20,64
official_macro_dgs10_2010-07-21,64
official_macro_dgs10_2010-07-22,64
official_macro_dgs10_2010-07-23,64
official_macro_dgs10_2010-07-26,64
official_macro_dgs10_2010-07-27,64
official_macro_dgs10_2010-07-28,64
official_macro_dgs10_2010-07-29,64
official_macro_dgs10_2010-07-30,64
official_macro_dgs10_2010-08-02,64
official_macro_dgs10_2010-08-03,64
official_macro_dgs10_2010-08-04,64
official_macro_dgs10_2010-08-05,64
official_macro_dgs10_2010-08-06,64
official_macro_dgs10_2010-08-09,64
official_macro_dgs10_2010-08-10,64
official_macro_dgs10_2010-08-11,64
official_macro_dgs10_2010-08-12,64
official_macro_dgs10_2010-08-13,64
official_macro_dgs10_2010-08-16,64
official_macro_dgs10_2010-08-17,64
official_macro_dgs10_2010-08-18,64
official_macro_dgs10_2010-08-19,64
official_macro_dgs10_2010-08-20,64
official_macro_dgs10_2010-08-23,64
official_macro_dgs10_2010-08-24,64
official_macro_dgs10_2010-08-25,64
official_macro_dgs10_2010-08-26,64
official_macro_dgs10_2010-08-27,64
official_macro_dgs10_2010-08-30,64
official_macro_dgs10_2010-08-31,64
official_macro_dgs10_2010-09-01,64
official_macro_dgs10_2010-09-02,64
official_macro_dgs10_2010-09-03,64
official_macro_dgs10_2010-09-07,64
official_macro_dgs10_2010-09-08,64
official_macro_dgs10_2010-09-09,64
official_macro_dgs10_2010-09-10,64
official_macro_dgs10_2010-09-13,64
official_macro_dgs10_2010-09-14,64
official_macro_dgs10_2010-09-15,64
official_macro_dgs10_2010-09-16,64
official_macro_dgs10_2010-09-17,64
official_macro_dgs10_2010-09-20,64
official_macro_dgs10_2010-09-21,64
official_macro_dgs10_2010-09-22,64
official_macro_dgs10_2010-09-23,64
official_macro_dgs10_2010-09-24,64
official_macro_dgs10_2010-09-27,64
official_macro_dgs10_2010-09-28,64
official_macro_dgs10_2010-09-29,64
official_macro_dgs10_2010-09-30,64
official_macro_dgs10_2010-10-01,64
official_macro_dgs10_2010-10-04,64
official_macro_dgs10_2010-10-05,64
official_macro_dgs10_2010-10-06,64
official_macro_dgs10_2010-10-07,64
official_macro_dgs10_2010-10-08,64
official_macro_dgs10_2010-10-12,64
official_macro_dgs10_2010-10-13,64
official_macro_dgs10_2010-10-14,64
official_macro_dgs10_2010-10-15,64
official_macro_dgs10_2010-10-18,64
official_macro_dgs10_2010-10-19,64
official_macro_dgs10_2010-10-20,64
official_macro_dgs10_2010-10-21,64
official_macro_dgs10_2010-10-22,64
official_macro_dgs10_2010-10-25,64
official_macro_dgs10_2010-10-26,64
official_macro_dgs10_2010-10-27,64
official_macro_dgs10_2010-10-28,64
official_macro_dgs10_2010-10-29,64
official_macro_dgs10_2010-11-01,64
official_macro_dgs10_2010-11-02,64
official_macro_dgs10_2010-11-03,64
official_macro_dgs10_2010-11-04,64
official_macro_dgs10_2010-11-05,64
official_macro_dgs10_2010-11-08,64
official_macro_dgs10_2010-11-09,64
official_macro_dgs10_2010-11-10,64
official_macro_dgs10_2010-11-12,64
official_macro_dgs10_2010-11-15,64
official_macro_dgs10_2010-11-16,64
official_macro_dgs10_2010-11-17,64
official_macro_dgs10_2010-11-18,64
official_macro_dgs10_2010-11-19,64
official_macro_dgs10_2010-11-22,64
official_macro_dgs10_2010-11-23,64
official_macro_dgs10_2010-11-24,64
official_macro_dgs10_2010-11-26,64
official_macro_dgs10_2010-11-29,64
official_macro_dgs10_2010-11-30,64
official_macro_dgs10_2010-12-01,64
official_macro_dgs10_2010-12-02,64
official_macro_dgs10_2010-12-03,64
official_macro_dgs10_2010-12-06,64
official_macro_dgs10_2010-12-07,64
official_macro_dgs10_2010-12-08,64
official_macro_dgs10_2010-12-09,64
official_macro_dgs10_2010-12-10,64
official_macro_dgs10_2010-12-13,64
official_macro_dgs10_2010-12-14,64
official_macro_dgs10_2010-12-15,64
official_macro_dgs10_2010-12-16,64
official_macro_dgs10_2010-12-17,64
official_macro_dgs10_2010-12-20,64
official_macro_dgs10_2010-12-21,64
official_macro_dgs10_2010-12-22,64
official_macro_dgs10_2010-12-23,64
official_macro_dgs10_2010-12-27,64
official_macro_dgs10_2010-12-28,64
official_macro_dgs10_2010-12-29,64
official_macro_dgs10_2010-12-30,64
official_macro_dgs10_2010-12-31,64
official_macro_dgs10_2011-01-03,64
official_macro_dgs10_2011-01-04,64
official_macro_dgs10_2011-01-05,64
official_macro_dgs10_2011-01-06,64
official_macro_dgs10_2011-01-07,64
official_macro_dgs10_2011-01-10,64
official_macro_dgs10_2011-01-11,64
official_macro_dgs10_2011-01-12,64
official_macro_dgs10_2011-01-13,64
official_macro_dgs10_2011-01-14,64
official_macro_dgs10_2011-01-18,64
official_macro_dgs10_2011-01-19,64
official_macro_dgs10_2011-01-20,64
official_macro_dgs10_2011-01-21,64
official_macro_dgs10_2011-01-24,64
official_macro_dgs10_2011-01-25,64
official_macro_dgs10_2011-01-26,64
official_macro_dgs10_2011-01-27,64
official_macro_dgs10_2011-01-28,64
official_macro_dgs10_2011-01-31,64
official_macro_dgs10_2011-02-01,64
official_macro_dgs10_2011-02-02,64
official_macro_dgs10_2011-02-03,64
official_macro_dgs10_2011-02-04,64
official_macro_dgs10_2011-02-07,64
official_macro_dgs10_2011-02-08,64
official_macro_dgs10_2011-02-09,64
official_macro_dgs10_2011-02-10,64
official_macro_dgs10_2011-02-11,64
official_macro_dgs10_2011-02-14,64
official_macro_dgs10_2011-02-15,64
official_macro_dgs10_2011-02-16,64
official_macro_dgs10_2011-02-17,64
official_macro_dgs10_2011-02-18,64
official_macro_dgs10_2011-02-22,64
official_macro_dgs10_2011-02-23,64
official_macro_dgs10_2011-02-24,64
official_macro_dgs10_2011-02-25,64
official_macro_dgs10_2011-02-28,64
official_macro_dgs10_2011-03-01,64
official_macro_dgs10_2011-03-02,64
official_macro_dgs10_2011-03-03,64
official_macro_dgs10_2011-03-04,64
official_macro_dgs10_2011-03-07,64
official_macro_dgs10_2011-03-08,64
official_macro_dgs10_2011-03-09,64
official_macro_dgs10_2011-03-10,64
official_macro_dgs10_2011-03-11,64
official_macro_dgs10_2011-03-14,64
official_macro_dgs10_2011-03-15,64
official_macro_dgs10_2011-03-16,64
official_macro_dgs10_2011-03-17,64
official_macro_dgs10_2011-03-18,64
official_macro_dgs10_2011-03-21,64
official_macro_dgs10_2011-03-22,64
official_macro_dgs10_2011-03-23,64
official_macro_dgs10_2011-03-24,64
official_macro_dgs10_2011-03-25,64
official_macro_dgs10_2011-03-28,64
official_macro_dgs10_2011-03-29,64
official_macro_dgs10_2011-03-30,64
official_macro_dgs10_2011-03-31,64
official_macro_dgs10_2011-04-01,64
official_macro_dgs10_2011-04-04,64
official_macro_dgs10_2011-04-05,64
official_macro_dgs10_2011-04-06,64
official_macro_dgs10_2011-04-07,64
official_macro_dgs10_2011-04-08,64
official_macro_dgs10_2011-04-11,64
official_macro_dgs10_2011-04-12,64
official_macro_dgs10_2011-04-13,64
official_macro_dgs10_2011-04-14,64
official_macro_dgs10_2011-04-15,64
official_macro_dgs10_2011-04-18,64
official_macro_dgs10_2011-04-19,64
official_macro_dgs10_2011-04-20,64
official_macro_dgs10_2011-04-21,64
official_macro_dgs10_2011-04-25,64
official_macro_dgs10_2011-04-26,64
official_macro_dgs10_2011-04-27,64
official_macro_dgs10_2011-04-28,64
official_macro_dgs10_2011-04-29,64
official_macro_dgs10_2011-05-02,64
official_macro_dgs10_2011-05-03,64
official_macro_dgs10_2011-05-04,64
official_macro_dgs10_2011-05-05,64
official_macro_dgs10_2011-05-06,64
official_macro_dgs10_2011-05-09,64
official_macro_dgs10_2011-05-10,64
official_macro_dgs10_2011-05-11,64
official_macro_dgs10_2011-05-12,64
official_macro_dgs10_2011-05-13,64
official_macro_dgs10_2011-05-16,64
official_macro_dgs10_2011-05-17,64
official_macro_dgs10_2011-05-18,64
official_macro_dgs10_2011-05-19,64
official_macro_dgs10_2011-05-20,64
official_macro_dgs10_2011-05-23,64
official_macro_dgs10_2011-05-24,64
official_macro_dgs10_2011-05-25,64
official_macro_dgs10_2011-05-26,64
official_macro_dgs10_2011-05-27,64
official_macro_dgs10_2011-05-31,64
official_macro_dgs10_2011-06-01,64
official_macro_dgs10_2011-06-02,64
official_macro_dgs10_2011-06-03,64
official_macro_dgs10_2011-06-06,64
official_macro_dgs10_2011-06-07,64
official_macro_dgs10_2011-06-08,64
official_macro_dgs10_2011-06-09,64
official_macro_dgs10_2011-06-10,64
official_macro_dgs10_2011-06-13,64
official_macro_dgs10_2011-06-14,64
official_macro_dgs10_2011-06-15,64
official_macro_dgs10_2011-06-16,64
official_macro_dgs10_2011-06-17,64
official_macro_dgs10_2011-06-20,64
official_macro_dgs10_2011-06-21,64
official_macro_dgs10_2011-06-22,64
official_macro_dgs10_2011-06-23,64
official_macro_dgs10_2011-06-24,64
official_macro_dgs10_2011-06-27,64
official_macro_dgs10_2011-06-28,64
official_macro_dgs10_2011-06-29,64
official_macro_dgs10_2011-06-30,64
official_macro_dgs10_2011-07-01,64
official_macro_dgs10_2011-07-05,64
official_macro_dgs10_2011-07-06,64
official_macro_dgs10_2011-07-07,64
official_macro_dgs10_2011-07-08,64
official_macro_dgs10_2011-07-11,64
official_macro_dgs10_2011-07-12,64
official_macro_dgs10_2011-07-13,64
official_macro_dgs10_2011-07-14,64
official_macro_dgs10_2011-07-15,64
official_macro_dgs10_2011-07-18,64
official_macro_dgs10_2011-07-19,64
official_macro_dgs10_2011-07-20,64
official_macro_dgs10_2011-07-21,64
official_macro_dgs10_2011-07-22,64
official_macro_dgs10_2011-07-25,64
official_macro_dgs10_2011-07-26,64
official_macro_dgs10_2011-07-27,64
official_macro_dgs10_2011-07-28,64
official_macro_dgs10_2011-07-29,64
official_macro_dgs10_2011-08-01,64
official_macro_dgs10_2011-08-02,64
official_macro_dgs10_2011-08-03,64
official_macro_dgs10_2011-08-04,64
official_macro_dgs10_2011-08-05,64
official_macro_dgs10_2011-08-08,64
official_macro_dgs10_2011-08-09,64
official_macro_dgs10_2011-08-10,64
official_macro_dgs10_2011-08-11,64
official_macro_dgs10_2011-08-12,64
official_macro_dgs10_2011-08-15,64
official_macro_dgs10_2011-08-16,64
official_macro_dgs10_2011-08-17,64
official_macro_dgs10_2011-08-18,64
official_macro_dgs10_2011-08-19,64
official_macro_dgs10_2011-08-22,64
official_macro_dgs10_2011-08-23,64
official_macro_dgs10_2011-08-24,64
official_macro_dgs10_2011-08-25,64
official_macro_dgs10_2011-08-26,64
official_macro_dgs10_2011-08-29,64
official_macro_dgs10_2011-08-30,64
official_macro_dgs10_2011-08-31,64
official_macro_dgs10_2011-09-01,64
official_macro_dgs10_2011-09-02,64
official_macro_dgs10_2011-09-06,64
official_macro_dgs10_2011-09-07,64
official_macro_dgs10_2011-09-08,64
official_macro_dgs10_2011-09-09,64
official_macro_dgs10_2011-09-12,64
official_macro_dgs10_2011-09-13,64
official_macro_dgs10_2011-09-14,64
official_macro_dgs10_2011-09-15,64
official_macro_dgs10_2011-09-16,64
official_macro_dgs10_2011-09-19,64
official_macro_dgs10_2011-09-20,64
official_macro_dgs10_2011-09-21,64
official_macro_dgs10_2011-09-22,64
official_macro_dgs10_2011-09-23,64
official_macro_dgs10_2011-09-26,64
official_macro_dgs10_2011-09-27,64
official_macro_dgs10_2011-09-28,64
official_macro_dgs10_2011-09-29,64
official_macro_dgs10_2011-09-30,64
official_macro_dgs10_2011-10-03,64
official_macro_dgs10_2011-10-04,64
official_macro_dgs10_2011-10-05,64
official_macro_dgs10_2011-10-06,64
official_macro_dgs10_2011-10-07,64
official_macro_dgs10_2011-10-11,64
official_macro_dgs10_2011-10-12,64
official_macro_dgs10_2011-10-13,64
official_macro_dgs10_2011-10-14,64
official_macro_dgs10_2011-10-17,64
official_macro_dgs10_2011-10-18,64
official_macro_dgs10_2011-10-19,64
official_macro_dgs10_2011-10-20,64
official_macro_dgs10_2011-10-21,64
official_macro_dgs10_2011-10-24,64
official_macro_dgs10_2011-10-25,64
official_macro_dgs10_2011-10-26,64
official_macro_dgs10_2011-10-27,64
official_macro_dgs10_2011-10-28,64
official_macro_dgs10_2011-10-31,64
official_macro_dgs10_2011-11-01,64
official_macro_dgs10_2011-11-02,64
official_macro_dgs10_2011-11-03,64
official_macro_dgs10_2011-11-04,64
official_macro_dgs10_2011-11-07,64
official_macro_dgs10_2011-11-08,64
official_macro_dgs10_2011-11-09,64
official_macro_dgs10_2011-11-10,64
official_macro_dgs10_2011-11-14,64
official_macro_dgs10_2011-11-15,64
official_macro_dgs10_2011-11-16,64
official_macro_dgs10_2011-11-17,64
official_macro_dgs10_2011-11-18,64
official_macro_dgs10_2011-11-21,64
official_macro_dgs10_2011-11-22,64
official_macro_dgs10_2011-11-23,64
official_macro_dgs10_2011-11-25,64
official_macro_dgs10_2011-11-28,64
official_macro_dgs10_2011-11-29,64
official_macro_dgs10_2011-11-30,64
official_macro_dgs10_2011-12-01,64
official_macro_dgs10_2011-12-02,64
official_macro_dgs10_2011-12-05,64
official_macro_dgs10_2011-12-06,64
official_macro_dgs10_2011-12-07,64
official_macro_dgs10_2011-12-08,64
official_macro_dgs10_2011-12-09,64
official_macro_dgs10_2011-12-12,64
official_macro_dgs10_2011-12-13,64
official_macro_dgs10_2011-12-14,64
official_macro_dgs10_2011-12-15,64
official_macro_dgs10_2011-12-16,64
official_macro_dgs10_2011-12-19,64
official_macro_dgs10_2011-12-20,64
official_macro_dgs10_2011-12-21,64
official_macro_dgs10_2011-12-22,64
official_macro_dgs10_2011-12-23,64
official_macro_dgs10_2011-12-27,64
official_macro_dgs10_2011-12-28,64
official_macro_dgs10_2011-12-29,64
official_macro_dgs10_2011-12-30,64
official_macro_dgs10_2012-01-03,64
official_macro_dgs10_2012-01-04,64
official_macro_dgs10_2012-01-05,64
official_macro_dgs10_2012-01-06,64
official_macro_dgs10_2012-01-09,64
official_macro_dgs10_2012-01-10,64
official_macro_dgs10_2012-01-11,64
official_macro_dgs10_2012-01-12,64
official_macro_dgs10_2012-01-13,64
official_macro_dgs10_2012-01-17,64
official_macro_dgs10_2012-01-18,64
official_macro_dgs10_2012-01-19,64
official_macro_dgs10_2012-01-20,64
official_macro_dgs10_2012-01-23,64
official_macro_dgs10_2012-01-24,64
official_macro_dgs10_2012-01-25,64
official_macro_dgs10_2012-01-26,64
official_macro_dgs10_2012-01-27,64
official_macro_dgs10_2012-01-30,64
official_macro_dgs10_2012-01-31,64
official_macro_dgs10_2012-02-01,64
official_macro_dgs10_2012-02-02,64
official_macro_dgs10_2012-02-03,64
official_macro_dgs10_2012-02-06,64
official_macro_dgs10_2012-02-07,64
official_macro_dgs10_2012-02-08,64
official_macro_dgs10_2012-02-09,64
official_macro_dgs10_2012-02-10,64
official_macro_dgs10_2012-02-13,64
official_macro_dgs10_2012-02-14,64
official_macro_dgs10_2012-02-15,64
official_macro_dgs10_2012-02-16,64
official_macro_dgs10_2012-02-17,64
official_macro_dgs10_2012-02-21,64
official_macro_dgs10_2012-02-22,64
official_macro_dgs10_2012-02-23,64
official_macro_dgs10_2012-02-24,64
official_macro_dgs10_2012-02-27,64
official_macro_dgs10_2012-02-28,64
official_macro_dgs10_2012-02-29,64
official_macro_dgs10_2012-03-01,64
official_macro_dgs10_2012-03-02,64
official_macro_dgs10_2012-03-05,64
official_macro_dgs10_2012-03-06,64
official_macro_dgs10_2012-03-07,64
official_macro_dgs10_2012-03-08,64
official_macro_dgs10_2012-03-09,64
official_macro_dgs10_2012-03-12,64
official_macro_dgs10_2012-03-13,64
official_macro_dgs10_2012-03-14,64
official_macro_dgs10_2012-03-15,64
official_macro_dgs10_2012-03-16,64
official_macro_dgs10_2012-03-19,64
official_macro_dgs10_2012-03-20,64
official_macro_dgs10_2012-03-21,64
official_macro_dgs10_2012-03-22,64
official_macro_dgs10_2012-03-23,64
official_macro_dgs10_2012-03-26,64
official_macro_dgs10_2012-03-27,64
official_macro_dgs10_2012-03-28,64
official_macro_dgs10_2012-03-29,64
official_macro_dgs10_2012-03-30,64
official_macro_dgs10_2012-04-02,64
official_macro_dgs10_2012-04-03,64
official_macro_dgs10_2012-04-04,64
official_macro_dgs10_2012-04-05,64
official_macro_dgs2_2010-01-04,64
official_macro_dgs2_2010-01-05,64
official_macro_dgs2_2010-01-06,64
official_macro_dgs2_2010-01-07,64
official_macro_dgs2_2010-01-08,64
official_macro_dgs2_2010-01-11,64
official_macro_dgs2_2010-01-12,64
official_macro_dgs2_2010-01-13,64
official_macro_dgs2_2010-01-14,64
official_macro_dgs2_2010-01-15,64
official_macro_dgs2_2010-01-19,64
official_macro_dgs2_2010-01-20,64
official_macro_dgs2_2010-01-21,64
official_macro_dgs2_2010-01-22,64
official_macro_dgs2_2010-01-25,64
official_macro_dgs2_2010-01-26,64
official_macro_dgs2_2010-01-27,64
official_macro_dgs2_2010-01-28,64
official_macro_dgs2_2010-01-29,64
official_macro_dgs2_2010-02-01,64
official_macro_dgs2_2010-02-02,64
official_macro_dgs2_2010-02-03,64
official_macro_dgs2_2010-02-04,64
official_macro_dgs2_2010-02-05,64
official_macro_dgs2_2010-02-08,64
official_macro_dgs2_2010-02-09,64
official_macro_dgs2_2010-02-10,64
official_macro_dgs2_2010-02-11,64
official_macro_dgs2_2010-02-12,64
official_macro_dgs2_2010-02-16,64
official_macro_dgs2_2010-02-17,64
official_macro_dgs2_2010-02-18,64
official_macro_dgs2_2010-02-19,64
official_macro_dgs2_2010-02-22,64
official_macro_dgs2_2010-02-23,64
official_macro_dgs2_2010-02-24,64
official_macro_dgs2_2010-02-25,64
official_macro_dgs2_2010-02-26,64
official_macro_dgs2_2010-03-01,64
official_macro_dgs2_2010-03-02,64
official_macro_dgs2_2010-03-03,64
official_macro_dgs2_2010-03-04,64
official_macro_dgs2_2010-03-05,64
official_macro_dgs2_2010-03-08,64
official_macro_dgs2_2010-03-09,64
official_macro_dgs2_2010-03-10,64
official_macro_dgs2_2010-03-11,64
official_macro_dgs2_2010-03-12,64
official_macro_dgs2_2010-03-15,64
official_macro_dgs2_2010-03-16,64
official_macro_dgs2_2010-03-17,64
official_macro_dgs2_2010-03-18,64
official_macro_dgs2_2010-03-19,64
official_macro_dgs2_2010-03-22,64
official_macro_dgs2_2010-03-23,64
official_macro_dgs2_2010-03-24,64
official_macro_dgs2_2010-03-25,64
official_macro_dgs2_2010-03-26,64
official_macro_dgs2_2010-03-29,64
official_macro_dgs2_2010-03-30,64
official_macro_dgs2_2010-03-31,64
official_macro_dgs2_2010-04-01,64
official_macro_dgs2_2010-04-02,64
official_macro_dgs2_2010-04-05,64
official_macro_dgs2_2010-04-06,64
official_macro_dgs2_2010-04-07,64
official_macro_dgs2_2010-04-08,64
official_macro_dgs2_2010-04-09,64
official_macro_dgs2_2010-04-12,64
official_macro_dgs2_2010-04-13,64
official_macro_dgs2_2010-04-14,64
official_macro_dgs2_2010-04-15,64
official_macro_dgs2_2010-04-16,64
official_macro_dgs2_2010-04-19,64
official_macro_dgs2_2010-04-20,64
official_macro_dgs2_2010-04-21,64
official_macro_dgs2_2010-04-22,64
official_macro_dgs2_2010-04-23,64
official_macro_dgs2_2010-04-26,64
official_macro_dgs2_2010-04-27,64
official_macro_dgs2_2010-04-28,64
official_macro_dgs2_2010-04-29,64
official_macro_dgs2_2010-04-30,64
official_macro_dgs2_2010-05-03,64
official_macro_dgs2_2010-05-04,64
official_macro_dgs2_2010-05-05,64
official_macro_dgs2_2010-05-06,64
official_macro_dgs2_2010-05-07,64
official_macro_dgs2_2010-05-10,64
official_macro_dgs2_2010-05-11,64
official_macro_dgs2_2010-05-12,64
official_macro_dgs2_2010-05-13,64
official_macro_dgs2_2010-05-14,64
official_macro_dgs2_2010-05-17,64
official_macro_dgs2_2010-05-18,64
official_macro_dgs2_2010-05-19,64
official_macro_dgs2_2010-05-20,64
official_macro_dgs2_2010-05-21,64
official_macro_dgs2_2010-05-24,64
official_macro_dgs2_2010-05-25,64
official_macro_dgs2_2010-05-26,64
official_macro_dgs2_2010-05-27,64
official_macro_dgs2_2010-05-28,64
official_macro_dgs2_2010-06-01,64
official_macro_dgs2_2010-06-02,64
official_macro_dgs2_2010-06-03,64
official_macro_dgs2_2010-06-04,64
official_macro_dgs2_2010-06-07,64
official_macro_dgs2_2010-06-08,64
official_macro_dgs2_2010-06-09,64
official_macro_dgs2_2010-06-10,64
official_macro_dgs2_2010-06-11,64
official_macro_dgs2_2010-06-14,64
official_macro_dgs2_2010-06-15,64
official_macro_dgs2_2010-06-16,64
official_macro_dgs2_2010-06-17,64
official_macro_dgs2_2010-06-18,64
official_macro_dgs2_2010-06-21,64
official_macro_dgs2_2010-06-22,64
official_macro_dgs2_2010-06-23,64
official_macro_dgs2_2010-06-24,64
official_macro_dgs2_2010-06-25,64
official_macro_dgs2_2010-06-28,64
official_macro_dgs2_2010-06-29,64
official_macro_dgs2_2010-06-30,64
official_macro_dgs2_2010-07-01,64
official_macro_dgs2_2010-07-02,64
official_macro_dgs2_2010-07-06,64
official_macro_dgs2_2010-07-07,64
official_macro_dgs2_2010-07-08,64
official_macro_dgs2_2010-07-09,64
official_macro_dgs2_2010-07-12,64
official_macro_dgs2_2010-07-13,64
official_macro_dgs2_2010-07-14,64
official_macro_dgs2_2010-07-15,64
official_macro_dgs2_2010-07-16,64
official_macro_dgs2_2010-07-19,64
official_macro_dgs2_2010-07-20,64
official_macro_dgs2_2010-07-21,64
official_macro_dgs2_2010-07-22,64
official_macro_dgs2_2010-07-23,64
official_macro_dgs2_2010-07-26,64
official_macro_dgs2_2010-07-27,64
official_macro_dgs2_2010-07-28,64
official_macro_dgs2_2010-07-29,64
official_macro_dgs2_2010-07-30,64
official_macro_dgs2_2010-08-02,64
official_macro_dgs2_2010-08-03,64
official_macro_dgs2_2010-08-04,64
official_macro_dgs2_2010-08-05,64
official_macro_dgs2_2010-08-06,64
official_macro_dgs2_2010-08-09,64
official_macro_dgs2_2010-08-10,64
official_macro_dgs2_2010-08-11,64
official_macro_dgs2_2010-08-12,64
official_macro_dgs2_2010-08-13,64
official_macro_dgs2_2010-08-16,64
official_macro_dgs2_2010-08-17,64
official_macro_dgs2_2010-08-18,64
official_macro_dgs2_2010-08-19,64
official_macro_dgs2_2010-08-20,64
official_macro_dgs2_2010-08-23,64
official_macro_dgs2_2010-08-24,64
official_macro_dgs2_2010-08-25,64
official_macro_dgs2_2010-08-26,64
official_macro_dgs2_2010-08-27,64
official_macro_dgs2_2010-08-30,64
official_macro_dgs2_2010-08-31,64
official_macro_dgs2_2010-09-01,64
official_macro_dgs2_2010-09-02,64
official_macro_dgs2_2010-09-03,64
official_macro_dgs2_2010-09-07,64
official_macro_dgs2_2010-09-08,64
official_macro_dgs2_2010-09-09,64
official_macro_dgs2_2010-09-10,64
official_macro_dgs2_2010-09-13,64
official_macro_dgs2_2010-09-14,64
official_macro_dgs2_2010-09-15,64
official_macro_dgs2_2010-09-16,64
official_macro_dgs2_2010-09-17,64
official_macro_dgs2_2010-09-20,64
official_macro_dgs2_2010-09-21,64
official_macro_dgs2_2010-09-22,64
official_macro_dgs2_2010-09-23,64
official_macro_dgs2_2010-09-24,64
official_macro_dgs2_2010-09-27,64
official_macro_dgs2_2010-09-28,64
official_macro_dgs2_2010-09-29,64
official_macro_dgs2_2010-09-30,64
official_macro_dgs2_2010-10-01,64
official_macro_dgs2_2010-10-04,64
official_macro_dgs2_2010-10-05,64
official_macro_dgs2_2010-10-06,64
official_macro_dgs2_2010-10-07,64
official_macro_dgs2_2010-10-08,64
official_macro_dgs2_2010-10-12,64
official_macro_dgs2_2010-10-13,64
official_macro_dgs2_2010-10-14,64
official_macro_dgs2_2010-10-15,64
official_macro_dgs2_2010-10-18,64
official_macro_dgs2_2010-10-19,64
official_macro_dgs2_2010-10-20,64
official_macro_dgs2_2010-10-21,64
official_macro_dgs2_2010-10-22,64
official_macro_dgs2_2010-10-25,64
official_macro_dgs2_2010-10-26,64
official_macro_dgs2_2010-10-27,64
official_macro_dgs2_2010-10-28,64
official_macro_dgs2_2010-10-29,64
official_macro_dgs2_2010-11-01,64
official_macro_dgs2_2010-11-02,64
official_macro_dgs2_2010-11-03,64
official_macro_dgs2_2010-11-04,64
official_macro_dgs2_2010-11-05,64
official_macro_dgs2_2010-11-08,64
official_macro_dgs2_2010-11-09,64
official_macro_dgs2_2010-11-10,64
official_macro_dgs2_2010-11-12,64
official_macro_dgs2_2010-11-15,64
official_macro_dgs2_2010-11-16,64
official_macro_dgs2_2010-11-17,64
official_macro_dgs2_2010-11-18,64
official_macro_dgs2_2010-11-19,64
official_macro_dgs2_2010-11-22,64
official_macro_dgs2_2010-11-23,64
official_macro_dgs2_2010-11-24,64
official_macro_dgs2_2010-11-26,64
official_macro_dgs2_2010-11-29,64
official_macro_dgs2_2010-11-30,64
official_macro_dgs2_2010-12-01,64
official_macro_dgs2_2010-12-02,64
official_macro_dgs2_2010-12-03,64
official_macro_dgs2_2010-12-06,64
official_macro_dgs2_2010-12-07,64
official_macro_dgs2_2010-12-08,64
official_macro_dgs2_2010-12-09,64
official_macro_dgs2_2010-12-10,64
official_macro_dgs2_2010-12-13,64
official_macro_dgs2_2010-12-14,64
official_macro_dgs2_2010-12-15,64
official_macro_dgs2_2010-12-16,64
official_macro_dgs2_2010-12-17,64
official_macro_dgs2_2010-12-20,64
official_macro_dgs2_2010-12-21,64
official_macro_dgs2_2010-12-22,64
official_macro_dgs2_2010-12-23,64
official_macro_dgs2_2010-12-27,64
official_macro_dgs2_2010-12-28,64
official_macro_dgs2_2010-12-29,64
official_macro_dgs2_2010-12-30,64
official_macro_dgs2_2010-12-31,64
official_macro_dgs2_2011-01-03,64
official_macro_dgs2_2011-01-04,64
official_macro_dgs2_2011-01-05,64
official_macro_dgs2_2011-01-06,64
official_macro_dgs2_2011-01-07,64
official_macro_dgs2_2011-01-10,64
official_macro_dgs2_2011-01-11,64
official_macro_dgs2_2011-01-12,64
official_macro_dgs2_2011-01-13,64
official_macro_dgs2_2011-01-14,64
official_macro_dgs2_2011-01-18,64
official_macro_dgs2_2011-01-19,64
official_macro_dgs2_2011-01-20,64
official_macro_dgs2_2011-01-21,64
official_macro_dgs2_2011-01-24,64
official_macro_dgs2_2011-01-25,64
official_macro_dgs2_2011-01-26,64
official_macro_dgs2_2011-01-27,64
official_macro_dgs2_2011-01-28,64
official_macro_dgs2_2011-01-31,64
official_macro_dgs2_2011-02-01,64
official_macro_dgs2_2011-02-02,64
official_macro_dgs2_2011-02-03,64
official_macro_dgs2_2011-02-04,64
official_macro_dgs2_2011-02-07,64
official_macro_dgs2_2011-02-08,64
official_macro_dgs2_2011-02-09,64
official_macro_dgs2_2011-02-10,64
official_macro_dgs2_2011-02-11,64
official_macro_dgs2_2011-02-14,64
official_macro_dgs2_2011-02-15,64
official_macro_dgs2_2011-02-16,64
official_macro_dgs2_2011-02-17,64
official_macro_dgs2_2011-02-18,64
official_macro_dgs2_2011-02-22,64
official_macro_dgs2_2011-02-23,64
official_macro_dgs2_2011-02-24,64
official_macro_dgs2_2011-02-25,64
official_macro_dgs2_2011-02-28,64
official_macro_dgs2_2011-03-01,64
official_macro_dgs2_2011-03-02,64
official_macro_dgs2_2011-03-03,64
official_macro_dgs2_2011-03-04,64
official_macro_dgs2_2011-03-07,64
official_macro_dgs2_2011-03-08,64
official_macro_dgs2_2011-03-09,64
official_macro_dgs2_2011-03-10,64
official_macro_dgs2_2011-03-11,64
official_macro_dgs2_2011-03-14,64
official_macro_dgs2_2011-03-15,64
official_macro_dgs2_2011-03-16,64
official_macro_dgs2_2011-03-17,64
official_macro_dgs2_2011-03-18,64
official_macro_dgs2_2011-03-21,64
official_macro_dgs2_2011-03-22,64
official_macro_dgs2_2011-03-23,64
official_macro_dgs2_2011-03-24,64
official_macro_dgs2_2011-03-25,64
official_macro_dgs2_2011-03-28,64
official_macro_dgs2_2011-03-29,64
official_macro_dgs2_2011-03-30,64
official_macro_dgs2_2011-03-31,64
official_macro_dgs2_2011-04-01,64
official_macro_dgs2_2011-04-04,64
official_macro_dgs2_2011-04-05,64
official_macro_dgs2_2011-04-06,64
official_macro_dgs2_2011-04-07,64
official_macro_dgs2_2011-04-08,64
official_macro_dgs2_2011-04-11,64
official_macro_dgs2_2011-04-12,64
official_macro_dgs2_2011-04-13,64
official_macro_dgs2_2011-04-14,64
official_macro_dgs2_2011-04-15,64
official_macro_dgs2_2011-04-18,64
official_macro_dgs2_2011-04-19,64
official_macro_dgs2_2011-04-20,64
official_macro_dgs2_2011-04-21,64
official_macro_dgs2_2011-04-25,64
official_macro_dgs2_2011-04-26,64
official_macro_dgs2_2011-04-27,64
official_macro_dgs2_2011-04-28,64
official_macro_dgs2_2011-04-29,64
official_macro_dgs2_2011-05-02,64
official_macro_dgs2_2011-05-03,64
official_macro_dgs2_2011-05-04,64
official_macro_dgs2_2011-05-05,64
official_macro_dgs2_2011-05-06,64
official_macro_dgs2_2011-05-09,64
official_macro_dgs2_2011-05-10,64
official_macro_dgs2_2011-05-11,64
official_macro_dgs2_2011-05-12,64
official_macro_dgs2_2011-05-13,64
official_macro_dgs2_2011-05-16,64
official_macro_dgs2_2011-05-17,64
official_macro_dgs2_2011-05-18,64
official_macro_dgs2_2011-05-19,64
official_macro_dgs2_2011-05-20,64
official_macro_dgs2_2011-05-23,64
official_macro_dgs2_2011-05-24,64
official_macro_dgs2_2011-05-25,64
official_macro_dgs2_2011-05-26,64
official_macro_dgs2_2011-05-27,64
official_macro_dgs2_2011-05-31,64
official_macro_dgs2_2011-06-01,64
official_macro_dgs2_2011-06-02,64
official_macro_dgs2_2011-06-03,64
official_macro_dgs2_2011-06-06,64
official_macro_dgs2_2011-06-07,64
official_macro_dgs2_2011-06-08,64
official_macro_dgs2_2011-06-09,64
official_macro_dgs2_2011-06-10,64
official_macro_dgs2_2011-06-13,64
official_macro_dgs2_2011-06-14,64
official_macro_dgs2_2011-06-15,64
official_macro_dgs2_2011-06-16,64
official_macro_dgs2_2011-06-17,64
official_macro_dgs2_2011-06-20,64
official_macro_dgs2_2011-06-21,64
official_macro_dgs2_2011-06-22,64
official_macro_dgs2_2011-06-23,64
official_macro_dgs2_2011-06-24,64
official_macro_dgs2_2011-06-27,64
official_macro_dgs2_2011-06-28,64
official_macro_dgs2_2011-06-29,64
official_macro_dgs2_2011-06-30,64
official_macro_dgs2_2011-07-01,64
official_macro_dgs2_2011-07-05,64
official_macro_dgs2_2011-07-06,64
official_macro_dgs2_2011-07-07,64
official_macro_dgs2_2011-07-08,64
official_macro_dgs2_2011-07-11,64
official_macro_dgs2_2011-07-12,64
official_macro_dgs2_2011-07-13,64
official_macro_dgs2_2011-07-14,64
official_macro_dgs2_2011-07-15,64
official_macro_dgs2_2011-07-18,64
official_macro_dgs2_2011-07-19,64
official_macro_dgs2_2011-07-20,64
official_macro_dgs2_2011-07-21,64
official_macro_dgs2_2011-07-22,64
official_macro_dgs2_2011-07-25,64
official_macro_dgs2_2011-07-26,64
official_macro_dgs2_2011-07-27,64
official_macro_dgs2_2011-07-28,64
official_macro_dgs2_2011-07-29,64
official_macro_dgs2_2011-08-01,64
official_macro_dgs2_2011-08-02,64
official_macro_dgs2_2011-08-03,64
official_macro_dgs2_2011-08-04,64
official_macro_dgs2_2011-08-05,64
official_macro_dgs2_2011-08-08,64
official_macro_dgs2_2011-08-09,64
official_macro_dgs2_2011-08-10,64
official_macro_dgs2_2011-08-11,64
official_macro_dgs2_2011-08-12,64
official_macro_dgs2_2011-08-15,64
official_macro_dgs2_2011-08-16,64
official_macro_dgs2_2011-08-17,64
official_macro_dgs2_2011-08-18,64
official_macro_dgs2_2011-08-19,64
official_macro_dgs2_2011-08-22,64
official_macro_dgs2_2011-08-23,64
official_macro_dgs2_2011-08-24,64
official_macro_dgs2_2011-08-25,64
official_macro_dgs2_2011-08-26,64
official_macro_dgs2_2011-08-29,64
official_macro_dgs2_2011-08-30,64
official_macro_dgs2_2011-08-31,64
official_macro_dgs2_2011-09-01,64
official_macro_dgs2_2011-09-02,64
official_macro_dgs2_2011-09-06,64
official_macro_dgs2_2011-09-07,64
official_macro_dgs2_2011-09-08,64
official_macro_dgs2_2011-09-09,64
official_macro_dgs2_2011-09-12,64
official_macro_dgs2_2011-09-13,64
official_macro_dgs2_2011-09-14,64
official_macro_dgs2_2011-09-15,64
official_macro_dgs2_2011-09-16,64
official_macro_dgs2_2011-09-19,64
official_macro_dgs2_2011-09-20,64
official_macro_dgs2_2011-09-21,64
official_macro_dgs2_2011-09-22,64
official_macro_dgs2_2011-09-23,64
official_macro_dgs2_2011-09-26,64
official_macro_dgs2_2011-09-27,64
official_macro_dgs2_2011-09-28,64
official_macro_dgs2_2011-09-29,64
official_macro_dgs2_2011-09-30,64
official_macro_dgs2_2011-10-03,64
official_macro_dgs2_2011-10-04,64
official_macro_dgs2_2011-10-05,64
official_macro_dgs2_2011-10-06,64
official_macro_dgs2_2011-10-07,64
official_macro_dgs2_2011-10-11,64
official_macro_dgs2_2011-10-12,64
official_macro_dgs2_2011-10-13,64
official_macro_dgs2_2011-10-14,64
official_macro_dgs2_2011-10-17,64
official_macro_dgs2_2011-10-18,64
official_macro_dgs2_2011-10-19,64
official_macro_dgs2_2011-10-20,64
official_macro_dgs2_2011-10-21,64
official_macro_dgs2_2011-10-24,64
official_macro_dgs2_2011-10-25,64
official_macro_dgs2_2011-10-26,64
official_macro_dgs2_2011-10-27,64
official_macro_dgs2_2011-10-28,64
official_macro_dgs2_2011-10-31,64
official_macro_dgs2_2011-11-01,64
official_macro_dgs2_2011-11-02,64
official_macro_dgs2_2011-11-03,64
official_macro_dgs2_2011-11-04,64
official_macro_dgs2_2011-11-07,64
official_macro_dgs2_2011-11-08,64
official_macro_dgs2_2011-11-09,64
official_macro_dgs2_2011-11-10,64
official_macro_dgs2_2011-11-14,64
official_macro_dgs2_2011-11-15,64
official_macro_dgs2_2011-11-16,64
official_macro_dgs2_2011-11-17,64
official_macro_dgs2_2011-11-18,64
official_macro_dgs2_2011-11-21,64
official_macro_dgs2_2011-11-22,64
official_macro_dgs2_2011-11-23,64
official_macro_dgs2_2011-11-25,64
official_macro_dgs2_2011-11-28,64
official_macro_dgs2_2011-11-29,64
official_macro_dgs2_2011-11-30,64
official_macro_dgs2_2011-12-01,64
official_macro_dgs2_2011-12-02,64
official_macro_dgs2_2011-12-05,64
official_macro_dgs2_2011-12-06,64
official_macro_dgs2_2011-12-07,64
official_macro_dgs2_2011-12-08,64
official_macro_dgs2_2011-12-09,64
official_macro_dgs2_2011-12-12,64
official_macro_dgs2_2011-12-13,64
official_macro_dgs2_2011-12-14,64
official_macro_dgs2_2011-12-15,64
official_macro_dgs2_2011-12-16,64
official_macro_dgs2_2011-12-19,64
official_macro_dgs2_2011-12-20,64
official_macro_dgs2_2011-12-21,64
official_macro_dgs2_2011-12-22,64
official_macro_dgs2_2011-12-23,64
official_macro_dgs2_2011-12-27,64
official_macro_dgs2_2011-12-28,64
official_macro_dgs2_2011-12-29,64
official_macro_dgs2_2011-12-30,64
official_macro_dgs2_2012-01-03,64
official_macro_dgs2_2012-01-04,64
official_macro_dgs2_2012-01-05,64
official_macro_dgs2_2012-01-06,64
official_macro_dgs2_2012-01-09,64
official_macro_dgs2_2012-01-10,64
official_macro_dgs2_2012-01-11,64
official_macro_dgs2_2012-01-12,64
official_macro_dgs2_2012-01-13,64
official_macro_dgs2_2012-01-17,64
official_macro_dgs2_2012-01-18,64
official_macro_dgs2_2012-01-19,64
official_macro_dgs2_2012-01-20,64
official_macro_dgs2_2012-01-23,64
official_macro_dgs2_2012-01-24,64
official_macro_dgs2_2012-01-25,64
official_macro_dgs2_2012-01-26,64
official_macro_dgs2_2012-01-27,64
official_macro_dgs2_2012-01-30,64
official_macro_dgs2_2012-01-31,64
official_macro_dgs2_2012-02-01,64
official_macro_dgs2_2012-02-02,64
official_macro_dgs2_2012-02-03,64
official_macro_dgs2_2012-02-06,64
official_macro_dgs2_2012-02-07,64
official_macro_dgs2_2012-02-08,64
official_macro_dgs2_2012-02-09,64
official_macro_dgs2_2012-02-10,64
official_macro_dgs2_2012-02-13,64
official_macro_dgs2_2012-02-14,64
official_macro_dgs2_2012-02-15,64
official_macro_dgs2_2012-02-16,64
official_macro_dgs2_2012-02-17,64
official_macro_dgs2_2012-02-21,64
official_macro_dgs2_2012-02-22,64
official_macro_dgs2_2012-02-23,64
official_macro_dgs2_2012-02-24,64
official_macro_dgs2_2012-02-27,64
official_macro_dgs2_2012-02-28,64
official_macro_dgs2_2012-02-29,64
official_macro_dgs2_2012-03-01,64
official_macro_dgs2_2012-03-02,64
official_macro_dgs2_2012-03-05,64
official_macro_dgs2_2012-03-06,64
official_macro_dgs2_2012-03-07,64
official_macro_dgs2_2012-03-08,64
official_macro_dgs2_2012-03-09,64
official_macro_dgs2_2012-03-12,64
official_macro_dgs2_2012-03-13,64
official_macro_dgs2_2012-03-14,64
official_macro_dgs2_2012-03-15,64
official_macro_dgs2_2012-03-16,64
official_macro_dgs2_2012-03-19,64
official_macro_dgs2_2012-03-20,64
official_macro_dgs2_2012-03-21,64
official_macro_dgs2_2012-03-22,64
official_macro_dgs2_2012-03-23,64
official_macro_dgs2_2012-03-26,64
official_macro_dgs2_2012-03-27,64
official_macro_dgs2_2012-03-28,64
official_macro_dgs2_2012-03-29,64
official_macro_dgs2_2012-03-30,64
official_macro_dgs2_2012-04-02,64
official_macro_dgs2_2012-04-03,64
official_macro_dgs2_2012-04-04,64
official_macro_fedfunds_2010-01-01,63
official_macro_fedfunds_2010-02-01,63
official_macro_fedfunds_2010-03-01,63
official_macro_fedfunds_2010-04-01,63
official_macro_fedfunds_2010-05-01,63
official_macro_fedfunds_2010-06-01,63
official_macro_fedfunds_2010-07-01,63
official_macro_fedfunds_2010-08-01,63
official_macro_fedfunds_2010-09-01,63
official_macro_fedfunds_2010-10-01,63
official_macro_fedfunds_2010-11-01,63
official_macro_fedfunds_2010-12-01,63
official_macro_fedfunds_2011-01-01,63
official_macro_fedfunds_2011-02-01,63
official_macro_fedfunds_2011-03-01,63
official_macro_fedfunds_2011-04-01,63
official_macro_fedfunds_2011-05-01,63
official_macro_fedfunds_2011-06-01,63
official_macro_fedfunds_2011-07-01,63
official_macro_fedfunds_2011-08-01,63
official_macro_fedfunds_2011-09-01,63
official_macro_fedfunds_2011-10-01,63
official_macro_fedfunds_2011-11-01,63
official_macro_fedfunds_2011-12-01,63
official_macro_fedfunds_2012-01-01,63
official_macro_fedfunds_2012-02-01,63
official_macro_fedfunds_2012-03-01,63
official_macro_houst_2010-01-01,57
official_macro_houst_2010-02-01,57
official_macro_houst_2010-03-01,57
official_macro_houst_2010-04-01,57
official_macro_houst_2010-05-01,57
official_macro_houst_2010-06-01,57
official_macro_houst_2010-07-01,57
official_macro_houst_2010-08-01,57
official_macro_houst_2010-09-01,57
official_macro_houst_2010-10-01,57
official_macro_houst_2010-11-01,57
official_macro_houst_2010-12-01,57
official_macro_houst_2011-01-01,57
official_macro_houst_2011-02-01,57
official_macro_houst_2011-03-01,57
official_macro_houst_2011-04-01,57
official_macro_houst_2011-05-01,57
official_macro_houst_2011-06-01,57
official_macro_houst_2011-07-01,57
official_macro_houst_2011-08-01,57
official_macro_houst_2011-09-01,57
official_macro_houst_2011-10-01,57
official_macro_houst_2011-11-01,57
official_macro_houst_2011-12-01,57
official_macro_houst_2012-01-01,57
official_macro_houst_2012-02-01,57
official_macro_houst_2012-03-01,57
official_macro_indpro_2010-01-01,58
official_macro_indpro_2010-02-01,58
official_macro_indpro_2010-03-01,58
official_macro_indpro_2010-04-01,58
official_macro_indpro_2010-05-01,58
official_macro_indpro_2010-06-01,58
official_macro_indpro_2010-07-01,58
official_macro_indpro_2010-08-01,58
official_macro_indpro_2010-09-01,58
official_macro_indpro_2010-10-01,58
official_macro_indpro_2010-11-01,58
official_macro_indpro_2010-12-01,58
official_macro_indpro_2011-01-01,58
official_macro_indpro_2011-02-01,58
official_macro_indpro_2011-03-01,58
official_macro_indpro_2011-04-01,58
official_macro_indpro_2011-05-01,58
official_macro_indpro_2011-06-01,58
official_macro_indpro_2011-07-01,58
official_macro_indpro_2011-08-01,58
official_macro_indpro_2011-09-01,58
official_macro_indpro_2011-10-01,58
official_macro_indpro_2011-11-01,58
official_macro_indpro_2011-12-01,58
official_macro_indpro_2012-01-01,58
official_macro_indpro_2012-02-01,58
official_macro_indpro_2012-03-01,58
official_macro_payems_2010-01-01,58
official_macro_payems_2010-02-01,58
official_macro_payems_2010-03-01,58
official_macro_payems_2010-04-01,58
official_macro_payems_2010-05-01,58
official_macro_payems_2010-06-01,58
official_macro_payems_2010-07-01,58
official_macro_payems_2010-08-01,58
official_macro_payems_2010-09-01,58
official_macro_payems_2010-10-01,58
official_macro_payems_2010-11-01,58
official_macro_payems_2010-12-01,58
official_macro_payems_2011-01-01,58
official_macro_payems_2011-02-01,58
official_macro_payems_2011-03-01,58
official_macro_payems_2011-04-01,58
official_macro_payems_2011-05-01,58
official_macro_payems_2011-06-01,58
official_macro_payems_2011-07-01,58
official_macro_payems_2011-08-01,58
official_macro_payems_2011-09-01,58
official_macro_payems_2011-10-01,58
official_macro_payems_2011-11-01,58
official_macro_payems_2011-12-01,58
official_macro_payems_2012-01-01,58
official_macro_payems_2012-02-01,58
official_macro_payems_2012-03-01,58
official_macro_t10y2y_2010-01-04,71
official_macro_t10y2y_2010-01-05,71
official_macro_t10y2y_2010-01-06,71
official_macro_t10y2y_2010-01-07,71
official_macro_t10y2y_2010-01-08,71
official_macro_t10y2y_2010-01-11,71
official_macro_t10y2y_2010-01-12,71
official_macro_t10y2y_2010-01-13,71
official_macro_t10y2y_2010-01-14,71
official_macro_t10y2y_2010-01-15,71
official_macro_t10y2y_2010-01-19,71
official_macro_t10y2y_2010-01-20,71
official_macro_t10y2y_2010-01-21,71
official_macro_t10y2y_2010-01-22,71
official_macro_t10y2y_2010-01-25,71
official_macro_t10y2y_2010-01-26,71
official_macro_t10y2y_2010-01-27,71
official_macro_t10y2y_2010-01-28,71
official_macro_t10y2y_2010-01-29,71
official_macro_t10y2y_2010-02-01,71
official_macro_t10y2y_2010-02-02,71
official_macro_t10y2y_2010-02-03,71
official_macro_t10y2y_2010-02-04,71
official_macro_t10y2y_2010-02-05,71
official_macro_t10y2y_2010-02-08,71
official_macro_t10y2y_2010-02-09,71
official_macro_t10y2y_2010-02-10,71
official_macro_t10y2y_2010-02-11,71
official_macro_t10y2y_2010-02-12,71
official_macro_t10y2y_2010-02-16,71
official_macro_t10y2y_2010-02-17,71
official_macro_t10y2y_2010-02-18,71
official_macro_t10y2y_2010-02-19,71
official_macro_t10y2y_2010-02-22,71
official_macro_t10y2y_2010-02-23,71
official_macro_t10y2y_2010-02-24,71
official_macro_t10y2y_2010-02-25,71
official_macro_t10y2y_2010-02-26,71
official_macro_t10y2y_2010-03-01,71
official_macro_t10y2y_2010-03-02,71
official_macro_t10y2y_2010-03-03,71
official_macro_t10y2y_2010-03-04,71
official_macro_t10y2y_2010-03-05,71
official_macro_t10y2y_2010-03-08,71
official_macro_t10y2y_2010-03-09,71
official_macro_t10y2y_2010-03-10,71
official_macro_t10y2y_2010-03-11,71
official_macro_t10y2y_2010-03-12,71
official_macro_t10y2y_2010-03-15,71
official_macro_t10y2y_2010-03-16,71
official_macro_t10y2y_2010-03-17,71
official_macro_t10y2y_2010-03-18,71
official_macro_t10y2y_2010-03-19,71
official_macro_t10y2y_2010-03-22,71
official_macro_t10y2y_2010-03-23,71
official_macro_t10y2y_2010-03-24,71
official_macro_t10y2y_2010-03-25,71
official_macro_t10y2y_2010-03-26,71
official_macro_t10y2y_2010-03-29,71
official_macro_t10y2y_2010-03-30,71
official_macro_t10y2y_2010-03-31,71
official_macro_t10y2y_2010-04-01,71
official_macro_t10y2y_2010-04-02,71
official_macro_t10y2y_2010-04-05,71
official_macro_t10y2y_2010-04-06,71
official_macro_t10y2y_2010-04-07,71
official_macro_t10y2y_2010-04-08,71
official_macro_t10y2y_2010-04-09,71
official_macro_t10y2y_2010-04-12,71
official_macro_t10y2y_2010-04-13,71
official_macro_t10y2y_2010-04-14,71
official_macro_t10y2y_2010-04-15,71
official_macro_t10y2y_2010-04-16,71
official_macro_t10y2y_2010-04-19,71
official_macro_t10y2y_2010-04-20,71
official_macro_t10y2y_2010-04-21,71
official_macro_t10y2y_2010-04-22,71
official_macro_t10y2y_2010-04-23,71
official_macro_t10y2y_2010-04-26,71
official_macro_t10y2y_2010-04-27,71
official_macro_t10y2y_2010-04-28,71
official_macro_t10y2y_2010-04-29,71
official_macro_t10y2y_2010-04-30,71
official_macro_t10y2y_2010-05-03,71
official_macro_t10y2y_2010-05-04,71
official_macro_t10y2y_2010-05-05,71
official_macro_t10y2y_2010-05-06,71
official_macro_t10y2y_2010-05-07,71
official_macro_t10y2y_2010-05-10,71
official_macro_t10y2y_2010-05-11,71
official_macro_t10y2y_2010-05-12,71
official_macro_t10y2y_2010-05-13,71
official_macro_t10y2y_2010-05-14,71
official_macro_t10y2y_2010-05-17,71
official_macro_t10y2y_2010-05-18,71
official_macro_t10y2y_2010-05-19,71
official_macro_t10y2y_2010-05-20,71
official_macro_t10y2y_2010-05-21,71
official_macro_t10y2y_2010-05-24,71
official_macro_t10y2y_2010-05-25,71
official_macro_t10y2y_2010-05-26,71
official_macro_t10y2y_2010-05-27,71
official_macro_t10y2y_2010-05-28,71
official_macro_t10y2y_2010-06-01,71
official_macro_t10y2y_2010-06-02,71
official_macro_t10y2y_2010-06-03,71
official_macro_t10y2y_2010-06-04,71
official_macro_t10y2y_2010-06-07,71
official_macro_t10y2y_2010-06-08,71
official_macro_t10y2y_2010-06-09,71
official_macro_t10y2y_2010-06-10,71
official_macro_t10y2y_2010-06-11,71
official_macro_t10y2y_2010-06-14,71
official_macro_t10y2y_2010-06-15,71
official_macro_t10y2y_2010-06-16,71
official_macro_t10y2y_2010-06-17,71
official_macro_t10y2y_2010-06-18,71
official_macro_t10y2y_2010-06-21,71
official_macro_t10y2y_2010-06-22,71
official_macro_t10y2y_2010-06-23,71
official_macro_t10y2y_2010-06-24,71
official_macro_t10y2y_2010-06-25,71
official_macro_t10y2y_2010-06-28,71
official_macro_t10y2y_2010-06-29,71
official_macro_t10y2y_2010-06-30,71
official_macro_t10y2y_2010-07-01,71
official_macro_t10y2y_2010-07-02,71
official_macro_t10y2y_2010-07-06,71
official_macro_t10y2y_2010-07-07,71
official_macro_t10y2y_2010-07-08,71
official_macro_t10y2y_2010-07-09,71
official_macro_t10y2y_2010-07-12,71
official_macro_t10y2y_2010-07-13,71
official_macro_t10y2y_2010-07-14,71
official_macro_t10y2y_2010-07-15,71
official_macro_t10y2y_2010-07-16,71
official_macro_t10y2y_2010-07-19,71
official_macro_t10y2y_2010-07-20,71
official_macro_t10y2y_2010-07-21,71
official_macro_t10y2y_2010-07-22,71
official_macro_t10y2y_2010-07-23,71
official_macro_t10y2y_2010-07-26,71
official_macro_t10y2y_2010-07-27,71
official_macro_t10y2y_2010-07-28,71
official_macro_t10y2y_2010-07-29,71
official_macro_t10y2y_2010-07-30,71
official_macro_t10y2y_2010-08-02,71
official_macro_t10y2y_2010-08-03,71
official_macro_t10y2y_2010-08-04,71
official_macro_t10y2y_2010-08-05,71
official_macro_t10y2y_2010-08-06,71
official_macro_t10y2y_2010-08-09,71
official_macro_t10y2y_2010-08-10,71
official_macro_t10y2y_2010-08-11,71
official_macro_t10y2y_2010-08-12,71
official_macro_t10y2y_2010-08-13,71
official_macro_t10y2y_2010-08-16,71
official_macro_t10y2y_2010-08-17,71
official_macro_t10y2y_2010-08-18,71
official_macro_t10y2y_2010-08-19,71
official_macro_t10y2y_2010-08-20,71
official_macro_t10y2y_2010-08-23,71
official_macro_t10y2y_2010-08-24,71
official_macro_t10y2y_2010-08-25,71
official_macro_t10y2y_2010-08-26,71
official_macro_t10y2y_2010-08-27,71
official_macro_t10y2y_2010-08-30,71
official_macro_t10y2y_2010-08-31,71
official_macro_t10y2y_2010-09-01,71
official_macro_t10y2y_2010-09-02,71
official_macro_t10y2y_2010-09-03,71
official_macro_t10y2y_2010-09-07,71
official_macro_t10y2y_2010-09-08,71
official_macro_t10y2y_2010-09-09,71
official_macro_t10y2y_2010-09-10,71
official_macro_t10y2y_2010-09-13,71
official_macro_t10y2y_2010-09-14,71
official_macro_t10y2y_2010-09-15,71
official_macro_t10y2y_2010-09-16,71
official_macro_t10y2y_2010-09-17,71
official_macro_t10y2y_2010-09-20,71
official_macro_t10y2y_2010-09-21,71
official_macro_t10y2y_2010-09-22,71
official_macro_t10y2y_2010-09-23,71
official_macro_t10y2y_2010-09-24,71
official_macro_t10y2y_2010-09-27,71
official_macro_t10y2y_2010-09-28,71
official_macro_t10y2y_2010-09-29,71
official_macro_t10y2y_2010-09-30,71
official_macro_t10y2y_2010-10-01,71
official_macro_t10y2y_2010-10-04,71
official_macro_t10y2y_2010-10-05,71
official_macro_t10y2y_2010-10-06,71
official_macro_t10y2y_2010-10-07,71
official_macro_t10y2y_2010-10-08,71
official_macro_t10y2y_2010-10-12,71
official_macro_t10y2y_2010-10-13,71
official_macro_t10y2y_2010-10-14,71
official_macro_t10y2y_2010-10-15,71
official_macro_t10y2y_2010-10-18,71
official_macro_t10y2y_2010-10-19,71
official_macro_t10y2y_2010-10-20,71
official_macro_t10y2y_2010-10-21,71
official_macro_t10y2y_2010-10-22,71
official_macro_t10y2y_2010-10-25,71
official_macro_t10y2y_2010-10-26,71
official_macro_t10y2y_2010-10-27,71
official_macro_t10y2y_2010-10-28,71
official_macro_t10y2y_2010-10-29,71
official_macro_t10y2y_2010-11-01,71
official_macro_t10y2y_2010-11-02,71
official_macro_t10y2y_2010-11-03,71
official_macro_t10y2y_2010-11-04,71
official_macro_t10y2y_2010-11-05,71
official_macro_t10y2y_2010-11-08,71
official_macro_t10y2y_2010-11-09,71
official_macro_t10y2y_2010-11-10,71
official_macro_t10y2y_2010-11-12,71
official_macro_t10y2y_2010-11-15,71
official_macro_t10y2y_2010-11-16,71
official_macro_t10y2y_2010-11-17,71
official_macro_t10y2y_2010-11-18,71
official_macro_t10y2y_2010-11-19,71
official_macro_t10y2y_2010-11-22,71
official_macro_t10y2y_2010-11-23,71
official_macro_t10y2y_2010-11-24,71
official_macro_t10y2y_2010-11-26,71
official_macro_t10y2y_2010-11-29,71
official_macro_t10y2y_2010-11-30,71
official_macro_t10y2y_2010-12-01,71
official_macro_t10y2y_2010-12-02,71
official_macro_t10y2y_2010-12-03,71
official_macro_t10y2y_2010-12-06,71
official_macro_t10y2y_2010-12-07,71
official_macro_t10y2y_2010-12-08,71
official_macro_t10y2y_2010-12-09,71
official_macro_t10y2y_2010-12-10,71
official_macro_t10y2y_2010-12-13,71
official_macro_t10y2y_2010-12-14,71
official_macro_t10y2y_2010-12-15,71
official_macro_t10y2y_2010-12-16,71
official_macro_t10y2y_2010-12-17,71
official_macro_t10y2y_2010-12-20,71
official_macro_t10y2y_2010-12-21,71
official_macro_t10y2y_2010-12-22,71
official_macro_t10y2y_2010-12-23,71
official_macro_t10y2y_2010-12-27,71
official_macro_t10y2y_2010-12-28,71
official_macro_t10y2y_2010-12-29,71
official_macro_t10y2y_2010-12-30,71
official_macro_t10y2y_2010-12-31,71
official_macro_t10y2y_2011-01-03,71
official_macro_t10y2y_2011-01-04,71
official_macro_t10y2y_2011-01-05,71
official_macro_t10y2y_2011-01-06,71
official_macro_t10y2y_2011-01-07,71
official_macro_t10y2y_2011-01-10,71
official_macro_t10y2y_2011-01-11,71
official_macro_t10y2y_2011-01-12,71
official_macro_t10y2y_2011-01-13,71
official_macro_t10y2y_2011-01-14,71
official_macro_t10y2y_2011-01-18,71
official_macro_t10y2y_2011-01-19,71
official_macro_t10y2y_2011-01-20,71
official_macro_t10y2y_2011-01-21,71
official_macro_t10y2y_2011-01-24,71
official_macro_t10y2y_2011-01-25,71
official_macro_t10y2y_2011-01-26,71
official_macro_t10y2y_2011-01-27,71
official_macro_t10y2y_2011-01-28,71
official_macro_t10y2y_2011-01-31,71
official_macro_t10y2y_2011-02-01,71
official_macro_t10y2y_2011-02-02,71
official_macro_t10y2y_2011-02-03,71
official_macro_t10y2y_2011-02-04,71
official_macro_t10y2y_2011-02-07,71
official_macro_t10y2y_2011-02-08,71
official_macro_t10y2y_2011-02-09,71
official_macro_t10y2y_2011-02-10,71
official_macro_t10y2y_2011-02-11,71
official_macro_t10y2y_2011-02-14,71
official_macro_t10y2y_2011-02-15,71
official_macro_t10y2y_2011-02-16,71
official_macro_t10y2y_2011-02-17,71
official_macro_t10y2y_2011-02-18,71
official_macro_t10y2y_2011-02-22,71
official_macro_t10y2y_2011-02-23,71
official_macro_t10y2y_2011-02-24,71
official_macro_t10y2y_2011-02-25,71
official_macro_t10y2y_2011-02-28,71
official_macro_t10y2y_2011-03-01,71
official_macro_t10y2y_2011-03-02,71
official_macro_t10y2y_2011-03-03,71
official_macro_t10y2y_2011-03-04,71
official_macro_t10y2y_2011-03-07,71
official_macro_t10y2y_2011-03-08,71
official_macro_t10y2y_2011-03-09,71
official_macro_t10y2y_2011-03-10,71
official_macro_t10y2y_2011-03-11,71
official_macro_t10y2y_2011-03-14,71
official_macro_t10y2y_2011-03-15,71
official_macro_t10y2y_2011-03-16,71
official_macro_t10y2y_2011-03-17,71
official_macro_t10y2y_2011-03-18,71
official_macro_t10y2y_2011-03-21,71
official_macro_t10y2y_2011-03-22,71
official_macro_t10y2y_2011-03-23,71
official_macro_t10y2y_2011-03-24,71
official_macro_t10y2y_2011-03-25,71
official_macro_t10y2y_2011-03-28,71
official_macro_t10y2y_2011-03-29,71
official_macro_t10y2y_2011-03-30,71
official_macro_t10y2y_2011-03-31,71
official_macro_t10y2y_2011-04-01,71
official_macro_t10y2y_2011-04-04,71
official_macro_t10y2y_2011-04-05,71
official_macro_t10y2y_2011-04-06,71
official_macro_t10y2y_2011-04-07,71
official_macro_t10y2y_2011-04-08,71
official_macro_t10y2y_2011-04-11,71
official_macro_t10y2y_2011-04-12,71
official_macro_t10y2y_2011-04-13,71
official_macro_t10y2y_2011-04-14,71
official_macro_t10y2y_2011-04-15,71
official_macro_t10y2y_2011-04-18,71
official_macro_t10y2y_2011-04-19,71
official_macro_t10y2y_2011-04-20,71
official_macro_t10y2y_2011-04-21,71
official_macro_t10y2y_2011-04-25,71
official_macro_t10y2y_2011-04-26,71
official_macro_t10y2y_2011-04-27,71
official_macro_t10y2y_2011-04-28,71
official_macro_t10y2y_2011-04-29,71
official_macro_t10y2y_2011-05-02,71
official_macro_t10y2y_2011-05-03,71
official_macro_t10y2y_2011-05-04,71
official_macro_t10y2y_2011-05-05,71
official_macro_t10y2y_2011-05-06,71
official_macro_t10y2y_2011-05-09,71
official_macro_t10y2y_2011-05-10,71
official_macro_t10y2y_2011-05-11,71
official_macro_t10y2y_2011-05-12,71
official_macro_t10y2y_2011-05-13,71
official_macro_t10y2y_2011-05-16,71
official_macro_t10y2y_2011-05-17,71
official_macro_t10y2y_2011-05-18,71
official_macro_t10y2y_2011-05-19,71
official_macro_t10y2y_2011-05-20,71
official_macro_t10y2y_2011-05-23,71
official_macro_t10y2y_2011-05-24,71
official_macro_t10y2y_2011-05-25,71
official_macro_t10y2y_2011-05-26,71
official_macro_t10y2y_2011-05-27,71
official_macro_t10y2y_2011-05-31,71
official_macro_t10y2y_2011-06-01,71
official_macro_t10y2y_2011-06-02,71
official_macro_t10y2y_2011-06-03,71
official_macro_t10y2y_2011-06-06,71
official_macro_t10y2y_2011-06-07,71
official_macro_t10y2y_2011-06-08,71
official_macro_t10y2y_2011-06-09,71
official_macro_t10y2y_2011-06-10,71
official_macro_t10y2y_2011-06-13,71
official_macro_t10y2y_2011-06-14,71
official_macro_t10y2y_2011-06-15,71
official_macro_t10y2y_2011-06-16,71
official_macro_t10y2y_2011-06-17,71
official_macro_t10y2y_2011-06-20,71
official_macro_t10y2y_2011-06-21,71
official_macro_t10y2y_2011-06-22,71
official_macro_t10y2y_2011-06-23,71
official_macro_t10y2y_2011-06-24,71
official_macro_t10y2y_2011-06-27,71
official_macro_t10y2y_2011-06-28,71
official_macro_t10y2y_2011-06-29,71
official_macro_t10y2y_2011-06-30,71
official_macro_t10y2y_2011-07-01,71
official_macro_t10y2y_2011-07-05,71
official_macro_t10y2y_2011-07-06,71
official_macro_t10y2y_2011-07-07,71
official_macro_t10y2y_2011-07-08,71
official_macro_t10y2y_2011-07-11,71
official_macro_t10y2y_2011-07-12,71
official_macro_t10y2y_2011-07-13,71
official_macro_t10y2y_2011-07-14,71
official_macro_t10y2y_2011-07-15,71
official_macro_t10y2y_2011-07-18,71
official_macro_t10y2y_2011-07-19,71
official_macro_t10y2y_2011-07-20,71
official_macro_t10y2y_2011-07-21,71
official_macro_t10y2y_2011-07-22,71
official_macro_t10y2y_2011-07-25,71
official_macro_t10y2y_2011-07-26,71
official_macro_t10y2y_2011-07-27,71
official_macro_t10y2y_2011-07-28,71
official_macro_t10y2y_2011-07-29,71
official_macro_t10y2y_2011-08-01,71
official_macro_t10y2y_2011-08-02,71
official_macro_t10y2y_2011-08-03,71
official_macro_t10y2y_2011-08-04,71
official_macro_t10y2y_2011-08-05,71
official_macro_t10y2y_2011-08-08,71
official_macro_t10y2y_2011-08-09,71
official_macro_t10y2y_2011-08-10,71
official_macro_t10y2y_2011-08-11,71
official_macro_t10y2y_2011-08-12,71
official_macro_t10y2y_2011-08-15,71
official_macro_t10y2y_2011-08-16,71
official_macro_t10y2y_2011-08-17,71
official_macro_t10y2y_2011-08-18,71
official_macro_t10y2y_2011-08-19,71
official_macro_t10y2y_2011-08-22,71
official_macro_t10y2y_2011-08-23,71
official_macro_t10y2y_2011-08-24,71
official_macro_t10y2y_2011-08-25,71
official_macro_t10y2y_2011-08-26,71
official_macro_t10y2y_2011-08-29,71
official_macro_t10y2y_2011-08-30,71
official_macro_t10y2y_2011-08-31,71
official_macro_t10y2y_2011-09-01,71
official_macro_t10y2y_2011-09-02,71
official_macro_t10y2y_2011-09-06,71
official_macro_t10y2y_2011-09-07,71
official_macro_t10y2y_2011-09-08,71
official_macro_t10y2y_2011-09-09,71
official_macro_t10y2y_2011-09-12,71
official_macro_t10y2y_2011-09-13,71
official_macro_t10y2y_2011-09-14,71
official_macro_t10y2y_2011-09-15,71
official_macro_t10y2y_2011-09-16,71
official_macro_t10y2y_2011-09-19,71
official_macro_t10y2y_2011-09-20,71
official_macro_t10y2y_2011-09-21,71
official_macro_t10y2y_2011-09-22,71
official_macro_t10y2y_2011-09-23,71
official_macro_t10y2y_2011-09-26,71
official_macro_t10y2y_2011-09-27,71
official_macro_t10y2y_2011-09-28,71
official_macro_t10y2y_2011-09-29,71
official_macro_t10y2y_2011-09-30,71
official_macro_t10y2y_2011-10-03,71
official_macro_t10y2y_2011-10-04,71
official_macro_t10y2y_2011-10-05,71
official_macro_t10y2y_2011-10-06,71
official_macro_t10y2y_2011-10-07,71
official_macro_t10y2y_2011-10-11,71
official_macro_t10y2y_2011-10-12,71
official_macro_t10y2y_2011-10-13,71
official_macro_t10y2y_2011-10-14,71
official_macro_t10y2y_2011-10-17,71
official_macro_t10y2y_2011-10-18,71
official_macro_t10y2y_2011-10-19,71
official_macro_t10y2y_2011-10-20,71
official_macro_t10y2y_2011-10-21,71
official_macro_t10y2y_2011-10-24,71
official_macro_t10y2y_2011-10-25,71
official_macro_t10y2y_2011-10-26,71
official_macro_t10y2y_2011-10-27,71
official_macro_t10y2y_2011-10-28,71
official_macro_t10y2y_2011-10-31,71
official_macro_t10y2y_2011-11-01,71
official_macro_t10y2y_2011-11-02,71
official_macro_t10y2y_2011-11-03,71
official_macro_t10y2y_2011-11-04,71
official_macro_t10y2y_2011-11-07,71
official_macro_t10y2y_2011-11-08,71
official_macro_t10y2y_2011-11-09,71
official_macro_t10y2y_2011-11-10,71
official_macro_t10y2y_2011-11-14,71
official_macro_t10y2y_2011-11-15,71
official_macro_t10y2y_2011-11-16,71
official_macro_t10y2y_2011-11-17,71
official_macro_t10y2y_2011-11-18,71
official_macro_t10y2y_2011-11-21,71
official_macro_t10y2y_2011-11-22,71
official_macro_t10y2y_2011-11-23,71
official_macro_t10y2y_2011-11-25,71
official_macro_t10y2y_2011-11-28,71
official_macro_t10y2y_2011-11-29,71
official_macro_t10y2y_2011-11-30,71
official_macro_t10y2y_2011-12-01,71
official_macro_t10y2y_2011-12-02,71
official_macro_t10y2y_2011-12-05,71
official_macro_t10y2y_2011-12-06,71
official_macro_t10y2y_2011-12-07,71
official_macro_t10y2y_2011-12-08,71
official_macro_t10y2y_2011-12-09,71
official_macro_t10y2y_2011-12-12,71
official_macro_t10y2y_2011-12-13,71
official_macro_t10y2y_2011-12-14,71
official_macro_t10y2y_2011-12-15,71
official_macro_t10y2y_2011-12-16,71
official_macro_t10y2y_2011-12-19,71
official_macro_t10y2y_2011-12-20,71
official_macro_t10y2y_2011-12-21,71
official_macro_t10y2y_2011-12-22,71
official_macro_t10y2y_2011-12-23,71
official_macro_t10y2y_2011-12-27,71
official_macro_t10y2y_2011-12-28,71
official_macro_t10y2y_2011-12-29,71
official_macro_t10y2y_2011-12-30,71
official_macro_t10y2y_2012-01-03,71
official_macro_t10y2y_2012-01-04,71
official_macro_t10y2y_2012-01-05,71
official_macro_t10y2y_2012-01-06,71
official_macro_t10y2y_2012-01-09,71
official_macro_t10y2y_2012-01-10,71
official_macro_t10y2y_2012-01-11,71
official_macro_t10y2y_2012-01-12,71
official_macro_t10y2y_2012-01-13,71
official_macro_t10y2y_2012-01-17,71
official_macro_t10y2y_2012-01-18,71
official_macro_t10y2y_2012-01-19,71
official_macro_t10y2y_2012-01-20,71
official_macro_t10y2y_2012-01-23,71
official_macro_t10y2y_2012-01-24,71
official_macro_t10y2y_2012-01-25,71
official_macro_t10y2y_2012-01-26,71
official_macro_t10y2y_2012-01-27,71
official_macro_t10y2y_2012-01-30,71
official_macro_t10y2y_2012-01-31,71
official_macro_t10y2y_2012-02-01,71
official_macro_t10y2y_2012-02-02,71
official_macro_t10y2y_2012-02-03,71
official_macro_t10y2y_2012-02-06,71
official_macro_t10y2y_2012-02-07,71
official_macro_t10y2y_2012-02-08,71
official_macro_t10y2y_2012-02-09,71
official_macro_t10y2y_2012-02-10,71
official_macro_t10y2y_2012-02-13,71
official_macro_t10y2y_2012-02-14,71
official_macro_t10y2y_2012-02-15,71
official_macro_t10y2y_2012-02-16,71
official_macro_t10y2y_2012-02-17,71
official_macro_t10y2y_2012-02-21,71
official_macro_t10y2y_2012-02-22,71
official_macro_t10y2y_2012-02-23,71
official_macro_t10y2y_2012-02-24,71
official_macro_t10y2y_2012-02-27,71
official_macro_t10y2y_2012-02-28,71
official_macro_t10y2y_2012-02-29,71
official_macro_t10y2y_2012-03-01,71
official_macro_t10y2y_2012-03-02,71
official_macro_t10y2y_2012-03-05,71
official_macro_t10y2y_2012-03-06,71
official_macro_t10y2y_2012-03-07,71
official_macro_t10y2y_2012-03-08,71
official_macro_t10y2y_2012-03-09,71
official_macro_t10y2y_2012-03-12,71
official_macro_t10y2y_2012-03-13,71
official_macro_t10y2y_2012-03-14,71
official_macro_t10y2y_2012-03-15,71
official_macro_t10y2y_2012-03-16,71
official_macro_t10y2y_2012-03-19,71
official_macro_t10y2y_2012-03-20,71
official_macro_t10y2y_2012-03-21,71
official_macro_t10y2y_2012-03-22,71
official_macro_t10y2y_2012-03-23,71
official_macro_t10y2y_2012-03-26,71
official_macro_t10y2y_2012-03-27,71
official_macro_t10y2y_2012-03-28,71
official_macro_t10y2y_2012-03-29,71
official_macro_t10y2y_2012-03-30,71
official_macro_t10y2y_2012-04-02,71
official_macro_t10y2y_2012-04-03,71
official_macro_t10y2y_2012-04-04,71
official_macro_unrate_2010-01-01,56
official_macro_unrate_2010-02-01,56
official_macro_unrate_2010-03-01,56
official_macro_unrate_2010-04-01,56
official_macro_unrate_2010-05-01,56
official_macro_unrate_2010-06-01,56
official_macro_unrate_2010-07-01,56
official_macro_unrate_2010-08-01,56
official_macro_unrate_2010-09-01,56
official_macro_unrate_2010-10-01,56
official_macro_unrate_2010-11-01,56
official_macro_unrate_2010-12-01,56
official_macro_unrate_2011-01-01,56
official_macro_unrate_2011-02-01,56
official_macro_unrate_2011-03-01,56
official_macro_unrate_2011-04-01,56
official_macro_unrate_2011-05-01,56
official_macro_unrate_2011-06-01,56
official_macro_unrate_2011-07-01,56
official_macro_unrate_2011-08-01,56
official_macro_unrate_2011-09-01,56
official_macro_unrate_2011-10-01,56
official_macro_unrate_2011-11-01,56
official_macro_unrate_2011-12-01,56
official_macro_unrate_2012-01-01,56
official_macro_unrate_2012-02-01,56
official_macro_unrate_2012-03-01,56
official_macro_vixcls_2010-01-04,59
official_macro_vixcls_2010-01-05,59
official_macro_vixcls_2010-01-06,59
official_macro_vixcls_2010-01-07,59
official_macro_vixcls_2010-01-08,59
official_macro_vixcls_2010-01-11,59
official_macro_vixcls_2010-01-12,59
official_macro_vixcls_2010-01-13,59
official_macro_vixcls_2010-01-14,59
official_macro_vixcls_2010-01-15,59
official_macro_vixcls_2010-01-19,59
official_macro_vixcls_2010-01-20,59
official_macro_vixcls_2010-01-21,59
official_macro_vixcls_2010-01-22,59
official_macro_vixcls_2010-01-25,59
official_macro_vixcls_2010-01-26,59
official_macro_vixcls_2010-01-27,59
official_macro_vixcls_2010-01-28,59
official_macro_vixcls_2010-01-29,59
official_macro_vixcls_2010-02-01,59
official_macro_vixcls_2010-02-02,59
official_macro_vixcls_2010-02-03,59
official_macro_vixcls_2010-02-04,59
official_macro_vixcls_2010-02-05,59
official_macro_vixcls_2010-02-08,59
official_macro_vixcls_2010-02-09,59
official_macro_vixcls_2010-02-10,59
official_macro_vixcls_2010-02-11,59
official_macro_vixcls_2010-02-12,59
official_macro_vixcls_2010-02-16,59
official_macro_vixcls_2010-02-17,59
official_macro_vixcls_2010-02-18,59
official_macro_vixcls_2010-02-19,59
official_macro_vixcls_2010-02-22,59
official_macro_vixcls_2010-02-23,59
official_macro_vixcls_2010-02-24,59
official_macro_vixcls_2010-02-25,59
official_macro_vixcls_2010-02-26,59
official_macro_vixcls_2010-03-01,59
official_macro_vixcls_2010-03-02,59
official_macro_vixcls_2010-03-03,59
official_macro_vixcls_2010-03-04,59
official_macro_vixcls_2010-03-05,59
official_macro_vixcls_2010-03-08,59
official_macro_vixcls_2010-03-09,59
official_macro_vixcls_2010-03-10,59
official_macro_vixcls_2010-03-11,59
official_macro_vixcls_2010-03-12,59
official_macro_vixcls_2010-03-15,59
official_macro_vixcls_2010-03-16,59
official_macro_vixcls_2010-03-17,59
official_macro_vixcls_2010-03-18,59
official_macro_vixcls_2010-03-19,59
official_macro_vixcls_2010-03-22,59
official_macro_vixcls_2010-03-23,59
official_macro_vixcls_2010-03-24,59
official_macro_vixcls_2010-03-25,59
official_macro_vixcls_2010-03-26,59
official_macro_vixcls_2010-03-29,59
official_macro_vixcls_2010-03-30,59
official_macro_vixcls_2010-03-31,59
official_macro_vixcls_2010-04-01,59
official_macro_vixcls_2010-04-05,59
official_macro_vixcls_2010-04-06,59
official_macro_vixcls_2010-04-07,59
official_macro_vixcls_2010-04-08,59
official_macro_vixcls_2010-04-09,59
official_macro_vixcls_2010-04-12,59
official_macro_vixcls_2010-04-13,59
official_macro_vixcls_2010-04-14,59
official_macro_vixcls_2010-04-15,59
official_macro_vixcls_2010-04-16,59
official_macro_vixcls_2010-04-19,59
official_macro_vixcls_2010-04-20,59
official_macro_vixcls_2010-04-21,59
official_macro_vixcls_2010-04-22,59
official_macro_vixcls_2010-04-23,59
official_macro_vixcls_2010-04-26,59
official_macro_vixcls_2010-04-27,59
official_macro_vixcls_2010-04-28,59
official_macro_vixcls_2010-04-29,59
official_macro_vixcls_2010-04-30,59
official_macro_vixcls_2010-05-03,59
official_macro_vixcls_2010-05-04,59
official_macro_vixcls_2010-05-05,59
official_macro_vixcls_2010-05-06,59
official_macro_vixcls_2010-05-07,59
official_macro_vixcls_2010-05-10,59
official_macro_vixcls_2010-05-11,59
official_macro_vixcls_2010-05-12,59
official_macro_vixcls_2010-05-13,59
official_macro_vixcls_2010-05-14,59
official_macro_vixcls_2010-05-17,59
official_macro_vixcls_2010-05-18,59
official_macro_vixcls_2010-05-19,59
official_macro_vixcls_2010-05-20,59
official_macro_vixcls_2010-05-21,59
official_macro_vixcls_2010-05-24,59
official_macro_vixcls_2010-05-25,59
official_macro_vixcls_2010-05-26,59
official_macro_vixcls_2010-05-27,59
official_macro_vixcls_2010-05-28,59
official_macro_vixcls_2010-06-01,59
official_macro_vixcls_2010-06-02,59
official_macro_vixcls_2010-06-03,59
official_macro_vixcls_2010-06-04,59
official_macro_vixcls_2010-06-07,59
official_macro_vixcls_2010-06-08,59
official_macro_vixcls_2010-06-09,59
official_macro_vixcls_2010-06-10,59
official_macro_vixcls_2010-06-11,59
official_macro_vixcls_2010-06-14,59
official_macro_vixcls_2010-06-15,59
official_macro_vixcls_2010-06-16,59
official_macro_vixcls_2010-06-17,59
official_macro_vixcls_2010-06-18,59
official_macro_vixcls_2010-06-21,59
official_macro_vixcls_2010-06-22,59
official_macro_vixcls_2010-06-23,59
official_macro_vixcls_2010-06-24,59
official_macro_vixcls_2010-06-25,59
official_macro_vixcls_2010-06-28,59
official_macro_vixcls_2010-06-29,59
official_macro_vixcls_2010-06-30,59
official_macro_vixcls_2010-07-01,59
official_macro_vixcls_2010-07-02,59
official_macro_vixcls_2010-07-06,59
official_macro_vixcls_2010-07-07,59
official_macro_vixcls_2010-07-08,59
official_macro_vixcls_2010-07-09,59
official_macro_vixcls_2010-07-12,59
official_macro_vixcls_2010-07-13,59
official_macro_vixcls_2010-07-14,59
official_macro_vixcls_2010-07-15,59
official_macro_vixcls_2010-07-16,59
official_macro_vixcls_2010-07-19,59
official_macro_vixcls_2010-07-20,59
official_macro_vixcls_2010-07-21,59
official_macro_vixcls_2010-07-22,59
official_macro_vixcls_2010-07-23,59
official_macro_vixcls_2010-07-26,59
official_macro_vixcls_2010-07-27,59
official_macro_vixcls_2010-07-28,59
official_macro_vixcls_2010-07-29,59
official_macro_vixcls_2010-07-30,59
official_macro_vixcls_2010-08-02,59
official_macro_vixcls_2010-08-03,59
official_macro_vixcls_2010-08-04,59
official_macro_vixcls_2010-08-05,59
official_macro_vixcls_2010-08-06,59
official_macro_vixcls_2010-08-09,59
official_macro_vixcls_2010-08-10,59
official_macro_vixcls_2010-08-11,59
official_macro_vixcls_2010-08-12,59
official_macro_vixcls_2010-08-13,59
official_macro_vixcls_2010-08-16,59
official_macro_vixcls_2010-08-17,59
official_macro_vixcls_2010-08-18,59
official_macro_vixcls_2010-08-19,59
official_macro_vixcls_2010-08-20,59
official_macro_vixcls_2010-08-23,59
official_macro_vixcls_2010-08-24,59
official_macro_vixcls_2010-08-25,59
official_macro_vixcls_2010-08-26,59
official_macro_vixcls_2010-08-27,59
official_macro_vixcls_2010-08-30,59
official_macro_vixcls_2010-08-31,59
official_macro_vixcls_2010-09-01,59
official_macro_vixcls_2010-09-02,59
official_macro_vixcls_2010-09-03,59
official_macro_vixcls_2010-09-07,59
official_macro_vixcls_2010-09-08,59
official_macro_vixcls_2010-09-09,59
official_macro_vixcls_2010-09-10,59
official_macro_vixcls_2010-09-13,59
official_macro_vixcls_2010-09-14,59
official_macro_vixcls_2010-09-15,59
official_macro_vixcls_2010-09-16,59
official_macro_vixcls_2010-09-17,59
official_macro_vixcls_2010-09-20,59
official_macro_vixcls_2010-09-21,59
official_macro_vixcls_2010-09-22,59
official_macro_vixcls_2010-09-23,59
official_macro_vixcls_2010-09-24,59
official_macro_vixcls_2010-09-27,59
official_macro_vixcls_2010-09-28,59
official_macro_vixcls_2010-09-29,59
official_macro_vixcls_2010-09-30,59
official_macro_vixcls_2010-10-01,59
official_macro_vixcls_2010-10-04,59
official_macro_vixcls_2010-10-05,59
official_macro_vixcls_2010-10-06,59
official_macro_vixcls_2010-10-07,59
official_macro_vixcls_2010-10-08,59
official_macro_vixcls_2010-10-11,59
official_macro_vixcls_2010-10-12,59
official_macro_vixcls_2010-10-13,59
official_macro_vixcls_2010-10-14,59
official_macro_vixcls_2010-10-15,59
official_macro_vixcls_2010-10-18,59
official_macro_vixcls_2010-10-19,59
official_macro_vixcls_2010-10-20,59
official_macro_vixcls_2010-10-21,59
official_macro_vixcls_2010-10-22,59
official_macro_vixcls_2010-10-25,59
official_macro_vixcls_2010-10-26,59
official_macro_vixcls_2010-10-27,59
official_macro_vixcls_2010-10-28,59
official_macro_vixcls_2010-10-29,59
official_macro_vixcls_2010-11-01,59
official_macro_vixcls_2010-11-02,59
official_macro_vixcls_2010-11-03,59
official_macro_vixcls_2010-11-04,59
official_macro_vixcls_2010-11-05,59
official_macro_vixcls_2010-11-08,59
official_macro_vixcls_2010-11-09,59
official_macro_vixcls_2010-11-10,59
official_macro_vixcls_2010-11-11,59
official_macro_vixcls_2010-11-12,59
official_macro_vixcls_2010-11-15,59
official_macro_vixcls_2010-11-16,59
official_macro_vixcls_2010-11-17,59
official_macro_vixcls_2010-11-18,59
official_macro_vixcls_2010-11-19,59
official_macro_vixcls_2010-11-22,59
official_macro_vixcls_2010-11-23,59
official_macro_vixcls_2010-11-24,59
official_macro_vixcls_2010-11-26,59
official_macro_vixcls_2010-11-29,59
official_macro_vixcls_2010-11-30,59
official_macro_vixcls_2010-12-01,59
official_macro_vixcls_2010-12-02,59
official_macro_vixcls_2010-12-03,59
official_macro_vixcls_2010-12-06,59
official_macro_vixcls_2010-12-07,59
official_macro_vixcls_2010-12-08,59
official_macro_vixcls_2010-12-09,59
official_macro_vixcls_2010-12-10,59
official_macro_vixcls_2010-12-13,59
official_macro_vixcls_2010-12-14,59
official_macro_vixcls_2010-12-15,59
official_macro_vixcls_2010-12-16,59
official_macro_vixcls_2010-12-17,59
official_macro_vixcls_2010-12-20,59
official_macro_vixcls_2010-12-21,59
official_macro_vixcls_2010-12-22,59
official_macro_vixcls_2010-12-23,59
official_macro_vixcls_2010-12-27,59
official_macro_vixcls_2010-12-28,59
official_macro_vixcls_2010-12-29,59
official_macro_vixcls_2010-12-30,59
official_macro_vixcls_2010-12-31,59
official_macro_vixcls_2011-01-03,59
official_macro_vixcls_2011-01-04,59
official_macro_vixcls_2011-01-05,59
official_macro_vixcls_2011-01-06,59
official_macro_vixcls_2011-01-07,59
official_macro_vixcls_2011-01-10,59
official_macro_vixcls_2011-01-11,59
official_macro_vixcls_2011-01-12,59
official_macro_vixcls_2011-01-13,59
official_macro_vixcls_2011-01-14,59
official_macro_vixcls_2011-01-18,59
official_macro_vixcls_2011-01-19,59
official_macro_vixcls_2011-01-20,59
official_macro_vixcls_2011-01-21,59
official_macro_vixcls_2011-01-24,59
official_macro_vixcls_2011-01-25,59
official_macro_vixcls_2011-01-26,59
official_macro_vixcls_2011-01-27,59
official_macro_vixcls_2011-01-28,59
official_macro_vixcls_2011-01-31,59
official_macro_vixcls_2011-02-01,59
official_macro_vixcls_2011-02-02,59
official_macro_vixcls_2011-02-03,59
official_macro_vixcls_2011-02-04,59
official_macro_vixcls_2011-02-07,59
official_macro_vixcls_2011-02-08,59
official_macro_vixcls_2011-02-09,59
official_macro_vixcls_2011-02-10,59
official_macro_vixcls_2011-02-11,59
official_macro_vixcls_2011-02-14,59
official_macro_vixcls_2011-02-15,59
official_macro_vixcls_2011-02-16,59
official_macro_vixcls_2011-02-17,59
official_macro_vixcls_2011-02-18,59
official_macro_vixcls_2011-02-22,59
official_macro_vixcls_2011-02-23,59
official_macro_vixcls_2011-02-24,59
official_macro_vixcls_2011-02-25,59
official_macro_vixcls_2011-02-28,59
official_macro_vixcls_2011-03-01,59
official_macro_vixcls_2011-03-02,59
official_macro_vixcls_2011-03-03,59
official_macro_vixcls_2011-03-04,59
official_macro_vixcls_2011-03-07,59
official_macro_vixcls_2011-03-08,59
official_macro_vixcls_2011-03-09,59
official_macro_vixcls_2011-03-10,59
official_macro_vixcls_2011-03-11,59
official_macro_vixcls_2011-03-14,59
official_macro_vixcls_2011-03-15,59
official_macro_vixcls_2011-03-16,59
official_macro_vixcls_2011-03-17,59
official_macro_vixcls_2011-03-18,59
official_macro_vixcls_2011-03-21,59
official_macro_vixcls_2011-03-22,59
official_macro_vixcls_2011-03-23,59
official_macro_vixcls_2011-03-24,59
official_macro_vixcls_2011-03-25,59
official_macro_vixcls_2011-03-28,59
official_macro_vixcls_2011-03-29,59
official_macro_vixcls_2011-03-30,59
official_macro_vixcls_2011-03-31,59
official_macro_vixcls_2011-04-01,59
official_macro_vixcls_2011-04-04,59
official_macro_vixcls_2011-04-05,59
official_macro_vixcls_2011-04-06,59
official_macro_vixcls_2011-04-07,59
official_macro_vixcls_2011-04-08,59
official_macro_vixcls_2011-04-11,59
official_macro_vixcls_2011-04-12,59
official_macro_vixcls_2011-04-13,59
official_macro_vixcls_2011-04-14,59
official_macro_vixcls_2011-04-15,59
official_macro_vixcls_2011-04-18,59
official_macro_vixcls_2011-04-19,59
official_macro_vixcls_2011-04-20,59
official_macro_vixcls_2011-04-21,59
official_macro_vixcls_2011-04-25,59
official_macro_vixcls_2011-04-26,59
official_macro_vixcls_2011-04-27,59
official_macro_vixcls_2011-04-28,59
official_macro_vixcls_2011-04-29,59
official_macro_vixcls_2011-05-02,59
official_macro_vixcls_2011-05-03,59
official_macro_vixcls_2011-05-04,59
official_macro_vixcls_2011-05-05,59
official_macro_vixcls_2011-05-06,59
official_macro_vixcls_2011-05-09,59
official_macro_vixcls_2011-05-10,59
official_macro_vixcls_2011-05-11,59
official_macro_vixcls_2011-05-12,59
official_macro_vixcls_2011-05-13,59
official_macro_vixcls_2011-05-16,59
official_macro_vixcls_2011-05-17,59
official_macro_vixcls_2011-05-18,59
official_macro_vixcls_2011-05-19,59
official_macro_vixcls_2011-05-20,59
official_macro_vixcls_2011-05-23,59
official_macro_vixcls_2011-05-24,59
official_macro_vixcls_2011-05-25,59
official_macro_vixcls_2011-05-26,59
official_macro_vixcls_2011-05-27,59
official_macro_vixcls_2011-05-31,59
official_macro_vixcls_2011-06-01,59
official_macro_vixcls_2011-06-02,59
official_macro_vixcls_2011-06-03,59
official_macro_vixcls_2011-06-06,59
official_macro_vixcls_2011-06-07,59
official_macro_vixcls_2011-06-08,59
official_macro_vixcls_2011-06-09,59
official_macro_vixcls_2011-06-10,59
official_macro_vixcls_2011-06-13,59
official_macro_vixcls_2011-06-14,59
official_macro_vixcls_2011-06-15,59
official_macro_vixcls_2011-06-16,59
official_macro_vixcls_2011-06-17,59
official_macro_vixcls_2011-06-20,59
official_macro_vixcls_2011-06-21,59
official_macro_vixcls_2011-06-22,59
official_macro_vixcls_2011-06-23,59
official_macro_vixcls_2011-06-24,59
official_macro_vixcls_2011-06-27,59
official_macro_vixcls_2011-06-28,59
official_macro_vixcls_2011-06-29,59
official_macro_vixcls_2011-06-30,59
official_macro_vixcls_2011-07-01,59
official_macro_vixcls_2011-07-05,59
official_macro_vixcls_2011-07-06,59
official_macro_vixcls_2011-07-07,59
official_macro_vixcls_2011-07-08,59
official_macro_vixcls_2011-07-11,59
official_macro_vixcls_2011-07-12,59
official_macro_vixcls_2011-07-13,59
official_macro_vixcls_2011-07-14,59
official_macro_vixcls_2011-07-15,59
official_macro_vixcls_2011-07-18,59
official_macro_vixcls_2011-07-19,59
official_macro_vixcls_2011-07-20,59
official_macro_vixcls_2011-07-21,59
official_macro_vixcls_2011-07-22,59
official_macro_vixcls_2011-07-25,59
official_macro_vixcls_2011-07-26,59
official_macro_vixcls_2011-07-27,59
official_macro_vixcls_2011-07-28,59
official_macro_vixcls_2011-07-29,59
official_macro_vixcls_2011-08-01,59
official_macro_vixcls_2011-08-02,59
official_macro_vixcls_2011-08-03,59
official_macro_vixcls_2011-08-04,59
official_macro_vixcls_2011-08-05,59
official_macro_vixcls_2011-08-08,59
official_macro_vixcls_2011-08-09,59
official_macro_vixcls_2011-08-10,59
official_macro_vixcls_2011-08-11,59
official_macro_vixcls_2011-08-12,59
official_macro_vixcls_2011-08-15,59
official_macro_vixcls_2011-08-16,59
official_macro_vixcls_2011-08-17,59
official_macro_vixcls_2011-08-18,59
official_macro_vixcls_2011-08-19,59
official_macro_vixcls_2011-08-22,59
official_macro_vixcls_2011-08-23,59
official_macro_vixcls_2011-08-24,59
official_macro_vixcls_2011-08-25,59
official_macro_vixcls_2011-08-26,59
official_macro_vixcls_2011-08-29,59
official_macro_vixcls_2011-08-30,59
official_macro_vixcls_2011-08-31,59
official_macro_vixcls_2011-09-01,59
official_macro_vixcls_2011-09-02,59
official_macro_vixcls_2011-09-06,59
official_macro_vixcls_2011-09-07,59
official_macro_vixcls_2011-09-08,59
official_macro_vixcls_2011-09-09,59
official_macro_vixcls_2011-09-12,59
official_macro_vixcls_2011-09-13,59
official_macro_vixcls_2011-09-14,59
official_macro_vixcls_2011-09-15,59
official_macro_vixcls_2011-09-16,59
official_macro_vixcls_2011-09-19,59
official_macro_vixcls_2011-09-20,59
official_macro_vixcls_2011-09-21,59
official_macro_vixcls_2011-09-22,59
official_macro_vixcls_2011-09-23,59
official_macro_vixcls_2011-09-26,59
official_macro_vixcls_2011-09-27,59
official_macro_vixcls_2011-09-28,59
official_macro_vixcls_2011-09-29,59
official_macro_vixcls_2011-09-30,59
official_macro_vixcls_2011-10-03,59
official_macro_vixcls_2011-10-04,59
official_macro_vixcls_2011-10-05,59
official_macro_vixcls_2011-10-06,59
official_macro_vixcls_2011-10-07,59
official_macro_vixcls_2011-10-10,59
official_macro_vixcls_2011-10-11,59
official_macro_vixcls_2011-10-12,59
official_macro_vixcls_2011-10-13,59
official_macro_vixcls_2011-10-14,59
official_macro_vixcls_2011-10-17,59
official_macro_vixcls_2011-10-18,59
official_macro_vixcls_2011-10-19,59
official_macro_vixcls_2011-10-20,59
official_macro_vixcls_2011-10-21,59
official_macro_vixcls_2011-10-24,59
official_macro_vixcls_2011-10-25,59
official_macro_vixcls_2011-10-26,59
official_macro_vixcls_2011-10-27,59
official_macro_vixcls_2011-10-28,59
official_macro_vixcls_2011-10-31,59
official_macro_vixcls_2011-11-01,59
official_macro_vixcls_2011-11-02,59
official_macro_vixcls_2011-11-03,59
official_macro_vixcls_2011-11-04,59
official_macro_vixcls_2011-11-07,59
official_macro_vixcls_2011-11-08,59
official_macro_vixcls_2011-11-09,59
official_macro_vixcls_2011-11-10,59
official_macro_vixcls_2011-11-11,59
official_macro_vixcls_2011-11-14,59
official_macro_vixcls_2011-11-15,59
official_macro_vixcls_2011-11-16,59
official_macro_vixcls_2011-11-17,59
official_macro_vixcls_2011-11-18,59
official_macro_vixcls_2011-11-21,59
official_macro_vixcls_2011-11-22,59
official_macro_vixcls_2011-11-23,59
official_macro_vixcls_2011-11-25,59
official_macro_vixcls_2011-11-28,59
official_macro_vixcls_2011-11-29,59
official_macro_vixcls_2011-11-30,59
official_macro_vixcls_2011-12-01,59
official_macro_vixcls_2011-12-02,59
official_macro_vixcls_2011-12-05,59
official_macro_vixcls_2011-12-06,59
official_macro_vixcls_2011-12-07,59
official_macro_vixcls_2011-12-08,59
official_macro_vixcls_2011-12-09,59
official_macro_vixcls_2011-12-12,59
official_macro_vixcls_2011-12-13,59
official_macro_vixcls_2011-12-14,59
official_macro_vixcls_2011-12-15,59
official_macro_vixcls_2011-12-16,59
official_macro_vixcls_2011-12-19,59
official_macro_vixcls_2011-12-20,59
official_macro_vixcls_2011-12-21,59
official_macro_vixcls_2011-12-22,59
official_macro_vixcls_2011-12-23,59
official_macro_vixcls_2011-12-27,59
official_macro_vixcls_2011-12-28,59
official_macro_vixcls_2011-12-29,59
official_macro_vixcls_2011-12-30,59
official_macro_vixcls_2012-01-03,59
official_macro_vixcls_2012-01-04,59
official_macro_vixcls_2012-01-05,59
official_macro_vixcls_2012-01-06,59
official_macro_vixcls_2012-01-09,59
official_macro_vixcls_2012-01-10,59
official_macro_vixcls_2012-01-11,59
official_macro_vixcls_2012-01-12,59
official_macro_vixcls_2012-01-13,59
official_macro_vixcls_2012-01-17,59
official_macro_vixcls_2012-01-18,59
official_macro_vixcls_2012-01-19,59
official_macro_vixcls_2012-01-20,59
official_macro_vixcls_2012-01-23,59
official_macro_vixcls_2012-01-24,59
official_macro_vixcls_2012-01-25,59
official_macro_vixcls_2012-01-26,59
official_macro_vixcls_2012-01-27,59
official_macro_vixcls_2012-01-30,59
official_macro_vixcls_2012-01-31,59
official_macro_vixcls_2012-02-01,59
official_macro_vixcls_2012-02-02,59
official_macro_vixcls_2012-02-03,59
official_macro_vixcls_2012-02-06,59
official_macro_vixcls_2012-02-07,59
official_macro_vixcls_2012-02-08,59
official_macro_vixcls_2012-02-09,59
official_macro_vixcls_2012-02-10,59
official_macro_vixcls_2012-02-13,59
official_macro_vixcls_2012-02-14,59
official_macro_vixcls_2012-02-15,59
official_macro_vixcls_2012-02-16,59
official_macro_vixcls_2012-02-17,59
official_macro_vixcls_2012-02-21,59
official_macro_vixcls_2012-02-22,59
official_macro_vixcls_2012-02-23,59
official_macro_vixcls_2012-02-24,59
official_macro_vixcls_2012-02-27,59
official_macro_vixcls_2012-02-28,59
official_macro_vixcls_2012-02-29,59
official_macro_vixcls_2012-03-01,59
official_macro_vixcls_2012-03-02,59
official_macro_vixcls_2012-03-05,59
official_macro_vixcls_2012-03-06,59
official_macro_vixcls_2012-03-07,59
official_macro_vixcls_2012-03-08,59
official_macro_vixcls_2012-03-09,59
official_macro_vixcls_2012-03-12,59
official_macro_vixcls_2012-03-13,59
official_macro_vixcls_2012-03-14,59
official_macro_vixcls_2012-03-15,59
official_macro_vixcls_2012-03-16,59
official_macro_vixcls_2012-03-19,59
official_macro_vixcls_2012-03-20,59
official_macro_vixcls_2012-03-21,59
official_macro_vixcls_2012-03-22,59
official_macro_vixcls_2012-03-23,59
official_macro_vixcls_2012-03-26,59
official_macro_vixcls_2012-03-27,59
official_macro_vixcls_2012-03-28,59
official_macro_vixcls_2012-03-29,59
official_macro_vixcls_2012-03-30,59
official_macro_vixcls_2012-04-02,59
official_macro_vixcls_2012-04-03,59
official_macro_vixcls_2012-04-04,59
