doc_id,length
official_macro_bamlh0a0hym2_2023-05-15,66
official_macro_bamlh0a0hym2_2023-05-16,66
official_macro_bamlh0a0hym2_2023-05-17,66
official_macro_bamlh0a0hym2_2023-05-18,66
official_macro_bamlh0a0hym2_2023-05-19,66
official_macro_bamlh0a0hym2_2023-05-22,66
official_macro_bamlh0a0hym2_2023-05-23,66
official_macro_bamlh0a0hym2_2023-05-24,66
official_macro_bamlh0a0hym2_2023-05-25,66
official_macro_bamlh0a0hym2_2023-05-26,66
official_macro_bamlh0a0hym2_2023-05-29,66
official_macro_bamlh0a0hym2_2023-05-30,66
official_macro_bamlh0a0hym2_2023-05-31,66
official_macro_bamlh0a0hym2_2023-06-01,66
official_macro_bamlh0a0hym2_2023-06-02,66
official_macro_bamlh0a0hym2_2023-06-05,66
official_macro_bamlh0a0hym2_2023-06-06,66
official_macro_bamlh0a0hym2_2023-06-07,66
official_macro_bamlh0a0hym2_2023-06-08,66
official_macro_bamlh0a0hym2_2023-06-09,66
official_macro_bamlh0a0hym2_2023-06-12,66
official_macro_bamlh0a0hym2_2023-06-13,66
official_macro_bamlh0a0hym2_2023-06-14,66
official_macro_bamlh0a0hym2_2023-06-15,66
official_macro_bamlh0a0hym2_2023-06-16,66
official_macro_bamlh0a0hym2_2023-06-19,66
official_macro_bamlh0a0hym2_2023-06-20,66
official_macro_bamlh0a0hym2_2023-06-21,66
official_macro_bamlh0a0hym2_2023-06-22,66
official_macro_bamlh0a0hym2_2023-06-23,66
official_macro_bamlh0a0hym2_2023-06-26,66
official_macro_bamlh0a0hym2_2023-06-27,66
official_macro_bamlh0a0hym2_2023-06-28,66
official_macro_bamlh0a0hym2_2023-06-29,66
official_macro_bamlh0a0hym2_2023-06-30,66
official_macro_bamlh0a0hym2_2023-07-03,66
official_macro_bamlh0a0hym2_2023-07-04,66
official_macro_bamlh0a0hym2_2023-07-05,66
official_macro_bamlh0a0hym2_2023-07-06,66
official_macro_bamlh0a0hym2_2023-07-07,66
official_macro_bamlh0a0hym2_2023-07-10,66
official_macro_bamlh0a0hym2_2023-07-11,66
official_macro_bamlh0a0hym2_2023-07-12,66
official_macro_bamlh0a0hym2_2023-07-13,66
official_macro_bamlh0a0hym2_2023-07-14,66
official_macro_bamlh0a0hym2_2023-07-17,66
official_macro_bamlh0a0hym2_2023-07-18,66
official_macro_bamlh0a0hym2_2023-07-19,66
official_macro_bamlh0a0hym2_2023-07-20,66
official_macro_bamlh0a0hym2_2023-07-21,66
official_macro_bamlh0a0hym2_2023-07-24,66
official_macro_bamlh0a0hym2_2023-07-25,66
official_macro_bamlh0a0hym2_2023-07-26,66
official_macro_bamlh0a0hym2_2023-07-27,66
official_macro_bamlh0a0hym2_2023-07-28,66
official_macro_bamlh0a0hym2_2023-07-31,66
official_macro_bamlh0a0hym2_2023-08-01,66
official_macro_bamlh0a0hym2_2023-08-02,66
official_macro_bamlh0a0hym2_2023-08-03,66
official_macro_bamlh0a0hym2_2023-08-04,66
official_macro_bamlh0a0hym2_2023-08-07,66
official_macro_bamlh0a0hym2_2023-08-08,66
official_macro_bamlh0a0hym2_2023-08-09,66
official_macro_bamlh0a0hym2_2023-08-10,66
official_macro_bamlh0a0hym2_2023-08-11,66
official_macro_bamlh0a0hym2_2023-08-14,66
official_macro_bamlh0a0hym2_2023-08-15,66
official_macro_bamlh0a0hym2_2023-08-16,66
official_macro_bamlh0a0hym2_2023-08-17,66
official_macro_bamlh0a0hym2_2023-08-18,66
official_macro_bamlh0a0hym2_2023-08-21,66
official_macro_bamlh0a0hym2_2023-08-22,66
official_macro_bamlh0a0hym2_2023-08-23,66
official_macro_bamlh0a0hym2_2023-08-24,66
official_macro_bamlh0a0hym2_2023-08-25,66
official_macro_bamlh0a0hym2_2023-08-28,66
official_macro_bamlh0a0hym2_2023-08-29,66
official_macro_bamlh0a0hym2_2023-08-30,66
official_macro_bamlh0a0hym2_2023-08-31,66
official_macro_bamlh0a0hym2_2023-09-01,66
official_macro_bamlh0a0hym2_2023-09-04,66
official_macro_bamlh0a0hym2_2023-09-05,66
official_macro_bamlh0a0hym2_2023-09-06,66
official_macro_bamlh0a0hym2_2023-09-07,66
official_macro_bamlh0a0hym2_2023-09-08,66
official_macro_bamlh0a0hym2_2023-09-11,66
official_macro_bamlh0a0hym2_2023-09-12,66
official_macro_bamlh0a0hym2_2023-09-13,66
official_macro_bamlh0a0hym2_2023-09-14,66
official_macro_bamlh0a0hym2_2023-09-15,66
official_macro_bamlh0a0hym2_2023-09-18,66
official_macro_bamlh0a0hym2_2023-09-19,66
official_macro_bamlh0a0hym2_2023-09-20,66
official_macro_bamlh0a0hym2_2023-09-21,66
official_macro_bamlh0a0hym2_2023-09-22,66
official_macro_bamlh0a0hym2_2023-09-25,66
official_macro_bamlh0a0hym2_2023-09-26,66
official_macro_bamlh0a0hym2_2023-09-27,66
official_macro_bamlh0a0hym2_2023-09-28,66
official_macro_bamlh0a0hym2_2023-09-29,66
official_macro_bamlh0a0hym2_2023-09-30,66
official_macro_bamlh0a0hym2_2023-10-02,66
official_macro_bamlh0a0hym2_2023-10-03,66
official_macro_bamlh0a0hym2_2023-10-04,66
official_macro_bamlh0a0hym2_2023-10-05,66
official_macro_bamlh0a0hym2_2023-10-06,66
official_macro_bamlh0a0hym2_2023-10-09,66
official_macro_bamlh0a0hym2_2023-10-10,66
official_macro_bamlh0a0hym2_2023-10-11,66
official_macro_bamlh0a0hym2_2023-10-12,66
official_macro_bamlh0a0hym2_2023-10-13,66
official_macro_bamlh0a0hym2_2023-10-16,66
official_macro_bamlh0a0hym2_2023-10-17,66
official_macro_bamlh0a0hym2_2023-10-18,66
official_macro_bamlh0a0hym2_2023-10-19,66
official_macro_bamlh0a0hym2_2023-10-20,66
official_macro_bamlh0a0hym2_2023-10-23,66
official_macro_bamlh0a0hym2_2023-10-24,66
official_macro_bamlh0a0hym2_2023-10-25,66
official_macro_bamlh0a0hym2_2023-10-26,66
official_macro_bamlh0a0hym2_2023-10-27,66
official_macro_bamlh0a0hym2_2023-10-30,66
official_macro_bamlh0a0hym2_2023-10-31,66
official_macro_bamlh0a0hym2_2023-11-01,66
official_macro_bamlh0a0hym2_2023-11-02,66
official_macro_bamlh0a0hym2_2023-11-03,66
official_macro_bamlh0a0hym2_2023-11-06,66
official_macro_bamlh0a0hym2_2023-11-07,66
official_macro_bamlh0a0hym2_2023-11-08,66
official_macro_bamlh0a0hym2_2023-11-09,66
official_macro_bamlh0a0hym2_2023-11-10,66
official_macro_bamlh0a0hym2_2023-11-13,66
official_macro_bamlh0a0hym2_2023-11-14,66
official_macro_bamlh0a0hym2_2023-11-15,66
official_macro_bamlh0a0hym2_2023-11-16,66
official_macro_bamlh0a0hym2_2023-11-17,66
official_macro_bamlh0a0hym2_2023-11-20,66
official_macro_bamlh0a0hym2_2023-11-21,66
official_macro_bamlh0a0hym2_2023-11-22,66
official_macro_bamlh0a0hym2_2023-11-23,66
official_macro_bamlh0a0hym2_2023-11-24,66
official_macro_bamlh0a0hym2_2023-11-27,66
official_macro_bamlh0a0hym2_2023-11-28,66
official_macro_bamlh0a0hym2_2023-11-29,66
official_macro_bamlh0a0hym2_2023-11-30,66
official_macro_bamlh0a0hym2_2023-12-01,66
official_macro_bamlh0a0hym2_2023-12-04,66
official_macro_bamlh0a0hym2_2023-12-05,66
official_macro_bamlh0a0hym2_2023-12-06,66
official_macro_bamlh0a0hym2_2023-12-07,66
official_macro_bamlh0a0hym2_2023-12-08,66
official_macro_bamlh0a0hym2_2023-12-11,66
official_macro_bamlh0a0hym2_2023-12-12,66
official_macro_bamlh0a0hym2_2023-12-13,66
official_macro_bamlh0a0hym2_2023-12-14,66
official_macro_bamlh0a0hym2_2023-12-15,66
official_macro_bamlh0a0hym2_2023-12-18,66
official_macro_bamlh0a0hym2_2023-12-19,66
official_macro_bamlh0a0hym2_2023-12-20,66
official_macro_bamlh0a0hym2_2023-12-21,66
official_macro_bamlh0a0hym2_2023-12-22,66
official_macro_bamlh0a0hym2_2023-12-26,66
official_macro_bamlh0a0hym2_2023-12-27,66
official_macro_bamlh0a0hym2_2023-12-28,66
official_macro_bamlh0a0hym2_2023-12-29,66
official_macro_bamlh0a0hym2_2023-12-31,66
official_macro_bamlh0a0hym2_2024-01-02,66
official_macro_bamlh0a0hym2_2024-01-03,66
official_macro_bamlh0a0hym2_2024-01-04,66
official_macro_bamlh0a0hym2_2024-01-05,66
official_macro_bamlh0a0hym2_2024-01-08,66
official_macro_bamlh0a0hym2_2024-01-09,66
official_macro_bamlh0a0hym2_2024-01-10,66
official_macro_bamlh0a0hym2_2024-01-11,66
official_macro_bamlh0a0hym2_2024-01-12,66
official_macro_bamlh0a0hym2_2024-01-15,66
official_macro_bamlh0a0hym2_2024-01-16,66
official_macro_bamlh0a0hym2_2024-01-17,66
official_macro_bamlh0a0hym2_2024-01-18,66
official_macro_bamlh0a0hym2_2024-01-19,66
official_macro_bamlh0a0hym2_2024-01-22,66
official_macro_bamlh0a0hym2_2024-01-23,66
official_macro_bamlh0a0hym2_2024-01-24,66
official_macro_bamlh0a0hym2_2024-01-25,66
official_macro_bamlh0a0hym2_2024-01-26,66
official_macro_bamlh0a0hym2_2024-01-29,66
official_macro_bamlh0a0hym2_2024-01-30,66
official_macro_bamlh0a0hym2_2024-01-31,66
official_macro_bamlh0a0hym2_2024-02-01,66
official_macro_bamlh0a0hym2_2024-02-02,66
official_macro_bamlh0a0hym2_2024-02-05,66
official_macro_bamlh0a0hym2_2024-02-06,66
official_macro_bamlh0a0hym2_2024-02-07,66
official_macro_bamlh0a0hym2_2024-02-08,66
official_macro_bamlh0a0hym2_2024-02-09,66
official_macro_bamlh0a0hym2_2024-02-12,66
official_macro_bamlh0a0hym2_2024-02-13,66
official_macro_bamlh0a0hym2_2024-02-14,66
official_macro_bamlh0a0hym2_2024-02-15,66
official_macro_bamlh0a0hym2_2024-02-16,66
official_macro_bamlh0a0hym2_2024-02-19,66
official_macro_bamlh0a0hym2_2024-02-20,66
official_macro_bamlh0a0hym2_2024-02-21,66
official_macro_bamlh0a0hym2_2024-02-22,66
official_macro_bamlh0a0hym2_2024-02-23,66
official_macro_bamlh0a0hym2_2024-02-26,66
official_macro_bamlh0a0hym2_2024-02-27,66
official_macro_bamlh0a0hym2_2024-02-28,66
official_macro_bamlh0a0hym2_2024-02-29,66
official_macro_bamlh0a0hym2_2024-03-01,66
official_macro_bamlh0a0hym2_2024-03-04,66
official_macro_bamlh0a0hym2_2024-03-05,66
official_macro_bamlh0a0hym2_2024-03-06,66
official_macro_bamlh0a0hym2_2024-03-07,66
official_macro_bamlh0a0hym2_2024-03-08,66
official_macro_bamlh0a0hym2_2024-03-11,66
official_macro_bamlh0a0hym2_2024-03-12,66
official_macro_bamlh0a0hym2_2024-03-13,66
official_macro_bamlh0a0hym2_2024-03-14,66
official_macro_bamlh0a0hym2_2024-03-15,66
official_macro_bamlh0a0hym2_2024-03-18,66
official_macro_bamlh0a0hym2_2024-03-19,66
official_macro_bamlh0a0hym2_2024-03-20,66
official_macro_bamlh0a0hym2_2024-03-21,66
official_macro_bamlh0a0hym2_2024-03-22,66
official_macro_bamlh0a0hym2_2024-03-25,66
official_macro_bamlh0a0hym2_2024-03-26,66
official_macro_bamlh0a0hym2_2024-03-27,66
official_macro_bamlh0a0hym2_2024-03-28,66
official_macro_bamlh0a0hym2_2024-03-31,66
official_macro_bamlh0a0hym2_2024-04-01,66
official_macro_bamlh0a0hym2_2024-04-02,66
official_macro_bamlh0a0hym2_2024-04-03,66
official_macro_bamlh0a0hym2_2024-04-04,66
official_macro_bamlh0a0hym2_2024-04-05,66
official_macro_bamlh0a0hym2_2024-04-08,66
official_macro_bamlh0a0hym2_2024-04-09,66
official_macro_bamlh0a0hym2_2024-04-10,66
official_macro_bamlh0a0hym2_2024-04-11,66
official_macro_bamlh0a0hym2_2024-04-12,66
official_macro_bamlh0a0hym2_2024-04-15,66
official_macro_bamlh0a0hym2_2024-04-16,66
official_macro_bamlh0a0hym2_2024-04-17,66
official_macro_bamlh0a0hym2_2024-04-18,66
official_macro_bamlh0a0hym2_2024-04-19,66
official_macro_bamlh0a0hym2_2024-04-22,66
official_macro_bamlh0a0hym2_2024-04-23,66
official_macro_bamlh0a0hym2_2024-04-24,66
official_macro_bamlh0a0hym2_2024-04-25,66
official_macro_bamlh0a0hym2_2024-04-26,66
official_macro_bamlh0a0hym2_2024-04-29,66
official_macro_bamlh0a0hym2_2024-04-30,66
official_macro_bamlh0a0hym2_2024-05-01,66
official_macro_bamlh0a0hym2_2024-05-02,66
official_macro_bamlh0a0hym2_2024-05-03,66
official_macro_bamlh0a0hym2_2024-05-06,66
official_macro_bamlh0a0hym2_2024-05-07,66
official_macro_bamlh0a0hym2_2024-05-08,66
official_macro_bamlh0a0hym2_2024-05-09,66
official_macro_bamlh0a0hym2_2024-05-10,66
official_macro_bamlh0a0hym2_2024-05-13,66
official_macro_bamlh0a0hym2_2024-05-14,66
official_macro_bamlh0a0hym2_2024-05-15,66
official_macro_bamlh0a0hym2_2024-05-16,66
official_macro_bamlh0a0hym2_2024-05-17,66
official_macro_bamlh0a0hym2_2024-05-20,66
official_macro_bamlh0a0hym2_2024-05-21,66
official_macro_bamlh0a0hym2_2024-05-22,66
official_macro_bamlh0a0hym2_2024-05-23,66
official_macro_bamlh0a0hym2_2024-05-24,66
official_macro_bamlh0a0hym2_2024-05-27,66
official_macro_bamlh0a0hym2_2024-05-28,66
official_macro_bamlh0a0hym2_2024-05-29,66
official_macro_bamlh0a0hym2_2024-05-30,66
official_macro_bamlh0a0hym2_2024-05-31,66
official_macro_bamlh0a0hym2_2024-06-03,66
official_macro_bamlh0a0hym2_2024-06-04,66
official_macro_bamlh0a0hym2_2024-06-05,66
official_macro_bamlh0a0hym2_2024-06-06,66
official_macro_bamlh0a0hym2_2024-06-07,66
official_macro_bamlh0a0hym2_2024-06-10,66
official_macro_bamlh0a0hym2_2024-06-11,66
official_macro_bamlh0a0hym2_2024-06-12,66
official_macro_bamlh0a0hym2_2024-06-13,66
official_macro_bamlh0a0hym2_2024-06-14,66
official_macro_bamlh0a0hym2_2024-06-17,66
official_macro_bamlh0a0hym2_2024-06-18,66
official_macro_bamlh0a0hym2_2024-06-19,66
official_macro_bamlh0a0hym2_2024-06-20,66
official_macro_bamlh0a0hym2_2024-06-21,66
official_macro_bamlh0a0hym2_2024-06-24,66
official_macro_bamlh0a0hym2_2024-06-25,66
official_macro_bamlh0a0hym2_2024-06-26,66
official_macro_bamlh0a0hym2_2024-06-27,66
official_macro_bamlh0a0hym2_2024-06-28,66
official_macro_bamlh0a0hym2_2024-06-30,66
official_macro_bamlh0a0hym2_2024-07-01,66
official_macro_bamlh0a0hym2_2024-07-02,66
official_macro_bamlh0a0hym2_2024-07-03,66
official_macro_bamlh0a0hym2_2024-07-04,66
official_macro_bamlh0a0hym2_2024-07-05,66
official_macro_bamlh0a0hym2_2024-07-08,66
official_macro_bamlh0a0hym2_2024-07-09,66
official_macro_bamlh0a0hym2_2024-07-10,66
official_macro_bamlh0a0hym2_2024-07-11,66
official_macro_bamlh0a0hym2_2024-07-12,66
official_macro_bamlh0a0hym2_2024-07-15,66
official_macro_bamlh0a0hym2_2024-07-16,66
official_macro_bamlh0a0hym2_2024-07-17,66
official_macro_bamlh0a0hym2_2024-07-18,66
official_macro_bamlh0a0hym2_2024-07-19,66
official_macro_bamlh0a0hym2_2024-07-22,66
official_macro_bamlh0a0hym2_2024-07-23,66
official_macro_bamlh0a0hym2_2024-07-24,66
official_macro_bamlh0a0hym2_2024-07-25,66
official_macro_bamlh0a0hym2_2024-07-26,66
official_macro_bamlh0a0hym2_2024-07-29,66
official_macro_bamlh0a0hym2_2024-07-30,66
official_macro_bamlh0a0hym2_2024-07-31,66
official_macro_bamlh0a0hym2_2024-08-01,66
official_macro_bamlh0a0hym2_2024-08-02,66
official_macro_bamlh0a0hym2_2024-08-05,66
official_macro_bamlh0a0hym2_2024-08-06,66
official_macro_bamlh0a0hym2_2024-08-07,66
official_macro_bamlh0a0hym2_2024-08-08,66
official_macro_bamlh0a0hym2_2024-08-09,66
official_macro_bamlh0a0hym2_2024-08-12,66
official_macro_bamlh0a0hym2_2024-08-13,66
official_macro_bamlh0a0hym2_2024-08-14,66
official_macro_bamlh0a0hym2_2024-08-15,66
official_macro_bamlh0a0hym2_2024-08-16,66
official_macro_bamlh0a0hym2_2024-08-19,66
official_macro_bamlh0a0hym2_2024-08-20,66
official_macro_bamlh0a0hym2_2024-08-21,66
official_macro_bamlh0a0hym2_2024-08-22,66
official_macro_bamlh0a0hym2_2024-08-23,66
official_macro_bamlh0a0hym2_2024-08-26,66
official_macro_bamlh0a0hym2_2024-08-27,66
official_macro_bamlh0a0hym2_2024-08-28,66
official_macro_bamlh0a0hym2_2024-08-29,66
official_macro_bamlh0a0hym2_2024-08-30,66
official_macro_bamlh0a0hym2_2024-08-31,66
official_macro_bamlh0a0hym2_2024-09-02,66
official_macro_bamlh0a0hym2_2024-09-03,66
official_macro_bamlh0a0hym2_2024-09-04,66
official_macro_bamlh0a0hym2_2024-09-05,66
official_macro_bamlh0a0hym2_2024-09-06,66
official_macro_bamlh0a0hym2_2024-09-09,66
official_macro_bamlh0a0hym2_2024-09-10,66
official_macro_bamlh0a0hym2_2024-09-11,66
official_macro_bamlh0a0hym2_2024-09-12,66
official_macro_bamlh0a0hym2_2024-09-13,66
official_macro_bamlh0a0hym2_2024-09-16,66
official_macro_bamlh0a0hym2_2024-09-17,66
official_macro_bamlh0a0hym2_2024-09-18,66
official_macro_bamlh0a0hym2_2024-09-19,66
official_macro_bamlh0a0hym2_2024-09-20,66
official_macro_bamlh0a0hym2_2024-09-23,66
official_macro_bamlh0a0hym2_2024-09-24,66
official_macro_bamlh0a0hym2_2024-09-25,66
official_macro_bamlh0a0hym2_2024-09-26,66
official_macro_bamlh0a0hym2_2024-09-27,66
official_macro_bamlh0a0hym2_2024-09-30,66
official_macro_bamlh0a0hym2_2024-10-01,66
official_macro_bamlh0a0hym2_2024-10-02,66
official_macro_bamlh0a0hym2_2024-10-03,66
official_macro_bamlh0a0hym2_2024-10-04,66
official_macro_bamlh0a0hym2_2024-10-07,66
official_macro_bamlh0a0hym2_2024-10-08,66
official_macro_bamlh0a0hym2_2024-10-09,66
official_macro_bamlh0a0hym2_2024-10-10,66
official_macro_bamlh0a0hym2_2024-10-11,66
official_macro_bamlh0a0hym2_2024-10-14,66
official_macro_bamlh0a0hym2_2024-10-15,66
official_macro_bamlh0a0hym2_2024-10-16,66
official_macro_bamlh0a0hym2_2024-10-17,66
official_macro_bamlh0a0hym2_2024-10-18,66
official_macro_bamlh0a0hym2_2024-10-21,66
official_macro_bamlh0a0hym2_2024-10-22,66
official_macro_bamlh0a0hym2_2024-10-23,66
official_macro_bamlh0a0hym2_2024-10-24,66
official_macro_bamlh0a0hym2_2024-10-25,66
official_macro_bamlh0a0hym2_2024-10-28,66
official_macro_bamlh0a0hym2_2024-10-29,66
official_macro_bamlh0a0hym2_2024-10-30,66
official_macro_bamlh0a0hym2_2024-10-31,66
official_macro_bamlh0a0hym2_2024-11-01,66
official_macro_bamlh0a0hym2_2024-11-04,66
official_macro_bamlh0a0hym2_2024-11-05,66
official_macro_bamlh0a0hym2_2024-11-06,66
official_macro_bamlh0a0hym2_2024-11-07,66
official_macro_bamlh0a0hym2_2024-11-08,66
official_macro_bamlh0a0hym2_2024-11-11,66
official_macro_bamlh0a0hym2_2024-11-12,66
official_macro_bamlh0a0hym2_2024-11-13,66
official_macro_bamlh0a0hym2_2024-11-14,66
official_macro_bamlh0a0hym2_2024-11-15,66
official_macro_bamlh0a0hym2_2024-11-18,66
official_macro_bamlh0a0hym2_2024-11-19,66
official_macro_bamlh0a0hym2_2024-11-20,66
official_macro_bamlh0a0hym2_2024-11-21,66
official_macro_bamlh0a0hym2_2024-11-22,66
official_macro_bamlh0a0hym2_2024-11-25,66
official_macro_bamlh0a0hym2_2024-11-26,66
official_macro_bamlh0a0hym2_2024-11-27,66
official_macro_bamlh0a0hym2_2024-11-28,66
official_macro_bamlh0a0hym2_2024-11-29,66
official_macro_bamlh0a0hym2_2024-11-30,66
official_macro_bamlh0a0hym2_2024-12-02,66
official_macro_bamlh0a0hym2_2024-12-03,66
official_macro_bamlh0a0hym2_2024-12-04,66
official_macro_bamlh0a0hym2_2024-12-05,66
official_macro_bamlh0a0hym2_2024-12-06,66
official_macro_bamlh0a0hym2_2024-12-09,66
official_macro_bamlh0a0hym2_2024-12-10,66
official_macro_bamlh0a0hym2_2024-12-11,66
official_macro_bamlh0a0hym2_2024-12-12,66
official_macro_bamlh0a0hym2_2024-12-13,66
official_macro_bamlh0a0hym2_2024-12-16,66
official_macro_bamlh0a0hym2_2024-12-17,66
official_macro_bamlh0a0hym2_2024-12-18,66
official_macro_bamlh0a0hym2_2024-12-19,66
official_macro_bamlh0a0hym2_2024-12-20,66
official_macro_bamlh0a0hym2_2024-12-23,66
official_macro_bamlh0a0hym2_2024-12-24,66
official_macro_bamlh0a0hym2_2024-12-26,66
official_macro_bamlh0a0hym2_2024-12-27,66
official_macro_bamlh0a0hym2_2024-12-30,66
official_macro_bamlh0a0hym2_2024-12-31,66
official_macro_bamlh0a0hym2_2025-01-02,66
official_macro_bamlh0a0hym2_2025-01-03,66
official_macro_bamlh0a0hym2_2025-01-06,66
official_macro_bamlh0a0hym2_2025-01-07,66
official_macro_bamlh0a0hym2_2025-01-08,66
official_macro_bamlh0a0hym2_2025-01-09,66
official_macro_bamlh0a0hym2_2025-01-10,66
official_macro_bamlh0a0hym2_2025-01-13,66
official_macro_bamlh0a0hym2_2025-01-14,66
official_macro_bamlh0a0hym2_2025-01-15,66
official_macro_bamlh0a0hym2_2025-01-16,66
official_macro_bamlh0a0hym2_2025-01-17,66
official_macro_bamlh0a0hym2_2025-01-20,66
official_macro_bamlh0a0hym2_2025-01-21,66
official_macro_bamlh0a0hym2_2025-01-22,66
official_macro_bamlh0a0hym2_2025-01-23,66
official_macro_bamlh0a0hym2_2025-01-24,66
official_macro_bamlh0a0hym2_2025-01-27,66
official_macro_bamlh0a0hym2_2025-01-28,66
official_macro_bamlh0a0hym2_2025-01-29,66
official_macro_bamlh0a0hym2_2025-01-30,66
official_macro_bamlh0a0hym2_2025-01-31,66
official_macro_bamlh0a0hym2_2025-02-03,66
official_macro_bamlh0a0hym2_2025-02-04,66
official_macro_bamlh0a0hym2_2025-02-05,66
official_macro_bamlh0a0hym2_2025-02-06,66
official_macro_bamlh0a0hym2_2025-02-07,66
official_macro_bamlh0a0hym2_2025-02-10,66
official_macro_bamlh0a0hym2_2025-02-11,66
official_macro_bamlh0a0hym2_2025-02-12,66
official_macro_bamlh0a0hym2_2025-02-13,66
official_macro_bamlh0a0hym2_2025-02-14,66
official_macro_bamlh0a0hym2_2025-02-17,66
official_macro_bamlh0a0hym2_2025-02-18,66
official_macro_bamlh0a0hym2_2025-02-19,66
official_macro_bamlh0a0hym2_2025-02-20,66
official_macro_bamlh0a0hym2_2025-02-21,66
official_macro_bamlh0a0hym2_2025-02-24,66
official_macro_bamlh0a0hym2_2025-02-25,66
official_macro_bamlh0a0hym2_2025-02-26,66
official_macro_bamlh0a0hym2_2025-02-27,66
official_macro_bamlh0a0hym2_2025-02-28,66
official_macro_bamlh0a0hym2_2025-03-03,66
official_macro_bamlh0a0hym2_2025-03-04,66
official_macro_bamlh0a0hym2_2025-03-05,66
official_macro_bamlh0a0hym2_2025-03-06,66
official_macro_bamlh0a0hym2_2025-03-07,66
official_macro_bamlh0a0hym2_2025-03-10,66
official_macro_bamlh0a0hym2_2025-03-11,66
official_macro_bamlh0a0hym2_2025-03-12,66
official_macro_bamlh0a0hym2_2025-03-13,66
official_macro_bamlh0a0hym2_2025-03-14,66
official_macro_bamlh0a0hym2_2025-03-17,66
official_macro_bamlh0a0hym2_2025-03-18,66
official_macro_bamlh0a0hym2_2025-03-19,66
official_macro_bamlh0a0hym2_2025-03-20,66
official_macro_bamlh0a0hym2_2025-03-21,66
official_macro_bamlh0a0hym2_2025-03-24,66
official_macro_bamlh0a0hym2_2025-03-25,66
official_macro_bamlh0a0hym2_2025-03-26,66
official_macro_bamlh0a0hym2_2025-03-27,66
official_macro_bamlh0a0hym2_2025-03-28,66
official_macro_bamlh0a0hym2_2025-03-31,66
official_macro_bamlh0a0hym2_2025-04-01,66
official_macro_bamlh0a0hym2_2025-04-02,66
official_macro_bamlh0a0hym2_2025-04-03,66
official_macro_bamlh0a0hym2_2025-04-04,66
official_macro_bamlh0a0hym2_2025-04-07,66
official_macro_bamlh0a0hym2_2025-04-08,66
official_macro_bamlh0a0hym2_2025-04-09,66
official_macro_bamlh0a0hym2_2025-04-10,66
official_macro_bamlh0a0hym2_2025-04-11,66
official_macro_bamlh0a0hym2_2025-04-14,66
official_macro_bamlh0a0hym2_2025-04-15,66
official_macro_bamlh0a0hym2_2025-04-16,66
official_macro_bamlh0a0hym2_2025-04-17,66
official_macro_bamlh0a0hym2_2025-04-21,66
official_macro_bamlh0a0hym2_2025-04-22,66
official_macro_bamlh0a0hym2_2025-04-23,66
official_macro_bamlh0a0hym2_2025-04-24,66
official_macro_bamlh0a0hym2_2025-04-25,66
official_macro_bamlh0a0hym2_2025-04-28,66
official_macro_bamlh0a0hym2_2025-04-29,66
official_macro_bamlh0a0hym2_2025-04-30,66
official_macro_bamlh0a0hym2_2025-05-01,66
official_macro_bamlh0a0hym2_2025-05-02,66
official_macro_bamlh0a0hym2_2025-05-05,66
official_macro_bamlh0a0hym2_2025-05-06,66
official_macro_bamlh0a0hym2_2025-05-07,66
official_macro_bamlh0a0hym2_2025-05-08,66
official_macro_bamlh0a0hym2_2025-05-09,66
official_macro_bamlh0a0hym2_2025-05-12,66
official_macro_bamlh0a0hym2_2025-05-13,66
official_macro_bamlh0a0hym2_2025-05-14,66
official_macro_bamlh0a0hym2_2025-05-15,66
official_macro_bamlh0a0hym2_2025-05-16,66
official_macro_bamlh0a0hym2_2025-05-19,66
official_macro_bamlh0a0hym2_2025-05-20,66
official_macro_bamlh0a0hym2_2025-05-21,66
official_macro_bamlh0a0hym2_2025-05-22,66
official_macro_bamlh0a0hym2_2025-05-23,66
official_macro_bamlh0a0hym2_2025-05-26,66
official_macro_bamlh0a0hym2_2025-05-27,66
official_macro_bamlh0a0hym2_2025-05-28,66
official_macro_bamlh0a0hym2_2025-05-29,66
official_macro_bamlh0a0hym2_2025-05-30,66
official_macro_bamlh0a0hym2_2025-05-31,66
official_macro_bamlh0a0hym2_2025-06-02,66
official_macro_bamlh0a0hym2_2025-06-03,66
official_macro_bamlh0a0hym2_2025-06-04,66
official_macro_bamlh0a0hym2_2025-06-05,66
official_macro_bamlh0a0hym2_2025-06-06,66
official_macro_bamlh0a0hym2_2025-06-09,66
official_macro_bamlh0a0hym2_2025-06-10,66
official_macro_bamlh0a0hym2_2025-06-11,66
official_macro_bamlh0a0hym2_2025-06-12,66
official_macro_bamlh0a0hym2_2025-06-13,66
official_macro_bamlh0a0hym2_2025-06-16,66
official_macro_bamlh0a0hym2_2025-06-17,66
official_macro_bamlh0a0hym2_2025-06-18,66
official_macro_bamlh0a0hym2_2025-06-19,66
official_macro_bamlh0a0hym2_2025-06-20,66
official_macro_bamlh0a0hym2_2025-06-23,66
official_macro_bamlh0a0hym2_2025-06-24,66
official_macro_bamlh0a0hym2_2025-06-25,66
official_macro_bamlh0a0hym2_2025-06-26,66
official_macro_bamlh0a0hym2_2025-06-27,66
official_macro_bamlh0a0hym2_2025-06-30,66
official_macro_bamlh0a0hym2_2025-07-01,66
official_macro_bamlh0a0hym2_2025-07-02,66
official_macro_bamlh0a0hym2_2025-07-03,66
official_macro_bamlh0a0hym2_2025-07-04,66
official_macro_bamlh0a0hym2_2025-07-07,66
official_macro_bamlh0a0hym2_2025-07-08,66
official_macro_bamlh0a0hym2_2025-07-09,66
official_macro_bamlh0a0hym2_2025-07-10,66
official_macro_bamlh0a0hym2_2025-07-11,66
official_macro_bamlh0a0hym2_2025-07-14,66
official_macro_bamlh0a0hym2_2025-07-15,66
official_macro_bamlh0a0hym2_2025-07-16,66
official_macro_bamlh0a0hym2_2025-07-17,66
official_macro_bamlh0a0hym2_2025-07-18,66
official_macro_bamlh0a0hym2_2025-07-21,66
official_macro_bamlh0a0hym2_2025-07-22,66
official_macro_bamlh0a0hym2_2025-07-23,66
official_macro_bamlh0a0hym2_2025-07-24,66
official_macro_bamlh0a0hym2_2025-07-25,66
official_macro_bamlh0a0hym2_2025-07-28,66
official_macro_bamlh0a0hym2_2025-07-29,66
official_macro_bamlh0a0hym2_2025-07-30,66
official_macro_bamlh0a0hym2_2025-07-31,66
official_macro_bamlh0a0hym2_2025-08-01,66
official_macro_bamlh0a0hym2_2025-08-04,66
official_macro_bamlh0a0hym2_2025-08-05,66
official_macro_bamlh0a0hym2_2025-08-06,66
official_macro_bamlh0a0hym2_2025-08-07,66
official_macro_bamlh0a0hym2_2025-08-08,66
official_macro_bamlh0a0hym2_2025-08-11,66
official_macro_bamlh0a0hym2_2025-08-12,66
official_macro_bamlh0a0hym2_2025-08-13,66
official_macro_bamlh0a0hym2_2025-08-14,66
official_macro_bamlh0a0hym2_2025-08-15,66
official_macro_bamlh0a0hym2_2025-08-18,66
official_macro_bamlh0a0hym2_2025-08-19,66
official_macro_bamlh0a0hym2_2025-08-20,66
official_macro_bamlh0a0hym2_2025-08-21,66
official_macro_bamlh0a0hym2_2025-08-22,66
official_macro_bamlh0a0hym2_2025-08-25,66
official_macro_bamlh0a0hym2_2025-08-26,66
official_macro_bamlh0a0hym2_2025-08-27,66
official_macro_bamlh0a0hym2_2025-08-28,66
official_macro_bamlh0a0hym2_2025-08-29,66
official_macro_bamlh0a0hym2_2025-08-31,66
official_macro_bamlh0a0hym2_2025-09-01,66
official_macro_bamlh0a0hym2_2025-09-02,66
official_macro_bamlh0a0hym2_2025-09-03,66
official_macro_bamlh0a0hym2_2025-09-04,66
official_macro_bamlh0a0hym2_2025-09-05,66
official_macro_bamlh0a0hym2_2025-09-08,66
official_macro_bamlh0a0hym2_2025-09-09,66
official_macro_bamlh0a0hym2_2025-09-10,66
official_macro_bamlh0a0hym2_2025-09-11,66
official_macro_bamlh0a0hym2_2025-09-12,66
official_macro_bamlh0a0hym2_2025-09-15,66
official_macro_bamlh0a0hym2_2025-09-16,66
official_macro_bamlh0a0hym2_2025-09-17,66
official_macro_bamlh0a0hym2_2025-09-18,66
official_macro_bamlh0a0hym2_2025-09-19,66
official_macro_bamlh0a0hym2_2025-09-22,66
official_macro_bamlh0a0hym2_2025-09-23,66
official_macro_bamlh0a0hym2_2025-09-24,66
official_macro_bamlh0a0hym2_2025-09-25,66
official_macro_bamlh0a0hym2_2025-09-26,66
official_macro_bamlh0a0hym2_2025-09-29,66
official_macro_bamlh0a0hym2_2025-09-30,66
official_macro_bamlh0a0hym2_2025-10-01,66
official_macro_bamlh0a0hym2_2025-10-02,66
official_macro_bamlh0a0hym2_2025-10-03,66
official_macro_bamlh0a0hym2_2025-10-06,66
official_macro_bamlh0a0hym2_2025-10-07,66
official_macro_bamlh0a0hym2_2025-10-08,66
official_macro_bamlh0a0hym2_2025-10-09,66
official_macro_bamlh0a0hym2_2025-10-10,66
official_macro_bamlh0a0hym2_2025-10-13,66
official_macro_bamlh0a0hym2_2025-10-14,66
official_macro_bamlh0a0hym2_2025-10-15,66
official_macro_bamlh0a0hym2_2025-10-16,66
official_macro_bamlh0a0hym2_2025-10-17,66
official_macro_bamlh0a0hym2_2025-10-20,66
official_macro_bamlh0a0hym2_2025-10-21,66
official_macro_bamlh0a0hym2_2025-10-22,66
official_macro_bamlh0a0hym2_2025-10-23,66
official_macro_bamlh0a0hym2_2025-10-24,66
official_macro_bamlh0a0hym2_2025-10-27,66
official_macro_bamlh0a0hym2_2025-10-28,66
official_macro_bamlh0a0hym2_2025-10-29,66
official_macro_bamlh0a0hym2_2025-10-30,66
official_macro_bamlh0a0hym2_2025-10-31,66
official_macro_bamlh0a0hym2_2025-11-03,66
official_macro_bamlh0a0hym2_2025-11-04,66
official_macro_bamlh0a0hym2_2025-11-05,66
official_macro_bamlh0a0hym2_2025-11-06,66
official_macro_bamlh0a0hym2_2025-11-07,66
official_macro_bamlh0a0hym2_2025-11-10,66
official_macro_bamlh0a0hym2_2025-11-11,66
official_macro_bamlh0a0hym2_2025-11-12,66
official_macro_bamlh0a0hym2_2025-11-13,66
official_macro_bamlh0a0hym2_2025-11-14,66
official_macro_bamlh0a0hym2_2025-11-17,66
official_macro_bamlh0a0hym2_2025-11-18,66
official_macro_bamlh0a0hym2_2025-11-19,66
official_macro_bamlh0a0hym2_2025-11-20,66
official_macro_bamlh0a0hym2_2025-11-21,66
official_macro_bamlh0a0hym2_2025-11-24,66
official_macro_bamlh0a0hym2_2025-11-25,66
official_macro_bamlh0a0hym2_2025-11-26,66
official_macro_bamlh0a0hym2_2025-11-27,66
official_macro_bamlh0a0hym2_2025-11-28,66
official_macro_bamlh0a0hym2_2025-11-30,66
official_macro_bamlh0a0hym2_2025-12-01,66
official_macro_bamlh0a0hym2_2025-12-02,66
official_macro_bamlh0a0hym2_2025-12-03,66
official_macro_bamlh0a0hym2_2025-12-04,66
official_macro_bamlh0a0hym2_2025-12-05,66
official_macro_bamlh0a0hym2_2025-12-08,66
official_macro_bamlh0a0hym2_2025-12-09,66
official_macro_bamlh0a0hym2_2025-12-10,66
official_macro_bamlh0a0hym2_2025-12-11,66
official_macro_bamlh0a0hym2_2025-12-12,66
official_macro_bamlh0a0hym2_2025-12-15,66
official_macro_bamlh0a0hym2_2025-12-16,66
official_macro_bamlh0a0hym2_2025-12-17,66
official_macro_bamlh0a0hym2_2025-12-18,66
official_macro_bamlh0a0hym2_2025-12-19,66
official_macro_bamlh0a0hym2_2025-12-22,66
official_macro_bamlh0a0hym2_2025-12-23,66
official_macro_bamlh0a0hym2_2025-12-24,66
official_macro_bamlh0a0hym2_2025-12-26,66
official_macro_bamlh0a0hym2_2025-12-29,66
official_macro_bamlh0a0hym2_2025-12-30,66
official_macro_bamlh0a0hym2_2025-12-31,66
official_macro_bamlh0a0hym2_2026-01-02,66
official_macro_bamlh0a0hym2_2026-01-05,66
official_macro_bamlh0a0hym2_2026-01-06,66
official_macro_bamlh0a0hym2_2026-01-07,66
official_macro_bamlh0a0hym2_2026-01-08,66
official_macro_bamlh0a0hym2_2026-01-09,66
official_macro_bamlh0a0hym2_2026-01-12,66
official_macro_bamlh0a0hym2_2026-01-13,66
official_macro_bamlh0a0hym2_2026-01-14,66
official_macro_bamlh0a0hym2_2026-01-15,66
official_macro_bamlh0a0hym2_2026-01-16,66
official_macro_bamlh0a0hym2_2026-01-19,66
official_macro_bamlh0a0hym2_2026-01-20,66
official_macro_bamlh0a0hym2_2026-01-21,66
official_macro_bamlh0a0hym2_2026-01-22,66
official_macro_bamlh0a0hym2_2026-01-23,66
official_macro_bamlh0a0hym2_2026-01-26,66
official_macro_bamlh0a0hym2_2026-01-27,66
official_macro_bamlh0a0hym2_2026-01-28,66
official_macro_bamlh0a0hym2_2026-01-29,66
official_macro_bamlh0a0hym2_2026-01-30,66
official_macro_bamlh0a0hym2_2026-01-31,66
official_macro_bamlh0a0hym2_2026-02-02,66
official_macro_bamlh0a0hym2_2026-02-03,66
official_macro_bamlh0a0hym2_2026-02-04,66
official_macro_bamlh0a0hym2_2026-02-05,66
official_macro_bamlh0a0hym2_2026-02-06,66
official_macro_bamlh0a0hym2_2026-02-09,66
official_macro_bamlh0a0hym2_2026-02-10,66
official_macro_bamlh0a0hym2_2026-02-11,66
official_macro_bamlh0a0hym2_2026-02-12,66
official_macro_bamlh0a0hym2_2026-02-13,66
official_macro_bamlh0a0hym2_2026-02-16,66
official_macro_bamlh0a0hym2_2026-02-17,66
official_macro_bamlh0a0hym2_2026-02-18,66
official_macro_bamlh0a0hym2_2026-02-19,66
official_macro_bamlh0a0hym2_2026-02-20,66
official_macro_bamlh0a0hym2_2026-02-23,66
official_macro_bamlh0a0hym2_2026-02-24,66
official_macro_bamlh0a0hym2_2026-02-25,66
official_macro_bamlh0a0hym2_2026-02-26,66
official_macro_bamlh0a0hym2_2026-02-27,66
official_macro_bamlh0a0hym2_2026-02-28,66
official_macro_bamlh0a0hym2_2026-03-02,66
official_macro_bamlh0a0hym2_2026-03-03,66
official_macro_bamlh0a0hym2_2026-03-04,66
official_macro_bamlh0a0hym2_2026-03-05,66
official_macro_bamlh0a0hym2_2026-03-06,66
official_macro_bamlh0a0hym2_2026-03-09,66
official_macro_bamlh0a0hym2_2026-03-10,66
official_macro_bamlh0a0hym2_2026-03-11,66
official_macro_bamlh0a0hym2_2026-03-12,66
official_macro_bamlh0a0hym2_2026-03-13,66
official_macro_bamlh0a0hym2_2026-03-16,66
official_macro_bamlh0a0hym2_2026-03-17,66
official_macro_bamlh0a0hym2_2026-03-18,66
official_macro_bamlh0a0hym2_2026-03-19,66
official_macro_bamlh0a0hym2_2026-03-20,66
official_macro_bamlh0a0hym2_2026-03-23,66
official_macro_bamlh0a0hym2_2026-03-24,66
official_macro_bamlh0a0hym2_2026-03-25,66
official_macro_bamlh0a0hym2_2026-03-26,66
official_macro_bamlh0a0hym2_2026-03-27,66
official_macro_bamlh0a0hym2_2026-03-30,66
official_macro_bamlh0a0hym2_2026-03-31,66
official_macro_bamlh0a0hym2_2026-04-01,66
official_macro_bamlh0a0hym2_2026-04-02,66
official_macro_bamlh0a0hym2_2026-04-03,66
official_macro_bamlh0a0hym2_2026-04-06,66
official_macro_bamlh0a0hym2_2026-04-07,66
official_macro_bamlh0a0hym2_2026-04-08,66
official_macro_bamlh0a0hym2_2026-04-09,66
official_macro_bamlh0a0hym2_2026-04-10,66
official_macro_bamlh0a0hym2_2026-04-13,66
official_macro_bamlh0a0hym2_2026-04-14,66
official_macro_bamlh0a0hym2_2026-04-15,66
official_macro_bamlh0a0hym2_2026-04-16,66
official_macro_bamlh0a0hym2_2026-04-17,66
official_macro_bamlh0a0hym2_2026-04-20,66
official_macro_bamlh0a0hym2_2026-04-21,66
official_macro_bamlh0a0hym2_2026-04-22,66
official_macro_bamlh0a0hym2_2026-04-23,66
official_macro_bamlh0a0hym2_2026-04-24,66
official_macro_bamlh0a0hym2_2026-04-27,66
official_macro_bamlh0a0hym2_2026-04-28,66
official_macro_bamlh0a0hym2_2026-04-29,66
official_macro_bamlh0a0hym2_2026-04-30,66
official_macro_bamlh0a0hym2_2026-05-01,66
official_macro_bamlh0a0hym2_2026-05-04,66
official_macro_bamlh0a0hym2_2026-05-05,66
official_macro_bamlh0a0hym2_2026-05-06,66
official_macro_bamlh0a0hym2_2026-05-07,66
official_macro_bamlh0a0hym2_2026-05-08,66
official_macro_bamlh0a0hym2_2026-05-11,66
official_macro_cpiaucsl_2010-01-01,61
official_macro_cpiaucsl_2010-02-01,61
official_macro_cpiaucsl_2010-03-01,61
official_macro_cpiaucsl_2010-04-01,61
official_macro_cpiaucsl_2010-05-01,61
official_macro_cpiaucsl_2010-06-01,61
official_macro_cpiaucsl_2010-07-01,61
official_macro_cpiaucsl_2010-08-01,61
official_macro_cpiaucsl_2010-09-01,61
official_macro_cpiaucsl_2010-10-01,61
official_macro_cpiaucsl_2010-11-01,61
official_macro_cpiaucsl_2010-12-01,61
official_macro_cpiaucsl_2011-01-01,61
official_macro_cpiaucsl_2011-02-01,61
official_macro_cpiaucsl_2011-03-01,61
official_macro_cpiaucsl_2011-04-01,61
official_macro_cpiaucsl_2011-05-01,61
official_macro_cpiaucsl_2011-06-01,61
official_macro_cpiaucsl_2011-07-01,61
official_macro_cpiaucsl_2011-08-01,61
official_macro_cpiaucsl_2011-09-01,61
official_macro_cpiaucsl_2011-10-01,61
official_macro_cpiaucsl_2011-11-01,61
official_macro_cpiaucsl_2011-12-01,61
official_macro_cpiaucsl_2012-01-01,61
official_macro_cpiaucsl_2012-02-01,61
official_macro_cpiaucsl_2012-03-01,61
official_macro_cpiaucsl_2012-04-01,61
official_macro_cpiaucsl_2012-05-01,61
official_macro_cpiaucsl_2012-06-01,61
official_macro_cpiaucsl_2012-07-01,61
official_macro_cpiaucsl_2012-08-01,61
official_macro_cpiaucsl_2012-09-01,61
official_macro_cpiaucsl_2012-10-01,61
official_macro_cpiaucsl_2012-11-01,61
official_macro_cpiaucsl_2012-12-01,61
official_macro_cpiaucsl_2013-01-01,61
official_macro_cpiaucsl_2013-02-01,61
official_macro_cpiaucsl_2013-03-01,61
official_macro_cpiaucsl_2013-04-01,61
official_macro_cpiaucsl_2013-05-01,61
official_macro_cpiaucsl_2013-06-01,61
official_macro_cpiaucsl_2013-07-01,61
official_macro_cpiaucsl_2013-08-01,61
official_macro_cpiaucsl_2013-09-01,61
official_macro_cpiaucsl_2013-10-01,61
official_macro_cpiaucsl_2013-11-01,61
official_macro_cpiaucsl_2013-12-01,61
official_macro_cpiaucsl_2014-01-01,61
official_macro_cpiaucsl_2014-02-01,61
official_macro_cpiaucsl_2014-03-01,61
official_macro_cpiaucsl_2014-04-01,61
official_macro_cpiaucsl_2014-05-01,61
official_macro_cpiaucsl_2014-06-01,61
official_macro_cpiaucsl_2014-07-01,61
official_macro_cpiaucsl_2014-08-01,61
official_macro_cpiaucsl_2014-09-01,61
official_macro_cpiaucsl_2014-10-01,61
official_macro_cpiaucsl_2014-11-01,61
official_macro_cpiaucsl_2014-12-01,61
official_macro_cpiaucsl_2015-01-01,61
official_macro_cpiaucsl_2015-02-01,61
official_macro_cpiaucsl_2015-03-01,61
official_macro_cpiaucsl_2015-04-01,61
official_macro_cpiaucsl_2015-05-01,61
official_macro_cpiaucsl_2015-06-01,61
official_macro_cpiaucsl_2015-07-01,61
official_macro_cpiaucsl_2015-08-01,61
official_macro_cpiaucsl_2015-09-01,61
official_macro_cpiaucsl_2015-10-01,61
official_macro_cpiaucsl_2015-11-01,61
official_macro_cpiaucsl_2015-12-01,61
official_macro_cpiaucsl_2016-01-01,61
official_macro_cpiaucsl_2016-02-01,61
official_macro_cpiaucsl_2016-03-01,61
official_macro_cpiaucsl_2016-04-01,61
official_macro_cpiaucsl_2016-05-01,61
official_macro_cpiaucsl_2016-06-01,61
official_macro_cpiaucsl_2016-07-01,61
official_macro_cpiaucsl_2016-08-01,61
official_macro_cpiaucsl_2016-09-01,61
official_macro_cpiaucsl_2016-10-01,61
official_macro_cpiaucsl_2016-11-01,61
official_macro_cpiaucsl_2016-12-01,61
official_macro_cpiaucsl_2017-01-01,61
official_macro_cpiaucsl_2017-02-01,61
official_macro_cpiaucsl_2017-03-01,61
official_macro_cpiaucsl_2017-04-01,61
official_macro_cpiaucsl_2017-05-01,61
official_macro_cpiaucsl_2017-06-01,61
official_macro_cpiaucsl_2017-07-01,61
official_macro_cpiaucsl_2017-08-01,61
official_macro_cpiaucsl_2017-09-01,61
official_macro_cpiaucsl_2017-10-01,61
official_macro_cpiaucsl_2017-11-01,61
official_macro_cpiaucsl_2017-12-01,61
official_macro_cpiaucsl_2018-01-01,61
official_macro_cpiaucsl_2018-02-01,61
official_macro_cpiaucsl_2018-03-01,61
official_macro_cpiaucsl_2018-04-01,61
official_macro_cpiaucsl_2018-05-01,61
official_macro_cpiaucsl_2018-06-01,61
official_macro_cpiaucsl_2018-07-01,61
official_macro_cpiaucsl_2018-08-01,61
official_macro_cpiaucsl_2018-09-01,61
official_macro_cpiaucsl_2018-10-01,61
official_macro_cpiaucsl_2018-11-01,61
official_macro_cpiaucsl_2018-12-01,61
official_macro_cpiaucsl_2019-01-01,61
official_macro_cpiaucsl_2019-02-01,61
official_macro_cpiaucsl_2019-03-01,61
official_macro_cpiaucsl_2019-04-01,61
official_macro_cpiaucsl_2019-05-01,61
official_macro_cpiaucsl_2019-06-01,61
official_macro_cpiaucsl_2019-07-01,61
official_macro_cpiaucsl_2019-08-01,61
official_macro_cpiaucsl_2019-09-01,61
official_macro_cpiaucsl_2019-10-01,61
official_macro_cpiaucsl_2019-11-01,61
official_macro_cpiaucsl_2019-12-01,61
official_macro_cpiaucsl_2020-01-01,61
official_macro_cpiaucsl_2020-02-01,61
official_macro_cpiaucsl_2020-03-01,61
official_macro_cpiaucsl_2020-04-01,61
official_macro_cpiaucsl_2020-05-01,61
official_macro_cpiaucsl_2020-06-01,61
official_macro_cpiaucsl_2020-07-01,61
official_macro_cpiaucsl_2020-08-01,61
official_macro_cpiaucsl_2020-09-01,61
official_macro_cpiaucsl_2020-10-01,61
official_macro_cpiaucsl_2020-11-01,61
official_macro_cpiaucsl_2020-12-01,61
official_macro_cpiaucsl_2021-01-01,61
official_macro_cpiaucsl_2021-02-01,61
official_macro_cpiaucsl_2021-03-01,61
official_macro_cpiaucsl_2021-04-01,61
official_macro_cpiaucsl_2021-05-01,61
official_macro_cpiaucsl_2021-06-01,61
official_macro_cpiaucsl_2021-07-01,61
official_macro_cpiaucsl_2021-08-01,61
official_macro_cpiaucsl_2021-09-01,61
official_macro_cpiaucsl_2021-10-01,61
official_macro_cpiaucsl_2021-11-01,61
official_macro_cpiaucsl_2021-12-01,61
official_macro_cpiaucsl_2022-01-01,61
official_macro_cpiaucsl_2022-02-01,61
official_macro_cpiaucsl_2022-03-01,61
official_macro_cpiaucsl_2022-04-01,61
official_macro_cpiaucsl_2022-05-01,61
official_macro_cpiaucsl_2022-06-01,61
official_macro_cpiaucsl_2022-07-01,61
official_macro_cpiaucsl_2022-08-01,61
official_macro_cpiaucsl_2022-09-01,61
official_macro_cpiaucsl_2022-10-01,61
official_macro_cpiaucsl_2022-11-01,61
official_macro_cpiaucsl_2022-12-01,61
official_macro_cpiaucsl_2023-01-01,61
official_macro_cpiaucsl_2023-02-01,61
official_macro_cpiaucsl_2023-03-01,61
official_macro_dcoilwtico_2010-01-04,65
official_macro_dcoilwtico_2010-01-05,65
official_macro_dcoilwtico_2010-01-06,65
official_macro_dcoilwtico_2010-01-07,65
official_macro_dcoilwtico_2010-01-08,65
official_macro_dcoilwtico_2010-01-11,65
official_macro_dcoilwtico_2010-01-12,65
official_macro_dcoilwtico_2010-01-13,65
official_macro_dcoilwtico_2010-01-14,65
official_macro_dcoilwtico_2010-01-15,65
official_macro_dcoilwtico_2010-01-19,65
official_macro_dcoilwtico_2010-01-20,65
official_macro_dcoilwtico_2010-01-21,65
official_macro_dcoilwtico_2010-01-22,65
official_macro_dcoilwtico_2010-01-25,65
official_macro_dcoilwtico_2010-01-26,65
official_macro_dcoilwtico_2010-01-27,65
official_macro_dcoilwtico_2010-01-28,65
official_macro_dcoilwtico_2010-01-29,65
official_macro_dcoilwtico_2010-02-01,65
official_macro_dcoilwtico_2010-02-02,65
official_macro_dcoilwtico_2010-02-03,65
official_macro_dcoilwtico_2010-02-04,65
official_macro_dcoilwtico_2010-02-05,65
official_macro_dcoilwtico_2010-02-08,65
official_macro_dcoilwtico_2010-02-09,65
official_macro_dcoilwtico_2010-02-10,65
official_macro_dcoilwtico_2010-02-11,65
official_macro_dcoilwtico_2010-02-12,65
official_macro_dcoilwtico_2010-02-16,65
official_macro_dcoilwtico_2010-02-17,65
official_macro_dcoilwtico_2010-02-18,65
official_macro_dcoilwtico_2010-02-19,65
official_macro_dcoilwtico_2010-02-22,65
official_macro_dcoilwtico_2010-02-23,65
official_macro_dcoilwtico_2010-02-24,65
official_macro_dcoilwtico_2010-02-25,65
official_macro_dcoilwtico_2010-02-26,65
official_macro_dcoilwtico_2010-03-01,65
official_macro_dcoilwtico_2010-03-02,65
official_macro_dcoilwtico_2010-03-03,65
official_macro_dcoilwtico_2010-03-04,65
official_macro_dcoilwtico_2010-03-05,65
official_macro_dcoilwtico_2010-03-08,65
official_macro_dcoilwtico_2010-03-09,65
official_macro_dcoilwtico_2010-03-10,65
official_macro_dcoilwtico_2010-03-11,65
official_macro_dcoilwtico_2010-03-12,65
official_macro_dcoilwtico_2010-03-15,65
official_macro_dcoilwtico_2010-03-16,65
official_macro_dcoilwtico_2010-03-17,65
official_macro_dcoilwtico_2010-03-18,65
official_macro_dcoilwtico_2010-03-19,65
official_macro_dcoilwtico_2010-03-22,65
official_macro_dcoilwtico_2010-03-23,65
official_macro_dcoilwtico_2010-03-24,65
official_macro_dcoilwtico_2010-03-25,65
official_macro_dcoilwtico_2010-03-26,65
official_macro_dcoilwtico_2010-03-29,65
official_macro_dcoilwtico_2010-03-30,65
official_macro_dcoilwtico_2010-03-31,65
official_macro_dcoilwtico_2010-04-01,65
official_macro_dcoilwtico_2010-04-05,65
official_macro_dcoilwtico_2010-04-06,65
official_macro_dcoilwtico_2010-04-07,65
official_macro_dcoilwtico_2010-04-08,65
official_macro_dcoilwtico_2010-04-09,65
official_macro_dcoilwtico_2010-04-12,65
official_macro_dcoilwtico_2010-04-13,65
official_macro_dcoilwtico_2010-04-14,65
official_macro_dcoilwtico_2010-04-15,65
official_macro_dcoilwtico_2010-04-16,65
official_macro_dcoilwtico_2010-04-19,65
official_macro_dcoilwtico_2010-04-20,65
official_macro_dcoilwtico_2010-04-21,65
official_macro_dcoilwtico_2010-04-22,65
official_macro_dcoilwtico_2010-04-23,65
official_macro_dcoilwtico_2010-04-26,65
official_macro_dcoilwtico_2010-04-27,65
official_macro_dcoilwtico_2010-04-28,65
official_macro_dcoilwtico_2010-04-29,65
official_macro_dcoilwtico_2010-04-30,65
official_macro_dcoilwtico_2010-05-03,65
official_macro_dcoilwtico_2010-05-04,65
official_macro_dcoilwtico_2010-05-05,65
official_macro_dcoilwtico_2010-05-06,65
official_macro_dcoilwtico_2010-05-07,65
official_macro_dcoilwtico_2010-05-10,65
official_macro_dcoilwtico_2010-05-11,65
official_macro_dcoilwtico_2010-05-12,65
official_macro_dcoilwtico_2010-05-13,65
official_macro_dcoilwtico_2010-05-14,65
official_macro_dcoilwtico_2010-05-17,65
official_macro_dcoilwtico_2010-05-18,65
official_macro_dcoilwtico_2010-05-19,65
official_macro_dcoilwtico_2010-05-20,65
official_macro_dcoilwtico_2010-05-21,65
official_macro_dcoilwtico_2010-05-24,65
official_macro_dcoilwtico_2010-05-25,65
official_macro_dcoilwtico_2010-05-26,65
official_macro_dcoilwtico_2010-05-27,65
official_macro_dcoilwtico_2010-05-28,65
official_macro_dcoilwtico_2010-06-01,65
official_macro_dcoilwtico_2010-06-02,65
official_macro_dcoilwtico_2010-06-03,65
official_macro_dcoilwtico_2010-06-04,65
official_macro_dcoilwtico_2010-06-07,65
official_macro_dcoilwtico_2010-06-08,65
official_macro_dcoilwtico_2010-06-09,65
official_macro_dcoilwtico_2010-06-10,65
official_macro_dcoilwtico_2010-06-11,65
official_macro_dcoilwtico_2010-06-14,65
official_macro_dcoilwtico_2010-06-15,65
official_macro_dcoilwtico_2010-06-16,65
official_macro_dcoilwtico_2010-06-17,65
official_macro_dcoilwtico_2010-06-18,65
official_macro_dcoilwtico_2010-06-21,65
official_macro_dcoilwtico_2010-06-22,65
official_macro_dcoilwtico_2010-06-23,65
official_macro_dcoilwtico_2010-06-24,65
official_macro_dcoilwtico_2010-06-25,65
official_macro_dcoilwtico_2010-06-28,65
official_macro_dcoilwtico_2010-06-29,65
official_macro_dcoilwtico_2010-06-30,65
official_macro_dcoilwtico_2010-07-01,65
official_macro_dcoilwtico_2010-07-02,65
official_macro_dcoilwtico_2010-07-06,65
official_macro_dcoilwtico_2010-07-07,65
official_macro_dcoilwtico_2010-07-08,65
official_macro_dcoilwtico_2010-07-09,65
official_macro_dcoilwtico_2010-07-12,65
official_macro_dcoilwtico_2010-07-13,65
official_macro_dcoilwtico_2010-07-14,65
official_macro_dcoilwtico_2010-07-15,65
official_macro_dcoilwtico_2010-07-16,65
official_macro_dcoilwtico_2010-07-19,65
official_macro_dcoilwtico_2010-07-20,65
official_macro_dcoilwtico_2010-07-21,65
official_macro_dcoilwtico_2010-07-22,65
official_macro_dcoilwtico_2010-07-23,65
official_macro_dcoilwtico_2010-07-26,65
official_macro_dcoilwtico_2010-07-27,65
official_macro_dcoilwtico_2010-07-28,65
official_macro_dcoilwtico_2010-07-29,65
official_macro_dcoilwtico_2010-07-30,65
official_macro_dcoilwtico_2010-08-02,65
official_macro_dcoilwtico_2010-08-03,65
official_macro_dcoilwtico_2010-08-04,65
official_macro_dcoilwtico_2010-08-05,65
official_macro_dcoilwtico_2010-08-06,65
official_macro_dcoilwtico_2010-08-09,65
official_macro_dcoilwtico_2010-08-10,65
official_macro_dcoilwtico_2010-08-11,65
official_macro_dcoilwtico_2010-08-12,65
official_macro_dcoilwtico_2010-08-13,65
official_macro_dcoilwtico_2010-08-16,65
official_macro_dcoilwtico_2010-08-17,65
official_macro_dcoilwtico_2010-08-18,65
official_macro_dcoilwtico_2010-08-19,65
official_macro_dcoilwtico_2010-08-20,65
official_macro_dcoilwtico_2010-08-23,65
official_macro_dcoilwtico_2010-08-24,65
official_macro_dcoilwtico_2010-08-25,65
official_macro_dcoilwtico_2010-08-26,65
official_macro_dcoilwtico_2010-08-27,65
official_macro_dcoilwtico_2010-08-30,65
official_macro_dcoilwtico_2010-08-31,65
official_macro_dcoilwtico_2010-09-01,65
official_macro_dcoilwtico_2010-09-02,65
official_macro_dcoilwtico_2010-09-03,65
official_macro_dcoilwtico_2010-09-07,65
official_macro_dcoilwtico_2010-09-08,65
official_macro_dcoilwtico_2010-09-09,65
official_macro_dcoilwtico_2010-09-10,65
official_macro_dcoilwtico_2010-09-13,65
official_macro_dcoilwtico_2010-09-14,65
official_macro_dcoilwtico_2010-09-15,65
official_macro_dcoilwtico_2010-09-16,65
official_macro_dcoilwtico_2010-09-17,65
official_macro_dcoilwtico_2010-09-20,65
official_macro_dcoilwtico_2010-09-21,65
official_macro_dcoilwtico_2010-09-22,65
official_macro_dcoilwtico_2010-09-23,65
official_macro_dcoilwtico_2010-09-24,65
official_macro_dcoilwtico_2010-09-27,65
official_macro_dcoilwtico_2010-09-28,65
official_macro_dcoilwtico_2010-09-29,65
official_macro_dcoilwtico_2010-09-30,65
official_macro_dcoilwtico_2010-10-01,65
official_macro_dcoilwtico_2010-10-04,65
official_macro_dcoilwtico_2010-10-05,65
official_macro_dcoilwtico_2010-10-06,65
official_macro_dcoilwtico_2010-10-07,65
official_macro_dcoilwtico_2010-10-08,65
official_macro_dcoilwtico_2010-10-11,65
official_macro_dcoilwtico_2010-10-12,65
official_macro_dcoilwtico_2010-10-13,65
official_macro_dcoilwtico_2010-10-14,65
official_macro_dcoilwtico_2010-10-15,65
official_macro_dcoilwtico_2010-10-18,65
official_macro_dcoilwtico_2010-10-19,65
official_macro_dcoilwtico_2010-10-20,65
official_macro_dcoilwtico_2010-10-21,65
official_macro_dcoilwtico_2010-10-22,65
official_macro_dcoilwtico_2010-10-25,65
official_macro_dcoilwtico_2010-10-26,65
official_macro_dcoilwtico_2010-10-27,65
official_macro_dcoilwtico_2010-10-28,65
official_macro_dcoilwtico_2010-10-29,65
official_macro_dcoilwtico_2010-11-01,65
official_macro_dcoilwtico_2010-11-02,65
official_macro_dcoilwtico_2010-11-03,65
official_macro_dcoilwtico_2010-11-04,65
official_macro_dcoilwtico_2010-11-05,65
official_macro_dcoilwtico_2010-11-08,65
official_macro_dcoilwtico_2010-11-09,65
official_macro_dcoilwtico_2010-11-10,65
official_macro_dcoilwtico_2010-11-11,65
official_macro_dcoilwtico_2010-11-12,65
official_macro_dcoilwtico_2010-11-15,65
official_macro_dcoilwtico_2010-11-16,65
official_macro_dcoilwtico_2010-11-17,65
official_macro_dcoilwtico_2010-11-18,65
official_macro_dcoilwtico_2010-11-19,65
official_macro_dcoilwtico_2010-11-22,65
official_macro_dcoilwtico_2010-11-23,65
official_macro_dcoilwtico_2010-11-24,65
official_macro_dcoilwtico_2010-11-26,65
official_macro_dcoilwtico_2010-11-29,65
official_macro_dcoilwtico_2010-11-30,65
official_macro_dcoilwtico_2010-12-01,65
official_macro_dcoilwtico_2010-12-02,65
official_macro_dcoilwtico_2010-12-03,65
official_macro_dcoilwtico_2010-12-06,65
official_macro_dcoilwtico_2010-12-07,65
official_macro_dcoilwtico_2010-12-08,65
official_macro_dcoilwtico_2010-12-09,65
official_macro_dcoilwtico_2010-12-10,65
official_macro_dcoilwtico_2010-12-13,65
official_macro_dcoilwtico_2010-12-14,65
official_macro_dcoilwtico_2010-12-15,65
official_macro_dcoilwtico_2010-12-16,65
official_macro_dcoilwtico_2010-12-17,65
official_macro_dcoilwtico_2010-12-20,65
official_macro_dcoilwtico_2010-12-21,65
official_macro_dcoilwtico_2010-12-22,65
official_macro_dcoilwtico_2010-12-23,65
official_macro_dcoilwtico_2010-12-27,65
official_macro_dcoilwtico_2010-12-28,65
official_macro_dcoilwtico_2010-12-29,65
official_macro_dcoilwtico_2010-12-30,65
official_macro_dcoilwtico_2010-12-31,65
official_macro_dcoilwtico_2011-01-03,65
official_macro_dcoilwtico_2011-01-04,65
official_macro_dcoilwtico_2011-01-05,65
official_macro_dcoilwtico_2011-01-06,65
official_macro_dcoilwtico_2011-01-07,65
official_macro_dcoilwtico_2011-01-10,65
official_macro_dcoilwtico_2011-01-11,65
official_macro_dcoilwtico_2011-01-12,65
official_macro_dcoilwtico_2011-01-13,65
official_macro_dcoilwtico_2011-01-14,65
official_macro_dcoilwtico_2011-01-18,65
official_macro_dcoilwtico_2011-01-19,65
official_macro_dcoilwtico_2011-01-20,65
official_macro_dcoilwtico_2011-01-21,65
official_macro_dcoilwtico_2011-01-24,65
official_macro_dcoilwtico_2011-01-25,65
official_macro_dcoilwtico_2011-01-26,65
official_macro_dcoilwtico_2011-01-27,65
official_macro_dcoilwtico_2011-01-28,65
official_macro_dcoilwtico_2011-01-31,65
official_macro_dcoilwtico_2011-02-01,65
official_macro_dcoilwtico_2011-02-02,65
official_macro_dcoilwtico_2011-02-03,65
official_macro_dcoilwtico_2011-02-04,65
official_macro_dcoilwtico_2011-02-07,65
official_macro_dcoilwtico_2011-02-08,65
official_macro_dcoilwtico_2011-02-09,65
official_macro_dcoilwtico_2011-02-10,65
official_macro_dcoilwtico_2011-02-11,65
official_macro_dcoilwtico_2011-02-14,65
official_macro_dcoilwtico_2011-02-15,65
official_macro_dcoilwtico_2011-02-16,65
official_macro_dcoilwtico_2011-02-17,65
official_macro_dcoilwtico_2011-02-18,65
official_macro_dcoilwtico_2011-02-22,65
official_macro_dcoilwtico_2011-02-23,65
official_macro_dcoilwtico_2011-02-24,65
official_macro_dcoilwtico_2011-02-25,65
official_macro_dcoilwtico_2011-02-28,65
official_macro_dcoilwtico_2011-03-01,65
official_macro_dcoilwtico_2011-03-02,65
official_macro_dcoilwtico_2011-03-03,65
official_macro_dcoilwtico_2011-03-04,65
official_macro_dcoilwtico_2011-03-07,65
official_macro_dcoilwtico_2011-03-08,65
official_macro_dcoilwtico_2011-03-09,65
official_macro_dcoilwtico_2011-03-10,65
official_macro_dcoilwtico_2011-03-11,65
official_macro_dcoilwtico_2011-03-14,65
official_macro_dcoilwtico_2011-03-15,65
official_macro_dcoilwtico_2011-03-16,65
official_macro_dcoilwtico_2011-03-17,65
official_macro_dcoilwtico_2011-03-18,65
official_macro_dcoilwtico_2011-03-21,65
official_macro_dcoilwtico_2011-03-22,65
official_macro_dcoilwtico_2011-03-23,65
official_macro_dcoilwtico_2011-03-24,65
official_macro_dcoilwtico_2011-03-25,65
official_macro_dcoilwtico_2011-03-28,65
official_macro_dcoilwtico_2011-03-29,65
official_macro_dcoilwtico_2011-03-30,65
official_macro_dcoilwtico_2011-03-31,65
official_macro_dcoilwtico_2011-04-01,65
official_macro_dcoilwtico_2011-04-04,65
official_macro_dcoilwtico_2011-04-05,65
official_macro_dcoilwtico_2011-04-06,65
official_macro_dcoilwtico_2011-04-07,65
official_macro_dcoilwtico_2011-04-08,65
official_macro_dcoilwtico_2011-04-11,65
official_macro_dcoilwtico_2011-04-12,65
official_macro_dcoilwtico_2011-04-13,65
official_macro_dcoilwtico_2011-04-14,65
official_macro_dcoilwtico_2011-04-15,65
official_macro_dcoilwtico_2011-04-18,65
official_macro_dcoilwtico_2011-04-19,65
official_macro_dcoilwtico_2011-04-20,65
official_macro_dcoilwtico_2011-04-21,65
official_macro_dcoilwtico_2011-04-25,65
official_macro_dcoilwtico_2011-04-26,65
official_macro_dcoilwtico_2011-04-27,65
official_macro_dcoilwtico_2011-04-28,65
official_macro_dcoilwtico_2011-04-29,65
official_macro_dcoilwtico_2011-05-02,65
official_macro_dcoilwtico_2011-05-03,65
official_macro_dcoilwtico_2011-05-04,65
official_macro_dcoilwtico_2011-05-05,65
official_macro_dcoilwtico_2011-05-06,65
official_macro_dcoilwtico_2011-05-09,65
official_macro_dcoilwtico_2011-05-10,65
official_macro_dcoilwtico_2011-05-11,65
official_macro_dcoilwtico_2011-05-12,65
official_macro_dcoilwtico_2011-05-13,65
official_macro_dcoilwtico_2011-05-16,65
official_macro_dcoilwtico_2011-05-17,65
official_macro_dcoilwtico_2011-05-18,65
official_macro_dcoilwtico_2011-05-19,65
official_macro_dcoilwtico_2011-05-20,65
official_macro_dcoilwtico_2011-05-23,65
official_macro_dcoilwtico_2011-05-24,65
official_macro_dcoilwtico_2011-05-25,65
official_macro_dcoilwtico_2011-05-26,65
official_macro_dcoilwtico_2011-05-27,65
official_macro_dcoilwtico_2011-05-31,65
official_macro_dcoilwtico_2011-06-01,65
official_macro_dcoilwtico_2011-06-02,65
official_macro_dcoilwtico_2011-06-03,65
official_macro_dcoilwtico_2011-06-06,65
official_macro_dcoilwtico_2011-06-07,65
official_macro_dcoilwtico_2011-06-08,65
official_macro_dcoilwtico_2011-06-09,65
official_macro_dcoilwtico_2011-06-10,65
official_macro_dcoilwtico_2011-06-13,65
official_macro_dcoilwtico_2011-06-14,65
official_macro_dcoilwtico_2011-06-15,65
official_macro_dcoilwtico_2011-06-16,65
official_macro_dcoilwtico_2011-06-17,65
official_macro_dcoilwtico_2011-06-20,65
official_macro_dcoilwtico_2011-06-21,65
official_macro_dcoilwtico_2011-06-22,65
official_macro_dcoilwtico_2011-06-23,65
official_macro_dcoilwtico_2011-06-24,65
official_macro_dcoilwtico_2011-06-27,65
official_macro_dcoilwtico_2011-06-28,65
official_macro_dcoilwtico_2011-06-29,65
official_macro_dcoilwtico_2011-06-30,65
official_macro_dcoilwtico_2011-07-01,65
official_macro_dcoilwtico_2011-07-05,65
official_macro_dcoilwtico_2011-07-06,65
official_macro_dcoilwtico_2011-07-07,65
official_macro_dcoilwtico_2011-07-08,65
official_macro_dcoilwtico_2011-07-11,65
official_macro_dcoilwtico_2011-07-12,65
official_macro_dcoilwtico_2011-07-13,65
official_macro_dcoilwtico_2011-07-14,65
official_macro_dcoilwtico_2011-07-15,65
official_macro_dcoilwtico_2011-07-18,65
official_macro_dcoilwtico_2011-07-19,65
official_macro_dcoilwtico_2011-07-20,65
official_macro_dcoilwtico_2011-07-21,65
official_macro_dcoilwtico_2011-07-22,65
official_macro_dcoilwtico_2011-07-25,65
official_macro_dcoilwtico_2011-07-26,65
official_macro_dcoilwtico_2011-07-27,65
official_macro_dcoilwtico_2011-07-28,65
official_macro_dcoilwtico_2011-07-29,65
official_macro_dcoilwtico_2011-08-01,65
official_macro_dcoilwtico_2011-08-02,65
official_macro_dcoilwtico_2011-08-03,65
official_macro_dcoilwtico_2011-08-04,65
official_macro_dcoilwtico_2011-08-05,65
official_macro_dcoilwtico_2011-08-08,65
official_macro_dcoilwtico_2011-08-09,65
official_macro_dcoilwtico_2011-08-10,65
official_macro_dcoilwtico_2011-08-11,65
official_macro_dcoilwtico_2011-08-12,65
official_macro_dcoilwtico_2011-08-15,65
official_macro_dcoilwtico_2011-08-16,65
official_macro_dcoilwtico_2011-08-17,65
official_macro_dcoilwtico_2011-08-18,65
official_macro_dcoilwtico_2011-08-19,65
official_macro_dcoilwtico_2011-08-22,65
official_macro_dcoilwtico_2011-08-23,65
official_macro_dcoilwtico_2011-08-24,65
official_macro_dcoilwtico_2011-08-25,65
official_macro_dcoilwtico_2011-08-26,65
official_macro_dcoilwtico_2011-08-29,65
official_macro_dcoilwtico_2011-08-30,65
official_macro_dcoilwtico_2011-08-31,65
official_macro_dcoilwtico_2011-09-01,65
official_macro_dcoilwtico_2011-09-02,65
official_macro_dcoilwtico_2011-09-06,65
official_macro_dcoilwtico_2011-09-07,65
official_macro_dcoilwtico_2011-09-08,65
official_macro_dcoilwtico_2011-09-09,65
official_macro_dcoilwtico_2011-09-12,65
official_macro_dcoilwtico_2011-09-13,65
official_macro_dcoilwtico_2011-09-14,65
official_macro_dcoilwtico_2011-09-15,65
official_macro_dcoilwtico_2011-09-16,65
official_macro_dcoilwtico_2011-09-19,65
official_macro_dcoilwtico_2011-09-20,65
official_macro_dcoilwtico_2011-09-21,65
official_macro_dcoilwtico_2011-09-22,65
official_macro_dcoilwtico_2011-09-23,65
official_macro_dcoilwtico_2011-09-26,65
official_macro_dcoilwtico_2011-09-27,65
official_macro_dcoilwtico_2011-09-28,65
official_macro_dcoilwtico_2011-09-29,65
official_macro_dcoilwtico_2011-09-30,65
official_macro_dcoilwtico_2011-10-03,65
official_macro_dcoilwtico_2011-10-04,65
official_macro_dcoilwtico_2011-10-05,65
official_macro_dcoilwtico_2011-10-06,65
official_macro_dcoilwtico_2011-10-07,65
official_macro_dcoilwtico_2011-10-10,65
official_macro_dcoilwtico_2011-10-11,65
official_macro_dcoilwtico_2011-10-12,65
official_macro_dcoilwtico_2011-10-13,65
official_macro_dcoilwtico_2011-10-14,65
official_macro_dcoilwtico_2011-10-17,65
official_macro_dcoilwtico_2011-10-18,65
official_macro_dcoilwtico_2011-10-19,65
official_macro_dcoilwtico_2011-10-20,65
official_macro_dcoilwtico_2011-10-21,65
official_macro_dcoilwtico_2011-10-24,65
official_macro_dcoilwtico_2011-10-25,65
official_macro_dcoilwtico_2011-10-26,65
official_macro_dcoilwtico_2011-10-27,65
official_macro_dcoilwtico_2011-10-28,65
official_macro_dcoilwtico_2011-10-31,65
official_macro_dcoilwtico_2011-11-01,65
official_macro_dcoilwtico_2011-11-02,65
official_macro_dcoilwtico_2011-11-03,65
official_macro_dcoilwtico_2011-11-04,65
official_macro_dcoilwtico_2011-11-07,65
official_macro_dcoilwtico_2011-11-08,65
official_macro_dcoilwtico_2011-11-09,65
official_macro_dcoilwtico_2011-11-10,65
official_macro_dcoilwtico_2011-11-11,65
official_macro_dcoilwtico_2011-11-14,65
official_macro_dcoilwtico_2011-11-15,65
official_macro_dcoilwtico_2011-11-16,65
official_macro_dcoilwtico_2011-11-17,65
official_macro_dcoilwtico_2011-11-18,65
official_macro_dcoilwtico_2011-11-21,65
official_macro_dcoilwtico_2011-11-22,65
official_macro_dcoilwtico_2011-11-23,65
official_macro_dcoilwtico_2011-11-25,65
official_macro_dcoilwtico_2011-11-28,65
official_macro_dcoilwtico_2011-11-29,65
official_macro_dcoilwtico_2011-11-30,65
official_macro_dcoilwtico_2011-12-01,65
official_macro_dcoilwtico_2011-12-02,65
official_macro_dcoilwtico_2011-12-05,65
official_macro_dcoilwtico_2011-12-06,65
official_macro_dcoilwtico_2011-12-07,65
official_macro_dcoilwtico_2011-12-08,65
official_macro_dcoilwtico_2011-12-09,65
official_macro_dcoilwtico_2011-12-12,65
official_macro_dcoilwtico_2011-12-13,65
official_macro_dcoilwtico_2011-12-14,65
official_macro_dcoilwtico_2011-12-15,65
official_macro_dcoilwtico_2011-12-16,65
official_macro_dcoilwtico_2011-12-19,65
official_macro_dcoilwtico_2011-12-20,65
official_macro_dcoilwtico_2011-12-21,65
official_macro_dcoilwtico_2011-12-22,65
official_macro_dcoilwtico_2011-12-23,65
official_macro_dcoilwtico_2011-12-27,65
official_macro_dcoilwtico_2011-12-28,65
official_macro_dcoilwtico_2011-12-29,65
official_macro_dcoilwtico_2011-12-30,65
official_macro_dcoilwtico_2012-01-03,65
official_macro_dcoilwtico_2012-01-04,65
official_macro_dcoilwtico_2012-01-05,65
official_macro_dcoilwtico_2012-01-06,65
official_macro_dcoilwtico_2012-01-09,65
official_macro_dcoilwtico_2012-01-10,65
official_macro_dcoilwtico_2012-01-11,65
official_macro_dcoilwtico_2012-01-12,65
official_macro_dcoilwtico_2012-01-13,65
official_macro_dcoilwtico_2012-01-17,65
official_macro_dcoilwtico_2012-01-18,65
official_macro_dcoilwtico_2012-01-19,65
official_macro_dcoilwtico_2012-01-20,65
official_macro_dcoilwtico_2012-01-23,65
official_macro_dcoilwtico_2012-01-24,65
official_macro_dcoilwtico_2012-01-25,65
official_macro_dcoilwtico_2012-01-26,65
official_macro_dcoilwtico_2012-01-27,65
official_macro_dcoilwtico_2012-01-30,65
official_macro_dcoilwtico_2012-01-31,65
official_macro_dcoilwtico_2012-02-01,65
official_macro_dcoilwtico_2012-02-02,65
official_macro_dcoilwtico_2012-02-03,65
official_macro_dcoilwtico_2012-02-06,65
official_macro_dcoilwtico_2012-02-07,65
official_macro_dcoilwtico_2012-02-08,65
official_macro_dcoilwtico_2012-02-09,65
official_macro_dcoilwtico_2012-02-10,65
official_macro_dcoilwtico_2012-02-13,65
official_macro_dcoilwtico_2012-02-14,65
official_macro_dcoilwtico_2012-02-15,65
official_macro_dcoilwtico_2012-02-16,65
official_macro_dcoilwtico_2012-02-17,65
official_macro_dcoilwtico_2012-02-21,65
official_macro_dcoilwtico_2012-02-22,65
official_macro_dcoilwtico_2012-02-23,65
official_macro_dcoilwtico_2012-02-24,65
official_macro_dcoilwtico_2012-02-27,65
official_macro_dcoilwtico_2012-02-28,65
official_macro_dcoilwtico_2012-02-29,65
official_macro_dcoilwtico_2012-03-01,65
official_macro_dcoilwtico_2012-03-02,65
official_macro_dcoilwtico_2012-03-05,65
official_macro_dcoilwtico_2012-03-06,65
official_macro_dcoilwtico_2012-03-07,65
official_macro_dcoilwtico_2012-03-08,65
official_macro_dcoilwtico_2012-03-09,65
official_macro_dcoilwtico_2012-03-12,65
official_macro_dcoilwtico_2012-03-13,65
official_macro_dcoilwtico_2012-03-14,65
official_macro_dcoilwtico_2012-03-15,65
official_macro_dcoilwtico_2012-03-16,65
official_macro_dcoilwtico_2012-03-19,65
official_macro_dcoilwtico_2012-03-20,65
official_macro_dcoilwtico_2012-03-21,65
official_macro_dcoilwtico_2012-03-22,65
official_macro_dcoilwtico_2012-03-23,65
official_macro_dcoilwtico_2012-03-26,65
official_macro_dcoilwtico_2012-03-27,65
official_macro_dcoilwtico_2012-03-28,65
official_macro_dcoilwtico_2012-03-29,65
official_macro_dcoilwtico_2012-03-30,65
official_macro_dcoilwtico_2012-04-02,65
official_macro_dcoilwtico_2012-04-03,65
official_macro_dcoilwtico_2012-04-04,65
official_macro_dcoilwtico_2012-04-05,65
official_macro_dcoilwtico_2012-04-09,65
official_macro_dcoilwtico_2012-04-10,65
official_macro_dcoilwtico_2012-04-11,65
official_macro_dcoilwtico_2012-04-12,65
official_macro_dcoilwtico_2012-04-13,65
official_macro_dcoilwtico_2012-04-16,65
official_macro_dcoilwtico_2012-04-17,65
official_macro_dcoilwtico_2012-04-18,65
official_macro_dcoilwtico_2012-04-19,65
official_macro_dcoilwtico_2012-04-20,65
official_macro_dcoilwtico_2012-04-23,65
official_macro_dcoilwtico_2012-04-24,65
official_macro_dcoilwtico_2012-04-25,65
official_macro_dcoilwtico_2012-04-26,65
official_macro_dcoilwtico_2012-04-27,65
official_macro_dcoilwtico_2012-04-30,65
official_macro_dcoilwtico_2012-05-01,65
official_macro_dcoilwtico_2012-05-02,65
official_macro_dcoilwtico_2012-05-03,65
official_macro_dcoilwtico_2012-05-04,65
official_macro_dcoilwtico_2012-05-07,65
official_macro_dcoilwtico_2012-05-08,65
official_macro_dcoilwtico_2012-05-09,65
official_macro_dcoilwtico_2012-05-10,65
official_macro_dcoilwtico_2012-05-11,65
official_macro_dcoilwtico_2012-05-14,65
official_macro_dcoilwtico_2012-05-15,65
official_macro_dcoilwtico_2012-05-16,65
official_macro_dcoilwtico_2012-05-17,65
official_macro_dcoilwtico_2012-05-18,65
official_macro_dcoilwtico_2012-05-21,65
official_macro_dcoilwtico_2012-05-22,65
official_macro_dcoilwtico_2012-05-23,65
official_macro_dcoilwtico_2012-05-24,65
official_macro_dcoilwtico_2012-05-25,65
official_macro_dcoilwtico_2012-05-29,65
official_macro_dcoilwtico_2012-05-30,65
official_macro_dcoilwtico_2012-05-31,65
official_macro_dcoilwtico_2012-06-01,65
official_macro_dcoilwtico_2012-06-04,65
official_macro_dcoilwtico_2012-06-05,65
official_macro_dcoilwtico_2012-06-06,65
official_macro_dcoilwtico_2012-06-07,65
official_macro_dcoilwtico_2012-06-08,65
official_macro_dcoilwtico_2012-06-11,65
official_macro_dcoilwtico_2012-06-12,65
official_macro_dcoilwtico_2012-06-13,65
official_macro_dcoilwtico_2012-06-14,65
official_macro_dcoilwtico_2012-06-15,65
official_macro_dcoilwtico_2012-06-18,65
official_macro_dcoilwtico_2012-06-19,65
official_macro_dcoilwtico_2012-06-20,65
official_macro_dcoilwtico_2012-06-21,65
official_macro_dcoilwtico_2012-06-22,65
official_macro_dcoilwtico_2012-06-25,65
official_macro_dcoilwtico_2012-06-26,65
official_macro_dcoilwtico_2012-06-27,65
official_macro_dcoilwtico_2012-06-28,65
official_macro_dcoilwtico_2012-06-29,65
official_macro_dcoilwtico_2012-07-02,65
official_macro_dcoilwtico_2012-07-03,65
official_macro_dcoilwtico_2012-07-05,65
official_macro_dcoilwtico_2012-07-06,65
official_macro_dcoilwtico_2012-07-09,65
official_macro_dcoilwtico_2012-07-10,65
official_macro_dcoilwtico_2012-07-11,65
official_macro_dcoilwtico_2012-07-12,65
official_macro_dcoilwtico_2012-07-13,65
official_macro_dcoilwtico_2012-07-16,65
official_macro_dcoilwtico_2012-07-17,65
official_macro_dcoilwtico_2012-07-18,65
official_macro_dcoilwtico_2012-07-19,65
official_macro_dcoilwtico_2012-07-20,65
official_macro_dcoilwtico_2012-07-23,65
official_macro_dcoilwtico_2012-07-24,65
official_macro_dcoilwtico_2012-07-25,65
official_macro_dcoilwtico_2012-07-26,65
official_macro_dcoilwtico_2012-07-27,65
official_macro_dcoilwtico_2012-07-30,65
official_macro_dcoilwtico_2012-07-31,65
official_macro_dcoilwtico_2012-08-01,65
official_macro_dcoilwtico_2012-08-02,65
official_macro_dcoilwtico_2012-08-03,65
official_macro_dcoilwtico_2012-08-06,65
official_macro_dcoilwtico_2012-08-07,65
official_macro_dcoilwtico_2012-08-08,65
official_macro_dcoilwtico_2012-08-09,65
official_macro_dcoilwtico_2012-08-10,65
official_macro_dcoilwtico_2012-08-13,65
official_macro_dcoilwtico_2012-08-14,65
official_macro_dcoilwtico_2012-08-15,65
official_macro_dcoilwtico_2012-08-16,65
official_macro_dcoilwtico_2012-08-17,65
official_macro_dcoilwtico_2012-08-20,65
official_macro_dcoilwtico_2012-08-21,65
official_macro_dcoilwtico_2012-08-22,65
official_macro_dcoilwtico_2012-08-23,65
official_macro_dcoilwtico_2012-08-24,65
official_macro_dcoilwtico_2012-08-27,65
official_macro_dcoilwtico_2012-08-28,65
official_macro_dcoilwtico_2012-08-29,65
official_macro_dcoilwtico_2012-08-30,65
official_macro_dcoilwtico_2012-08-31,65
official_macro_dcoilwtico_2012-09-04,65
official_macro_dcoilwtico_2012-09-05,65
official_macro_dcoilwtico_2012-09-06,65
official_macro_dcoilwtico_2012-09-07,65
official_macro_dcoilwtico_2012-09-10,65
official_macro_dcoilwtico_2012-09-11,65
official_macro_dcoilwtico_2012-09-12,65
official_macro_dcoilwtico_2012-09-13,65
official_macro_dcoilwtico_2012-09-14,65
official_macro_dcoilwtico_2012-09-17,65
official_macro_dcoilwtico_2012-09-18,65
official_macro_dcoilwtico_2012-09-19,65
official_macro_dcoilwtico_2012-09-20,65
official_macro_dcoilwtico_2012-09-21,65
official_macro_dcoilwtico_2012-09-24,65
official_macro_dcoilwtico_2012-09-25,65
official_macro_dcoilwtico_2012-09-26,65
official_macro_dcoilwtico_2012-09-27,65
official_macro_dcoilwtico_2012-09-28,65
official_macro_dcoilwtico_2012-10-01,65
official_macro_dcoilwtico_2012-10-02,65
official_macro_dcoilwtico_2012-10-03,65
official_macro_dcoilwtico_2012-10-04,65
official_macro_dcoilwtico_2012-10-05,65
official_macro_dcoilwtico_2012-10-08,65
official_macro_dcoilwtico_2012-10-09,65
official_macro_dcoilwtico_2012-10-10,65
official_macro_dcoilwtico_2012-10-11,65
official_macro_dcoilwtico_2012-10-12,65
official_macro_dcoilwtico_2012-10-15,65
official_macro_dcoilwtico_2012-10-16,65
official_macro_dcoilwtico_2012-10-17,65
official_macro_dcoilwtico_2012-10-18,65
official_macro_dcoilwtico_2012-10-19,65
official_macro_dcoilwtico_2012-10-22,65
official_macro_dcoilwtico_2012-10-23,65
official_macro_dcoilwtico_2012-10-24,65
official_macro_dcoilwtico_2012-10-25,65
official_macro_dcoilwtico_2012-10-26,65
official_macro_dcoilwtico_2012-10-29,65
official_macro_dcoilwtico_2012-10-30,65
official_macro_dcoilwtico_2012-10-31,65
official_macro_dcoilwtico_2012-11-01,65
official_macro_dcoilwtico_2012-11-02,65
official_macro_dcoilwtico_2012-11-05,65
official_macro_dcoilwtico_2012-11-06,65
official_macro_dcoilwtico_2012-11-07,65
official_macro_dcoilwtico_2012-11-08,65
official_macro_dcoilwtico_2012-11-09,65
official_macro_dcoilwtico_2012-11-12,65
official_macro_dcoilwtico_2012-11-13,65
official_macro_dcoilwtico_2012-11-14,65
official_macro_dcoilwtico_2012-11-15,65
official_macro_dcoilwtico_2012-11-16,65
official_macro_dcoilwtico_2012-11-19,65
official_macro_dcoilwtico_2012-11-20,65
official_macro_dcoilwtico_2012-11-21,65
official_macro_dcoilwtico_2012-11-23,65
official_macro_dcoilwtico_2012-11-26,65
official_macro_dcoilwtico_2012-11-27,65
official_macro_dcoilwtico_2012-11-28,65
official_macro_dcoilwtico_2012-11-29,65
official_macro_dcoilwtico_2012-11-30,65
official_macro_dcoilwtico_2012-12-03,65
official_macro_dcoilwtico_2012-12-04,65
official_macro_dcoilwtico_2012-12-05,65
official_macro_dcoilwtico_2012-12-06,65
official_macro_dcoilwtico_2012-12-07,65
official_macro_dcoilwtico_2012-12-10,65
official_macro_dcoilwtico_2012-12-11,65
official_macro_dcoilwtico_2012-12-12,65
official_macro_dcoilwtico_2012-12-13,65
official_macro_dcoilwtico_2012-12-14,65
official_macro_dcoilwtico_2012-12-17,65
official_macro_dcoilwtico_2012-12-18,65
official_macro_dcoilwtico_2012-12-19,65
official_macro_dcoilwtico_2012-12-20,65
official_macro_dcoilwtico_2012-12-21,65
official_macro_dcoilwtico_2012-12-24,65
official_macro_dcoilwtico_2012-12-26,65
official_macro_dcoilwtico_2012-12-27,65
official_macro_dcoilwtico_2012-12-28,65
official_macro_dcoilwtico_2012-12-31,65
official_macro_dcoilwtico_2013-01-02,65
official_macro_dcoilwtico_2013-01-03,65
official_macro_dcoilwtico_2013-01-04,65
official_macro_dcoilwtico_2013-01-07,65
official_macro_dcoilwtico_2013-01-08,65
official_macro_dcoilwtico_2013-01-09,65
official_macro_dcoilwtico_2013-01-10,65
official_macro_dcoilwtico_2013-01-11,65
official_macro_dcoilwtico_2013-01-14,65
official_macro_dcoilwtico_2013-01-15,65
official_macro_dcoilwtico_2013-01-16,65
official_macro_dcoilwtico_2013-01-17,65
official_macro_dcoilwtico_2013-01-18,65
official_macro_dcoilwtico_2013-01-22,65
official_macro_dcoilwtico_2013-01-23,65
official_macro_dcoilwtico_2013-01-24,65
official_macro_dcoilwtico_2013-01-25,65
official_macro_dcoilwtico_2013-01-28,65
official_macro_dcoilwtico_2013-01-29,65
official_macro_dcoilwtico_2013-01-30,65
official_macro_dcoilwtico_2013-01-31,65
official_macro_dcoilwtico_2013-02-01,65
official_macro_dcoilwtico_2013-02-04,65
official_macro_dcoilwtico_2013-02-05,65
official_macro_dcoilwtico_2013-02-06,65
official_macro_dcoilwtico_2013-02-07,65
official_macro_dcoilwtico_2013-02-08,65
official_macro_dcoilwtico_2013-02-11,65
official_macro_dcoilwtico_2013-02-12,65
official_macro_dcoilwtico_2013-02-13,65
official_macro_dcoilwtico_2013-02-14,65
official_macro_dcoilwtico_2013-02-15,65
official_macro_dcoilwtico_2013-02-19,65
official_macro_dcoilwtico_2013-02-20,65
official_macro_dcoilwtico_2013-02-21,65
official_macro_dcoilwtico_2013-02-22,65
official_macro_dcoilwtico_2013-02-25,65
official_macro_dcoilwtico_2013-02-26,65
official_macro_dcoilwtico_2013-02-27,65
official_macro_dcoilwtico_2013-02-28,65
official_macro_dcoilwtico_2013-03-01,65
official_macro_dcoilwtico_2013-03-04,65
official_macro_dcoilwtico_2013-03-05,65
official_macro_dcoilwtico_2013-03-06,65
official_macro_dcoilwtico_2013-03-07,65
official_macro_dcoilwtico_2013-03-08,65
official_macro_dcoilwtico_2013-03-11,65
official_macro_dcoilwtico_2013-03-12,65
official_macro_dcoilwtico_2013-03-13,65
official_macro_dcoilwtico_2013-03-14,65
official_macro_dcoilwtico_2013-03-15,65
official_macro_dcoilwtico_2013-03-18,65
official_macro_dcoilwtico_2013-03-19,65
official_macro_dcoilwtico_2013-03-20,65
official_macro_dcoilwtico_2013-03-21,65
official_macro_dcoilwtico_2013-03-22,65
official_macro_dcoilwtico_2013-03-25,65
official_macro_dcoilwtico_2013-03-26,65
official_macro_dcoilwtico_2013-03-27,65
official_macro_dcoilwtico_2013-03-28,65
official_macro_dcoilwtico_2013-04-01,65
official_macro_dcoilwtico_2013-04-02,65
official_macro_dcoilwtico_2013-04-03,65
official_macro_dcoilwtico_2013-04-04,65
official_macro_dcoilwtico_2013-04-05,65
official_macro_dcoilwtico_2013-04-08,65
official_macro_dcoilwtico_2013-04-09,65
official_macro_dcoilwtico_2013-04-10,65
official_macro_dcoilwtico_2013-04-11,65
official_macro_dcoilwtico_2013-04-12,65
official_macro_dcoilwtico_2013-04-15,65
official_macro_dcoilwtico_2013-04-16,65
official_macro_dcoilwtico_2013-04-17,65
official_macro_dcoilwtico_2013-04-18,65
official_macro_dcoilwtico_2013-04-19,65
official_macro_dcoilwtico_2013-04-22,65
official_macro_dcoilwtico_2013-04-23,65
official_macro_dcoilwtico_2013-04-24,65
official_macro_dcoilwtico_2013-04-25,65
official_macro_dcoilwtico_2013-04-26,65
official_macro_dcoilwtico_2013-04-29,65
official_macro_dcoilwtico_2013-04-30,65
official_macro_dcoilwtico_2013-05-01,65
official_macro_dcoilwtico_2013-05-02,65
official_macro_dcoilwtico_2013-05-03,65
official_macro_dcoilwtico_2013-05-06,65
official_macro_dcoilwtico_2013-05-07,65
official_macro_dcoilwtico_2013-05-08,65
official_macro_dcoilwtico_2013-05-09,65
official_macro_dcoilwtico_2013-05-10,65
official_macro_dcoilwtico_2013-05-13,65
official_macro_dcoilwtico_2013-05-14,65
official_macro_dcoilwtico_2013-05-15,65
official_macro_dcoilwtico_2013-05-16,65
official_macro_dcoilwtico_2013-05-17,65
official_macro_dcoilwtico_2013-05-20,65
official_macro_dcoilwtico_2013-05-21,65
official_macro_dcoilwtico_2013-05-22,65
official_macro_dcoilwtico_2013-05-23,65
official_macro_dcoilwtico_2013-05-24,65
official_macro_dcoilwtico_2013-05-28,65
official_macro_dcoilwtico_2013-05-29,65
official_macro_dcoilwtico_2013-05-30,65
official_macro_dcoilwtico_2013-05-31,65
official_macro_dcoilwtico_2013-06-03,65
official_macro_dcoilwtico_2013-06-04,65
official_macro_dcoilwtico_2013-06-05,65
official_macro_dcoilwtico_2013-06-06,65
official_macro_dcoilwtico_2013-06-07,65
official_macro_dcoilwtico_2013-06-10,65
official_macro_dcoilwtico_2013-06-11,65
official_macro_dcoilwtico_2013-06-12,65
official_macro_dcoilwtico_2013-06-13,65
official_macro_dcoilwtico_2013-06-14,65
official_macro_dcoilwtico_2013-06-17,65
official_macro_dcoilwtico_2013-06-18,65
official_macro_dcoilwtico_2013-06-19,65
official_macro_dcoilwtico_2013-06-20,65
official_macro_dcoilwtico_2013-06-21,65
official_macro_dcoilwtico_2013-06-24,65
official_macro_dcoilwtico_2013-06-25,65
official_macro_dcoilwtico_2013-06-26,65
official_macro_dcoilwtico_2013-06-27,65
official_macro_dcoilwtico_2013-06-28,65
official_macro_dcoilwtico_2013-07-01,65
official_macro_dcoilwtico_2013-07-02,65
official_macro_dcoilwtico_2013-07-03,65
official_macro_dcoilwtico_2013-07-05,65
official_macro_dcoilwtico_2013-07-08,65
official_macro_dcoilwtico_2013-07-09,65
official_macro_dcoilwtico_2013-07-10,65
official_macro_dcoilwtico_2013-07-11,65
official_macro_dcoilwtico_2013-07-12,65
official_macro_dcoilwtico_2013-07-15,65
official_macro_dcoilwtico_2013-07-16,65
official_macro_dcoilwtico_2013-07-17,65
official_macro_dcoilwtico_2013-07-18,65
official_macro_dcoilwtico_2013-07-19,65
official_macro_dcoilwtico_2013-07-22,65
official_macro_dcoilwtico_2013-07-23,65
official_macro_dcoilwtico_2013-07-24,65
official_macro_dcoilwtico_2013-07-25,65
official_macro_dcoilwtico_2013-07-26,65
official_macro_dcoilwtico_2013-07-29,65
official_macro_dcoilwtico_2013-07-30,65
official_macro_dcoilwtico_2013-07-31,65
official_macro_dcoilwtico_2013-08-01,65
official_macro_dcoilwtico_2013-08-02,65
official_macro_dcoilwtico_2013-08-05,65
official_macro_dcoilwtico_2013-08-06,65
official_macro_dcoilwtico_2013-08-07,65
official_macro_dcoilwtico_2013-08-08,65
official_macro_dcoilwtico_2013-08-09,65
official_macro_dcoilwtico_2013-08-12,65
official_macro_dcoilwtico_2013-08-13,65
official_macro_dcoilwtico_2013-08-14,65
official_macro_dcoilwtico_2013-08-15,65
official_macro_dcoilwtico_2013-08-16,65
official_macro_dcoilwtico_2013-08-19,65
official_macro_dcoilwtico_2013-08-20,65
official_macro_dcoilwtico_2013-08-21,65
official_macro_dcoilwtico_2013-08-22,65
official_macro_dcoilwtico_2013-08-23,65
official_macro_dcoilwtico_2013-08-26,65
official_macro_dcoilwtico_2013-08-27,65
official_macro_dcoilwtico_2013-08-28,65
official_macro_dcoilwtico_2013-08-29,65
official_macro_dcoilwtico_2013-08-30,65
official_macro_dcoilwtico_2013-09-03,65
official_macro_dcoilwtico_2013-09-04,65
official_macro_dcoilwtico_2013-09-05,65
official_macro_dcoilwtico_2013-09-06,65
official_macro_dcoilwtico_2013-09-09,65
official_macro_dcoilwtico_2013-09-10,65
official_macro_dcoilwtico_2013-09-11,65
official_macro_dcoilwtico_2013-09-12,65
official_macro_dcoilwtico_2013-09-13,65
official_macro_dcoilwtico_2013-09-16,65
official_macro_dcoilwtico_2013-09-17,65
official_macro_dcoilwtico_2013-09-18,65
official_macro_dcoilwtico_2013-09-19,65
official_macro_dcoilwtico_2013-09-20,65
official_macro_dcoilwtico_2013-09-23,65
official_macro_dcoilwtico_2013-09-24,65
official_macro_dcoilwtico_2013-09-25,65
official_macro_dcoilwtico_2013-09-26,65
official_macro_dcoilwtico_2013-09-27,65
official_macro_dcoilwtico_2013-09-30,65
official_macro_dcoilwtico_2013-10-01,65
official_macro_dcoilwtico_2013-10-02,65
official_macro_dcoilwtico_2013-10-03,65
official_macro_dcoilwtico_2013-10-04,65
official_macro_dcoilwtico_2013-10-07,65
official_macro_dcoilwtico_2013-10-08,65
official_macro_dcoilwtico_2013-10-09,65
official_macro_dcoilwtico_2013-10-10,65
official_macro_dcoilwtico_2013-10-11,65
official_macro_dcoilwtico_2013-10-14,65
official_macro_dcoilwtico_2013-10-15,65
official_macro_dcoilwtico_2013-10-16,65
official_macro_dcoilwtico_2013-10-17,65
official_macro_dcoilwtico_2013-10-18,65
official_macro_dcoilwtico_2013-10-21,65
official_macro_dcoilwtico_2013-10-22,65
official_macro_dcoilwtico_2013-10-23,65
official_macro_dcoilwtico_2013-10-24,65
official_macro_dcoilwtico_2013-10-25,65
official_macro_dcoilwtico_2013-10-28,65
official_macro_dcoilwtico_2013-10-29,65
official_macro_dcoilwtico_2013-10-30,65
official_macro_dcoilwtico_2013-10-31,65
official_macro_dcoilwtico_2013-11-01,65
official_macro_dcoilwtico_2013-11-04,65
official_macro_dcoilwtico_2013-11-05,65
official_macro_dcoilwtico_2013-11-06,65
official_macro_dcoilwtico_2013-11-07,65
official_macro_dcoilwtico_2013-11-08,65
official_macro_dcoilwtico_2013-11-11,65
official_macro_dcoilwtico_2013-11-12,65
official_macro_dcoilwtico_2013-11-13,65
official_macro_dcoilwtico_2013-11-14,65
official_macro_dcoilwtico_2013-11-15,65
official_macro_dcoilwtico_2013-11-18,65
official_macro_dcoilwtico_2013-11-19,65
official_macro_dcoilwtico_2013-11-20,65
official_macro_dcoilwtico_2013-11-21,65
official_macro_dcoilwtico_2013-11-22,65
official_macro_dcoilwtico_2013-11-25,65
official_macro_dcoilwtico_2013-11-26,65
official_macro_dcoilwtico_2013-11-27,65
official_macro_dcoilwtico_2013-11-29,65
official_macro_dcoilwtico_2013-12-02,65
official_macro_dcoilwtico_2013-12-03,65
official_macro_dcoilwtico_2013-12-04,65
official_macro_dcoilwtico_2013-12-05,65
official_macro_dcoilwtico_2013-12-06,65
official_macro_dcoilwtico_2013-12-09,65
official_macro_dcoilwtico_2013-12-10,65
official_macro_dcoilwtico_2013-12-11,65
official_macro_dcoilwtico_2013-12-12,65
official_macro_dcoilwtico_2013-12-13,65
official_macro_dcoilwtico_2013-12-16,65
official_macro_dcoilwtico_2013-12-17,65
official_macro_dcoilwtico_2013-12-18,65
official_macro_dcoilwtico_2013-12-19,65
official_macro_dcoilwtico_2013-12-20,65
official_macro_dcoilwtico_2013-12-23,65
official_macro_dcoilwtico_2013-12-24,65
official_macro_dcoilwtico_2013-12-26,65
official_macro_dcoilwtico_2013-12-27,65
official_macro_dcoilwtico_2013-12-30,65
official_macro_dcoilwtico_2013-12-31,65
official_macro_dcoilwtico_2014-01-02,65
official_macro_dcoilwtico_2014-01-03,65
official_macro_dcoilwtico_2014-01-06,65
official_macro_dcoilwtico_2014-01-07,65
official_macro_dcoilwtico_2014-01-08,65
official_macro_dcoilwtico_2014-01-09,65
official_macro_dcoilwtico_2014-01-10,65
official_macro_dcoilwtico_2014-01-13,65
official_macro_dcoilwtico_2014-01-14,65
official_macro_dcoilwtico_2014-01-15,65
official_macro_dcoilwtico_2014-01-16,65
official_macro_dcoilwtico_2014-01-17,65
official_macro_dcoilwtico_2014-01-21,65
official_macro_dcoilwtico_2014-01-22,65
official_macro_dcoilwtico_2014-01-23,65
official_macro_dcoilwtico_2014-01-24,65
official_macro_dcoilwtico_2014-01-27,65
official_macro_dcoilwtico_2014-01-28,65
official_macro_dcoilwtico_2014-01-29,65
official_macro_dcoilwtico_2014-01-30,65
official_macro_dcoilwtico_2014-01-31,65
official_macro_dcoilwtico_2014-02-03,65
official_macro_dcoilwtico_2014-02-04,65
official_macro_dcoilwtico_2014-02-05,65
official_macro_dcoilwtico_2014-02-06,65
official_macro_dcoilwtico_2014-02-07,65
official_macro_dcoilwtico_2014-02-10,65
official_macro_dcoilwtico_2014-02-11,65
official_macro_dcoilwtico_2014-02-12,65
official_macro_dcoilwtico_2014-02-13,65
official_macro_dcoilwtico_2014-02-14,65
official_macro_dcoilwtico_2014-02-18,65
official_macro_dcoilwtico_2014-02-19,65
official_macro_dcoilwtico_2014-02-20,65
official_macro_dcoilwtico_2014-02-21,65
official_macro_dcoilwtico_2014-02-24,65
official_macro_dcoilwtico_2014-02-25,65
official_macro_dcoilwtico_2014-02-26,65
official_macro_dcoilwtico_2014-02-27,65
official_macro_dcoilwtico_2014-02-28,65
official_macro_dcoilwtico_2014-03-03,65
official_macro_dcoilwtico_2014-03-04,65
official_macro_dcoilwtico_2014-03-05,65
official_macro_dcoilwtico_2014-03-06,65
official_macro_dcoilwtico_2014-03-07,65
official_macro_dcoilwtico_2014-03-10,65
official_macro_dcoilwtico_2014-03-11,65
official_macro_dcoilwtico_2014-03-12,65
official_macro_dcoilwtico_2014-03-13,65
official_macro_dcoilwtico_2014-03-14,65
official_macro_dcoilwtico_2014-03-17,65
official_macro_dcoilwtico_2014-03-18,65
official_macro_dcoilwtico_2014-03-19,65
official_macro_dcoilwtico_2014-03-20,65
official_macro_dcoilwtico_2014-03-21,65
official_macro_dcoilwtico_2014-03-24,65
official_macro_dcoilwtico_2014-03-25,65
official_macro_dcoilwtico_2014-03-26,65
official_macro_dcoilwtico_2014-03-27,65
official_macro_dcoilwtico_2014-03-28,65
official_macro_dcoilwtico_2014-03-31,65
official_macro_dcoilwtico_2014-04-01,65
official_macro_dcoilwtico_2014-04-02,65
official_macro_dcoilwtico_2014-04-03,65
official_macro_dcoilwtico_2014-04-04,65
official_macro_dcoilwtico_2014-04-07,65
official_macro_dcoilwtico_2014-04-08,65
official_macro_dcoilwtico_2014-04-09,65
official_macro_dcoilwtico_2014-04-10,65
official_macro_dcoilwtico_2014-04-11,65
official_macro_dcoilwtico_2014-04-14,65
official_macro_dcoilwtico_2014-04-15,65
official_macro_dcoilwtico_2014-04-16,65
official_macro_dcoilwtico_2014-04-17,65
official_macro_dcoilwtico_2014-04-21,65
official_macro_dcoilwtico_2014-04-22,65
official_macro_dcoilwtico_2014-04-23,65
official_macro_dcoilwtico_2014-04-24,65
official_macro_dcoilwtico_2014-04-25,65
official_macro_dcoilwtico_2014-04-28,65
official_macro_dcoilwtico_2014-04-29,65
official_macro_dcoilwtico_2014-04-30,65
official_macro_dcoilwtico_2014-05-01,65
official_macro_dcoilwtico_2014-05-02,65
official_macro_dcoilwtico_2014-05-05,65
official_macro_dcoilwtico_2014-05-06,65
official_macro_dcoilwtico_2014-05-07,65
official_macro_dcoilwtico_2014-05-08,65
official_macro_dcoilwtico_2014-05-09,65
official_macro_dcoilwtico_2014-05-12,65
official_macro_dcoilwtico_2014-05-13,65
official_macro_dcoilwtico_2014-05-14,65
official_macro_dcoilwtico_2014-05-15,65
official_macro_dcoilwtico_2014-05-16,65
official_macro_dcoilwtico_2014-05-19,65
official_macro_dcoilwtico_2014-05-20,65
official_macro_dcoilwtico_2014-05-21,65
official_macro_dcoilwtico_2014-05-22,65
official_macro_dcoilwtico_2014-05-23,65
official_macro_dcoilwtico_2014-05-27,65
official_macro_dcoilwtico_2014-05-28,65
official_macro_dcoilwtico_2014-05-29,65
official_macro_dcoilwtico_2014-05-30,65
official_macro_dcoilwtico_2014-06-02,65
official_macro_dcoilwtico_2014-06-03,65
official_macro_dcoilwtico_2014-06-04,65
official_macro_dcoilwtico_2014-06-05,65
official_macro_dcoilwtico_2014-06-06,65
official_macro_dcoilwtico_2014-06-09,65
official_macro_dcoilwtico_2014-06-10,65
official_macro_dcoilwtico_2014-06-11,65
official_macro_dcoilwtico_2014-06-12,65
official_macro_dcoilwtico_2014-06-13,65
official_macro_dcoilwtico_2014-06-16,65
official_macro_dcoilwtico_2014-06-17,65
official_macro_dcoilwtico_2014-06-18,65
official_macro_dcoilwtico_2014-06-19,65
official_macro_dcoilwtico_2014-06-20,65
official_macro_dcoilwtico_2014-06-23,65
official_macro_dcoilwtico_2014-06-24,65
official_macro_dcoilwtico_2014-06-25,65
official_macro_dcoilwtico_2014-06-26,65
official_macro_dcoilwtico_2014-06-27,65
official_macro_dcoilwtico_2014-06-30,65
official_macro_dcoilwtico_2014-07-01,65
official_macro_dcoilwtico_2014-07-02,65
official_macro_dcoilwtico_2014-07-03,65
official_macro_dcoilwtico_2014-07-07,65
official_macro_dcoilwtico_2014-07-08,65
official_macro_dcoilwtico_2014-07-09,65
official_macro_dcoilwtico_2014-07-10,65
official_macro_dcoilwtico_2014-07-11,65
official_macro_dcoilwtico_2014-07-14,65
official_macro_dcoilwtico_2014-07-15,65
official_macro_dcoilwtico_2014-07-16,65
official_macro_dcoilwtico_2014-07-17,65
official_macro_dcoilwtico_2014-07-18,65
official_macro_dcoilwtico_2014-07-21,65
official_macro_dcoilwtico_2014-07-22,65
official_macro_dcoilwtico_2014-07-23,65
official_macro_dcoilwtico_2014-07-24,65
official_macro_dcoilwtico_2014-07-25,65
official_macro_dcoilwtico_2014-07-28,65
official_macro_dcoilwtico_2014-07-29,65
official_macro_dcoilwtico_2014-07-30,65
official_macro_dcoilwtico_2014-07-31,65
official_macro_dcoilwtico_2014-08-01,65
official_macro_dcoilwtico_2014-08-04,65
official_macro_dcoilwtico_2014-08-05,65
official_macro_dcoilwtico_2014-08-06,65
official_macro_dcoilwtico_2014-08-07,65
official_macro_dcoilwtico_2014-08-08,65
official_macro_dcoilwtico_2014-08-11,65
official_macro_dcoilwtico_2014-08-12,65
official_macro_dcoilwtico_2014-08-13,65
official_macro_dcoilwtico_2014-08-14,65
official_macro_dcoilwtico_2014-08-15,65
official_macro_dcoilwtico_2014-08-18,65
official_macro_dcoilwtico_2014-08-19,65
official_macro_dcoilwtico_2014-08-20,65
official_macro_dcoilwtico_2014-08-21,65
official_macro_dcoilwtico_2014-08-22,65
official_macro_dcoilwtico_2014-08-25,65
official_macro_dcoilwtico_2014-08-26,65
official_macro_dcoilwtico_2014-08-27,65
official_macro_dcoilwtico_2014-08-28,65
official_macro_dcoilwtico_2014-08-29,65
official_macro_dcoilwtico_2014-09-02,65
official_macro_dcoilwtico_2014-09-03,65
official_macro_dcoilwtico_2014-09-04,65
official_macro_dcoilwtico_2014-09-05,65
official_macro_dcoilwtico_2014-09-08,65
official_macro_dcoilwtico_2014-09-09,65
official_macro_dcoilwtico_2014-09-10,65
official_macro_dcoilwtico_2014-09-11,65
official_macro_dcoilwtico_2014-09-12,65
official_macro_dcoilwtico_2014-09-15,65
official_macro_dcoilwtico_2014-09-16,65
official_macro_dcoilwtico_2014-09-17,65
official_macro_dcoilwtico_2014-09-18,65
official_macro_dcoilwtico_2014-09-19,65
official_macro_dcoilwtico_2014-09-22,65
official_macro_dcoilwtico_2014-09-23,65
official_macro_dcoilwtico_2014-09-24,65
official_macro_dcoilwtico_2014-09-25,65
official_macro_dcoilwtico_2014-09-26,65
official_macro_dcoilwtico_2014-09-29,65
official_macro_dcoilwtico_2014-09-30,65
official_macro_dcoilwtico_2014-10-01,65
official_macro_dcoilwtico_2014-10-02,65
official_macro_dcoilwtico_2014-10-03,65
official_macro_dcoilwtico_2014-10-06,65
official_macro_dcoilwtico_2014-10-07,65
official_macro_dcoilwtico_2014-10-08,65
official_macro_dcoilwtico_2014-10-09,65
official_macro_dcoilwtico_2014-10-10,65
official_macro_dcoilwtico_2014-10-13,65
official_macro_dcoilwtico_2014-10-14,65
official_macro_dcoilwtico_2014-10-15,65
official_macro_dcoilwtico_2014-10-16,65
official_macro_dcoilwtico_2014-10-17,65
official_macro_dcoilwtico_2014-10-20,65
official_macro_dcoilwtico_2014-10-21,65
official_macro_dcoilwtico_2014-10-22,65
official_macro_dcoilwtico_2014-10-23,65
official_macro_dcoilwtico_2014-10-24,65
official_macro_dcoilwtico_2014-10-27,65
official_macro_dcoilwtico_2014-10-28,65
official_macro_dcoilwtico_2014-10-29,65
official_macro_dcoilwtico_2014-10-30,65
official_macro_dcoilwtico_2014-10-31,65
official_macro_dcoilwtico_2014-11-03,65
official_macro_dcoilwtico_2014-11-04,65
official_macro_dcoilwtico_2014-11-05,65
official_macro_dcoilwtico_2014-11-06,65
official_macro_dcoilwtico_2014-11-07,65
official_macro_dcoilwtico_2014-11-10,65
official_macro_dcoilwtico_2014-11-11,65
official_macro_dcoilwtico_2014-11-12,65
official_macro_dcoilwtico_2014-11-13,65
official_macro_dcoilwtico_2014-11-14,65
official_macro_dcoilwtico_2014-11-17,65
official_macro_dcoilwtico_2014-11-18,65
official_macro_dcoilwtico_2014-11-19,65
official_macro_dcoilwtico_2014-11-20,65
official_macro_dcoilwtico_2014-11-21,65
official_macro_dcoilwtico_2014-11-24,65
official_macro_dcoilwtico_2014-11-25,65
official_macro_dcoilwtico_2014-11-26,65
official_macro_dcoilwtico_2014-11-28,65
official_macro_dcoilwtico_2014-12-01,65
official_macro_dcoilwtico_2014-12-02,65
official_macro_dcoilwtico_2014-12-03,65
official_macro_dcoilwtico_2014-12-04,65
official_macro_dcoilwtico_2014-12-05,65
official_macro_dcoilwtico_2014-12-08,65
official_macro_dcoilwtico_2014-12-09,65
official_macro_dcoilwtico_2014-12-10,65
official_macro_dcoilwtico_2014-12-11,65
official_macro_dcoilwtico_2014-12-12,65
official_macro_dcoilwtico_2014-12-15,65
official_macro_dcoilwtico_2014-12-16,65
official_macro_dcoilwtico_2014-12-17,65
official_macro_dcoilwtico_2014-12-18,65
official_macro_dcoilwtico_2014-12-19,65
official_macro_dcoilwtico_2014-12-22,65
official_macro_dcoilwtico_2014-12-23,65
official_macro_dcoilwtico_2014-12-24,65
official_macro_dcoilwtico_2014-12-26,65
official_macro_dcoilwtico_2014-12-29,65
official_macro_dcoilwtico_2014-12-30,65
official_macro_dcoilwtico_2014-12-31,65
official_macro_dcoilwtico_2015-01-02,65
official_macro_dcoilwtico_2015-01-05,65
official_macro_dcoilwtico_2015-01-06,65
official_macro_dcoilwtico_2015-01-07,65
official_macro_dcoilwtico_2015-01-08,65
official_macro_dcoilwtico_2015-01-09,65
official_macro_dcoilwtico_2015-01-12,65
official_macro_dcoilwtico_2015-01-13,65
official_macro_dcoilwtico_2015-01-14,65
official_macro_dcoilwtico_2015-01-15,65
official_macro_dcoilwtico_2015-01-16,65
official_macro_dcoilwtico_2015-01-20,65
official_macro_dcoilwtico_2015-01-21,65
official_macro_dcoilwtico_2015-01-22,65
official_macro_dcoilwtico_2015-01-23,65
official_macro_dcoilwtico_2015-01-26,65
official_macro_dcoilwtico_2015-01-27,65
official_macro_dcoilwtico_2015-01-28,65
official_macro_dcoilwtico_2015-01-29,65
official_macro_dcoilwtico_2015-01-30,65
official_macro_dcoilwtico_2015-02-02,65
official_macro_dcoilwtico_2015-02-03,65
official_macro_dcoilwtico_2015-02-04,65
official_macro_dcoilwtico_2015-02-05,65
official_macro_dcoilwtico_2015-02-06,65
official_macro_dcoilwtico_2015-02-09,65
official_macro_dcoilwtico_2015-02-10,65
official_macro_dcoilwtico_2015-02-11,65
official_macro_dcoilwtico_2015-02-12,65
official_macro_dcoilwtico_2015-02-13,65
official_macro_dcoilwtico_2015-02-17,65
official_macro_dcoilwtico_2015-02-18,65
official_macro_dcoilwtico_2015-02-19,65
official_macro_dcoilwtico_2015-02-20,65
official_macro_dcoilwtico_2015-02-23,65
official_macro_dcoilwtico_2015-02-24,65
official_macro_dcoilwtico_2015-02-25,65
official_macro_dcoilwtico_2015-02-26,65
official_macro_dcoilwtico_2015-02-27,65
official_macro_dcoilwtico_2015-03-02,65
official_macro_dcoilwtico_2015-03-03,65
official_macro_dcoilwtico_2015-03-04,65
official_macro_dcoilwtico_2015-03-05,65
official_macro_dcoilwtico_2015-03-06,65
official_macro_dcoilwtico_2015-03-09,65
official_macro_dcoilwtico_2015-03-10,65
official_macro_dcoilwtico_2015-03-11,65
official_macro_dcoilwtico_2015-03-12,65
official_macro_dcoilwtico_2015-03-13,65
official_macro_dcoilwtico_2015-03-16,65
official_macro_dcoilwtico_2015-03-17,65
official_macro_dcoilwtico_2015-03-18,65
official_macro_dcoilwtico_2015-03-19,65
official_macro_dcoilwtico_2015-03-20,65
official_macro_dcoilwtico_2015-03-23,65
official_macro_dcoilwtico_2015-03-24,65
official_macro_dcoilwtico_2015-03-25,65
official_macro_dcoilwtico_2015-03-26,65
official_macro_dcoilwtico_2015-03-27,65
official_macro_dcoilwtico_2015-03-30,65
official_macro_dcoilwtico_2015-03-31,65
official_macro_dcoilwtico_2015-04-01,65
official_macro_dcoilwtico_2015-04-02,65
official_macro_dcoilwtico_2015-04-06,65
official_macro_dcoilwtico_2015-04-07,65
official_macro_dcoilwtico_2015-04-08,65
official_macro_dcoilwtico_2015-04-09,65
official_macro_dcoilwtico_2015-04-10,65
official_macro_dcoilwtico_2015-04-13,65
official_macro_dcoilwtico_2015-04-14,65
official_macro_dcoilwtico_2015-04-15,65
official_macro_dcoilwtico_2015-04-16,65
official_macro_dcoilwtico_2015-04-17,65
official_macro_dcoilwtico_2015-04-20,65
official_macro_dcoilwtico_2015-04-21,65
official_macro_dcoilwtico_2015-04-22,65
official_macro_dcoilwtico_2015-04-23,65
official_macro_dcoilwtico_2015-04-24,65
official_macro_dcoilwtico_2015-04-27,65
official_macro_dcoilwtico_2015-04-28,65
official_macro_dcoilwtico_2015-04-29,65
official_macro_dcoilwtico_2015-04-30,65
official_macro_dcoilwtico_2015-05-01,65
official_macro_dcoilwtico_2015-05-04,65
official_macro_dcoilwtico_2015-05-05,65
official_macro_dcoilwtico_2015-05-06,65
official_macro_dcoilwtico_2015-05-07,65
official_macro_dcoilwtico_2015-05-08,65
official_macro_dcoilwtico_2015-05-11,65
official_macro_dcoilwtico_2015-05-12,65
official_macro_dcoilwtico_2015-05-13,65
official_macro_dcoilwtico_2015-05-14,65
official_macro_dcoilwtico_2015-05-15,65
official_macro_dcoilwtico_2015-05-18,65
official_macro_dcoilwtico_2015-05-19,65
official_macro_dcoilwtico_2015-05-20,65
official_macro_dcoilwtico_2015-05-21,65
official_macro_dcoilwtico_2015-05-22,65
official_macro_dcoilwtico_2015-05-26,65
official_macro_dcoilwtico_2015-05-27,65
official_macro_dcoilwtico_2015-05-28,65
official_macro_dcoilwtico_2015-05-29,65
official_macro_dcoilwtico_2015-06-01,65
official_macro_dcoilwtico_2015-06-02,65
official_macro_dcoilwtico_2015-06-03,65
official_macro_dcoilwtico_2015-06-04,65
official_macro_dcoilwtico_2015-06-05,65
official_macro_dcoilwtico_2015-06-08,65
official_macro_dcoilwtico_2015-06-09,65
official_macro_dcoilwtico_2015-06-10,65
official_macro_dcoilwtico_2015-06-11,65
official_macro_dcoilwtico_2015-06-12,65
official_macro_dcoilwtico_2015-06-15,65
official_macro_dcoilwtico_2015-06-16,65
official_macro_dcoilwtico_2015-06-17,65
official_macro_dcoilwtico_2015-06-18,65
official_macro_dcoilwtico_2015-06-19,65
official_macro_dcoilwtico_2015-06-22,65
official_macro_dcoilwtico_2015-06-23,65
official_macro_dcoilwtico_2015-06-24,65
official_macro_dcoilwtico_2015-06-25,65
official_macro_dcoilwtico_2015-06-26,65
official_macro_dcoilwtico_2015-06-29,65
official_macro_dcoilwtico_2015-06-30,65
official_macro_dcoilwtico_2015-07-01,65
official_macro_dcoilwtico_2015-07-02,65
official_macro_dcoilwtico_2015-07-06,65
official_macro_dcoilwtico_2015-07-07,65
official_macro_dcoilwtico_2015-07-08,65
official_macro_dcoilwtico_2015-07-09,65
official_macro_dcoilwtico_2015-07-10,65
official_macro_dcoilwtico_2015-07-13,65
official_macro_dcoilwtico_2015-07-14,65
official_macro_dcoilwtico_2015-07-15,65
official_macro_dcoilwtico_2015-07-16,65
official_macro_dcoilwtico_2015-07-17,65
official_macro_dcoilwtico_2015-07-20,65
official_macro_dcoilwtico_2015-07-21,65
official_macro_dcoilwtico_2015-07-22,65
official_macro_dcoilwtico_2015-07-23,65
official_macro_dcoilwtico_2015-07-24,65
official_macro_dcoilwtico_2015-07-27,65
official_macro_dcoilwtico_2015-07-28,65
official_macro_dcoilwtico_2015-07-29,65
official_macro_dcoilwtico_2015-07-30,65
official_macro_dcoilwtico_2015-07-31,65
official_macro_dcoilwtico_2015-08-03,65
official_macro_dcoilwtico_2015-08-04,65
official_macro_dcoilwtico_2015-08-05,65
official_macro_dcoilwtico_2015-08-06,65
official_macro_dcoilwtico_2015-08-07,65
official_macro_dcoilwtico_2015-08-10,65
official_macro_dcoilwtico_2015-08-11,65
official_macro_dcoilwtico_2015-08-12,65
official_macro_dcoilwtico_2015-08-13,65
official_macro_dcoilwtico_2015-08-14,65
official_macro_dcoilwtico_2015-08-17,65
official_macro_dcoilwtico_2015-08-18,65
official_macro_dcoilwtico_2015-08-19,65
official_macro_dcoilwtico_2015-08-20,65
official_macro_dcoilwtico_2015-08-21,65
official_macro_dcoilwtico_2015-08-24,65
official_macro_dcoilwtico_2015-08-25,65
official_macro_dcoilwtico_2015-08-26,65
official_macro_dcoilwtico_2015-08-27,65
official_macro_dcoilwtico_2015-08-28,65
official_macro_dcoilwtico_2015-08-31,65
official_macro_dcoilwtico_2015-09-01,65
official_macro_dcoilwtico_2015-09-02,65
official_macro_dcoilwtico_2015-09-03,65
official_macro_dcoilwtico_2015-09-04,65
official_macro_dcoilwtico_2015-09-08,65
official_macro_dcoilwtico_2015-09-09,65
official_macro_dcoilwtico_2015-09-10,65
official_macro_dcoilwtico_2015-09-11,65
official_macro_dcoilwtico_2015-09-14,65
official_macro_dcoilwtico_2015-09-15,65
official_macro_dcoilwtico_2015-09-16,65
official_macro_dcoilwtico_2015-09-17,65
official_macro_dcoilwtico_2015-09-18,65
official_macro_dcoilwtico_2015-09-21,65
official_macro_dcoilwtico_2015-09-22,65
official_macro_dcoilwtico_2015-09-23,65
official_macro_dcoilwtico_2015-09-24,65
official_macro_dcoilwtico_2015-09-25,65
official_macro_dcoilwtico_2015-09-28,65
official_macro_dcoilwtico_2015-09-29,65
official_macro_dcoilwtico_2015-09-30,65
official_macro_dcoilwtico_2015-10-01,65
official_macro_dcoilwtico_2015-10-02,65
official_macro_dcoilwtico_2015-10-05,65
official_macro_dcoilwtico_2015-10-06,65
official_macro_dcoilwtico_2015-10-07,65
official_macro_dcoilwtico_2015-10-08,65
official_macro_dcoilwtico_2015-10-09,65
official_macro_dcoilwtico_2015-10-12,65
official_macro_dcoilwtico_2015-10-13,65
official_macro_dcoilwtico_2015-10-14,65
official_macro_dcoilwtico_2015-10-15,65
official_macro_dcoilwtico_2015-10-16,65
official_macro_dcoilwtico_2015-10-19,65
official_macro_dcoilwtico_2015-10-20,65
official_macro_dcoilwtico_2015-10-21,65
official_macro_dcoilwtico_2015-10-22,65
official_macro_dcoilwtico_2015-10-23,65
official_macro_dcoilwtico_2015-10-26,65
official_macro_dcoilwtico_2015-10-27,65
official_macro_dcoilwtico_2015-10-28,65
official_macro_dcoilwtico_2015-10-29,65
official_macro_dcoilwtico_2015-10-30,65
official_macro_dcoilwtico_2015-11-02,65
official_macro_dcoilwtico_2015-11-03,65
official_macro_dcoilwtico_2015-11-04,65
official_macro_dcoilwtico_2015-11-05,65
official_macro_dcoilwtico_2015-11-06,65
official_macro_dcoilwtico_2015-11-09,65
official_macro_dcoilwtico_2015-11-10,65
official_macro_dcoilwtico_2015-11-11,65
official_macro_dcoilwtico_2015-11-12,65
official_macro_dcoilwtico_2015-11-13,65
official_macro_dcoilwtico_2015-11-16,65
official_macro_dcoilwtico_2015-11-17,65
official_macro_dcoilwtico_2015-11-18,65
official_macro_dcoilwtico_2015-11-19,65
official_macro_dcoilwtico_2015-11-20,65
official_macro_dcoilwtico_2015-11-23,65
official_macro_dcoilwtico_2015-11-24,65
official_macro_dcoilwtico_2015-11-25,65
official_macro_dcoilwtico_2015-11-27,65
official_macro_dcoilwtico_2015-11-30,65
official_macro_dcoilwtico_2015-12-01,65
official_macro_dcoilwtico_2015-12-02,65
official_macro_dcoilwtico_2015-12-03,65
official_macro_dcoilwtico_2015-12-04,65
official_macro_dcoilwtico_2015-12-07,65
official_macro_dcoilwtico_2015-12-08,65
official_macro_dcoilwtico_2015-12-09,65
official_macro_dcoilwtico_2015-12-10,65
official_macro_dcoilwtico_2015-12-11,65
official_macro_dcoilwtico_2015-12-14,65
official_macro_dcoilwtico_2015-12-15,65
official_macro_dcoilwtico_2015-12-16,65
official_macro_dcoilwtico_2015-12-17,65
official_macro_dcoilwtico_2015-12-18,65
official_macro_dcoilwtico_2015-12-21,65
official_macro_dcoilwtico_2015-12-22,65
official_macro_dcoilwtico_2015-12-23,65
official_macro_dcoilwtico_2015-12-24,65
official_macro_dcoilwtico_2015-12-28,65
official_macro_dcoilwtico_2015-12-29,65
official_macro_dcoilwtico_2015-12-30,65
official_macro_dcoilwtico_2015-12-31,65
official_macro_dcoilwtico_2016-01-04,65
official_macro_dcoilwtico_2016-01-05,65
official_macro_dcoilwtico_2016-01-06,65
official_macro_dcoilwtico_2016-01-07,65
official_macro_dcoilwtico_2016-01-08,65
official_macro_dcoilwtico_2016-01-11,65
official_macro_dcoilwtico_2016-01-12,65
official_macro_dcoilwtico_2016-01-13,65
official_macro_dcoilwtico_2016-01-14,65
official_macro_dcoilwtico_2016-01-15,65
official_macro_dcoilwtico_2016-01-19,65
official_macro_dcoilwtico_2016-01-20,65
official_macro_dcoilwtico_2016-01-21,65
official_macro_dcoilwtico_2016-01-22,65
official_macro_dcoilwtico_2016-01-25,65
official_macro_dcoilwtico_2016-01-26,65
official_macro_dcoilwtico_2016-01-27,65
official_macro_dcoilwtico_2016-01-28,65
official_macro_dcoilwtico_2016-01-29,65
official_macro_dcoilwtico_2016-02-01,65
official_macro_dcoilwtico_2016-02-02,65
official_macro_dcoilwtico_2016-02-03,65
official_macro_dcoilwtico_2016-02-04,65
official_macro_dcoilwtico_2016-02-05,65
official_macro_dcoilwtico_2016-02-08,65
official_macro_dcoilwtico_2016-02-09,65
official_macro_dcoilwtico_2016-02-10,65
official_macro_dcoilwtico_2016-02-11,65
official_macro_dcoilwtico_2016-02-12,65
official_macro_dcoilwtico_2016-02-16,65
official_macro_dcoilwtico_2016-02-17,65
official_macro_dcoilwtico_2016-02-18,65
official_macro_dcoilwtico_2016-02-19,65
official_macro_dcoilwtico_2016-02-22,65
official_macro_dcoilwtico_2016-02-23,65
official_macro_dcoilwtico_2016-02-24,65
official_macro_dcoilwtico_2016-02-25,65
official_macro_dcoilwtico_2016-02-26,65
official_macro_dcoilwtico_2016-02-29,65
official_macro_dcoilwtico_2016-03-01,65
official_macro_dcoilwtico_2016-03-02,65
official_macro_dcoilwtico_2016-03-03,65
official_macro_dcoilwtico_2016-03-04,65
official_macro_dcoilwtico_2016-03-07,65
official_macro_dcoilwtico_2016-03-08,65
official_macro_dcoilwtico_2016-03-09,65
official_macro_dcoilwtico_2016-03-10,65
official_macro_dcoilwtico_2016-03-11,65
official_macro_dcoilwtico_2016-03-14,65
official_macro_dcoilwtico_2016-03-15,65
official_macro_dcoilwtico_2016-03-16,65
official_macro_dcoilwtico_2016-03-17,65
official_macro_dcoilwtico_2016-03-18,65
official_macro_dcoilwtico_2016-03-21,65
official_macro_dcoilwtico_2016-03-22,65
official_macro_dcoilwtico_2016-03-23,65
official_macro_dcoilwtico_2016-03-24,65
official_macro_dcoilwtico_2016-03-28,65
official_macro_dcoilwtico_2016-03-29,65
official_macro_dcoilwtico_2016-03-30,65
official_macro_dcoilwtico_2016-03-31,65
official_macro_dcoilwtico_2016-04-01,65
official_macro_dcoilwtico_2016-04-04,65
official_macro_dcoilwtico_2016-04-05,65
official_macro_dcoilwtico_2016-04-06,65
official_macro_dcoilwtico_2016-04-07,65
official_macro_dcoilwtico_2016-04-08,65
official_macro_dcoilwtico_2016-04-11,65
official_macro_dcoilwtico_2016-04-12,65
official_macro_dcoilwtico_2016-04-13,65
official_macro_dcoilwtico_2016-04-14,65
official_macro_dcoilwtico_2016-04-15,65
official_macro_dcoilwtico_2016-04-18,65
official_macro_dcoilwtico_2016-04-19,65
official_macro_dcoilwtico_2016-04-20,65
official_macro_dcoilwtico_2016-04-21,65
official_macro_dcoilwtico_2016-04-22,65
official_macro_dcoilwtico_2016-04-25,65
official_macro_dcoilwtico_2016-04-26,65
official_macro_dcoilwtico_2016-04-27,65
official_macro_dcoilwtico_2016-04-28,65
official_macro_dcoilwtico_2016-04-29,65
official_macro_dcoilwtico_2016-05-02,65
official_macro_dcoilwtico_2016-05-03,65
official_macro_dcoilwtico_2016-05-04,65
official_macro_dcoilwtico_2016-05-05,65
official_macro_dcoilwtico_2016-05-06,65
official_macro_dcoilwtico_2016-05-09,65
official_macro_dcoilwtico_2016-05-10,65
official_macro_dcoilwtico_2016-05-11,65
official_macro_dcoilwtico_2016-05-12,65
official_macro_dcoilwtico_2016-05-13,65
official_macro_dcoilwtico_2016-05-16,65
official_macro_dcoilwtico_2016-05-17,65
official_macro_dcoilwtico_2016-05-18,65
official_macro_dcoilwtico_2016-05-19,65
official_macro_dcoilwtico_2016-05-20,65
official_macro_dcoilwtico_2016-05-23,65
official_macro_dcoilwtico_2016-05-24,65
official_macro_dcoilwtico_2016-05-25,65
official_macro_dcoilwtico_2016-05-26,65
official_macro_dcoilwtico_2016-05-27,65
official_macro_dcoilwtico_2016-05-31,65
official_macro_dcoilwtico_2016-06-01,65
official_macro_dcoilwtico_2016-06-02,65
official_macro_dcoilwtico_2016-06-03,65
official_macro_dcoilwtico_2016-06-06,65
official_macro_dcoilwtico_2016-06-07,65
official_macro_dcoilwtico_2016-06-08,65
official_macro_dcoilwtico_2016-06-09,65
official_macro_dcoilwtico_2016-06-10,65
official_macro_dcoilwtico_2016-06-13,65
official_macro_dcoilwtico_2016-06-14,65
official_macro_dcoilwtico_2016-06-15,65
official_macro_dcoilwtico_2016-06-16,65
official_macro_dcoilwtico_2016-06-17,65
official_macro_dcoilwtico_2016-06-20,65
official_macro_dcoilwtico_2016-06-21,65
official_macro_dcoilwtico_2016-06-22,65
official_macro_dcoilwtico_2016-06-23,65
official_macro_dcoilwtico_2016-06-24,65
official_macro_dcoilwtico_2016-06-27,65
official_macro_dcoilwtico_2016-06-28,65
official_macro_dcoilwtico_2016-06-29,65
official_macro_dcoilwtico_2016-06-30,65
official_macro_dcoilwtico_2016-07-01,65
official_macro_dcoilwtico_2016-07-05,65
official_macro_dcoilwtico_2016-07-06,65
official_macro_dcoilwtico_2016-07-07,65
official_macro_dcoilwtico_2016-07-08,65
official_macro_dcoilwtico_2016-07-11,65
official_macro_dcoilwtico_2016-07-12,65
official_macro_dcoilwtico_2016-07-13,65
official_macro_dcoilwtico_2016-07-14,65
official_macro_dcoilwtico_2016-07-15,65
official_macro_dcoilwtico_2016-07-18,65
official_macro_dcoilwtico_2016-07-19,65
official_macro_dcoilwtico_2016-07-20,65
official_macro_dcoilwtico_2016-07-21,65
official_macro_dcoilwtico_2016-07-22,65
official_macro_dcoilwtico_2016-07-25,65
official_macro_dcoilwtico_2016-07-26,65
official_macro_dcoilwtico_2016-07-27,65
official_macro_dcoilwtico_2016-07-28,65
official_macro_dcoilwtico_2016-07-29,65
official_macro_dcoilwtico_2016-08-01,65
official_macro_dcoilwtico_2016-08-02,65
official_macro_dcoilwtico_2016-08-03,65
official_macro_dcoilwtico_2016-08-04,65
official_macro_dcoilwtico_2016-08-05,65
official_macro_dcoilwtico_2016-08-08,65
official_macro_dcoilwtico_2016-08-09,65
official_macro_dcoilwtico_2016-08-10,65
official_macro_dcoilwtico_2016-08-11,65
official_macro_dcoilwtico_2016-08-12,65
official_macro_dcoilwtico_2016-08-15,65
official_macro_dcoilwtico_2016-08-16,65
official_macro_dcoilwtico_2016-08-17,65
official_macro_dcoilwtico_2016-08-18,65
official_macro_dcoilwtico_2016-08-19,65
official_macro_dcoilwtico_2016-08-22,65
official_macro_dcoilwtico_2016-08-23,65
official_macro_dcoilwtico_2016-08-24,65
official_macro_dcoilwtico_2016-08-25,65
official_macro_dcoilwtico_2016-08-26,65
official_macro_dcoilwtico_2016-08-29,65
official_macro_dcoilwtico_2016-08-30,65
official_macro_dcoilwtico_2016-08-31,65
official_macro_dcoilwtico_2016-09-01,65
official_macro_dcoilwtico_2016-09-02,65
official_macro_dcoilwtico_2016-09-06,65
official_macro_dcoilwtico_2016-09-07,65
official_macro_dcoilwtico_2016-09-08,65
official_macro_dcoilwtico_2016-09-09,65
official_macro_dcoilwtico_2016-09-12,65
official_macro_dcoilwtico_2016-09-13,65
official_macro_dcoilwtico_2016-09-14,65
official_macro_dcoilwtico_2016-09-15,65
official_macro_dcoilwtico_2016-09-16,65
official_macro_dcoilwtico_2016-09-19,65
official_macro_dcoilwtico_2016-09-20,65
official_macro_dcoilwtico_2016-09-21,65
official_macro_dcoilwtico_2016-09-22,65
official_macro_dcoilwtico_2016-09-23,65
official_macro_dcoilwtico_2016-09-26,65
official_macro_dcoilwtico_2016-09-27,65
official_macro_dcoilwtico_2016-09-28,65
official_macro_dcoilwtico_2016-09-29,65
official_macro_dcoilwtico_2016-09-30,65
official_macro_dcoilwtico_2016-10-03,65
official_macro_dcoilwtico_2016-10-04,65
official_macro_dcoilwtico_2016-10-05,65
official_macro_dcoilwtico_2016-10-06,65
official_macro_dcoilwtico_2016-10-07,65
official_macro_dcoilwtico_2016-10-10,65
official_macro_dcoilwtico_2016-10-11,65
official_macro_dcoilwtico_2016-10-12,65
official_macro_dcoilwtico_2016-10-13,65
official_macro_dcoilwtico_2016-10-14,65
official_macro_dcoilwtico_2016-10-17,65
official_macro_dcoilwtico_2016-10-18,65
official_macro_dcoilwtico_2016-10-19,65
official_macro_dcoilwtico_2016-10-20,65
official_macro_dcoilwtico_2016-10-21,65
official_macro_dcoilwtico_2016-10-24,65
official_macro_dcoilwtico_2016-10-25,65
official_macro_dcoilwtico_2016-10-26,65
official_macro_dcoilwtico_2016-10-27,65
official_macro_dcoilwtico_2016-10-28,65
official_macro_dcoilwtico_2016-10-31,65
official_macro_dcoilwtico_2016-11-01,65
official_macro_dcoilwtico_2016-11-02,65
official_macro_dcoilwtico_2016-11-03,65
official_macro_dcoilwtico_2016-11-04,65
official_macro_dcoilwtico_2016-11-07,65
official_macro_dcoilwtico_2016-11-08,65
official_macro_dcoilwtico_2016-11-09,65
official_macro_dcoilwtico_2016-11-10,65
official_macro_dcoilwtico_2016-11-11,65
official_macro_dcoilwtico_2016-11-14,65
official_macro_dcoilwtico_2016-11-15,65
official_macro_dcoilwtico_2016-11-16,65
official_macro_dcoilwtico_2016-11-17,65
official_macro_dcoilwtico_2016-11-18,65
official_macro_dcoilwtico_2016-11-21,65
official_macro_dcoilwtico_2016-11-22,65
official_macro_dcoilwtico_2016-11-23,65
official_macro_dcoilwtico_2016-11-25,65
official_macro_dcoilwtico_2016-11-28,65
official_macro_dcoilwtico_2016-11-29,65
official_macro_dcoilwtico_2016-11-30,65
official_macro_dcoilwtico_2016-12-01,65
official_macro_dcoilwtico_2016-12-02,65
official_macro_dcoilwtico_2016-12-05,65
official_macro_dcoilwtico_2016-12-06,65
official_macro_dcoilwtico_2016-12-07,65
official_macro_dcoilwtico_2016-12-08,65
official_macro_dcoilwtico_2016-12-09,65
official_macro_dcoilwtico_2016-12-12,65
official_macro_dcoilwtico_2016-12-13,65
official_macro_dcoilwtico_2016-12-14,65
official_macro_dcoilwtico_2016-12-15,65
official_macro_dcoilwtico_2016-12-16,65
official_macro_dcoilwtico_2016-12-19,65
official_macro_dcoilwtico_2016-12-20,65
official_macro_dcoilwtico_2016-12-21,65
official_macro_dcoilwtico_2016-12-22,65
official_macro_dcoilwtico_2016-12-23,65
official_macro_dcoilwtico_2016-12-27,65
official_macro_dcoilwtico_2016-12-28,65
official_macro_dcoilwtico_2016-12-29,65
official_macro_dcoilwtico_2016-12-30,65
official_macro_dcoilwtico_2017-01-03,65
official_macro_dcoilwtico_2017-01-04,65
official_macro_dcoilwtico_2017-01-05,65
official_macro_dcoilwtico_2017-01-06,65
official_macro_dcoilwtico_2017-01-09,65
official_macro_dcoilwtico_2017-01-10,65
official_macro_dcoilwtico_2017-01-11,65
official_macro_dcoilwtico_2017-01-12,65
official_macro_dcoilwtico_2017-01-13,65
official_macro_dcoilwtico_2017-01-17,65
official_macro_dcoilwtico_2017-01-18,65
official_macro_dcoilwtico_2017-01-19,65
official_macro_dcoilwtico_2017-01-20,65
official_macro_dcoilwtico_2017-01-23,65
official_macro_dcoilwtico_2017-01-24,65
official_macro_dcoilwtico_2017-01-25,65
official_macro_dcoilwtico_2017-01-26,65
official_macro_dcoilwtico_2017-01-27,65
official_macro_dcoilwtico_2017-01-30,65
official_macro_dcoilwtico_2017-01-31,65
official_macro_dcoilwtico_2017-02-01,65
official_macro_dcoilwtico_2017-02-02,65
official_macro_dcoilwtico_2017-02-03,65
official_macro_dcoilwtico_2017-02-06,65
official_macro_dcoilwtico_2017-02-07,65
official_macro_dcoilwtico_2017-02-08,65
official_macro_dcoilwtico_2017-02-09,65
official_macro_dcoilwtico_2017-02-10,65
official_macro_dcoilwtico_2017-02-13,65
official_macro_dcoilwtico_2017-02-14,65
official_macro_dcoilwtico_2017-02-15,65
official_macro_dcoilwtico_2017-02-16,65
official_macro_dcoilwtico_2017-02-17,65
official_macro_dcoilwtico_2017-02-21,65
official_macro_dcoilwtico_2017-02-22,65
official_macro_dcoilwtico_2017-02-23,65
official_macro_dcoilwtico_2017-02-24,65
official_macro_dcoilwtico_2017-02-27,65
official_macro_dcoilwtico_2017-02-28,65
official_macro_dcoilwtico_2017-03-01,65
official_macro_dcoilwtico_2017-03-02,65
official_macro_dcoilwtico_2017-03-03,65
official_macro_dcoilwtico_2017-03-06,65
official_macro_dcoilwtico_2017-03-07,65
official_macro_dcoilwtico_2017-03-08,65
official_macro_dcoilwtico_2017-03-09,65
official_macro_dcoilwtico_2017-03-10,65
official_macro_dcoilwtico_2017-03-13,65
official_macro_dcoilwtico_2017-03-14,65
official_macro_dcoilwtico_2017-03-15,65
official_macro_dcoilwtico_2017-03-16,65
official_macro_dcoilwtico_2017-03-17,65
official_macro_dcoilwtico_2017-03-20,65
official_macro_dcoilwtico_2017-03-21,65
official_macro_dcoilwtico_2017-03-22,65
official_macro_dcoilwtico_2017-03-23,65
official_macro_dcoilwtico_2017-03-24,65
official_macro_dcoilwtico_2017-03-27,65
official_macro_dcoilwtico_2017-03-28,65
official_macro_dcoilwtico_2017-03-29,65
official_macro_dcoilwtico_2017-03-30,65
official_macro_dcoilwtico_2017-03-31,65
official_macro_dcoilwtico_2017-04-03,65
official_macro_dcoilwtico_2017-04-04,65
official_macro_dcoilwtico_2017-04-05,65
official_macro_dcoilwtico_2017-04-06,65
official_macro_dcoilwtico_2017-04-07,65
official_macro_dcoilwtico_2017-04-10,65
official_macro_dcoilwtico_2017-04-11,65
official_macro_dcoilwtico_2017-04-12,65
official_macro_dcoilwtico_2017-04-13,65
official_macro_dcoilwtico_2017-04-17,65
official_macro_dcoilwtico_2017-04-18,65
official_macro_dcoilwtico_2017-04-19,65
official_macro_dcoilwtico_2017-04-20,65
official_macro_dcoilwtico_2017-04-21,65
official_macro_dcoilwtico_2017-04-24,65
official_macro_dcoilwtico_2017-04-25,65
official_macro_dcoilwtico_2017-04-26,65
official_macro_dcoilwtico_2017-04-27,65
official_macro_dcoilwtico_2017-04-28,65
official_macro_dcoilwtico_2017-05-01,65
official_macro_dcoilwtico_2017-05-02,65
official_macro_dcoilwtico_2017-05-03,65
official_macro_dcoilwtico_2017-05-04,65
official_macro_dcoilwtico_2017-05-05,65
official_macro_dcoilwtico_2017-05-08,65
official_macro_dcoilwtico_2017-05-09,65
official_macro_dcoilwtico_2017-05-10,65
official_macro_dcoilwtico_2017-05-11,65
official_macro_dcoilwtico_2017-05-12,65
official_macro_dcoilwtico_2017-05-15,65
official_macro_dcoilwtico_2017-05-16,65
official_macro_dcoilwtico_2017-05-17,65
official_macro_dcoilwtico_2017-05-18,65
official_macro_dcoilwtico_2017-05-19,65
official_macro_dcoilwtico_2017-05-22,65
official_macro_dcoilwtico_2017-05-23,65
official_macro_dcoilwtico_2017-05-24,65
official_macro_dcoilwtico_2017-05-25,65
official_macro_dcoilwtico_2017-05-26,65
official_macro_dcoilwtico_2017-05-30,65
official_macro_dcoilwtico_2017-05-31,65
official_macro_dcoilwtico_2017-06-01,65
official_macro_dcoilwtico_2017-06-02,65
official_macro_dcoilwtico_2017-06-05,65
official_macro_dcoilwtico_2017-06-06,65
official_macro_dcoilwtico_2017-06-07,65
official_macro_dcoilwtico_2017-06-08,65
official_macro_dcoilwtico_2017-06-09,65
official_macro_dcoilwtico_2017-06-12,65
official_macro_dcoilwtico_2017-06-13,65
official_macro_dcoilwtico_2017-06-14,65
official_macro_dcoilwtico_2017-06-15,65
official_macro_dcoilwtico_2017-06-16,65
official_macro_dcoilwtico_2017-06-19,65
official_macro_dcoilwtico_2017-06-20,65
official_macro_dcoilwtico_2017-06-21,65
official_macro_dcoilwtico_2017-06-22,65
official_macro_dcoilwtico_2017-06-23,65
official_macro_dcoilwtico_2017-06-26,65
official_macro_dcoilwtico_2017-06-27,65
official_macro_dcoilwtico_2017-06-28,65
official_macro_dcoilwtico_2017-06-29,65
official_macro_dcoilwtico_2017-06-30,65
official_macro_dcoilwtico_2017-07-05,65
official_macro_dcoilwtico_2017-07-06,65
official_macro_dcoilwtico_2017-07-07,65
official_macro_dcoilwtico_2017-07-10,65
official_macro_dcoilwtico_2017-07-11,65
official_macro_dcoilwtico_2017-07-12,65
official_macro_dcoilwtico_2017-07-13,65
official_macro_dcoilwtico_2017-07-14,65
official_macro_dcoilwtico_2017-07-17,65
official_macro_dcoilwtico_2017-07-18,65
official_macro_dcoilwtico_2017-07-19,65
official_macro_dcoilwtico_2017-07-20,65
official_macro_dcoilwtico_2017-07-21,65
official_macro_dcoilwtico_2017-07-24,65
official_macro_dcoilwtico_2017-07-25,65
official_macro_dcoilwtico_2017-07-26,65
official_macro_dcoilwtico_2017-07-27,65
official_macro_dcoilwtico_2017-07-28,65
official_macro_dcoilwtico_2017-07-31,65
official_macro_dcoilwtico_2017-08-01,65
official_macro_dcoilwtico_2017-08-02,65
official_macro_dcoilwtico_2017-08-03,65
official_macro_dcoilwtico_2017-08-04,65
official_macro_dcoilwtico_2017-08-07,65
official_macro_dcoilwtico_2017-08-08,65
official_macro_dcoilwtico_2017-08-09,65
official_macro_dcoilwtico_2017-08-10,65
official_macro_dcoilwtico_2017-08-11,65
official_macro_dcoilwtico_2017-08-14,65
official_macro_dcoilwtico_2017-08-15,65
official_macro_dcoilwtico_2017-08-16,65
official_macro_dcoilwtico_2017-08-17,65
official_macro_dcoilwtico_2017-08-18,65
official_macro_dcoilwtico_2017-08-21,65
official_macro_dcoilwtico_2017-08-22,65
official_macro_dcoilwtico_2017-08-23,65
official_macro_dcoilwtico_2017-08-24,65
official_macro_dcoilwtico_2017-08-25,65
official_macro_dcoilwtico_2017-08-28,65
official_macro_dcoilwtico_2017-08-29,65
official_macro_dcoilwtico_2017-08-30,65
official_macro_dcoilwtico_2017-08-31,65
official_macro_dcoilwtico_2017-09-01,65
official_macro_dcoilwtico_2017-09-05,65
official_macro_dcoilwtico_2017-09-06,65
official_macro_dcoilwtico_2017-09-07,65
official_macro_dcoilwtico_2017-09-08,65
official_macro_dcoilwtico_2017-09-11,65
official_macro_dcoilwtico_2017-09-12,65
official_macro_dcoilwtico_2017-09-13,65
official_macro_dcoilwtico_2017-09-14,65
official_macro_dcoilwtico_2017-09-15,65
official_macro_dcoilwtico_2017-09-18,65
official_macro_dcoilwtico_2017-09-19,65
official_macro_dcoilwtico_2017-09-20,65
official_macro_dcoilwtico_2017-09-21,65
official_macro_dcoilwtico_2017-09-22,65
official_macro_dcoilwtico_2017-09-25,65
official_macro_dcoilwtico_2017-09-26,65
official_macro_dcoilwtico_2017-09-27,65
official_macro_dcoilwtico_2017-09-28,65
official_macro_dcoilwtico_2017-09-29,65
official_macro_dcoilwtico_2017-10-02,65
official_macro_dcoilwtico_2017-10-03,65
official_macro_dcoilwtico_2017-10-04,65
official_macro_dcoilwtico_2017-10-05,65
official_macro_dcoilwtico_2017-10-06,65
official_macro_dcoilwtico_2017-10-09,65
official_macro_dcoilwtico_2017-10-10,65
official_macro_dcoilwtico_2017-10-11,65
official_macro_dcoilwtico_2017-10-12,65
official_macro_dcoilwtico_2017-10-13,65
official_macro_dcoilwtico_2017-10-16,65
official_macro_dcoilwtico_2017-10-17,65
official_macro_dcoilwtico_2017-10-18,65
official_macro_dcoilwtico_2017-10-19,65
official_macro_dcoilwtico_2017-10-20,65
official_macro_dcoilwtico_2017-10-23,65
official_macro_dcoilwtico_2017-10-24,65
official_macro_dcoilwtico_2017-10-25,65
official_macro_dcoilwtico_2017-10-26,65
official_macro_dcoilwtico_2017-10-27,65
official_macro_dcoilwtico_2017-10-30,65
official_macro_dcoilwtico_2017-10-31,65
official_macro_dcoilwtico_2017-11-01,65
official_macro_dcoilwtico_2017-11-02,65
official_macro_dcoilwtico_2017-11-03,65
official_macro_dcoilwtico_2017-11-06,65
official_macro_dcoilwtico_2017-11-07,65
official_macro_dcoilwtico_2017-11-08,65
official_macro_dcoilwtico_2017-11-09,65
official_macro_dcoilwtico_2017-11-10,65
official_macro_dcoilwtico_2017-11-13,65
official_macro_dcoilwtico_2017-11-14,65
official_macro_dcoilwtico_2017-11-15,65
official_macro_dcoilwtico_2017-11-16,65
official_macro_dcoilwtico_2017-11-17,65
official_macro_dcoilwtico_2017-11-20,65
official_macro_dcoilwtico_2017-11-21,65
official_macro_dcoilwtico_2017-11-22,65
official_macro_dcoilwtico_2017-11-24,65
official_macro_dcoilwtico_2017-11-27,65
official_macro_dcoilwtico_2017-11-28,65
official_macro_dcoilwtico_2017-11-29,65
official_macro_dcoilwtico_2017-11-30,65
official_macro_dcoilwtico_2017-12-01,65
official_macro_dcoilwtico_2017-12-04,65
official_macro_dcoilwtico_2017-12-05,65
official_macro_dcoilwtico_2017-12-06,65
official_macro_dcoilwtico_2017-12-07,65
official_macro_dcoilwtico_2017-12-08,65
official_macro_dcoilwtico_2017-12-11,65
official_macro_dcoilwtico_2017-12-12,65
official_macro_dcoilwtico_2017-12-13,65
official_macro_dcoilwtico_2017-12-14,65
official_macro_dcoilwtico_2017-12-15,65
official_macro_dcoilwtico_2017-12-18,65
official_macro_dcoilwtico_2017-12-19,65
official_macro_dcoilwtico_2017-12-20,65
official_macro_dcoilwtico_2017-12-21,65
official_macro_dcoilwtico_2017-12-22,65
official_macro_dcoilwtico_2017-12-26,65
official_macro_dcoilwtico_2017-12-27,65
official_macro_dcoilwtico_2017-12-28,65
official_macro_dcoilwtico_2017-12-29,65
official_macro_dcoilwtico_2018-01-02,65
official_macro_dcoilwtico_2018-01-03,65
official_macro_dcoilwtico_2018-01-04,65
official_macro_dcoilwtico_2018-01-05,65
official_macro_dcoilwtico_2018-01-08,65
official_macro_dcoilwtico_2018-01-09,65
official_macro_dcoilwtico_2018-01-10,65
official_macro_dcoilwtico_2018-01-11,65
official_macro_dcoilwtico_2018-01-12,65
official_macro_dcoilwtico_2018-01-16,65
official_macro_dcoilwtico_2018-01-17,65
official_macro_dcoilwtico_2018-01-18,65
official_macro_dcoilwtico_2018-01-19,65
official_macro_dcoilwtico_2018-01-22,65
official_macro_dcoilwtico_2018-01-23,65
official_macro_dcoilwtico_2018-01-24,65
official_macro_dcoilwtico_2018-01-25,65
official_macro_dcoilwtico_2018-01-26,65
official_macro_dcoilwtico_2018-01-29,65
official_macro_dcoilwtico_2018-01-30,65
official_macro_dcoilwtico_2018-01-31,65
official_macro_dcoilwtico_2018-02-01,65
official_macro_dcoilwtico_2018-02-02,65
official_macro_dcoilwtico_2018-02-05,65
official_macro_dcoilwtico_2018-02-06,65
official_macro_dcoilwtico_2018-02-07,65
official_macro_dcoilwtico_2018-02-08,65
official_macro_dcoilwtico_2018-02-09,65
official_macro_dcoilwtico_2018-02-12,65
official_macro_dcoilwtico_2018-02-13,65
official_macro_dcoilwtico_2018-02-14,65
official_macro_dcoilwtico_2018-02-15,65
official_macro_dcoilwtico_2018-02-16,65
official_macro_dcoilwtico_2018-02-20,65
official_macro_dcoilwtico_2018-02-21,65
official_macro_dcoilwtico_2018-02-22,65
official_macro_dcoilwtico_2018-02-23,65
official_macro_dcoilwtico_2018-02-26,65
official_macro_dcoilwtico_2018-02-27,65
official_macro_dcoilwtico_2018-02-28,65
official_macro_dcoilwtico_2018-03-01,65
official_macro_dcoilwtico_2018-03-02,65
official_macro_dcoilwtico_2018-03-05,65
official_macro_dcoilwtico_2018-03-06,65
official_macro_dcoilwtico_2018-03-07,65
official_macro_dcoilwtico_2018-03-08,65
official_macro_dcoilwtico_2018-03-09,65
official_macro_dcoilwtico_2018-03-12,65
official_macro_dcoilwtico_2018-03-13,65
official_macro_dcoilwtico_2018-03-14,65
official_macro_dcoilwtico_2018-03-15,65
official_macro_dcoilwtico_2018-03-16,65
official_macro_dcoilwtico_2018-03-19,65
official_macro_dcoilwtico_2018-03-20,65
official_macro_dcoilwtico_2018-03-21,65
official_macro_dcoilwtico_2018-03-22,65
official_macro_dcoilwtico_2018-03-23,65
official_macro_dcoilwtico_2018-03-26,65
official_macro_dcoilwtico_2018-03-27,65
official_macro_dcoilwtico_2018-03-28,65
official_macro_dcoilwtico_2018-03-29,65
official_macro_dcoilwtico_2018-04-02,65
official_macro_dcoilwtico_2018-04-03,65
official_macro_dcoilwtico_2018-04-04,65
official_macro_dcoilwtico_2018-04-05,65
official_macro_dcoilwtico_2018-04-06,65
official_macro_dcoilwtico_2018-04-09,65
official_macro_dcoilwtico_2018-04-10,65
official_macro_dcoilwtico_2018-04-11,65
official_macro_dcoilwtico_2018-04-12,65
official_macro_dcoilwtico_2018-04-13,65
official_macro_dcoilwtico_2018-04-16,65
official_macro_dcoilwtico_2018-04-17,65
official_macro_dcoilwtico_2018-04-18,65
official_macro_dcoilwtico_2018-04-19,65
official_macro_dcoilwtico_2018-04-20,65
official_macro_dcoilwtico_2018-04-23,65
official_macro_dcoilwtico_2018-04-24,65
official_macro_dcoilwtico_2018-04-25,65
official_macro_dcoilwtico_2018-04-26,65
official_macro_dcoilwtico_2018-04-27,65
official_macro_dcoilwtico_2018-04-30,65
official_macro_dcoilwtico_2018-05-01,65
official_macro_dcoilwtico_2018-05-02,65
official_macro_dcoilwtico_2018-05-03,65
official_macro_dcoilwtico_2018-05-04,65
official_macro_dcoilwtico_2018-05-07,65
official_macro_dcoilwtico_2018-05-08,65
official_macro_dcoilwtico_2018-05-09,65
official_macro_dcoilwtico_2018-05-10,65
official_macro_dcoilwtico_2018-05-11,65
official_macro_dcoilwtico_2018-05-14,65
official_macro_dcoilwtico_2018-05-15,65
official_macro_dcoilwtico_2018-05-16,65
official_macro_dcoilwtico_2018-05-17,65
official_macro_dcoilwtico_2018-05-18,65
official_macro_dcoilwtico_2018-05-21,65
official_macro_dcoilwtico_2018-05-22,65
official_macro_dcoilwtico_2018-05-23,65
official_macro_dcoilwtico_2018-05-24,65
official_macro_dcoilwtico_2018-05-25,65
official_macro_dcoilwtico_2018-05-29,65
official_macro_dcoilwtico_2018-05-30,65
official_macro_dcoilwtico_2018-05-31,65
official_macro_dcoilwtico_2018-06-01,65
official_macro_dcoilwtico_2018-06-04,65
official_macro_dcoilwtico_2018-06-05,65
official_macro_dcoilwtico_2018-06-06,65
official_macro_dcoilwtico_2018-06-07,65
official_macro_dcoilwtico_2018-06-08,65
official_macro_dcoilwtico_2018-06-11,65
official_macro_dcoilwtico_2018-06-12,65
official_macro_dcoilwtico_2018-06-13,65
official_macro_dcoilwtico_2018-06-14,65
official_macro_dcoilwtico_2018-06-15,65
official_macro_dcoilwtico_2018-06-18,65
official_macro_dcoilwtico_2018-06-19,65
official_macro_dcoilwtico_2018-06-20,65
official_macro_dcoilwtico_2018-06-21,65
official_macro_dcoilwtico_2018-06-22,65
official_macro_dcoilwtico_2018-06-25,65
official_macro_dcoilwtico_2018-06-26,65
official_macro_dcoilwtico_2018-06-27,65
official_macro_dcoilwtico_2018-06-28,65
official_macro_dcoilwtico_2018-06-29,65
official_macro_dcoilwtico_2018-07-02,65
official_macro_dcoilwtico_2018-07-03,65
official_macro_dcoilwtico_2018-07-05,65
official_macro_dcoilwtico_2018-07-06,65
official_macro_dcoilwtico_2018-07-09,65
official_macro_dcoilwtico_2018-07-10,65
official_macro_dcoilwtico_2018-07-11,65
official_macro_dcoilwtico_2018-07-12,65
official_macro_dcoilwtico_2018-07-13,65
official_macro_dcoilwtico_2018-07-16,65
official_macro_dcoilwtico_2018-07-17,65
official_macro_dcoilwtico_2018-07-18,65
official_macro_dcoilwtico_2018-07-19,65
official_macro_dcoilwtico_2018-07-20,65
official_macro_dcoilwtico_2018-07-23,65
official_macro_dcoilwtico_2018-07-24,65
official_macro_dcoilwtico_2018-07-25,65
official_macro_dcoilwtico_2018-07-26,65
official_macro_dcoilwtico_2018-07-27,65
official_macro_dcoilwtico_2018-07-30,65
official_macro_dcoilwtico_2018-07-31,65
official_macro_dcoilwtico_2018-08-01,65
official_macro_dcoilwtico_2018-08-02,65
official_macro_dcoilwtico_2018-08-03,65
official_macro_dcoilwtico_2018-08-06,65
official_macro_dcoilwtico_2018-08-07,65
official_macro_dcoilwtico_2018-08-08,65
official_macro_dcoilwtico_2018-08-09,65
official_macro_dcoilwtico_2018-08-10,65
official_macro_dcoilwtico_2018-08-13,65
official_macro_dcoilwtico_2018-08-14,65
official_macro_dcoilwtico_2018-08-15,65
official_macro_dcoilwtico_2018-08-16,65
official_macro_dcoilwtico_2018-08-17,65
official_macro_dcoilwtico_2018-08-20,65
official_macro_dcoilwtico_2018-08-21,65
official_macro_dcoilwtico_2018-08-22,65
official_macro_dcoilwtico_2018-08-23,65
official_macro_dcoilwtico_2018-08-24,65
official_macro_dcoilwtico_2018-08-27,65
official_macro_dcoilwtico_2018-08-28,65
official_macro_dcoilwtico_2018-08-29,65
official_macro_dcoilwtico_2018-08-30,65
official_macro_dcoilwtico_2018-08-31,65
official_macro_dcoilwtico_2018-09-04,65
official_macro_dcoilwtico_2018-09-05,65
official_macro_dcoilwtico_2018-09-06,65
official_macro_dcoilwtico_2018-09-07,65
official_macro_dcoilwtico_2018-09-10,65
official_macro_dcoilwtico_2018-09-11,65
official_macro_dcoilwtico_2018-09-12,65
official_macro_dcoilwtico_2018-09-13,65
official_macro_dcoilwtico_2018-09-14,65
official_macro_dcoilwtico_2018-09-17,65
official_macro_dcoilwtico_2018-09-18,65
official_macro_dcoilwtico_2018-09-19,65
official_macro_dcoilwtico_2018-09-20,65
official_macro_dcoilwtico_2018-09-21,65
official_macro_dcoilwtico_2018-09-24,65
official_macro_dcoilwtico_2018-09-25,65
official_macro_dcoilwtico_2018-09-26,65
official_macro_dcoilwtico_2018-09-27,65
official_macro_dcoilwtico_2018-09-28,65
official_macro_dcoilwtico_2018-10-01,65
official_macro_dcoilwtico_2018-10-02,65
official_macro_dcoilwtico_2018-10-03,65
official_macro_dcoilwtico_2018-10-04,65
official_macro_dcoilwtico_2018-10-05,65
official_macro_dcoilwtico_2018-10-08,65
official_macro_dcoilwtico_2018-10-09,65
official_macro_dcoilwtico_2018-10-10,65
official_macro_dcoilwtico_2018-10-11,65
official_macro_dcoilwtico_2018-10-12,65
official_macro_dcoilwtico_2018-10-15,65
official_macro_dcoilwtico_2018-10-16,65
official_macro_dcoilwtico_2018-10-17,65
official_macro_dcoilwtico_2018-10-18,65
official_macro_dcoilwtico_2018-10-19,65
official_macro_dcoilwtico_2018-10-22,65
official_macro_dcoilwtico_2018-10-23,65
official_macro_dcoilwtico_2018-10-24,65
official_macro_dcoilwtico_2018-10-25,65
official_macro_dcoilwtico_2018-10-26,65
official_macro_dcoilwtico_2018-10-29,65
official_macro_dcoilwtico_2018-10-30,65
official_macro_dcoilwtico_2018-10-31,65
official_macro_dcoilwtico_2018-11-01,65
official_macro_dcoilwtico_2018-11-02,65
official_macro_dcoilwtico_2018-11-05,65
official_macro_dcoilwtico_2018-11-06,65
official_macro_dcoilwtico_2018-11-07,65
official_macro_dcoilwtico_2018-11-08,65
official_macro_dcoilwtico_2018-11-09,65
official_macro_dcoilwtico_2018-11-12,65
official_macro_dcoilwtico_2018-11-13,65
official_macro_dcoilwtico_2018-11-14,65
official_macro_dcoilwtico_2018-11-15,65
official_macro_dcoilwtico_2018-11-16,65
official_macro_dcoilwtico_2018-11-19,65
official_macro_dcoilwtico_2018-11-20,65
official_macro_dcoilwtico_2018-11-21,65
official_macro_dcoilwtico_2018-11-26,65
official_macro_dcoilwtico_2018-11-27,65
official_macro_dcoilwtico_2018-11-28,65
official_macro_dcoilwtico_2018-11-29,65
official_macro_dcoilwtico_2018-11-30,65
official_macro_dcoilwtico_2018-12-03,65
official_macro_dcoilwtico_2018-12-04,65
official_macro_dcoilwtico_2018-12-05,65
official_macro_dcoilwtico_2018-12-06,65
official_macro_dcoilwtico_2018-12-07,65
official_macro_dcoilwtico_2018-12-10,65
official_macro_dcoilwtico_2018-12-11,65
official_macro_dcoilwtico_2018-12-12,65
official_macro_dcoilwtico_2018-12-13,65
official_macro_dcoilwtico_2018-12-14,65
official_macro_dcoilwtico_2018-12-17,65
official_macro_dcoilwtico_2018-12-18,65
official_macro_dcoilwtico_2018-12-19,65
official_macro_dcoilwtico_2018-12-20,65
official_macro_dcoilwtico_2018-12-21,65
official_macro_dcoilwtico_2018-12-26,65
official_macro_dcoilwtico_2018-12-27,65
official_macro_dcoilwtico_2018-12-28,65
official_macro_dcoilwtico_2019-01-02,65
official_macro_dcoilwtico_2019-01-03,65
official_macro_dcoilwtico_2019-01-04,65
official_macro_dcoilwtico_2019-01-07,65
official_macro_dcoilwtico_2019-01-08,65
official_macro_dcoilwtico_2019-01-09,65
official_macro_dcoilwtico_2019-01-10,65
official_macro_dcoilwtico_2019-01-11,65
official_macro_dcoilwtico_2019-01-14,65
official_macro_dcoilwtico_2019-01-15,65
official_macro_dcoilwtico_2019-01-16,65
official_macro_dcoilwtico_2019-01-17,65
official_macro_dcoilwtico_2019-01-18,65
official_macro_dcoilwtico_2019-01-22,65
official_macro_dcoilwtico_2019-01-23,65
official_macro_dcoilwtico_2019-01-24,65
official_macro_dcoilwtico_2019-01-25,65
official_macro_dcoilwtico_2019-01-28,65
official_macro_dcoilwtico_2019-01-29,65
official_macro_dcoilwtico_2019-01-30,65
official_macro_dcoilwtico_2019-01-31,65
official_macro_dcoilwtico_2019-02-01,65
official_macro_dcoilwtico_2019-02-04,65
official_macro_dcoilwtico_2019-02-05,65
official_macro_dcoilwtico_2019-02-06,65
official_macro_dcoilwtico_2019-02-07,65
official_macro_dcoilwtico_2019-02-08,65
official_macro_dcoilwtico_2019-02-11,65
official_macro_dcoilwtico_2019-02-12,65
official_macro_dcoilwtico_2019-02-13,65
official_macro_dcoilwtico_2019-02-14,65
official_macro_dcoilwtico_2019-02-15,65
official_macro_dcoilwtico_2019-02-19,65
official_macro_dcoilwtico_2019-02-20,65
official_macro_dcoilwtico_2019-02-21,65
official_macro_dcoilwtico_2019-02-22,65
official_macro_dcoilwtico_2019-02-25,65
official_macro_dcoilwtico_2019-02-26,65
official_macro_dcoilwtico_2019-02-27,65
official_macro_dcoilwtico_2019-02-28,65
official_macro_dcoilwtico_2019-03-01,65
official_macro_dcoilwtico_2019-03-04,65
official_macro_dcoilwtico_2019-03-05,65
official_macro_dcoilwtico_2019-03-06,65
official_macro_dcoilwtico_2019-03-07,65
official_macro_dcoilwtico_2019-03-08,65
official_macro_dcoilwtico_2019-03-11,65
official_macro_dcoilwtico_2019-03-12,65
official_macro_dcoilwtico_2019-03-13,65
official_macro_dcoilwtico_2019-03-14,65
official_macro_dcoilwtico_2019-03-15,65
official_macro_dcoilwtico_2019-03-18,65
official_macro_dcoilwtico_2019-03-19,65
official_macro_dcoilwtico_2019-03-20,65
official_macro_dcoilwtico_2019-03-21,65
official_macro_dcoilwtico_2019-03-22,65
official_macro_dcoilwtico_2019-03-25,65
official_macro_dcoilwtico_2019-03-26,65
official_macro_dcoilwtico_2019-03-27,65
official_macro_dcoilwtico_2019-03-28,65
official_macro_dcoilwtico_2019-03-29,65
official_macro_dcoilwtico_2019-04-01,65
official_macro_dcoilwtico_2019-04-02,65
official_macro_dcoilwtico_2019-04-03,65
official_macro_dcoilwtico_2019-04-04,65
official_macro_dcoilwtico_2019-04-05,65
official_macro_dcoilwtico_2019-04-08,65
official_macro_dcoilwtico_2019-04-09,65
official_macro_dcoilwtico_2019-04-10,65
official_macro_dcoilwtico_2019-04-11,65
official_macro_dcoilwtico_2019-04-12,65
official_macro_dcoilwtico_2019-04-15,65
official_macro_dcoilwtico_2019-04-16,65
official_macro_dcoilwtico_2019-04-17,65
official_macro_dcoilwtico_2019-04-18,65
official_macro_dcoilwtico_2019-04-22,65
official_macro_dcoilwtico_2019-04-23,65
official_macro_dcoilwtico_2019-04-24,65
official_macro_dcoilwtico_2019-04-25,65
official_macro_dcoilwtico_2019-04-26,65
official_macro_dcoilwtico_2019-04-29,65
official_macro_dcoilwtico_2019-04-30,65
official_macro_dcoilwtico_2019-05-01,65
official_macro_dcoilwtico_2019-05-02,65
official_macro_dcoilwtico_2019-05-03,65
official_macro_dcoilwtico_2019-05-06,65
official_macro_dcoilwtico_2019-05-07,65
official_macro_dcoilwtico_2019-05-08,65
official_macro_dcoilwtico_2019-05-09,65
official_macro_dcoilwtico_2019-05-10,65
official_macro_dcoilwtico_2019-05-13,65
official_macro_dcoilwtico_2019-05-14,65
official_macro_dcoilwtico_2019-05-15,65
official_macro_dcoilwtico_2019-05-16,65
official_macro_dcoilwtico_2019-05-17,65
official_macro_dcoilwtico_2019-05-20,65
official_macro_dcoilwtico_2019-05-21,65
official_macro_dcoilwtico_2019-05-22,65
official_macro_dcoilwtico_2019-05-23,65
official_macro_dcoilwtico_2019-05-24,65
official_macro_dcoilwtico_2019-05-28,65
official_macro_dcoilwtico_2019-05-29,65
official_macro_dcoilwtico_2019-05-30,65
official_macro_dcoilwtico_2019-05-31,65
official_macro_dcoilwtico_2019-06-03,65
official_macro_dcoilwtico_2019-06-04,65
official_macro_dcoilwtico_2019-06-05,65
official_macro_dcoilwtico_2019-06-06,65
official_macro_dcoilwtico_2019-06-07,65
official_macro_dcoilwtico_2019-06-10,65
official_macro_dcoilwtico_2019-06-11,65
official_macro_dcoilwtico_2019-06-12,65
official_macro_dcoilwtico_2019-06-13,65
official_macro_dcoilwtico_2019-06-14,65
official_macro_dcoilwtico_2019-06-17,65
official_macro_dcoilwtico_2019-06-18,65
official_macro_dcoilwtico_2019-06-19,65
official_macro_dcoilwtico_2019-06-20,65
official_macro_dcoilwtico_2019-06-21,65
official_macro_dcoilwtico_2019-06-24,65
official_macro_dcoilwtico_2019-06-25,65
official_macro_dcoilwtico_2019-06-26,65
official_macro_dcoilwtico_2019-06-27,65
official_macro_dcoilwtico_2019-06-28,65
official_macro_dcoilwtico_2019-07-01,65
official_macro_dcoilwtico_2019-07-02,65
official_macro_dcoilwtico_2019-07-03,65
official_macro_dcoilwtico_2019-07-08,65
official_macro_dcoilwtico_2019-07-09,65
official_macro_dcoilwtico_2019-07-10,65
official_macro_dcoilwtico_2019-07-11,65
official_macro_dcoilwtico_2019-07-12,65
official_macro_dcoilwtico_2019-07-15,65
official_macro_dcoilwtico_2019-07-16,65
official_macro_dcoilwtico_2019-07-17,65
official_macro_dcoilwtico_2019-07-18,65
official_macro_dcoilwtico_2019-07-19,65
official_macro_dcoilwtico_2019-07-22,65
official_macro_dcoilwtico_2019-07-23,65
official_macro_dcoilwtico_2019-07-24,65
official_macro_dcoilwtico_2019-07-25,65
official_macro_dcoilwtico_2019-07-26,65
official_macro_dcoilwtico_2019-07-29,65
official_macro_dcoilwtico_2019-07-30,65
official_macro_dcoilwtico_2019-07-31,65
official_macro_dcoilwtico_2019-08-01,65
official_macro_dcoilwtico_2019-08-02,65
official_macro_dcoilwtico_2019-08-05,65
official_macro_dcoilwtico_2019-08-06,65
official_macro_dcoilwtico_2019-08-07,65
official_macro_dcoilwtico_2019-08-08,65
official_macro_dcoilwtico_2019-08-09,65
official_macro_dcoilwtico_2019-08-12,65
official_macro_dcoilwtico_2019-08-13,65
official_macro_dcoilwtico_2019-08-14,65
official_macro_dcoilwtico_2019-08-15,65
official_macro_dcoilwtico_2019-08-16,65
official_macro_dcoilwtico_2019-08-19,65
official_macro_dcoilwtico_2019-08-20,65
official_macro_dcoilwtico_2019-08-21,65
official_macro_dcoilwtico_2019-08-22,65
official_macro_dcoilwtico_2019-08-23,65
official_macro_dcoilwtico_2019-08-26,65
official_macro_dcoilwtico_2019-08-27,65
official_macro_dcoilwtico_2019-08-28,65
official_macro_dcoilwtico_2019-08-29,65
official_macro_dcoilwtico_2019-08-30,65
official_macro_dcoilwtico_2019-09-03,65
official_macro_dcoilwtico_2019-09-04,65
official_macro_dcoilwtico_2019-09-05,65
official_macro_dcoilwtico_2019-09-06,65
official_macro_dcoilwtico_2019-09-09,65
official_macro_dcoilwtico_2019-09-10,65
official_macro_dcoilwtico_2019-09-11,65
official_macro_dcoilwtico_2019-09-12,65
official_macro_dcoilwtico_2019-09-13,65
official_macro_dcoilwtico_2019-09-16,65
official_macro_dcoilwtico_2019-09-17,65
official_macro_dcoilwtico_2019-09-18,65
official_macro_dcoilwtico_2019-09-19,65
official_macro_dcoilwtico_2019-09-20,65
official_macro_dcoilwtico_2019-09-23,65
official_macro_dcoilwtico_2019-09-24,65
official_macro_dcoilwtico_2019-09-25,65
official_macro_dcoilwtico_2019-09-26,65
official_macro_dcoilwtico_2019-09-27,65
official_macro_dcoilwtico_2019-09-30,65
official_macro_dcoilwtico_2019-10-01,65
official_macro_dcoilwtico_2019-10-02,65
official_macro_dcoilwtico_2019-10-03,65
official_macro_dcoilwtico_2019-10-04,65
official_macro_dcoilwtico_2019-10-07,65
official_macro_dcoilwtico_2019-10-08,65
official_macro_dcoilwtico_2019-10-09,65
official_macro_dcoilwtico_2019-10-10,65
official_macro_dcoilwtico_2019-10-11,65
official_macro_dcoilwtico_2019-10-14,65
official_macro_dcoilwtico_2019-10-15,65
official_macro_dcoilwtico_2019-10-16,65
official_macro_dcoilwtico_2019-10-17,65
official_macro_dcoilwtico_2019-10-18,65
official_macro_dcoilwtico_2019-10-21,65
official_macro_dcoilwtico_2019-10-22,65
official_macro_dcoilwtico_2019-10-23,65
official_macro_dcoilwtico_2019-10-24,65
official_macro_dcoilwtico_2019-10-25,65
official_macro_dcoilwtico_2019-10-28,65
official_macro_dcoilwtico_2019-10-29,65
official_macro_dcoilwtico_2019-10-30,65
official_macro_dcoilwtico_2019-10-31,65
official_macro_dcoilwtico_2019-11-01,65
official_macro_dcoilwtico_2019-11-04,65
official_macro_dcoilwtico_2019-11-05,65
official_macro_dcoilwtico_2019-11-06,65
official_macro_dcoilwtico_2019-11-07,65
official_macro_dcoilwtico_2019-11-08,65
official_macro_dcoilwtico_2019-11-12,65
official_macro_dcoilwtico_2019-11-13,65
official_macro_dcoilwtico_2019-11-14,65
official_macro_dcoilwtico_2019-11-15,65
official_macro_dcoilwtico_2019-11-18,65
official_macro_dcoilwtico_2019-11-19,65
official_macro_dcoilwtico_2019-11-20,65
official_macro_dcoilwtico_2019-11-21,65
official_macro_dcoilwtico_2019-11-22,65
official_macro_dcoilwtico_2019-11-25,65
official_macro_dcoilwtico_2019-11-26,65
official_macro_dcoilwtico_2019-11-27,65
official_macro_dcoilwtico_2019-11-29,65
official_macro_dcoilwtico_2019-12-02,65
official_macro_dcoilwtico_2019-12-03,65
official_macro_dcoilwtico_2019-12-04,65
official_macro_dcoilwtico_2019-12-05,65
official_macro_dcoilwtico_2019-12-06,65
official_macro_dcoilwtico_2019-12-09,65
official_macro_dcoilwtico_2019-12-10,65
official_macro_dcoilwtico_2019-12-11,65
official_macro_dcoilwtico_2019-12-12,65
official_macro_dcoilwtico_2019-12-13,65
official_macro_dcoilwtico_2019-12-16,65
official_macro_dcoilwtico_2019-12-17,65
official_macro_dcoilwtico_2019-12-18,65
official_macro_dcoilwtico_2019-12-19,65
official_macro_dcoilwtico_2019-12-20,65
official_macro_dcoilwtico_2019-12-23,65
official_macro_dcoilwtico_2019-12-24,65
official_macro_dcoilwtico_2019-12-26,65
official_macro_dcoilwtico_2019-12-27,65
official_macro_dcoilwtico_2019-12-30,65
official_macro_dcoilwtico_2019-12-31,65
official_macro_dcoilwtico_2020-01-02,65
official_macro_dcoilwtico_2020-01-03,65
official_macro_dcoilwtico_2020-01-06,65
official_macro_dcoilwtico_2020-01-07,65
official_macro_dcoilwtico_2020-01-08,65
official_macro_dcoilwtico_2020-01-09,65
official_macro_dcoilwtico_2020-01-10,65
official_macro_dcoilwtico_2020-01-13,65
official_macro_dcoilwtico_2020-01-14,65
official_macro_dcoilwtico_2020-01-15,65
official_macro_dcoilwtico_2020-01-16,65
official_macro_dcoilwtico_2020-01-17,65
official_macro_dcoilwtico_2020-01-21,65
official_macro_dcoilwtico_2020-01-22,65
official_macro_dcoilwtico_2020-01-23,65
official_macro_dcoilwtico_2020-01-24,65
official_macro_dcoilwtico_2020-01-27,65
official_macro_dcoilwtico_2020-01-28,65
official_macro_dcoilwtico_2020-01-29,65
official_macro_dcoilwtico_2020-01-30,65
official_macro_dcoilwtico_2020-01-31,65
official_macro_dcoilwtico_2020-02-03,65
official_macro_dcoilwtico_2020-02-04,65
official_macro_dcoilwtico_2020-02-05,65
official_macro_dcoilwtico_2020-02-06,65
official_macro_dcoilwtico_2020-02-07,65
official_macro_dcoilwtico_2020-02-10,65
official_macro_dcoilwtico_2020-02-11,65
official_macro_dcoilwtico_2020-02-12,65
official_macro_dcoilwtico_2020-02-13,65
official_macro_dcoilwtico_2020-02-14,65
official_macro_dcoilwtico_2020-02-18,65
official_macro_dcoilwtico_2020-02-19,65
official_macro_dcoilwtico_2020-02-20,65
official_macro_dcoilwtico_2020-02-21,65
official_macro_dcoilwtico_2020-02-24,65
official_macro_dcoilwtico_2020-02-25,65
official_macro_dcoilwtico_2020-02-26,65
official_macro_dcoilwtico_2020-02-27,65
official_macro_dcoilwtico_2020-02-28,65
official_macro_dcoilwtico_2020-03-02,65
official_macro_dcoilwtico_2020-03-03,65
official_macro_dcoilwtico_2020-03-04,65
official_macro_dcoilwtico_2020-03-05,65
official_macro_dcoilwtico_2020-03-06,65
official_macro_dcoilwtico_2020-03-09,65
official_macro_dcoilwtico_2020-03-10,65
official_macro_dcoilwtico_2020-03-11,65
official_macro_dcoilwtico_2020-03-12,65
official_macro_dcoilwtico_2020-03-13,65
official_macro_dcoilwtico_2020-03-16,65
official_macro_dcoilwtico_2020-03-17,65
official_macro_dcoilwtico_2020-03-18,65
official_macro_dcoilwtico_2020-03-19,65
official_macro_dcoilwtico_2020-03-20,65
official_macro_dcoilwtico_2020-03-23,65
official_macro_dcoilwtico_2020-03-24,65
official_macro_dcoilwtico_2020-03-25,65
official_macro_dcoilwtico_2020-03-26,65
official_macro_dcoilwtico_2020-03-27,65
official_macro_dcoilwtico_2020-03-30,65
official_macro_dcoilwtico_2020-03-31,65
official_macro_dcoilwtico_2020-04-01,65
official_macro_dcoilwtico_2020-04-02,65
official_macro_dcoilwtico_2020-04-03,65
official_macro_dcoilwtico_2020-04-06,65
official_macro_dcoilwtico_2020-04-07,65
official_macro_dcoilwtico_2020-04-08,65
official_macro_dcoilwtico_2020-04-09,65
official_macro_dcoilwtico_2020-04-13,65
official_macro_dcoilwtico_2020-04-14,65
official_macro_dcoilwtico_2020-04-15,65
official_macro_dcoilwtico_2020-04-16,65
official_macro_dcoilwtico_2020-04-17,65
official_macro_dcoilwtico_2020-04-20,65
official_macro_dcoilwtico_2020-04-21,65
official_macro_dcoilwtico_2020-04-22,65
official_macro_dcoilwtico_2020-04-23,65
official_macro_dcoilwtico_2020-04-24,65
official_macro_dcoilwtico_2020-04-27,65
official_macro_dcoilwtico_2020-04-28,65
official_macro_dcoilwtico_2020-04-29,65
official_macro_dcoilwtico_2020-04-30,65
official_macro_dcoilwtico_2020-05-01,65
official_macro_dcoilwtico_2020-05-04,65
official_macro_dcoilwtico_2020-05-05,65
official_macro_dcoilwtico_2020-05-06,65
official_macro_dcoilwtico_2020-05-07,65
official_macro_dcoilwtico_2020-05-08,65
official_macro_dcoilwtico_2020-05-11,65
official_macro_dcoilwtico_2020-05-12,65
official_macro_dcoilwtico_2020-05-13,65
official_macro_dcoilwtico_2020-05-14,65
official_macro_dcoilwtico_2020-05-15,65
official_macro_dcoilwtico_2020-05-18,65
official_macro_dcoilwtico_2020-05-19,65
official_macro_dcoilwtico_2020-05-20,65
official_macro_dcoilwtico_2020-05-21,65
official_macro_dcoilwtico_2020-05-22,65
official_macro_dcoilwtico_2020-05-26,65
official_macro_dcoilwtico_2020-05-27,65
official_macro_dcoilwtico_2020-05-28,65
official_macro_dcoilwtico_2020-05-29,65
official_macro_dcoilwtico_2020-06-01,65
official_macro_dcoilwtico_2020-06-02,65
official_macro_dcoilwtico_2020-06-03,65
official_macro_dcoilwtico_2020-06-04,65
official_macro_dcoilwtico_2020-06-05,65
official_macro_dcoilwtico_2020-06-08,65
official_macro_dcoilwtico_2020-06-09,65
official_macro_dcoilwtico_2020-06-10,65
official_macro_dcoilwtico_2020-06-11,65
official_macro_dcoilwtico_2020-06-12,65
official_macro_dcoilwtico_2020-06-15,65
official_macro_dcoilwtico_2020-06-16,65
official_macro_dcoilwtico_2020-06-17,65
official_macro_dcoilwtico_2020-06-18,65
official_macro_dcoilwtico_2020-06-19,65
official_macro_dcoilwtico_2020-06-22,65
official_macro_dcoilwtico_2020-06-23,65
official_macro_dcoilwtico_2020-06-24,65
official_macro_dcoilwtico_2020-06-25,65
official_macro_dcoilwtico_2020-06-26,65
official_macro_dcoilwtico_2020-06-29,65
official_macro_dcoilwtico_2020-06-30,65
official_macro_dcoilwtico_2020-07-01,65
official_macro_dcoilwtico_2020-07-02,65
official_macro_dcoilwtico_2020-07-06,65
official_macro_dcoilwtico_2020-07-07,65
official_macro_dcoilwtico_2020-07-08,65
official_macro_dcoilwtico_2020-07-09,65
official_macro_dcoilwtico_2020-07-10,65
official_macro_dcoilwtico_2020-07-13,65
official_macro_dcoilwtico_2020-07-14,65
official_macro_dcoilwtico_2020-07-15,65
official_macro_dcoilwtico_2020-07-16,65
official_macro_dcoilwtico_2020-07-17,65
official_macro_dcoilwtico_2020-07-20,65
official_macro_dcoilwtico_2020-07-21,65
official_macro_dcoilwtico_2020-07-22,65
official_macro_dcoilwtico_2020-07-23,65
official_macro_dcoilwtico_2020-07-24,65
official_macro_dcoilwtico_2020-07-27,65
official_macro_dcoilwtico_2020-07-28,65
official_macro_dcoilwtico_2020-07-29,65
official_macro_dcoilwtico_2020-07-30,65
official_macro_dcoilwtico_2020-07-31,65
official_macro_dcoilwtico_2020-08-03,65
official_macro_dcoilwtico_2020-08-04,65
official_macro_dcoilwtico_2020-08-05,65
official_macro_dcoilwtico_2020-08-06,65
official_macro_dcoilwtico_2020-08-07,65
official_macro_dcoilwtico_2020-08-10,65
official_macro_dcoilwtico_2020-08-11,65
official_macro_dcoilwtico_2020-08-12,65
official_macro_dcoilwtico_2020-08-13,65
official_macro_dcoilwtico_2020-08-14,65
official_macro_dcoilwtico_2020-08-17,65
official_macro_dcoilwtico_2020-08-18,65
official_macro_dcoilwtico_2020-08-19,65
official_macro_dcoilwtico_2020-08-20,65
official_macro_dcoilwtico_2020-08-21,65
official_macro_dcoilwtico_2020-08-24,65
official_macro_dcoilwtico_2020-08-25,65
official_macro_dcoilwtico_2020-08-26,65
official_macro_dcoilwtico_2020-08-27,65
official_macro_dcoilwtico_2020-08-28,65
official_macro_dcoilwtico_2020-08-31,65
official_macro_dcoilwtico_2020-09-01,65
official_macro_dcoilwtico_2020-09-02,65
official_macro_dcoilwtico_2020-09-03,65
official_macro_dcoilwtico_2020-09-04,65
official_macro_dcoilwtico_2020-09-08,65
official_macro_dcoilwtico_2020-09-09,65
official_macro_dcoilwtico_2020-09-10,65
official_macro_dcoilwtico_2020-09-11,65
official_macro_dcoilwtico_2020-09-14,65
official_macro_dcoilwtico_2020-09-15,65
official_macro_dcoilwtico_2020-09-16,65
official_macro_dcoilwtico_2020-09-17,65
official_macro_dcoilwtico_2020-09-18,65
official_macro_dcoilwtico_2020-09-21,65
official_macro_dcoilwtico_2020-09-22,65
official_macro_dcoilwtico_2020-09-23,65
official_macro_dcoilwtico_2020-09-24,65
official_macro_dcoilwtico_2020-09-25,65
official_macro_dcoilwtico_2020-09-28,65
official_macro_dcoilwtico_2020-09-29,65
official_macro_dcoilwtico_2020-09-30,65
official_macro_dcoilwtico_2020-10-01,65
official_macro_dcoilwtico_2020-10-02,65
official_macro_dcoilwtico_2020-10-05,65
official_macro_dcoilwtico_2020-10-06,65
official_macro_dcoilwtico_2020-10-07,65
official_macro_dcoilwtico_2020-10-08,65
official_macro_dcoilwtico_2020-10-09,65
official_macro_dcoilwtico_2020-10-12,65
official_macro_dcoilwtico_2020-10-13,65
official_macro_dcoilwtico_2020-10-14,65
official_macro_dcoilwtico_2020-10-15,65
official_macro_dcoilwtico_2020-10-16,65
official_macro_dcoilwtico_2020-10-19,65
official_macro_dcoilwtico_2020-10-20,65
official_macro_dcoilwtico_2020-10-21,65
official_macro_dcoilwtico_2020-10-22,65
official_macro_dcoilwtico_2020-10-23,65
official_macro_dcoilwtico_2020-10-26,65
official_macro_dcoilwtico_2020-10-27,65
official_macro_dcoilwtico_2020-10-28,65
official_macro_dcoilwtico_2020-10-29,65
official_macro_dcoilwtico_2020-10-30,65
official_macro_dcoilwtico_2020-11-02,65
official_macro_dcoilwtico_2020-11-03,65
official_macro_dcoilwtico_2020-11-04,65
official_macro_dcoilwtico_2020-11-05,65
official_macro_dcoilwtico_2020-11-06,65
official_macro_dcoilwtico_2020-11-09,65
official_macro_dcoilwtico_2020-11-10,65
official_macro_dcoilwtico_2020-11-11,65
official_macro_dcoilwtico_2020-11-12,65
official_macro_dcoilwtico_2020-11-13,65
official_macro_dcoilwtico_2020-11-16,65
official_macro_dcoilwtico_2020-11-17,65
official_macro_dcoilwtico_2020-11-18,65
official_macro_dcoilwtico_2020-11-19,65
official_macro_dcoilwtico_2020-11-20,65
official_macro_dcoilwtico_2020-11-23,65
official_macro_dcoilwtico_2020-11-24,65
official_macro_dcoilwtico_2020-11-25,65
official_macro_dcoilwtico_2020-11-30,65
official_macro_dcoilwtico_2020-12-01,65
official_macro_dcoilwtico_2020-12-02,65
official_macro_dcoilwtico_2020-12-03,65
official_macro_dcoilwtico_2020-12-04,65
official_macro_dcoilwtico_2020-12-07,65
official_macro_dcoilwtico_2020-12-08,65
official_macro_dcoilwtico_2020-12-09,65
official_macro_dcoilwtico_2020-12-10,65
official_macro_dcoilwtico_2020-12-11,65
official_macro_dcoilwtico_2020-12-14,65
official_macro_dcoilwtico_2020-12-15,65
official_macro_dcoilwtico_2020-12-16,65
official_macro_dcoilwtico_2020-12-17,65
official_macro_dcoilwtico_2020-12-18,65
official_macro_dcoilwtico_2020-12-21,65
official_macro_dcoilwtico_2020-12-22,65
official_macro_dcoilwtico_2020-12-23,65
official_macro_dcoilwtico_2020-12-24,65
official_macro_dcoilwtico_2020-12-28,65
official_macro_dcoilwtico_2020-12-29,65
official_macro_dcoilwtico_2020-12-30,65
official_macro_dcoilwtico_2020-12-31,65
official_macro_dcoilwtico_2021-01-04,65
official_macro_dcoilwtico_2021-01-05,65
official_macro_dcoilwtico_2021-01-06,65
official_macro_dcoilwtico_2021-01-07,65
official_macro_dcoilwtico_2021-01-08,65
official_macro_dcoilwtico_2021-01-11,65
official_macro_dcoilwtico_2021-01-12,65
official_macro_dcoilwtico_2021-01-13,65
official_macro_dcoilwtico_2021-01-14,65
official_macro_dcoilwtico_2021-01-15,65
official_macro_dcoilwtico_2021-01-19,65
official_macro_dcoilwtico_2021-01-20,65
official_macro_dcoilwtico_2021-01-21,65
official_macro_dcoilwtico_2021-01-22,65
official_macro_dcoilwtico_2021-01-25,65
official_macro_dcoilwtico_2021-01-26,65
official_macro_dcoilwtico_2021-01-27,65
official_macro_dcoilwtico_2021-01-28,65
official_macro_dcoilwtico_2021-01-29,65
official_macro_dcoilwtico_2021-02-01,65
official_macro_dcoilwtico_2021-02-02,65
official_macro_dcoilwtico_2021-02-03,65
official_macro_dcoilwtico_2021-02-04,65
official_macro_dcoilwtico_2021-02-05,65
official_macro_dcoilwtico_2021-02-08,65
official_macro_dcoilwtico_2021-02-09,65
official_macro_dcoilwtico_2021-02-10,65
official_macro_dcoilwtico_2021-02-11,65
official_macro_dcoilwtico_2021-02-12,65
official_macro_dcoilwtico_2021-02-16,65
official_macro_dcoilwtico_2021-02-17,65
official_macro_dcoilwtico_2021-02-18,65
official_macro_dcoilwtico_2021-02-19,65
official_macro_dcoilwtico_2021-02-22,65
official_macro_dcoilwtico_2021-02-23,65
official_macro_dcoilwtico_2021-02-24,65
official_macro_dcoilwtico_2021-02-25,65
official_macro_dcoilwtico_2021-02-26,65
official_macro_dcoilwtico_2021-03-01,65
official_macro_dcoilwtico_2021-03-02,65
official_macro_dcoilwtico_2021-03-03,65
official_macro_dcoilwtico_2021-03-04,65
official_macro_dcoilwtico_2021-03-05,65
official_macro_dcoilwtico_2021-03-08,65
official_macro_dcoilwtico_2021-03-09,65
official_macro_dcoilwtico_2021-03-10,65
official_macro_dcoilwtico_2021-03-11,65
official_macro_dcoilwtico_2021-03-12,65
official_macro_dcoilwtico_2021-03-15,65
official_macro_dcoilwtico_2021-03-16,65
official_macro_dcoilwtico_2021-03-17,65
official_macro_dcoilwtico_2021-03-18,65
official_macro_dcoilwtico_2021-03-19,65
official_macro_dcoilwtico_2021-03-22,65
official_macro_dcoilwtico_2021-03-23,65
official_macro_dcoilwtico_2021-03-24,65
official_macro_dcoilwtico_2021-03-25,65
official_macro_dcoilwtico_2021-03-26,65
official_macro_dcoilwtico_2021-03-29,65
official_macro_dcoilwtico_2021-03-30,65
official_macro_dcoilwtico_2021-03-31,65
official_macro_dcoilwtico_2021-04-01,65
official_macro_dcoilwtico_2021-04-05,65
official_macro_dcoilwtico_2021-04-06,65
official_macro_dcoilwtico_2021-04-07,65
official_macro_dcoilwtico_2021-04-08,65
official_macro_dcoilwtico_2021-04-09,65
official_macro_dcoilwtico_2021-04-12,65
official_macro_dcoilwtico_2021-04-13,65
official_macro_dcoilwtico_2021-04-14,65
official_macro_dcoilwtico_2021-04-15,65
official_macro_dcoilwtico_2021-04-16,65
official_macro_dcoilwtico_2021-04-19,65
official_macro_dcoilwtico_2021-04-20,65
official_macro_dcoilwtico_2021-04-21,65
official_macro_dcoilwtico_2021-04-22,65
official_macro_dcoilwtico_2021-04-23,65
official_macro_dcoilwtico_2021-04-26,65
official_macro_dcoilwtico_2021-04-27,65
official_macro_dcoilwtico_2021-04-28,65
official_macro_dcoilwtico_2021-04-29,65
official_macro_dcoilwtico_2021-04-30,65
official_macro_dcoilwtico_2021-05-03,65
official_macro_dcoilwtico_2021-05-04,65
official_macro_dcoilwtico_2021-05-05,65
official_macro_dcoilwtico_2021-05-06,65
official_macro_dcoilwtico_2021-05-07,65
official_macro_dcoilwtico_2021-05-10,65
official_macro_dcoilwtico_2021-05-11,65
official_macro_dcoilwtico_2021-05-12,65
official_macro_dcoilwtico_2021-05-13,65
official_macro_dcoilwtico_2021-05-14,65
official_macro_dcoilwtico_2021-05-17,65
official_macro_dcoilwtico_2021-05-18,65
official_macro_dcoilwtico_2021-05-19,65
official_macro_dcoilwtico_2021-05-20,65
official_macro_dcoilwtico_2021-05-21,65
official_macro_dcoilwtico_2021-05-24,65
official_macro_dcoilwtico_2021-05-25,65
official_macro_dcoilwtico_2021-05-26,65
official_macro_dcoilwtico_2021-05-27,65
official_macro_dcoilwtico_2021-05-28,65
official_macro_dcoilwtico_2021-06-01,65
official_macro_dcoilwtico_2021-06-02,65
official_macro_dcoilwtico_2021-06-03,65
official_macro_dcoilwtico_2021-06-04,65
official_macro_dcoilwtico_2021-06-07,65
official_macro_dcoilwtico_2021-06-08,65
official_macro_dcoilwtico_2021-06-09,65
official_macro_dcoilwtico_2021-06-10,65
official_macro_dcoilwtico_2021-06-11,65
official_macro_dcoilwtico_2021-06-14,65
official_macro_dcoilwtico_2021-06-15,65
official_macro_dcoilwtico_2021-06-16,65
official_macro_dcoilwtico_2021-06-17,65
official_macro_dcoilwtico_2021-06-18,65
official_macro_dcoilwtico_2021-06-21,65
official_macro_dcoilwtico_2021-06-22,65
official_macro_dcoilwtico_2021-06-23,65
official_macro_dcoilwtico_2021-06-24,65
official_macro_dcoilwtico_2021-06-25,65
official_macro_dcoilwtico_2021-06-28,65
official_macro_dcoilwtico_2021-06-29,65
official_macro_dcoilwtico_2021-06-30,65
official_macro_dcoilwtico_2021-07-01,65
official_macro_dcoilwtico_2021-07-02,65
official_macro_dcoilwtico_2021-07-06,65
official_macro_dcoilwtico_2021-07-07,65
official_macro_dcoilwtico_2021-07-08,65
official_macro_dcoilwtico_2021-07-09,65
official_macro_dcoilwtico_2021-07-12,65
official_macro_dcoilwtico_2021-07-13,65
official_macro_dcoilwtico_2021-07-14,65
official_macro_dcoilwtico_2021-07-15,65
official_macro_dcoilwtico_2021-07-16,65
official_macro_dcoilwtico_2021-07-19,65
official_macro_dcoilwtico_2021-07-20,65
official_macro_dcoilwtico_2021-07-21,65
official_macro_dcoilwtico_2021-07-22,65
official_macro_dcoilwtico_2021-07-23,65
official_macro_dcoilwtico_2021-07-26,65
official_macro_dcoilwtico_2021-07-27,65
official_macro_dcoilwtico_2021-07-28,65
official_macro_dcoilwtico_2021-07-29,65
official_macro_dcoilwtico_2021-07-30,65
official_macro_dcoilwtico_2021-08-02,65
official_macro_dcoilwtico_2021-08-03,65
official_macro_dcoilwtico_2021-08-04,65
official_macro_dcoilwtico_2021-08-05,65
official_macro_dcoilwtico_2021-08-06,65
official_macro_dcoilwtico_2021-08-09,65
official_macro_dcoilwtico_2021-08-10,65
official_macro_dcoilwtico_2021-08-11,65
official_macro_dcoilwtico_2021-08-12,65
official_macro_dcoilwtico_2021-08-13,65
official_macro_dcoilwtico_2021-08-16,65
official_macro_dcoilwtico_2021-08-17,65
official_macro_dcoilwtico_2021-08-18,65
official_macro_dcoilwtico_2021-08-19,65
official_macro_dcoilwtico_2021-08-20,65
official_macro_dcoilwtico_2021-08-23,65
official_macro_dcoilwtico_2021-08-24,65
official_macro_dcoilwtico_2021-08-25,65
official_macro_dcoilwtico_2021-08-26,65
official_macro_dcoilwtico_2021-08-27,65
official_macro_dcoilwtico_2021-08-30,65
official_macro_dcoilwtico_2021-08-31,65
official_macro_dcoilwtico_2021-09-01,65
official_macro_dcoilwtico_2021-09-02,65
official_macro_dcoilwtico_2021-09-03,65
official_macro_dcoilwtico_2021-09-07,65
official_macro_dcoilwtico_2021-09-08,65
official_macro_dcoilwtico_2021-09-09,65
official_macro_dcoilwtico_2021-09-10,65
official_macro_dcoilwtico_2021-09-13,65
official_macro_dcoilwtico_2021-09-14,65
official_macro_dcoilwtico_2021-09-15,65
official_macro_dcoilwtico_2021-09-16,65
official_macro_dcoilwtico_2021-09-17,65
official_macro_dcoilwtico_2021-09-20,65
official_macro_dcoilwtico_2021-09-21,65
official_macro_dcoilwtico_2021-09-22,65
official_macro_dcoilwtico_2021-09-23,65
official_macro_dcoilwtico_2021-09-24,65
official_macro_dcoilwtico_2021-09-27,65
official_macro_dcoilwtico_2021-09-28,65
official_macro_dcoilwtico_2021-09-29,65
official_macro_dcoilwtico_2021-09-30,65
official_macro_dcoilwtico_2021-10-01,65
official_macro_dcoilwtico_2021-10-04,65
official_macro_dcoilwtico_2021-10-05,65
official_macro_dcoilwtico_2021-10-06,65
official_macro_dcoilwtico_2021-10-07,65
official_macro_dcoilwtico_2021-10-08,65
official_macro_dcoilwtico_2021-10-11,65
official_macro_dcoilwtico_2021-10-12,65
official_macro_dcoilwtico_2021-10-13,65
official_macro_dcoilwtico_2021-10-14,65
official_macro_dcoilwtico_2021-10-15,65
official_macro_dcoilwtico_2021-10-18,65
official_macro_dcoilwtico_2021-10-19,65
official_macro_dcoilwtico_2021-10-20,65
official_macro_dcoilwtico_2021-10-21,65
official_macro_dcoilwtico_2021-10-22,65
official_macro_dcoilwtico_2021-10-25,65
official_macro_dcoilwtico_2021-10-26,65
official_macro_dcoilwtico_2021-10-27,65
official_macro_dcoilwtico_2021-10-28,65
official_macro_dcoilwtico_2021-10-29,65
official_macro_dcoilwtico_2021-11-01,65
official_macro_dcoilwtico_2021-11-02,65
official_macro_dcoilwtico_2021-11-03,65
official_macro_dcoilwtico_2021-11-04,65
official_macro_dcoilwtico_2021-11-05,65
official_macro_dcoilwtico_2021-11-08,65
official_macro_dcoilwtico_2021-11-09,65
official_macro_dcoilwtico_2021-11-10,65
official_macro_dcoilwtico_2021-11-11,65
official_macro_dcoilwtico_2021-11-12,65
official_macro_dcoilwtico_2021-11-15,65
official_macro_dcoilwtico_2021-11-16,65
official_macro_dcoilwtico_2021-11-17,65
official_macro_dcoilwtico_2021-11-18,65
official_macro_dcoilwtico_2021-11-19,65
official_macro_dcoilwtico_2021-11-22,65
official_macro_dcoilwtico_2021-11-23,65
official_macro_dcoilwtico_2021-11-24,65
official_macro_dcoilwtico_2021-11-29,65
official_macro_dcoilwtico_2021-11-30,65
official_macro_dcoilwtico_2021-12-01,65
official_macro_dcoilwtico_2021-12-02,65
official_macro_dcoilwtico_2021-12-03,65
official_macro_dcoilwtico_2021-12-06,65
official_macro_dcoilwtico_2021-12-07,65
official_macro_dcoilwtico_2021-12-08,65
official_macro_dcoilwtico_2021-12-09,65
official_macro_dcoilwtico_2021-12-10,65
official_macro_dcoilwtico_2021-12-13,65
official_macro_dcoilwtico_2021-12-14,65
official_macro_dcoilwtico_2021-12-15,65
official_macro_dcoilwtico_2021-12-16,65
official_macro_dcoilwtico_2021-12-17,65
official_macro_dcoilwtico_2021-12-20,65
official_macro_dcoilwtico_2021-12-21,65
official_macro_dcoilwtico_2021-12-22,65
official_macro_dcoilwtico_2021-12-23,65
official_macro_dcoilwtico_2021-12-27,65
official_macro_dcoilwtico_2021-12-28,65
official_macro_dcoilwtico_2021-12-29,65
official_macro_dcoilwtico_2021-12-30,65
official_macro_dcoilwtico_2021-12-31,65
official_macro_dcoilwtico_2022-01-03,65
official_macro_dcoilwtico_2022-01-04,65
official_macro_dcoilwtico_2022-01-05,65
official_macro_dcoilwtico_2022-01-06,65
official_macro_dcoilwtico_2022-01-07,65
official_macro_dcoilwtico_2022-01-10,65
official_macro_dcoilwtico_2022-01-11,65
official_macro_dcoilwtico_2022-01-12,65
official_macro_dcoilwtico_2022-01-13,65
official_macro_dcoilwtico_2022-01-14,65
official_macro_dcoilwtico_2022-01-18,65
official_macro_dcoilwtico_2022-01-19,65
official_macro_dcoilwtico_2022-01-20,65
official_macro_dcoilwtico_2022-01-21,65
official_macro_dcoilwtico_2022-01-24,65
official_macro_dcoilwtico_2022-01-25,65
official_macro_dcoilwtico_2022-01-26,65
official_macro_dcoilwtico_2022-01-27,65
official_macro_dcoilwtico_2022-01-28,65
official_macro_dcoilwtico_2022-01-31,65
official_macro_dcoilwtico_2022-02-01,65
official_macro_dcoilwtico_2022-02-02,65
official_macro_dcoilwtico_2022-02-03,65
official_macro_dcoilwtico_2022-02-04,65
official_macro_dcoilwtico_2022-02-07,65
official_macro_dcoilwtico_2022-02-08,65
official_macro_dcoilwtico_2022-02-09,65
official_macro_dcoilwtico_2022-02-10,65
official_macro_dcoilwtico_2022-02-11,65
official_macro_dcoilwtico_2022-02-14,65
official_macro_dcoilwtico_2022-02-15,65
official_macro_dcoilwtico_2022-02-16,65
official_macro_dcoilwtico_2022-02-17,65
official_macro_dcoilwtico_2022-02-18,65
official_macro_dcoilwtico_2022-02-22,65
official_macro_dcoilwtico_2022-02-23,65
official_macro_dcoilwtico_2022-02-24,65
official_macro_dcoilwtico_2022-02-25,65
official_macro_dcoilwtico_2022-02-28,65
official_macro_dcoilwtico_2022-03-01,65
official_macro_dcoilwtico_2022-03-02,65
official_macro_dcoilwtico_2022-03-03,65
official_macro_dcoilwtico_2022-03-04,65
official_macro_dcoilwtico_2022-03-07,65
official_macro_dcoilwtico_2022-03-08,65
official_macro_dcoilwtico_2022-03-09,65
official_macro_dcoilwtico_2022-03-10,65
official_macro_dcoilwtico_2022-03-11,65
official_macro_dcoilwtico_2022-03-14,65
official_macro_dcoilwtico_2022-03-15,65
official_macro_dcoilwtico_2022-03-16,65
official_macro_dcoilwtico_2022-03-17,65
official_macro_dcoilwtico_2022-03-18,65
official_macro_dcoilwtico_2022-03-21,65
official_macro_dcoilwtico_2022-03-22,65
official_macro_dcoilwtico_2022-03-23,65
official_macro_dcoilwtico_2022-03-24,65
official_macro_dcoilwtico_2022-03-25,65
official_macro_dcoilwtico_2022-03-28,65
official_macro_dcoilwtico_2022-03-29,65
official_macro_dcoilwtico_2022-03-30,65
official_macro_dcoilwtico_2022-03-31,65
official_macro_dcoilwtico_2022-04-01,65
official_macro_dcoilwtico_2022-04-04,65
official_macro_dcoilwtico_2022-04-05,65
official_macro_dcoilwtico_2022-04-06,65
official_macro_dcoilwtico_2022-04-07,65
official_macro_dcoilwtico_2022-04-08,65
official_macro_dcoilwtico_2022-04-11,65
official_macro_dcoilwtico_2022-04-12,65
official_macro_dcoilwtico_2022-04-13,65
official_macro_dcoilwtico_2022-04-14,65
official_macro_dcoilwtico_2022-04-18,65
official_macro_dcoilwtico_2022-04-19,65
official_macro_dcoilwtico_2022-04-20,65
official_macro_dcoilwtico_2022-04-21,65
official_macro_dcoilwtico_2022-04-22,65
official_macro_dcoilwtico_2022-04-25,65
official_macro_dcoilwtico_2022-04-26,65
official_macro_dcoilwtico_2022-04-27,65
official_macro_dcoilwtico_2022-04-28,65
official_macro_dcoilwtico_2022-04-29,65
official_macro_dcoilwtico_2022-05-02,65
official_macro_dcoilwtico_2022-05-03,65
official_macro_dcoilwtico_2022-05-04,65
official_macro_dcoilwtico_2022-05-05,65
official_macro_dcoilwtico_2022-05-06,65
official_macro_dcoilwtico_2022-05-09,65
official_macro_dcoilwtico_2022-05-10,65
official_macro_dcoilwtico_2022-05-11,65
official_macro_dcoilwtico_2022-05-12,65
official_macro_dcoilwtico_2022-05-13,65
official_macro_dcoilwtico_2022-05-16,65
official_macro_dcoilwtico_2022-05-17,65
official_macro_dcoilwtico_2022-05-18,65
official_macro_dcoilwtico_2022-05-19,65
official_macro_dcoilwtico_2022-05-20,65
official_macro_dcoilwtico_2022-05-23,65
official_macro_dcoilwtico_2022-05-24,65
official_macro_dcoilwtico_2022-05-25,65
official_macro_dcoilwtico_2022-05-26,65
official_macro_dcoilwtico_2022-05-27,65
official_macro_dcoilwtico_2022-05-31,65
official_macro_dcoilwtico_2022-06-01,65
official_macro_dcoilwtico_2022-06-02,65
official_macro_dcoilwtico_2022-06-03,65
official_macro_dcoilwtico_2022-06-06,65
official_macro_dcoilwtico_2022-06-07,65
official_macro_dcoilwtico_2022-06-08,65
official_macro_dcoilwtico_2022-06-09,65
official_macro_dcoilwtico_2022-06-10,65
official_macro_dcoilwtico_2022-06-13,65
official_macro_dcoilwtico_2022-06-14,65
official_macro_dcoilwtico_2022-06-15,65
official_macro_dcoilwtico_2022-06-16,65
official_macro_dcoilwtico_2022-06-17,65
official_macro_dcoilwtico_2022-06-21,65
official_macro_dcoilwtico_2022-06-22,65
official_macro_dcoilwtico_2022-06-23,65
official_macro_dcoilwtico_2022-06-24,65
official_macro_dcoilwtico_2022-06-27,65
official_macro_dcoilwtico_2022-06-28,65
official_macro_dcoilwtico_2022-06-29,65
official_macro_dcoilwtico_2022-06-30,65
official_macro_dcoilwtico_2022-07-01,65
official_macro_dcoilwtico_2022-07-05,65
official_macro_dcoilwtico_2022-07-06,65
official_macro_dcoilwtico_2022-07-07,65
official_macro_dcoilwtico_2022-07-08,65
official_macro_dcoilwtico_2022-07-11,65
official_macro_dcoilwtico_2022-07-12,65
official_macro_dcoilwtico_2022-07-13,65
official_macro_dcoilwtico_2022-07-14,65
official_macro_dcoilwtico_2022-07-15,65
official_macro_dcoilwtico_2022-07-18,65
official_macro_dcoilwtico_2022-07-19,65
official_macro_dcoilwtico_2022-07-20,65
official_macro_dcoilwtico_2022-07-21,65
official_macro_dcoilwtico_2022-07-22,65
official_macro_dcoilwtico_2022-07-25,65
official_macro_dcoilwtico_2022-07-26,65
official_macro_dcoilwtico_2022-07-27,65
official_macro_dcoilwtico_2022-07-28,65
official_macro_dcoilwtico_2022-07-29,65
official_macro_dcoilwtico_2022-08-01,65
official_macro_dcoilwtico_2022-08-02,65
official_macro_dcoilwtico_2022-08-03,65
official_macro_dcoilwtico_2022-08-04,65
official_macro_dcoilwtico_2022-08-05,65
official_macro_dcoilwtico_2022-08-08,65
official_macro_dcoilwtico_2022-08-09,65
official_macro_dcoilwtico_2022-08-10,65
official_macro_dcoilwtico_2022-08-11,65
official_macro_dcoilwtico_2022-08-12,65
official_macro_dcoilwtico_2022-08-15,65
official_macro_dcoilwtico_2022-08-16,65
official_macro_dcoilwtico_2022-08-17,65
official_macro_dcoilwtico_2022-08-18,65
official_macro_dcoilwtico_2022-08-19,65
official_macro_dcoilwtico_2022-08-22,65
official_macro_dcoilwtico_2022-08-23,65
official_macro_dcoilwtico_2022-08-24,65
official_macro_dcoilwtico_2022-08-25,65
official_macro_dcoilwtico_2022-08-26,65
official_macro_dcoilwtico_2022-08-29,65
official_macro_dcoilwtico_2022-08-30,65
official_macro_dcoilwtico_2022-08-31,65
official_macro_dcoilwtico_2022-09-01,65
official_macro_dcoilwtico_2022-09-02,65
official_macro_dcoilwtico_2022-09-06,65
official_macro_dcoilwtico_2022-09-07,65
official_macro_dcoilwtico_2022-09-08,65
official_macro_dcoilwtico_2022-09-09,65
official_macro_dcoilwtico_2022-09-12,65
official_macro_dcoilwtico_2022-09-13,65
official_macro_dcoilwtico_2022-09-14,65
official_macro_dcoilwtico_2022-09-15,65
official_macro_dcoilwtico_2022-09-16,65
official_macro_dcoilwtico_2022-09-19,65
official_macro_dcoilwtico_2022-09-20,65
official_macro_dcoilwtico_2022-09-21,65
official_macro_dcoilwtico_2022-09-22,65
official_macro_dcoilwtico_2022-09-23,65
official_macro_dcoilwtico_2022-09-26,65
official_macro_dcoilwtico_2022-09-27,65
official_macro_dcoilwtico_2022-09-28,65
official_macro_dcoilwtico_2022-09-29,65
official_macro_dcoilwtico_2022-09-30,65
official_macro_dcoilwtico_2022-10-03,65
official_macro_dcoilwtico_2022-10-04,65
official_macro_dcoilwtico_2022-10-05,65
official_macro_dcoilwtico_2022-10-06,65
official_macro_dcoilwtico_2022-10-07,65
official_macro_dcoilwtico_2022-10-10,65
official_macro_dcoilwtico_2022-10-11,65
official_macro_dcoilwtico_2022-10-12,65
official_macro_dcoilwtico_2022-10-13,65
official_macro_dcoilwtico_2022-10-14,65
official_macro_dcoilwtico_2022-10-17,65
official_macro_dcoilwtico_2022-10-18,65
official_macro_dcoilwtico_2022-10-19,65
official_macro_dcoilwtico_2022-10-20,65
official_macro_dcoilwtico_2022-10-21,65
official_macro_dcoilwtico_2022-10-24,65
official_macro_dcoilwtico_2022-10-25,65
official_macro_dcoilwtico_2022-10-26,65
official_macro_dcoilwtico_2022-10-27,65
official_macro_dcoilwtico_2022-10-28,65
official_macro_dcoilwtico_2022-10-31,65
official_macro_dcoilwtico_2022-11-01,65
official_macro_dcoilwtico_2022-11-02,65
official_macro_dcoilwtico_2022-11-03,65
official_macro_dcoilwtico_2022-11-04,65
official_macro_dcoilwtico_2022-11-07,65
official_macro_dcoilwtico_2022-11-08,65
official_macro_dcoilwtico_2022-11-09,65
official_macro_dcoilwtico_2022-11-10,65
official_macro_dcoilwtico_2022-11-11,65
official_macro_dcoilwtico_2022-11-14,65
official_macro_dcoilwtico_2022-11-15,65
official_macro_dcoilwtico_2022-11-16,65
official_macro_dcoilwtico_2022-11-17,65
official_macro_dcoilwtico_2022-11-18,65
official_macro_dcoilwtico_2022-11-21,65
official_macro_dcoilwtico_2022-11-22,65
official_macro_dcoilwtico_2022-11-23,65
official_macro_dcoilwtico_2022-11-25,65
official_macro_dcoilwtico_2022-11-28,65
official_macro_dcoilwtico_2022-11-29,65
official_macro_dcoilwtico_2022-11-30,65
official_macro_dcoilwtico_2022-12-01,65
official_macro_dcoilwtico_2022-12-02,65
official_macro_dcoilwtico_2022-12-05,65
official_macro_dcoilwtico_2022-12-06,65
official_macro_dcoilwtico_2022-12-07,65
official_macro_dcoilwtico_2022-12-08,65
official_macro_dcoilwtico_2022-12-09,65
official_macro_dcoilwtico_2022-12-12,65
official_macro_dcoilwtico_2022-12-13,65
official_macro_dcoilwtico_2022-12-14,65
official_macro_dcoilwtico_2022-12-15,65
official_macro_dcoilwtico_2022-12-16,65
official_macro_dcoilwtico_2022-12-19,65
official_macro_dcoilwtico_2022-12-20,65
official_macro_dcoilwtico_2022-12-21,65
official_macro_dcoilwtico_2022-12-22,65
official_macro_dcoilwtico_2022-12-23,65
official_macro_dcoilwtico_2022-12-27,65
official_macro_dcoilwtico_2022-12-28,65
official_macro_dcoilwtico_2022-12-29,65
official_macro_dcoilwtico_2022-12-30,65
official_macro_dcoilwtico_2023-01-03,65
official_macro_dcoilwtico_2023-01-04,65
official_macro_dcoilwtico_2023-01-05,65
official_macro_dcoilwtico_2023-01-06,65
official_macro_dcoilwtico_2023-01-09,65
official_macro_dcoilwtico_2023-01-10,65
official_macro_dcoilwtico_2023-01-11,65
official_macro_dcoilwtico_2023-01-12,65
official_macro_dcoilwtico_2023-01-13,65
official_macro_dcoilwtico_2023-01-17,65
official_macro_dcoilwtico_2023-01-18,65
official_macro_dcoilwtico_2023-01-19,65
official_macro_dcoilwtico_2023-01-20,65
official_macro_dcoilwtico_2023-01-23,65
official_macro_dcoilwtico_2023-01-24,65
official_macro_dcoilwtico_2023-01-25,65
official_macro_dcoilwtico_2023-01-26,65
official_macro_dcoilwtico_2023-01-27,65
official_macro_dcoilwtico_2023-01-30,65
official_macro_dcoilwtico_2023-01-31,65
official_macro_dcoilwtico_2023-02-01,65
official_macro_dcoilwtico_2023-02-02,65
official_macro_dcoilwtico_2023-02-03,65
official_macro_dcoilwtico_2023-02-06,65
official_macro_dcoilwtico_2023-02-07,65
official_macro_dcoilwtico_2023-02-08,65
official_macro_dcoilwtico_2023-02-09,65
official_macro_dcoilwtico_2023-02-10,65
official_macro_dcoilwtico_2023-02-13,65
official_macro_dcoilwtico_2023-02-14,65
official_macro_dcoilwtico_2023-02-15,65
official_macro_dcoilwtico_2023-02-16,65
official_macro_dcoilwtico_2023-02-17,65
official_macro_dcoilwtico_2023-02-21,65
official_macro_dcoilwtico_2023-02-22,65
official_macro_dcoilwtico_2023-02-23,65
official_macro_dcoilwtico_2023-02-24,65
official_macro_dcoilwtico_2023-02-27,65
official_macro_dcoilwtico_2023-02-28,65
official_macro_dcoilwtico_2023-03-01,65
official_macro_dgs10_2010-01-04,64
official_macro_dgs10_2010-01-05,64
official_macro_dgs10_2010-01-06,64
official_macro_dgs10_2010-01-07,64
official_macro_dgs10_2010-01-08,64
official_macro_dgs10_2010-01-11,64
official_macro_dgs10_2010-01-12,64
official_macro_dgs10_2010-01-13,64
official_macro_dgs10_2010-01-14,64
official_macro_dgs10_2010-01-15,64
official_macro_dgs10_2010-01-19,64
official_macro_dgs10_2010-01-20,64
official_macro_dgs10_2010-01-21,64
official_macro_dgs10_2010-01-22,64
official_macro_dgs10_2010-01-25,64
official_macro_dgs10_2010-01-26,64
official_macro_dgs10_2010-01-27,64
official_macro_dgs10_2010-01-28,64
official_macro_dgs10_2010-01-29,64
official_macro_dgs10_2010-02-01,64
official_macro_dgs10_2010-02-02,64
official_macro_dgs10_2010-02-03,64
official_macro_dgs10_2010-02-04,64
official_macro_dgs10_2010-02-05,64
official_macro_dgs10_2010-02-08,64
official_macro_dgs10_2010-02-09,64
official_macro_dgs10_2010-02-10,64
official_macro_dgs10_2010-02-11,64
official_macro_dgs10_2010-02-12,64
official_macro_dgs10_2010-02-16,64
official_macro_dgs10_2010-02-17,64
official_macro_dgs10_2010-02-18,64
official_macro_dgs10_2010-02-19,64
official_macro_dgs10_2010-02-22,64
official_macro_dgs10_2010-02-23,64
official_macro_dgs10_2010-02-24,64
official_macro_dgs10_2010-02-25,64
official_macro_dgs10_2010-02-26,64
official_macro_dgs10_2010-03-01,64
official_macro_dgs10_2010-03-02,64
official_macro_dgs10_2010-03-03,64
official_macro_dgs10_2010-03-04,64
official_macro_dgs10_2010-03-05,64
official_macro_dgs10_2010-03-08,64
official_macro_dgs10_2010-03-09,64
official_macro_dgs10_2010-03-10,64
official_macro_dgs10_2010-03-11,64
official_macro_dgs10_2010-03-12,64
official_macro_dgs10_2010-03-15,64
official_macro_dgs10_2010-03-16,64
official_macro_dgs10_2010-03-17,64
official_macro_dgs10_2010-03-18,64
official_macro_dgs10_2010-03-19,64
official_macro_dgs10_2010-03-22,64
official_macro_dgs10_2010-03-23,64
official_macro_dgs10_2010-03-24,64
official_macro_dgs10_2010-03-25,64
official_macro_dgs10_2010-03-26,64
official_macro_dgs10_2010-03-29,64
official_macro_dgs10_2010-03-30,64
official_macro_dgs10_2010-03-31,64
official_macro_dgs10_2010-04-01,64
official_macro_dgs10_2010-04-02,64
official_macro_dgs10_2010-04-05,64
official_macro_dgs10_2010-04-06,64
official_macro_dgs10_2010-04-07,64
official_macro_dgs10_2010-04-08,64
official_macro_dgs10_2010-04-09,64
official_macro_dgs10_2010-04-12,64
official_macro_dgs10_2010-04-13,64
official_macro_dgs10_2010-04-14,64
official_macro_dgs10_2010-04-15,64
official_macro_dgs10_2010-04-16,64
official_macro_dgs10_2010-04-19,64
official_macro_dgs10_2010-04-20,64
official_macro_dgs10_2010-04-21,64
official_macro_dgs10_2010-04-22,64
official_macro_dgs10_2010-04-23,64
official_macro_dgs10_2010-04-26,64
official_macro_dgs10_2010-04-27,64
official_macro_dgs10_2010-04-28,64
official_macro_dgs10_2010-04-29,64
official_macro_dgs10_2010-04-30,64
official_macro_dgs10_2010-05-03,64
official_macro_dgs10_2010-05-04,64
official_macro_dgs10_2010-05-05,64
official_macro_dgs10_2010-05-06,64
official_macro_dgs10_2010-05-07,64
official_macro_dgs10_2010-05-10,64
official_macro_dgs10_2010-05-11,64
official_macro_dgs10_2010-05-12,64
official_macro_dgs10_2010-05-13,64
official_macro_dgs10_2010-05-14,64
official_macro_dgs10_2010-05-17,64
official_macro_dgs10_2010-05-18,64
official_macro_dgs10_2010-05-19,64
official_macro_dgs10_2010-05-20,64
official_macro_dgs10_2010-05-21,64
official_macro_dgs10_2010-05-24,64
official_macro_dgs10_2010-05-25,64
official_macro_dgs10_2010-05-26,64
official_macro_dgs10_2010-05-27,64
official_macro_dgs10_2010-05-28,64
official_macro_dgs10_2010-06-01,64
official_macro_dgs10_2010-06-02,64
official_macro_dgs10_2010-06-03,64
official_macro_dgs10_2010-06-04,64
official_macro_dgs10_2010-06-07,64
official_macro_dgs10_2010-06-08,64
official_macro_dgs10_2010-06-09,64
official_macro_dgs10_2010-06-10,64
official_macro_dgs10_2010-06-11,64
official_macro_dgs10_2010-06-14,64
official_macro_dgs10_2010-06-15,64
official_macro_dgs10_2010-06-16,64
official_macro_dgs10_2010-06-17,64
official_macro_dgs10_2010-06-18,64
official_macro_dgs10_2010-06-21,64
official_macro_dgs10_2010-06-22,64
official_macro_dgs10_2010-06-23,64
official_macro_dgs10_2010-06-24,64
official_macro_dgs10_2010-06-25,64
official_macro_dgs10_2010-06-28,64
official_macro_dgs10_2010-06-29,64
official_macro_dgs10_2010-06-30,64
official_macro_dgs10_2010-07-01,64
official_macro_dgs10_2010-07-02,64
official_macro_dgs10_2010-07-06,64
official_macro_dgs10_2010-07-07,64
official_macro_dgs10_2010-07-08,64
official_macro_dgs10_2010-07-09,64
official_macro_dgs10_2010-07-12,64
official_macro_dgs10_2010-07-13,64
official_macro_dgs10_2010-07-14,64
official_macro_dgs10_2010-07-15,64
official_macro_dgs10_2010-07-16,64
official_macro_dgs10_2010-07-19,64
official_macro_dgs10_2010-07-20,64
official_macro_dgs10_2010-07-21,64
official_macro_dgs10_2010-07-22,64
official_macro_dgs10_2010-07-23,64
official_macro_dgs10_2010-07-26,64
official_macro_dgs10_2010-07-27,64
official_macro_dgs10_2010-07-28,64
official_macro_dgs10_2010-07-29,64
official_macro_dgs10_2010-07-30,64
official_macro_dgs10_2010-08-02,64
official_macro_dgs10_2010-08-03,64
official_macro_dgs10_2010-08-04,64
official_macro_dgs10_2010-08-05,64
official_macro_dgs10_2010-08-06,64
official_macro_dgs10_2010-08-09,64
official_macro_dgs10_2010-08-10,64
official_macro_dgs10_2010-08-11,64
official_macro_dgs10_2010-08-12,64
official_macro_dgs10_2010-08-13,64
official_macro_dgs10_2010-08-16,64
official_macro_dgs10_2010-08-17,64
official_macro_dgs10_2010-08-18,64
official_macro_dgs10_2010-08-19,64
official_macro_dgs10_2010-08-20,64
official_macro_dgs10_2010-08-23,64
official_macro_dgs10_2010-08-24,64
official_macro_dgs10_2010-08-25,64
official_macro_dgs10_2010-08-26,64
official_macro_dgs10_2010-08-27,64
official_macro_dgs10_2010-08-30,64
official_macro_dgs10_2010-08-31,64
official_macro_dgs10_2010-09-01,64
official_macro_dgs10_2010-09-02,64
official_macro_dgs10_2010-09-03,64
official_macro_dgs10_2010-09-07,64
official_macro_dgs10_2010-09-08,64
official_macro_dgs10_2010-09-09,64
official_macro_dgs10_2010-09-10,64
official_macro_dgs10_2010-09-13,64
official_macro_dgs10_2010-09-14,64
official_macro_dgs10_2010-09-15,64
official_macro_dgs10_2010-09-16,64
official_macro_dgs10_2010-09-17,64
official_macro_dgs10_2010-09-20,64
official_macro_dgs10_2010-09-21,64
official_macro_dgs10_2010-09-22,64
official_macro_dgs10_2010-09-23,64
official_macro_dgs10_2010-09-24,64
official_macro_dgs10_2010-09-27,64
official_macro_dgs10_2010-09-28,64
official_macro_dgs10_2010-09-29,64
official_macro_dgs10_2010-09-30,64
official_macro_dgs10_2010-10-01,64
official_macro_dgs10_2010-10-04,64
official_macro_dgs10_2010-10-05,64
official_macro_dgs10_2010-10-06,64
official_macro_dgs10_2010-10-07,64
official_macro_dgs10_2010-10-08,64
official_macro_dgs10_2010-10-12,64
official_macro_dgs10_2010-10-13,64
official_macro_dgs10_2010-10-14,64
official_macro_dgs10_2010-10-15,64
official_macro_dgs10_2010-10-18,64
official_macro_dgs10_2010-10-19,64
official_macro_dgs10_2010-10-20,64
official_macro_dgs10_2010-10-21,64
official_macro_dgs10_2010-10-22,64
official_macro_dgs10_2010-10-25,64
official_macro_dgs10_2010-10-26,64
official_macro_dgs10_2010-10-27,64
official_macro_dgs10_2010-10-28,64
official_macro_dgs10_2010-10-29,64
official_macro_dgs10_2010-11-01,64
official_macro_dgs10_2010-11-02,64
official_macro_dgs10_2010-11-03,64
official_macro_dgs10_2010-11-04,64
official_macro_dgs10_2010-11-05,64
official_macro_dgs10_2010-11-08,64
official_macro_dgs10_2010-11-09,64
official_macro_dgs10_2010-11-10,64
official_macro_dgs10_2010-11-12,64
official_macro_dgs10_2010-11-15,64
official_macro_dgs10_2010-11-16,64
official_macro_dgs10_2010-11-17,64
official_macro_dgs10_2010-11-18,64
official_macro_dgs10_2010-11-19,64
official_macro_dgs10_2010-11-22,64
official_macro_dgs10_2010-11-23,64
official_macro_dgs10_2010-11-24,64
official_macro_dgs10_2010-11-26,64
official_macro_dgs10_2010-11-29,64
official_macro_dgs10_2010-11-30,64
official_macro_dgs10_2010-12-01,64
official_macro_dgs10_2010-12-02,64
official_macro_dgs10_2010-12-03,64
official_macro_dgs10_2010-12-06,64
official_macro_dgs10_2010-12-07,64
official_macro_dgs10_2010-12-08,64
official_macro_dgs10_2010-12-09,64
official_macro_dgs10_2010-12-10,64
official_macro_dgs10_2010-12-13,64
official_macro_dgs10_2010-12-14,64
official_macro_dgs10_2010-12-15,64
official_macro_dgs10_2010-12-16,64
official_macro_dgs10_2010-12-17,64
official_macro_dgs10_2010-12-20,64
official_macro_dgs10_2010-12-21,64
official_macro_dgs10_2010-12-22,64
official_macro_dgs10_2010-12-23,64
official_macro_dgs10_2010-12-27,64
official_macro_dgs10_2010-12-28,64
official_macro_dgs10_2010-12-29,64
official_macro_dgs10_2010-12-30,64
official_macro_dgs10_2010-12-31,64
official_macro_dgs10_2011-01-03,64
official_macro_dgs10_2011-01-04,64
official_macro_dgs10_2011-01-05,64
official_macro_dgs10_2011-01-06,64
official_macro_dgs10_2011-01-07,64
official_macro_dgs10_2011-01-10,64
official_macro_dgs10_2011-01-11,64
official_macro_dgs10_2011-01-12,64
official_macro_dgs10_2011-01-13,64
official_macro_dgs10_2011-01-14,64
official_macro_dgs10_2011-01-18,64
official_macro_dgs10_2011-01-19,64
official_macro_dgs10_2011-01-20,64
official_macro_dgs10_2011-01-21,64
official_macro_dgs10_2011-01-24,64
official_macro_dgs10_2011-01-25,64
official_macro_dgs10_2011-01-26,64
official_macro_dgs10_2011-01-27,64
official_macro_dgs10_2011-01-28,64
official_macro_dgs10_2011-01-31,64
official_macro_dgs10_2011-02-01,64
official_macro_dgs10_2011-02-02,64
official_macro_dgs10_2011-02-03,64
official_macro_dgs10_2011-02-04,64
official_macro_dgs10_2011-02-07,64
official_macro_dgs10_2011-02-08,64
official_macro_dgs10_2011-02-09,64
official_macro_dgs10_2011-02-10,64
official_macro_dgs10_2011-02-11,64
official_macro_dgs10_2011-02-14,64
official_macro_dgs10_2011-02-15,64
official_macro_dgs10_2011-02-16,64
official_macro_dgs10_2011-02-17,64
official_macro_dgs10_2011-02-18,64
official_macro_dgs10_2011-02-22,64
official_macro_dgs10_2011-02-23,64
official_macro_dgs10_2011-02-24,64
official_macro_dgs10_2011-02-25,64
official_macro_dgs10_2011-02-28,64
official_macro_dgs10_2011-03-01,64
official_macro_dgs10_2011-03-02,64
official_macro_dgs10_2011-03-03,64
official_macro_dgs10_2011-03-04,64
official_macro_dgs10_2011-03-07,64
official_macro_dgs10_2011-03-08,64
official_macro_dgs10_2011-03-09,64
official_macro_dgs10_2011-03-10,64
official_macro_dgs10_2011-03-11,64
official_macro_dgs10_2011-03-14,64
official_macro_dgs10_2011-03-15,64
official_macro_dgs10_2011-03-16,64
official_macro_dgs10_2011-03-17,64
official_macro_dgs10_2011-03-18,64
official_macro_dgs10_2011-03-21,64
official_macro_dgs10_2011-03-22,64
official_macro_dgs10_2011-03-23,64
official_macro_dgs10_2011-03-24,64
official_macro_dgs10_2011-03-25,64
official_macro_dgs10_2011-03-28,64
official_macro_dgs10_2011-03-29,64
official_macro_dgs10_2011-03-30,64
official_macro_dgs10_2011-03-31,64
official_macro_dgs10_2011-04-01,64
official_macro_dgs10_2011-04-04,64
official_macro_dgs10_2011-04-05,64
official_macro_dgs10_2011-04-06,64
official_macro_dgs10_2011-04-07,64
official_macro_dgs10_2011-04-08,64
official_macro_dgs10_2011-04-11,64
official_macro_dgs10_2011-04-12,64
official_macro_dgs10_2011-04-13,64
official_macro_dgs10_2011-04-14,64
official_macro_dgs10_2011-04-15,64
official_macro_dgs10_2011-04-18,64
official_macro_dgs10_2011-04-19,64
official_macro_dgs10_2011-04-20,64
official_macro_dgs10_2011-04-21,64
official_macro_dgs10_2011-04-25,64
official_macro_dgs10_2011-04-26,64
official_macro_dgs10_2011-04-27,64
official_macro_dgs10_2011-04-28,64
official_macro_dgs10_2011-04-29,64
official_macro_dgs10_2011-05-02,64
official_macro_dgs10_2011-05-03,64
official_macro_dgs10_2011-05-04,64
official_macro_dgs10_2011-05-05,64
official_macro_dgs10_2011-05-06,64
official_macro_dgs10_2011-05-09,64
official_macro_dgs10_2011-05-10,64
official_macro_dgs10_2011-05-11,64
official_macro_dgs10_2011-05-12,64
official_macro_dgs10_2011-05-13,64
official_macro_dgs10_2011-05-16,64
official_macro_dgs10_2011-05-17,64
official_macro_dgs10_2011-05-18,64
official_macro_dgs10_2011-05-19,64
official_macro_dgs10_2011-05-20,64
official_macro_dgs10_2011-05-23,64
official_macro_dgs10_2011-05-24,64
official_macro_dgs10_2011-05-25,64
official_macro_dgs10_2011-05-26,64
official_macro_dgs10_2011-05-27,64
official_macro_dgs10_2011-05-31,64
official_macro_dgs10_2011-06-01,64
official_macro_dgs10_2011-06-02,64
official_macro_dgs10_2011-06-03,64
official_macro_dgs10_2011-06-06,64
official_macro_dgs10_2011-06-07,64
official_macro_dgs10_2011-06-08,64
official_macro_dgs10_2011-06-09,64
official_macro_dgs10_2011-06-10,64
official_macro_dgs10_2011-06-13,64
official_macro_dgs10_2011-06-14,64
official_macro_dgs10_2011-06-15,64
official_macro_dgs10_2011-06-16,64
official_macro_dgs10_2011-06-17,64
official_macro_dgs10_2011-06-20,64
official_macro_dgs10_2011-06-21,64
official_macro_dgs10_2011-06-22,64
official_macro_dgs10_2011-06-23,64
official_macro_dgs10_2011-06-24,64
official_macro_dgs10_2011-06-27,64
official_macro_dgs10_2011-06-28,64
official_macro_dgs10_2011-06-29,64
official_macro_dgs10_2011-06-30,64
official_macro_dgs10_2011-07-01,64
official_macro_dgs10_2011-07-05,64
official_macro_dgs10_2011-07-06,64
official_macro_dgs10_2011-07-07,64
official_macro_dgs10_2011-07-08,64
official_macro_dgs10_2011-07-11,64
official_macro_dgs10_2011-07-12,64
official_macro_dgs10_2011-07-13,64
official_macro_dgs10_2011-07-14,64
official_macro_dgs10_2011-07-15,64
official_macro_dgs10_2011-07-18,64
official_macro_dgs10_2011-07-19,64
official_macro_dgs10_2011-07-20,64
official_macro_dgs10_2011-07-21,64
official_macro_dgs10_2011-07-22,64
official_macro_dgs10_2011-07-25,64
official_macro_dgs10_2011-07-26,64
official_macro_dgs10_2011-07-27,64
official_macro_dgs10_2011-07-28,64
official_macro_dgs10_2011-07-29,64
official_macro_dgs10_2011-08-01,64
official_macro_dgs10_2011-08-02,64
official_macro_dgs10_2011-08-03,64
official_macro_dgs10_2011-08-04,64
official_macro_dgs10_2011-08-05,64
official_macro_dgs10_2011-08-08,64
official_macro_dgs10_2011-08-09,64
official_macro_dgs10_2011-08-10,64
official_macro_dgs10_2011-08-11,64
official_macro_dgs10_2011-08-12,64
official_macro_dgs10_2011-08-15,64
official_macro_dgs10_2011-08-16,64
official_macro_dgs10_2011-08-17,64
official_macro_dgs10_2011-08-18,64
official_macro_dgs10_2011-08-19,64
official_macro_dgs10_2011-08-22,64
official_macro_dgs10_2011-08-23,64
official_macro_dgs10_2011-08-24,64
official_macro_dgs10_2011-08-25,64
official_macro_dgs10_2011-08-26,64
official_macro_dgs10_2011-08-29,64
official_macro_dgs10_2011-08-30,64
official_macro_dgs10_2011-08-31,64
official_macro_dgs10_2011-09-01,64
official_macro_dgs10_2011-09-02,64
official_macro_dgs10_2011-09-06,64
official_macro_dgs10_2011-09-07,64
official_macro_dgs10_2011-09-08,64
official_macro_dgs10_2011-09-09,64
official_macro_dgs10_2011-09-12,64
official_macro_dgs10_2011-09-13,64
official_macro_dgs10_2011-09-14,64
official_macro_dgs10_2011-09-15,64
official_macro_dgs10_2011-09-16,64
official_macro_dgs10_2011-09-19,64
official_macro_dgs10_2011-09-20,64
official_macro_dgs10_2011-09-21,64
official_macro_dgs10_2011-09-22,64
official_macro_dgs10_2011-09-23,64
official_macro_dgs10_2011-09-26,64
official_macro_dgs10_2011-09-27,64
official_macro_dgs10_2011-09-28,64
official_macro_dgs10_2011-09-29,64
official_macro_dgs10_2011-09-30,64
official_macro_dgs10_2011-10-03,64
official_macro_dgs10_2011-10-04,64
official_macro_dgs10_2011-10-05,64
official_macro_dgs10_2011-10-06,64
official_macro_dgs10_2011-10-07,64
official_macro_dgs10_2011-10-11,64
official_macro_dgs10_2011-10-12,64
official_macro_dgs10_2011-10-13,64
official_macro_dgs10_2011-10-14,64
official_macro_dgs10_2011-10-17,64
official_macro_dgs10_2011-10-18,64
official_macro_dgs10_2011-10-19,64
official_macro_dgs10_2011-10-20,64
official_macro_dgs10_2011-10-21,64
official_macro_dgs10_2011-10-24,64
official_macro_dgs10_2011-10-25,64
official_macro_dgs10_2011-10-26,64
official_macro_dgs10_2011-10-27,64
official_macro_dgs10_2011-10-28,64
official_macro_dgs10_2011-10-31,64
official_macro_dgs10_2011-11-01,64
official_macro_dgs10_2011-11-02,64
official_macro_dgs10_2011-11-03,64
official_macro_dgs10_2011-11-04,64
official_macro_dgs10_2011-11-07,64
official_macro_dgs10_2011-11-08,64
official_macro_dgs10_2011-11-09,64
official_macro_dgs10_2011-11-10,64
official_macro_dgs10_2011-11-14,64
official_macro_dgs10_2011-11-15,64
official_macro_dgs10_2011-11-16,64
official_macro_dgs10_2011-11-17,64
official_macro_dgs10_2011-11-18,64
official_macro_dgs10_2011-11-21,64
official_macro_dgs10_2011-11-22,64
official_macro_dgs10_2011-11-23,64
official_macro_dgs10_2011-11-25,64
official_macro_dgs10_2011-11-28,64
official_macro_dgs10_2011-11-29,64
official_macro_dgs10_2011-11-30,64
official_macro_dgs10_2011-12-01,64
official_macro_dgs10_2011-12-02,64
official_macro_dgs10_2011-12-05,64
official_macro_dgs10_2011-12-06,64
official_macro_dgs10_2011-12-07,64
official_macro_dgs10_2011-12-08,64
official_macro_dgs10_2011-12-09,64
official_macro_dgs10_2011-12-12,64
official_macro_dgs10_2011-12-13,64
official_macro_dgs10_2011-12-14,64
official_macro_dgs10_2011-12-15,64
official_macro_dgs10_2011-12-16,64
official_macro_dgs10_2011-12-19,64
official_macro_dgs10_2011-12-20,64
official_macro_dgs10_2011-12-21,64
official_macro_dgs10_2011-12-22,64
official_macro_dgs10_2011-12-23,64
official_macro_dgs10_2011-12-27,64
official_macro_dgs10_2011-12-28,64
official_macro_dgs10_2011-12-29,64
official_macro_dgs10_2011-12-30,64
official_macro_dgs10_2012-01-03,64
official_macro_dgs10_2012-01-04,64
official_macro_dgs10_2012-01-05,64
official_macro_dgs10_2012-01-06,64
official_macro_dgs10_2012-01-09,64
official_macro_dgs10_2012-01-10,64
official_macro_dgs10_2012-01-11,64
official_macro_dgs10_2012-01-12,64
official_macro_dgs10_2012-01-13,64
official_macro_dgs10_2012-01-17,64
official_macro_dgs10_2012-01-18,64
official_macro_dgs10_2012-01-19,64
official_macro_dgs10_2012-01-20,64
official_macro_dgs10_2012-01-23,64
official_macro_dgs10_2012-01-24,64
official_macro_dgs10_2012-01-25,64
official_macro_dgs10_2012-01-26,64
official_macro_dgs10_2012-01-27,64
official_macro_dgs10_2012-01-30,64
official_macro_dgs10_2012-01-31,64
official_macro_dgs10_2012-02-01,64
official_macro_dgs10_2012-02-02,64
official_macro_dgs10_2012-02-03,64
official_macro_dgs10_2012-02-06,64
official_macro_dgs10_2012-02-07,64
official_macro_dgs10_2012-02-08,64
official_macro_dgs10_2012-02-09,64
official_macro_dgs10_2012-02-10,64
official_macro_dgs10_2012-02-13,64
official_macro_dgs10_2012-02-14,64
official_macro_dgs10_2012-02-15,64
official_macro_dgs10_2012-02-16,64
official_macro_dgs10_2012-02-17,64
official_macro_dgs10_2012-02-21,64
official_macro_dgs10_2012-02-22,64
official_macro_dgs10_2012-02-23,64
official_macro_dgs10_2012-02-24,64
official_macro_dgs10_2012-02-27,64
official_macro_dgs10_2012-02-28,64
official_macro_dgs10_2012-02-29,64
official_macro_dgs10_2012-03-01,64
official_macro_dgs10_2012-03-02,64
official_macro_dgs10_2012-03-05,64
official_macro_dgs10_2012-03-06,64
official_macro_dgs10_2012-03-07,64
official_macro_dgs10_2012-03-08,64
official_macro_dgs10_2012-03-09,64
official_macro_dgs10_2012-03-12,64
official_macro_dgs10_2012-03-13,64
official_macro_dgs10_2012-03-14,64
official_macro_dgs10_2012-03-15,64
official_macro_dgs10_2012-03-16,64
official_macro_dgs10_2012-03-19,64
official_macro_dgs10_2012-03-20,64
official_macro_dgs10_2012-03-21,64
official_macro_dgs10_2012-03-22,64
official_macro_dgs10_2012-03-23,64
official_macro_dgs10_2012-03-26,64
official_macro_dgs10_2012-03-27,64
official_macro_dgs10_2012-03-28,64
official_macro_dgs10_2012-03-29,64
official_macro_dgs10_2012-03-30,64
official_macro_dgs10_2012-04-02,64
official_macro_dgs10_2012-04-03,64
official_macro_dgs10_2012-04-04,64
official_macro_dgs10_2012-04-05,64
official_macro_dgs10_2012-04-06,64
official_macro_dgs10_2012-04-09,64
official_macro_dgs10_2012-04-10,64
official_macro_dgs10_2012-04-11,64
official_macro_dgs10_2012-04-12,64
official_macro_dgs10_2012-04-13,64
official_macro_dgs10_2012-04-16,64
official_macro_dgs10_2012-04-17,64
official_macro_dgs10_2012-04-18,64
official_macro_dgs10_2012-04-19,64
official_macro_dgs10_2012-04-20,64
official_macro_dgs10_2012-04-23,64
official_macro_dgs10_2012-04-24,64
official_macro_dgs10_2012-04-25,64
official_macro_dgs10_2012-04-26,64
official_macro_dgs10_2012-04-27,64
official_macro_dgs10_2012-04-30,64
official_macro_dgs10_2012-05-01,64
official_macro_dgs10_2012-05-02,64
official_macro_dgs10_2012-05-03,64
official_macro_dgs10_2012-05-04,64
official_macro_dgs10_2012-05-07,64
official_macro_dgs10_2012-05-08,64
official_macro_dgs10_2012-05-09,64
official_macro_dgs10_2012-05-10,64
official_macro_dgs10_2012-05-11,64
official_macro_dgs10_2012-05-14,64
official_macro_dgs10_2012-05-15,64
official_macro_dgs10_2012-05-16,64
official_macro_dgs10_2012-05-17,64
official_macro_dgs10_2012-05-18,64
official_macro_dgs10_2012-05-21,64
official_macro_dgs10_2012-05-22,64
official_macro_dgs10_2012-05-23,64
official_macro_dgs10_2012-05-24,64
official_macro_dgs10_2012-05-25,64
official_macro_dgs10_2012-05-29,64
official_macro_dgs10_2012-05-30,64
official_macro_dgs10_2012-05-31,64
official_macro_dgs10_2012-06-01,64
official_macro_dgs10_2012-06-04,64
official_macro_dgs10_2012-06-05,64
official_macro_dgs10_2012-06-06,64
official_macro_dgs10_2012-06-07,64
official_macro_dgs10_2012-06-08,64
official_macro_dgs10_2012-06-11,64
official_macro_dgs10_2012-06-12,64
official_macro_dgs10_2012-06-13,64
official_macro_dgs10_2012-06-14,64
official_macro_dgs10_2012-06-15,64
official_macro_dgs10_2012-06-18,64
official_macro_dgs10_2012-06-19,64
official_macro_dgs10_2012-06-20,64
official_macro_dgs10_2012-06-21,64
official_macro_dgs10_2012-06-22,64
official_macro_dgs10_2012-06-25,64
official_macro_dgs10_2012-06-26,64
official_macro_dgs10_2012-06-27,64
official_macro_dgs10_2012-06-28,64
official_macro_dgs10_2012-06-29,64
official_macro_dgs10_2012-07-02,64
official_macro_dgs10_2012-07-03,64
official_macro_dgs10_2012-07-05,64
official_macro_dgs10_2012-07-06,64
official_macro_dgs10_2012-07-09,64
official_macro_dgs10_2012-07-10,64
official_macro_dgs10_2012-07-11,64
official_macro_dgs10_2012-07-12,64
official_macro_dgs10_2012-07-13,64
official_macro_dgs10_2012-07-16,64
official_macro_dgs10_2012-07-17,64
official_macro_dgs10_2012-07-18,64
official_macro_dgs10_2012-07-19,64
official_macro_dgs10_2012-07-20,64
official_macro_dgs10_2012-07-23,64
official_macro_dgs10_2012-07-24,64
official_macro_dgs10_2012-07-25,64
official_macro_dgs10_2012-07-26,64
official_macro_dgs10_2012-07-27,64
official_macro_dgs10_2012-07-30,64
official_macro_dgs10_2012-07-31,64
official_macro_dgs10_2012-08-01,64
official_macro_dgs10_2012-08-02,64
official_macro_dgs10_2012-08-03,64
official_macro_dgs10_2012-08-06,64
official_macro_dgs10_2012-08-07,64
official_macro_dgs10_2012-08-08,64
official_macro_dgs10_2012-08-09,64
official_macro_dgs10_2012-08-10,64
official_macro_dgs10_2012-08-13,64
official_macro_dgs10_2012-08-14,64
official_macro_dgs10_2012-08-15,64
official_macro_dgs10_2012-08-16,64
official_macro_dgs10_2012-08-17,64
official_macro_dgs10_2012-08-20,64
official_macro_dgs10_2012-08-21,64
official_macro_dgs10_2012-08-22,64
official_macro_dgs10_2012-08-23,64
official_macro_dgs10_2012-08-24,64
official_macro_dgs10_2012-08-27,64
official_macro_dgs10_2012-08-28,64
official_macro_dgs10_2012-08-29,64
official_macro_dgs10_2012-08-30,64
official_macro_dgs10_2012-08-31,64
official_macro_dgs10_2012-09-04,64
official_macro_dgs10_2012-09-05,64
official_macro_dgs10_2012-09-06,64
official_macro_dgs10_2012-09-07,64
official_macro_dgs10_2012-09-10,64
official_macro_dgs10_2012-09-11,64
official_macro_dgs10_2012-09-12,64
official_macro_dgs10_2012-09-13,64
official_macro_dgs10_2012-09-14,64
official_macro_dgs10_2012-09-17,64
official_macro_dgs10_2012-09-18,64
official_macro_dgs10_2012-09-19,64
official_macro_dgs10_2012-09-20,64
official_macro_dgs10_2012-09-21,64
official_macro_dgs10_2012-09-24,64
official_macro_dgs10_2012-09-25,64
official_macro_dgs10_2012-09-26,64
official_macro_dgs10_2012-09-27,64
official_macro_dgs10_2012-09-28,64
official_macro_dgs10_2012-10-01,64
official_macro_dgs10_2012-10-02,64
official_macro_dgs10_2012-10-03,64
official_macro_dgs10_2012-10-04,64
official_macro_dgs10_2012-10-05,64
official_macro_dgs10_2012-10-09,64
official_macro_dgs10_2012-10-10,64
official_macro_dgs10_2012-10-11,64
official_macro_dgs10_2012-10-12,64
official_macro_dgs10_2012-10-15,64
official_macro_dgs10_2012-10-16,64
official_macro_dgs10_2012-10-17,64
official_macro_dgs10_2012-10-18,64
official_macro_dgs10_2012-10-19,64
official_macro_dgs10_2012-10-22,64
official_macro_dgs10_2012-10-23,64
official_macro_dgs10_2012-10-24,64
official_macro_dgs10_2012-10-25,64
official_macro_dgs10_2012-10-26,64
official_macro_dgs10_2012-10-29,64
official_macro_dgs10_2012-10-31,64
official_macro_dgs10_2012-11-01,64
official_macro_dgs10_2012-11-02,64
official_macro_dgs10_2012-11-05,64
official_macro_dgs10_2012-11-06,64
official_macro_dgs10_2012-11-07,64
official_macro_dgs10_2012-11-08,64
official_macro_dgs10_2012-11-09,64
official_macro_dgs10_2012-11-13,64
official_macro_dgs10_2012-11-14,64
official_macro_dgs10_2012-11-15,64
official_macro_dgs10_2012-11-16,64
official_macro_dgs10_2012-11-19,64
official_macro_dgs10_2012-11-20,64
official_macro_dgs10_2012-11-21,64
official_macro_dgs10_2012-11-23,64
official_macro_dgs10_2012-11-26,64
official_macro_dgs10_2012-11-27,64
official_macro_dgs10_2012-11-28,64
official_macro_dgs10_2012-11-29,64
official_macro_dgs10_2012-11-30,64
official_macro_dgs10_2012-12-03,64
official_macro_dgs10_2012-12-04,64
official_macro_dgs10_2012-12-05,64
official_macro_dgs10_2012-12-06,64
official_macro_dgs10_2012-12-07,64
official_macro_dgs10_2012-12-10,64
official_macro_dgs10_2012-12-11,64
official_macro_dgs10_2012-12-12,64
official_macro_dgs10_2012-12-13,64
official_macro_dgs10_2012-12-14,64
official_macro_dgs10_2012-12-17,64
official_macro_dgs10_2012-12-18,64
official_macro_dgs10_2012-12-19,64
official_macro_dgs10_2012-12-20,64
official_macro_dgs10_2012-12-21,64
official_macro_dgs10_2012-12-24,64
official_macro_dgs10_2012-12-26,64
official_macro_dgs10_2012-12-27,64
official_macro_dgs10_2012-12-28,64
official_macro_dgs10_2012-12-31,64
official_macro_dgs10_2013-01-02,64
official_macro_dgs10_2013-01-03,64
official_macro_dgs10_2013-01-04,64
official_macro_dgs10_2013-01-07,64
official_macro_dgs10_2013-01-08,64
official_macro_dgs10_2013-01-09,64
official_macro_dgs10_2013-01-10,64
official_macro_dgs10_2013-01-11,64
official_macro_dgs10_2013-01-14,64
official_macro_dgs10_2013-01-15,64
official_macro_dgs10_2013-01-16,64
official_macro_dgs10_2013-01-17,64
official_macro_dgs10_2013-01-18,64
official_macro_dgs10_2013-01-22,64
official_macro_dgs10_2013-01-23,64
official_macro_dgs10_2013-01-24,64
official_macro_dgs10_2013-01-25,64
official_macro_dgs10_2013-01-28,64
official_macro_dgs10_2013-01-29,64
official_macro_dgs10_2013-01-30,64
official_macro_dgs10_2013-01-31,64
official_macro_dgs10_2013-02-01,64
official_macro_dgs10_2013-02-04,64
official_macro_dgs10_2013-02-05,64
official_macro_dgs10_2013-02-06,64
official_macro_dgs10_2013-02-07,64
official_macro_dgs10_2013-02-08,64
official_macro_dgs10_2013-02-11,64
official_macro_dgs10_2013-02-12,64
official_macro_dgs10_2013-02-13,64
official_macro_dgs10_2013-02-14,64
official_macro_dgs10_2013-02-15,64
official_macro_dgs10_2013-02-19,64
official_macro_dgs10_2013-02-20,64
official_macro_dgs10_2013-02-21,64
official_macro_dgs10_2013-02-22,64
official_macro_dgs10_2013-02-25,64
official_macro_dgs10_2013-02-26,64
official_macro_dgs10_2013-02-27,64
official_macro_dgs10_2013-02-28,64
official_macro_dgs10_2013-03-01,64
official_macro_dgs10_2013-03-04,64
official_macro_dgs10_2013-03-05,64
official_macro_dgs10_2013-03-06,64
official_macro_dgs10_2013-03-07,64
official_macro_dgs10_2013-03-08,64
official_macro_dgs10_2013-03-11,64
official_macro_dgs10_2013-03-12,64
official_macro_dgs10_2013-03-13,64
official_macro_dgs10_2013-03-14,64
official_macro_dgs10_2013-03-15,64
official_macro_dgs10_2013-03-18,64
official_macro_dgs10_2013-03-19,64
official_macro_dgs10_2013-03-20,64
official_macro_dgs10_2013-03-21,64
official_macro_dgs10_2013-03-22,64
official_macro_dgs10_2013-03-25,64
official_macro_dgs10_2013-03-26,64
official_macro_dgs10_2013-03-27,64
official_macro_dgs10_2013-03-28,64
official_macro_dgs10_2013-04-01,64
official_macro_dgs10_2013-04-02,64
official_macro_dgs10_2013-04-03,64
official_macro_dgs10_2013-04-04,64
official_macro_dgs10_2013-04-05,64
official_macro_dgs10_2013-04-08,64
official_macro_dgs10_2013-04-09,64
official_macro_dgs10_2013-04-10,64
official_macro_dgs10_2013-04-11,64
official_macro_dgs10_2013-04-12,64
official_macro_dgs10_2013-04-15,64
official_macro_dgs10_2013-04-16,64
official_macro_dgs10_2013-04-17,64
official_macro_dgs10_2013-04-18,64
official_macro_dgs10_2013-04-19,64
official_macro_dgs10_2013-04-22,64
official_macro_dgs10_2013-04-23,64
official_macro_dgs10_2013-04-24,64
official_macro_dgs10_2013-04-25,64
official_macro_dgs10_2013-04-26,64
official_macro_dgs10_2013-04-29,64
official_macro_dgs10_2013-04-30,64
official_macro_dgs10_2013-05-01,64
official_macro_dgs10_2013-05-02,64
official_macro_dgs10_2013-05-03,64
official_macro_dgs10_2013-05-06,64
official_macro_dgs10_2013-05-07,64
official_macro_dgs10_2013-05-08,64
official_macro_dgs10_2013-05-09,64
official_macro_dgs10_2013-05-10,64
official_macro_dgs10_2013-05-13,64
official_macro_dgs10_2013-05-14,64
official_macro_dgs10_2013-05-15,64
official_macro_dgs10_2013-05-16,64
official_macro_dgs10_2013-05-17,64
official_macro_dgs10_2013-05-20,64
official_macro_dgs10_2013-05-21,64
official_macro_dgs10_2013-05-22,64
official_macro_dgs10_2013-05-23,64
official_macro_dgs10_2013-05-24,64
official_macro_dgs10_2013-05-28,64
official_macro_dgs10_2013-05-29,64
official_macro_dgs10_2013-05-30,64
official_macro_dgs10_2013-05-31,64
official_macro_dgs10_2013-06-03,64
official_macro_dgs10_2013-06-04,64
official_macro_dgs10_2013-06-05,64
official_macro_dgs10_2013-06-06,64
official_macro_dgs10_2013-06-07,64
official_macro_dgs10_2013-06-10,64
official_macro_dgs10_2013-06-11,64
official_macro_dgs10_2013-06-12,64
official_macro_dgs10_2013-06-13,64
official_macro_dgs10_2013-06-14,64
official_macro_dgs10_2013-06-17,64
official_macro_dgs10_2013-06-18,64
official_macro_dgs10_2013-06-19,64
official_macro_dgs10_2013-06-20,64
official_macro_dgs10_2013-06-21,64
official_macro_dgs10_2013-06-24,64
official_macro_dgs10_2013-06-25,64
official_macro_dgs10_2013-06-26,64
official_macro_dgs10_2013-06-27,64
official_macro_dgs10_2013-06-28,64
official_macro_dgs10_2013-07-01,64
official_macro_dgs10_2013-07-02,64
official_macro_dgs10_2013-07-03,64
official_macro_dgs10_2013-07-05,64
official_macro_dgs10_2013-07-08,64
official_macro_dgs10_2013-07-09,64
official_macro_dgs10_2013-07-10,64
official_macro_dgs10_2013-07-11,64
official_macro_dgs10_2013-07-12,64
official_macro_dgs10_2013-07-15,64
official_macro_dgs10_2013-07-16,64
official_macro_dgs10_2013-07-17,64
official_macro_dgs10_2013-07-18,64
official_macro_dgs10_2013-07-19,64
official_macro_dgs10_2013-07-22,64
official_macro_dgs10_2013-07-23,64
official_macro_dgs10_2013-07-24,64
official_macro_dgs10_2013-07-25,64
official_macro_dgs10_2013-07-26,64
official_macro_dgs10_2013-07-29,64
official_macro_dgs10_2013-07-30,64
official_macro_dgs10_2013-07-31,64
official_macro_dgs10_2013-08-01,64
official_macro_dgs10_2013-08-02,64
official_macro_dgs10_2013-08-05,64
official_macro_dgs10_2013-08-06,64
official_macro_dgs10_2013-08-07,64
official_macro_dgs10_2013-08-08,64
official_macro_dgs10_2013-08-09,64
official_macro_dgs10_2013-08-12,64
official_macro_dgs10_2013-08-13,64
official_macro_dgs10_2013-08-14,64
official_macro_dgs10_2013-08-15,64
official_macro_dgs10_2013-08-16,64
official_macro_dgs10_2013-08-19,64
official_macro_dgs10_2013-08-20,64
official_macro_dgs10_2013-08-21,64
official_macro_dgs10_2013-08-22,64
official_macro_dgs10_2013-08-23,64
official_macro_dgs10_2013-08-26,64
official_macro_dgs10_2013-08-27,64
official_macro_dgs10_2013-08-28,64
official_macro_dgs10_2013-08-29,64
official_macro_dgs10_2013-08-30,64
official_macro_dgs10_2013-09-03,64
official_macro_dgs10_2013-09-04,64
official_macro_dgs10_2013-09-05,64
official_macro_dgs10_2013-09-06,64
official_macro_dgs10_2013-09-09,64
official_macro_dgs10_2013-09-10,64
official_macro_dgs10_2013-09-11,64
official_macro_dgs10_2013-09-12,64
official_macro_dgs10_2013-09-13,64
official_macro_dgs10_2013-09-16,64
official_macro_dgs10_2013-09-17,64
official_macro_dgs10_2013-09-18,64
official_macro_dgs10_2013-09-19,64
official_macro_dgs10_2013-09-20,64
official_macro_dgs10_2013-09-23,64
official_macro_dgs10_2013-09-24,64
official_macro_dgs10_2013-09-25,64
official_macro_dgs10_2013-09-26,64
official_macro_dgs10_2013-09-27,64
official_macro_dgs10_2013-09-30,64
official_macro_dgs10_2013-10-01,64
official_macro_dgs10_2013-10-02,64
official_macro_dgs10_2013-10-03,64
official_macro_dgs10_2013-10-04,64
official_macro_dgs10_2013-10-07,64
official_macro_dgs10_2013-10-08,64
official_macro_dgs10_2013-10-09,64
official_macro_dgs10_2013-10-10,64
official_macro_dgs10_2013-10-11,64
official_macro_dgs10_2013-10-15,64
official_macro_dgs10_2013-10-16,64
official_macro_dgs10_2013-10-17,64
official_macro_dgs10_2013-10-18,64
official_macro_dgs10_2013-10-21,64
official_macro_dgs10_2013-10-22,64
official_macro_dgs10_2013-10-23,64
official_macro_dgs10_2013-10-24,64
official_macro_dgs10_2013-10-25,64
official_macro_dgs10_2013-10-28,64
official_macro_dgs10_2013-10-29,64
official_macro_dgs10_2013-10-30,64
official_macro_dgs10_2013-10-31,64
official_macro_dgs10_2013-11-01,64
official_macro_dgs10_2013-11-04,64
official_macro_dgs10_2013-11-05,64
official_macro_dgs10_2013-11-06,64
official_macro_dgs10_2013-11-07,64
official_macro_dgs10_2013-11-08,64
official_macro_dgs10_2013-11-12,64
official_macro_dgs10_2013-11-13,64
official_macro_dgs10_2013-11-14,64
official_macro_dgs10_2013-11-15,64
official_macro_dgs10_2013-11-18,64
official_macro_dgs10_2013-11-19,64
official_macro_dgs10_2013-11-20,64
official_macro_dgs10_2013-11-21,64
official_macro_dgs10_2013-11-22,64
official_macro_dgs10_2013-11-25,64
official_macro_dgs10_2013-11-26,64
official_macro_dgs10_2013-11-27,64
official_macro_dgs10_2013-11-29,64
official_macro_dgs10_2013-12-02,64
official_macro_dgs10_2013-12-03,64
official_macro_dgs10_2013-12-04,64
official_macro_dgs10_2013-12-05,64
official_macro_dgs10_2013-12-06,64
official_macro_dgs10_2013-12-09,64
official_macro_dgs10_2013-12-10,64
official_macro_dgs10_2013-12-11,64
official_macro_dgs10_2013-12-12,64
official_macro_dgs10_2013-12-13,64
official_macro_dgs10_2013-12-16,64
official_macro_dgs10_2013-12-17,64
official_macro_dgs10_2013-12-18,64
official_macro_dgs10_2013-12-19,64
official_macro_dgs10_2013-12-20,64
official_macro_dgs10_2013-12-23,64
official_macro_dgs10_2013-12-24,64
official_macro_dgs10_2013-12-26,64
official_macro_dgs10_2013-12-27,64
official_macro_dgs10_2013-12-30,64
official_macro_dgs10_2013-12-31,64
official_macro_dgs10_2014-01-02,64
official_macro_dgs10_2014-01-03,64
official_macro_dgs10_2014-01-06,64
official_macro_dgs10_2014-01-07,64
official_macro_dgs10_2014-01-08,64
official_macro_dgs10_2014-01-09,64
official_macro_dgs10_2014-01-10,64
official_macro_dgs10_2014-01-13,64
official_macro_dgs10_2014-01-14,64
official_macro_dgs10_2014-01-15,64
official_macro_dgs10_2014-01-16,64
official_macro_dgs10_2014-01-17,64
official_macro_dgs10_2014-01-21,64
official_macro_dgs10_2014-01-22,64
official_macro_dgs10_2014-01-23,64
official_macro_dgs10_2014-01-24,64
official_macro_dgs10_2014-01-27,64
official_macro_dgs10_2014-01-28,64
official_macro_dgs10_2014-01-29,64
official_macro_dgs10_2014-01-30,64
official_macro_dgs10_2014-01-31,64
official_macro_dgs10_2014-02-03,64
official_macro_dgs10_2014-02-04,64
official_macro_dgs10_2014-02-05,64
official_macro_dgs10_2014-02-06,64
official_macro_dgs10_2014-02-07,64
official_macro_dgs10_2014-02-10,64
official_macro_dgs10_2014-02-11,64
official_macro_dgs10_2014-02-12,64
official_macro_dgs10_2014-02-13,64
official_macro_dgs10_2014-02-14,64
official_macro_dgs10_2014-02-18,64
official_macro_dgs10_2014-02-19,64
official_macro_dgs10_2014-02-20,64
official_macro_dgs10_2014-02-21,64
official_macro_dgs10_2014-02-24,64
official_macro_dgs10_2014-02-25,64
official_macro_dgs10_2014-02-26,64
official_macro_dgs10_2014-02-27,64
official_macro_dgs10_2014-02-28,64
official_macro_dgs10_2014-03-03,64
official_macro_dgs10_2014-03-04,64
official_macro_dgs10_2014-03-05,64
official_macro_dgs10_2014-03-06,64
official_macro_dgs10_2014-03-07,64
official_macro_dgs10_2014-03-10,64
official_macro_dgs10_2014-03-11,64
official_macro_dgs10_2014-03-12,64
official_macro_dgs10_2014-03-13,64
official_macro_dgs10_2014-03-14,64
official_macro_dgs10_2014-03-17,64
official_macro_dgs10_2014-03-18,64
official_macro_dgs10_2014-03-19,64
official_macro_dgs10_2014-03-20,64
official_macro_dgs10_2014-03-21,64
official_macro_dgs10_2014-03-24,64
official_macro_dgs10_2014-03-25,64
official_macro_dgs10_2014-03-26,64
official_macro_dgs10_2014-03-27,64
official_macro_dgs10_2014-03-28,64
official_macro_dgs10_2014-03-31,64
official_macro_dgs10_2014-04-01,64
official_macro_dgs10_2014-04-02,64
official_macro_dgs10_2014-04-03,64
official_macro_dgs10_2014-04-04,64
official_macro_dgs10_2014-04-07,64
official_macro_dgs10_2014-04-08,64
official_macro_dgs10_2014-04-09,64
official_macro_dgs10_2014-04-10,64
official_macro_dgs10_2014-04-11,64
official_macro_dgs10_2014-04-14,64
official_macro_dgs10_2014-04-15,64
official_macro_dgs10_2014-04-16,64
official_macro_dgs10_2014-04-17,64
official_macro_dgs10_2014-04-21,64
official_macro_dgs10_2014-04-22,64
official_macro_dgs10_2014-04-23,64
official_macro_dgs10_2014-04-24,64
official_macro_dgs10_2014-04-25,64
official_macro_dgs10_2014-04-28,64
official_macro_dgs10_2014-04-29,64
official_macro_dgs10_2014-04-30,64
official_macro_dgs10_2014-05-01,64
official_macro_dgs10_2014-05-02,64
official_macro_dgs10_2014-05-05,64
official_macro_dgs10_2014-05-06,64
official_macro_dgs10_2014-05-07,64
official_macro_dgs10_2014-05-08,64
official_macro_dgs10_2014-05-09,64
official_macro_dgs10_2014-05-12,64
official_macro_dgs10_2014-05-13,64
official_macro_dgs10_2014-05-14,64
official_macro_dgs10_2014-05-15,64
official_macro_dgs10_2014-05-16,64
official_macro_dgs10_2014-05-19,64
official_macro_dgs10_2014-05-20,64
official_macro_dgs10_2014-05-21,64
official_macro_dgs10_2014-05-22,64
official_macro_dgs10_2014-05-23,64
official_macro_dgs10_2014-05-27,64
official_macro_dgs10_2014-05-28,64
official_macro_dgs10_2014-05-29,64
official_macro_dgs10_2014-05-30,64
official_macro_dgs10_2014-06-02,64
official_macro_dgs10_2014-06-03,64
official_macro_dgs10_2014-06-04,64
official_macro_dgs10_2014-06-05,64
official_macro_dgs10_2014-06-06,64
official_macro_dgs10_2014-06-09,64
official_macro_dgs10_2014-06-10,64
official_macro_dgs10_2014-06-11,64
official_macro_dgs10_2014-06-12,64
official_macro_dgs10_2014-06-13,64
official_macro_dgs10_2014-06-16,64
official_macro_dgs10_2014-06-17,64
official_macro_dgs10_2014-06-18,64
official_macro_dgs10_2014-06-19,64
official_macro_dgs10_2014-06-20,64
official_macro_dgs10_2014-06-23,64
official_macro_dgs10_2014-06-24,64
official_macro_dgs10_2014-06-25,64
official_macro_dgs10_2014-06-26,64
official_macro_dgs10_2014-06-27,64
official_macro_dgs10_2014-06-30,64
official_macro_dgs10_2014-07-01,64
official_macro_dgs10_2014-07-02,64
official_macro_dgs10_2014-07-03,64
official_macro_dgs10_2014-07-07,64
official_macro_dgs10_2014-07-08,64
official_macro_dgs10_2014-07-09,64
official_macro_dgs10_2014-07-10,64
official_macro_dgs10_2014-07-11,64
official_macro_dgs10_2014-07-14,64
official_macro_dgs10_2014-07-15,64
official_macro_dgs10_2014-07-16,64
official_macro_dgs10_2014-07-17,64
official_macro_dgs10_2014-07-18,64
official_macro_dgs10_2014-07-21,64
official_macro_dgs10_2014-07-22,64
official_macro_dgs10_2014-07-23,64
official_macro_dgs10_2014-07-24,64
official_macro_dgs10_2014-07-25,64
official_macro_dgs10_2014-07-28,64
official_macro_dgs10_2014-07-29,64
official_macro_dgs10_2014-07-30,64
official_macro_dgs10_2014-07-31,64
official_macro_dgs10_2014-08-01,64
official_macro_dgs10_2014-08-04,64
official_macro_dgs10_2014-08-05,64
official_macro_dgs10_2014-08-06,64
official_macro_dgs10_2014-08-07,64
official_macro_dgs10_2014-08-08,64
official_macro_dgs10_2014-08-11,64
official_macro_dgs10_2014-08-12,64
official_macro_dgs10_2014-08-13,64
official_macro_dgs10_2014-08-14,64
official_macro_dgs10_2014-08-15,64
official_macro_dgs10_2014-08-18,64
official_macro_dgs10_2014-08-19,64
official_macro_dgs10_2014-08-20,64
official_macro_dgs10_2014-08-21,64
official_macro_dgs10_2014-08-22,64
official_macro_dgs10_2014-08-25,64
official_macro_dgs10_2014-08-26,64
official_macro_dgs10_2014-08-27,64
official_macro_dgs10_2014-08-28,64
official_macro_dgs10_2014-08-29,64
official_macro_dgs10_2014-09-02,64
official_macro_dgs10_2014-09-03,64
official_macro_dgs10_2014-09-04,64
official_macro_dgs10_2014-09-05,64
official_macro_dgs10_2014-09-08,64
official_macro_dgs10_2014-09-09,64
official_macro_dgs10_2014-09-10,64
official_macro_dgs10_2014-09-11,64
official_macro_dgs10_2014-09-12,64
official_macro_dgs10_2014-09-15,64
official_macro_dgs10_2014-09-16,64
official_macro_dgs10_2014-09-17,64
official_macro_dgs10_2014-09-18,64
official_macro_dgs10_2014-09-19,64
official_macro_dgs10_2014-09-22,64
official_macro_dgs10_2014-09-23,64
official_macro_dgs10_2014-09-24,64
official_macro_dgs10_2014-09-25,64
official_macro_dgs10_2014-09-26,64
official_macro_dgs10_2014-09-29,64
official_macro_dgs10_2014-09-30,64
official_macro_dgs10_2014-10-01,64
official_macro_dgs10_2014-10-02,64
official_macro_dgs10_2014-10-03,64
official_macro_dgs10_2014-10-06,64
official_macro_dgs10_2014-10-07,64
official_macro_dgs10_2014-10-08,64
official_macro_dgs10_2014-10-09,64
official_macro_dgs10_2014-10-10,64
official_macro_dgs10_2014-10-14,64
official_macro_dgs10_2014-10-15,64
official_macro_dgs10_2014-10-16,64
official_macro_dgs10_2014-10-17,64
official_macro_dgs10_2014-10-20,64
official_macro_dgs10_2014-10-21,64
official_macro_dgs10_2014-10-22,64
official_macro_dgs10_2014-10-23,64
official_macro_dgs10_2014-10-24,64
official_macro_dgs10_2014-10-27,64
official_macro_dgs10_2014-10-28,64
official_macro_dgs10_2014-10-29,64
official_macro_dgs10_2014-10-30,64
official_macro_dgs10_2014-10-31,64
official_macro_dgs10_2014-11-03,64
official_macro_dgs10_2014-11-04,64
official_macro_dgs10_2014-11-05,64
official_macro_dgs10_2014-11-06,64
official_macro_dgs10_2014-11-07,64
official_macro_dgs10_2014-11-10,64
official_macro_dgs10_2014-11-12,64
official_macro_dgs10_2014-11-13,64
official_macro_dgs10_2014-11-14,64
official_macro_dgs10_2014-11-17,64
official_macro_dgs10_2014-11-18,64
official_macro_dgs10_2014-11-19,64
official_macro_dgs10_2014-11-20,64
official_macro_dgs10_2014-11-21,64
official_macro_dgs10_2014-11-24,64
official_macro_dgs10_2014-11-25,64
official_macro_dgs10_2014-11-26,64
official_macro_dgs10_2014-11-28,64
official_macro_dgs10_2014-12-01,64
official_macro_dgs10_2014-12-02,64
official_macro_dgs10_2014-12-03,64
official_macro_dgs10_2014-12-04,64
official_macro_dgs10_2014-12-05,64
official_macro_dgs10_2014-12-08,64
official_macro_dgs10_2014-12-09,64
official_macro_dgs10_2014-12-10,64
official_macro_dgs10_2014-12-11,64
official_macro_dgs10_2014-12-12,64
official_macro_dgs10_2014-12-15,64
official_macro_dgs10_2014-12-16,64
official_macro_dgs10_2014-12-17,64
official_macro_dgs10_2014-12-18,64
official_macro_dgs10_2014-12-19,64
official_macro_dgs10_2014-12-22,64
official_macro_dgs10_2014-12-23,64
official_macro_dgs10_2014-12-24,64
official_macro_dgs10_2014-12-26,64
official_macro_dgs10_2014-12-29,64
official_macro_dgs10_2014-12-30,64
official_macro_dgs10_2014-12-31,64
official_macro_dgs10_2015-01-02,64
official_macro_dgs10_2015-01-05,64
official_macro_dgs10_2015-01-06,64
official_macro_dgs10_2015-01-07,64
official_macro_dgs10_2015-01-08,64
official_macro_dgs10_2015-01-09,64
official_macro_dgs10_2015-01-12,64
official_macro_dgs10_2015-01-13,64
official_macro_dgs10_2015-01-14,64
official_macro_dgs10_2015-01-15,64
official_macro_dgs10_2015-01-16,64
official_macro_dgs10_2015-01-20,64
official_macro_dgs10_2015-01-21,64
official_macro_dgs10_2015-01-22,64
official_macro_dgs10_2015-01-23,64
official_macro_dgs10_2015-01-26,64
official_macro_dgs10_2015-01-27,64
official_macro_dgs10_2015-01-28,64
official_macro_dgs10_2015-01-29,64
official_macro_dgs10_2015-01-30,64
official_macro_dgs10_2015-02-02,64
official_macro_dgs10_2015-02-03,64
official_macro_dgs10_2015-02-04,64
official_macro_dgs10_2015-02-05,64
official_macro_dgs10_2015-02-06,64
official_macro_dgs10_2015-02-09,64
official_macro_dgs10_2015-02-10,64
official_macro_dgs10_2015-02-11,64
official_macro_dgs10_2015-02-12,64
official_macro_dgs10_2015-02-13,64
official_macro_dgs10_2015-02-17,64
official_macro_dgs10_2015-02-18,64
official_macro_dgs10_2015-02-19,64
official_macro_dgs10_2015-02-20,64
official_macro_dgs10_2015-02-23,64
official_macro_dgs10_2015-02-24,64
official_macro_dgs10_2015-02-25,64
official_macro_dgs10_2015-02-26,64
official_macro_dgs10_2015-02-27,64
official_macro_dgs10_2015-03-02,64
official_macro_dgs10_2015-03-03,64
official_macro_dgs10_2015-03-04,64
official_macro_dgs10_2015-03-05,64
official_macro_dgs10_2015-03-06,64
official_macro_dgs10_2015-03-09,64
official_macro_dgs10_2015-03-10,64
official_macro_dgs10_2015-03-11,64
official_macro_dgs10_2015-03-12,64
official_macro_dgs10_2015-03-13,64
official_macro_dgs10_2015-03-16,64
official_macro_dgs10_2015-03-17,64
official_macro_dgs10_2015-03-18,64
official_macro_dgs10_2015-03-19,64
official_macro_dgs10_2015-03-20,64
official_macro_dgs10_2015-03-23,64
official_macro_dgs10_2015-03-24,64
official_macro_dgs10_2015-03-25,64
official_macro_dgs10_2015-03-26,64
official_macro_dgs10_2015-03-27,64
official_macro_dgs10_2015-03-30,64
official_macro_dgs10_2015-03-31,64
official_macro_dgs10_2015-04-01,64
official_macro_dgs10_2015-04-02,64
official_macro_dgs10_2015-04-03,64
official_macro_dgs10_2015-04-06,64
official_macro_dgs10_2015-04-07,64
official_macro_dgs10_2015-04-08,64
official_macro_dgs10_2015-04-09,64
official_macro_dgs10_2015-04-10,64
official_macro_dgs10_2015-04-13,64
official_macro_dgs10_2015-04-14,64
official_macro_dgs10_2015-04-15,64
official_macro_dgs10_2015-04-16,64
official_macro_dgs10_2015-04-17,64
official_macro_dgs10_2015-04-20,64
official_macro_dgs10_2015-04-21,64
official_macro_dgs10_2015-04-22,64
official_macro_dgs10_2015-04-23,64
official_macro_dgs10_2015-04-24,64
official_macro_dgs10_2015-04-27,64
official_macro_dgs10_2015-04-28,64
official_macro_dgs10_2015-04-29,64
official_macro_dgs10_2015-04-30,64
official_macro_dgs10_2015-05-01,64
official_macro_dgs10_2015-05-04,64
official_macro_dgs10_2015-05-05,64
official_macro_dgs10_2015-05-06,64
official_macro_dgs10_2015-05-07,64
official_macro_dgs10_2015-05-08,64
official_macro_dgs10_2015-05-11,64
official_macro_dgs10_2015-05-12,64
official_macro_dgs10_2015-05-13,64
official_macro_dgs10_2015-05-14,64
official_macro_dgs10_2015-05-15,64
official_macro_dgs10_2015-05-18,64
official_macro_dgs10_2015-05-19,64
official_macro_dgs10_2015-05-20,64
official_macro_dgs10_2015-05-21,64
official_macro_dgs10_2015-05-22,64
official_macro_dgs10_2015-05-26,64
official_macro_dgs10_2015-05-27,64
official_macro_dgs10_2015-05-28,64
official_macro_dgs10_2015-05-29,64
official_macro_dgs10_2015-06-01,64
official_macro_dgs10_2015-06-02,64
official_macro_dgs10_2015-06-03,64
official_macro_dgs10_2015-06-04,64
official_macro_dgs10_2015-06-05,64
official_macro_dgs10_2015-06-08,64
official_macro_dgs10_2015-06-09,64
official_macro_dgs10_2015-06-10,64
official_macro_dgs10_2015-06-11,64
official_macro_dgs10_2015-06-12,64
official_macro_dgs10_2015-06-15,64
official_macro_dgs10_2015-06-16,64
official_macro_dgs10_2015-06-17,64
official_macro_dgs10_2015-06-18,64
official_macro_dgs10_2015-06-19,64
official_macro_dgs10_2015-06-22,64
official_macro_dgs10_2015-06-23,64
official_macro_dgs10_2015-06-24,64
official_macro_dgs10_2015-06-25,64
official_macro_dgs10_2015-06-26,64
official_macro_dgs10_2015-06-29,64
official_macro_dgs10_2015-06-30,64
official_macro_dgs10_2015-07-01,64
official_macro_dgs10_2015-07-02,64
official_macro_dgs10_2015-07-06,64
official_macro_dgs10_2015-07-07,64
official_macro_dgs10_2015-07-08,64
official_macro_dgs10_2015-07-09,64
official_macro_dgs10_2015-07-10,64
official_macro_dgs10_2015-07-13,64
official_macro_dgs10_2015-07-14,64
official_macro_dgs10_2015-07-15,64
official_macro_dgs10_2015-07-16,64
official_macro_dgs10_2015-07-17,64
official_macro_dgs10_2015-07-20,64
official_macro_dgs10_2015-07-21,64
official_macro_dgs10_2015-07-22,64
official_macro_dgs10_2015-07-23,64
official_macro_dgs10_2015-07-24,64
official_macro_dgs10_2015-07-27,64
official_macro_dgs10_2015-07-28,64
official_macro_dgs10_2015-07-29,64
official_macro_dgs10_2015-07-30,64
official_macro_dgs10_2015-07-31,64
official_macro_dgs10_2015-08-03,64
official_macro_dgs10_2015-08-04,64
official_macro_dgs10_2015-08-05,64
official_macro_dgs10_2015-08-06,64
official_macro_dgs10_2015-08-07,64
official_macro_dgs10_2015-08-10,64
official_macro_dgs10_2015-08-11,64
official_macro_dgs10_2015-08-12,64
official_macro_dgs10_2015-08-13,64
official_macro_dgs10_2015-08-14,64
official_macro_dgs10_2015-08-17,64
official_macro_dgs10_2015-08-18,64
official_macro_dgs10_2015-08-19,64
official_macro_dgs10_2015-08-20,64
official_macro_dgs10_2015-08-21,64
official_macro_dgs10_2015-08-24,64
official_macro_dgs10_2015-08-25,64
official_macro_dgs10_2015-08-26,64
official_macro_dgs10_2015-08-27,64
official_macro_dgs10_2015-08-28,64
official_macro_dgs10_2015-08-31,64
official_macro_dgs10_2015-09-01,64
official_macro_dgs10_2015-09-02,64
official_macro_dgs10_2015-09-03,64
official_macro_dgs10_2015-09-04,64
official_macro_dgs10_2015-09-08,64
official_macro_dgs10_2015-09-09,64
official_macro_dgs10_2015-09-10,64
official_macro_dgs10_2015-09-11,64
official_macro_dgs10_2015-09-14,64
official_macro_dgs10_2015-09-15,64
official_macro_dgs10_2015-09-16,64
official_macro_dgs10_2015-09-17,64
official_macro_dgs10_2015-09-18,64
official_macro_dgs10_2015-09-21,64
official_macro_dgs10_2015-09-22,64
official_macro_dgs10_2015-09-23,64
official_macro_dgs10_2015-09-24,64
official_macro_dgs10_2015-09-25,64
official_macro_dgs10_2015-09-28,64
official_macro_dgs10_2015-09-29,64
official_macro_dgs10_2015-09-30,64
official_macro_dgs10_2015-10-01,64
official_macro_dgs10_2015-10-02,64
official_macro_dgs10_2015-10-05,64
official_macro_dgs10_2015-10-06,64
official_macro_dgs10_2015-10-07,64
official_macro_dgs10_2015-10-08,64
official_macro_dgs10_2015-10-09,64
official_macro_dgs10_2015-10-13,64
official_macro_dgs10_2015-10-14,64
official_macro_dgs10_2015-10-15,64
official_macro_dgs10_2015-10-16,64
official_macro_dgs10_2015-10-19,64
official_macro_dgs10_2015-10-20,64
official_macro_dgs10_2015-10-21,64
official_macro_dgs10_2015-10-22,64
official_macro_dgs10_2015-10-23,64
official_macro_dgs10_2015-10-26,64
official_macro_dgs10_2015-10-27,64
official_macro_dgs10_2015-10-28,64
official_macro_dgs10_2015-10-29,64
official_macro_dgs10_2015-10-30,64
official_macro_dgs10_2015-11-02,64
official_macro_dgs10_2015-11-03,64
official_macro_dgs10_2015-11-04,64
official_macro_dgs10_2015-11-05,64
official_macro_dgs10_2015-11-06,64
official_macro_dgs10_2015-11-09,64
official_macro_dgs10_2015-11-10,64
official_macro_dgs10_2015-11-12,64
official_macro_dgs10_2015-11-13,64
official_macro_dgs10_2015-11-16,64
official_macro_dgs10_2015-11-17,64
official_macro_dgs10_2015-11-18,64
official_macro_dgs10_2015-11-19,64
official_macro_dgs10_2015-11-20,64
official_macro_dgs10_2015-11-23,64
official_macro_dgs10_2015-11-24,64
official_macro_dgs10_2015-11-25,64
official_macro_dgs10_2015-11-27,64
official_macro_dgs10_2015-11-30,64
official_macro_dgs10_2015-12-01,64
official_macro_dgs10_2015-12-02,64
official_macro_dgs10_2015-12-03,64
official_macro_dgs10_2015-12-04,64
official_macro_dgs10_2015-12-07,64
official_macro_dgs10_2015-12-08,64
official_macro_dgs10_2015-12-09,64
official_macro_dgs10_2015-12-10,64
official_macro_dgs10_2015-12-11,64
official_macro_dgs10_2015-12-14,64
official_macro_dgs10_2015-12-15,64
official_macro_dgs10_2015-12-16,64
official_macro_dgs10_2015-12-17,64
official_macro_dgs10_2015-12-18,64
official_macro_dgs10_2015-12-21,64
official_macro_dgs10_2015-12-22,64
official_macro_dgs10_2015-12-23,64
official_macro_dgs10_2015-12-24,64
official_macro_dgs10_2015-12-28,64
official_macro_dgs10_2015-12-29,64
official_macro_dgs10_2015-12-30,64
official_macro_dgs10_2015-12-31,64
official_macro_dgs10_2016-01-04,64
official_macro_dgs10_2016-01-05,64
official_macro_dgs10_2016-01-06,64
official_macro_dgs10_2016-01-07,64
official_macro_dgs10_2016-01-08,64
official_macro_dgs10_2016-01-11,64
official_macro_dgs10_2016-01-12,64
official_macro_dgs10_2016-01-13,64
official_macro_dgs10_2016-01-14,64
official_macro_dgs10_2016-01-15,64
official_macro_dgs10_2016-01-19,64
official_macro_dgs10_2016-01-20,64
official_macro_dgs10_2016-01-21,64
official_macro_dgs10_2016-01-22,64
official_macro_dgs10_2016-01-25,64
official_macro_dgs10_2016-01-26,64
official_macro_dgs10_2016-01-27,64
official_macro_dgs10_2016-01-28,64
official_macro_dgs10_2016-01-29,64
official_macro_dgs10_2016-02-01,64
official_macro_dgs10_2016-02-02,64
official_macro_dgs10_2016-02-03,64
official_macro_dgs10_2016-02-04,64
official_macro_dgs10_2016-02-05,64
official_macro_dgs10_2016-02-08,64
official_macro_dgs10_2016-02-09,64
official_macro_dgs10_2016-02-10,64
official_macro_dgs10_2016-02-11,64
official_macro_dgs10_2016-02-12,64
official_macro_dgs10_2016-02-16,64
official_macro_dgs10_2016-02-17,64
official_macro_dgs10_2016-02-18,64
official_macro_dgs10_2016-02-19,64
official_macro_dgs10_2016-02-22,64
official_macro_dgs10_2016-02-23,64
official_macro_dgs10_2016-02-24,64
official_macro_dgs10_2016-02-25,64
official_macro_dgs10_2016-02-26,64
official_macro_dgs10_2016-02-29,64
official_macro_dgs10_2016-03-01,64
official_macro_dgs10_2016-03-02,64
official_macro_dgs10_2016-03-03,64
official_macro_dgs10_2016-03-04,64
official_macro_dgs10_2016-03-07,64
official_macro_dgs10_2016-03-08,64
official_macro_dgs10_2016-03-09,64
official_macro_dgs10_2016-03-10,64
official_macro_dgs10_2016-03-11,64
official_macro_dgs10_2016-03-14,64
official_macro_dgs10_2016-03-15,64
official_macro_dgs10_2016-03-16,64
official_macro_dgs10_2016-03-17,64
official_macro_dgs10_2016-03-18,64
official_macro_dgs10_2016-03-21,64
official_macro_dgs10_2016-03-22,64
official_macro_dgs10_2016-03-23,64
official_macro_dgs10_2016-03-24,64
official_macro_dgs10_2016-03-28,64
official_macro_dgs10_2016-03-29,64
official_macro_dgs10_2016-03-30,64
official_macro_dgs10_2016-03-31,64
official_macro_dgs10_2016-04-01,64
official_macro_dgs10_2016-04-04,64
official_macro_dgs10_2016-04-05,64
official_macro_dgs10_2016-04-06,64
official_macro_dgs10_2016-04-07,64
official_macro_dgs10_2016-04-08,64
official_macro_dgs10_2016-04-11,64
official_macro_dgs10_2016-04-12,64
official_macro_dgs10_2016-04-13,64
official_macro_dgs10_2016-04-14,64
official_macro_dgs10_2016-04-15,64
official_macro_dgs10_2016-04-18,64
official_macro_dgs10_2016-04-19,64
official_macro_dgs10_2016-04-20,64
official_macro_dgs10_2016-04-21,64
official_macro_dgs10_2016-04-22,64
official_macro_dgs10_2016-04-25,64
official_macro_dgs10_2016-04-26,64
official_macro_dgs10_2016-04-27,64
official_macro_dgs10_2016-04-28,64
official_macro_dgs10_2016-04-29,64
official_macro_dgs10_2016-05-02,64
official_macro_dgs10_2016-05-03,64
official_macro_dgs10_2016-05-04,64
official_macro_dgs10_2016-05-05,64
official_macro_dgs10_2016-05-06,64
official_macro_dgs10_2016-05-09,64
official_macro_dgs10_2016-05-10,64
official_macro_dgs10_2016-05-11,64
official_macro_dgs10_2016-05-12,64
official_macro_dgs10_2016-05-13,64
official_macro_dgs10_2016-05-16,64
official_macro_dgs10_2016-05-17,64
official_macro_dgs10_2016-05-18,64
official_macro_dgs10_2016-05-19,64
official_macro_dgs10_2016-05-20,64
official_macro_dgs10_2016-05-23,64
official_macro_dgs10_2016-05-24,64
official_macro_dgs10_2016-05-25,64
official_macro_dgs10_2016-05-26,64
official_macro_dgs10_2016-05-27,64
official_macro_dgs10_2016-05-31,64
official_macro_dgs10_2016-06-01,64
official_macro_dgs10_2016-06-02,64
official_macro_dgs10_2016-06-03,64
official_macro_dgs10_2016-06-06,64
official_macro_dgs10_2016-06-07,64
official_macro_dgs10_2016-06-08,64
official_macro_dgs10_2016-06-09,64
official_macro_dgs10_2016-06-10,64
official_macro_dgs10_2016-06-13,64
official_macro_dgs10_2016-06-14,64
official_macro_dgs10_2016-06-15,64
official_macro_dgs10_2016-06-16,64
official_macro_dgs10_2016-06-17,64
official_macro_dgs10_2016-06-20,64
official_macro_dgs10_2016-06-21,64
official_macro_dgs10_2016-06-22,64
official_macro_dgs10_2016-06-23,64
official_macro_dgs10_2016-06-24,64
official_macro_dgs10_2016-06-27,64
official_macro_dgs10_2016-06-28,64
official_macro_dgs10_2016-06-29,64
official_macro_dgs10_2016-06-30,64
official_macro_dgs10_2016-07-01,64
official_macro_dgs10_2016-07-05,64
official_macro_dgs10_2016-07-06,64
official_macro_dgs10_2016-07-07,64
official_macro_dgs10_2016-07-08,64
official_macro_dgs10_2016-07-11,64
official_macro_dgs10_2016-07-12,64
official_macro_dgs10_2016-07-13,64
official_macro_dgs10_2016-07-14,64
official_macro_dgs10_2016-07-15,64
official_macro_dgs10_2016-07-18,64
official_macro_dgs10_2016-07-19,64
official_macro_dgs10_2016-07-20,64
official_macro_dgs10_2016-07-21,64
official_macro_dgs10_2016-07-22,64
official_macro_dgs10_2016-07-25,64
official_macro_dgs10_2016-07-26,64
official_macro_dgs10_2016-07-27,64
official_macro_dgs10_2016-07-28,64
official_macro_dgs10_2016-07-29,64
official_macro_dgs10_2016-08-01,64
official_macro_dgs10_2016-08-02,64
official_macro_dgs10_2016-08-03,64
official_macro_dgs10_2016-08-04,64
official_macro_dgs10_2016-08-05,64
official_macro_dgs10_2016-08-08,64
official_macro_dgs10_2016-08-09,64
official_macro_dgs10_2016-08-10,64
official_macro_dgs10_2016-08-11,64
official_macro_dgs10_2016-08-12,64
official_macro_dgs10_2016-08-15,64
official_macro_dgs10_2016-08-16,64
official_macro_dgs10_2016-08-17,64
official_macro_dgs10_2016-08-18,64
official_macro_dgs10_2016-08-19,64
official_macro_dgs10_2016-08-22,64
official_macro_dgs10_2016-08-23,64
official_macro_dgs10_2016-08-24,64
official_macro_dgs10_2016-08-25,64
official_macro_dgs10_2016-08-26,64
official_macro_dgs10_2016-08-29,64
official_macro_dgs10_2016-08-30,64
official_macro_dgs10_2016-08-31,64
official_macro_dgs10_2016-09-01,64
official_macro_dgs10_2016-09-02,64
official_macro_dgs10_2016-09-06,64
official_macro_dgs10_2016-09-07,64
official_macro_dgs10_2016-09-08,64
official_macro_dgs10_2016-09-09,64
official_macro_dgs10_2016-09-12,64
official_macro_dgs10_2016-09-13,64
official_macro_dgs10_2016-09-14,64
official_macro_dgs10_2016-09-15,64
official_macro_dgs10_2016-09-16,64
official_macro_dgs10_2016-09-19,64
official_macro_dgs10_2016-09-20,64
official_macro_dgs10_2016-09-21,64
official_macro_dgs10_2016-09-22,64
official_macro_dgs10_2016-09-23,64
official_macro_dgs10_2016-09-26,64
official_macro_dgs10_2016-09-27,64
official_macro_dgs10_2016-09-28,64
official_macro_dgs10_2016-09-29,64
official_macro_dgs10_2016-09-30,64
official_macro_dgs10_2016-10-03,64
official_macro_dgs10_2016-10-04,64
official_macro_dgs10_2016-10-05,64
official_macro_dgs10_2016-10-06,64
official_macro_dgs10_2016-10-07,64
official_macro_dgs10_2016-10-11,64
official_macro_dgs10_2016-10-12,64
official_macro_dgs10_2016-10-13,64
official_macro_dgs10_2016-10-14,64
official_macro_dgs10_2016-10-17,64
official_macro_dgs10_2016-10-18,64
official_macro_dgs10_2016-10-19,64
official_macro_dgs10_2016-10-20,64
official_macro_dgs10_2016-10-21,64
official_macro_dgs10_2016-10-24,64
official_macro_dgs10_2016-10-25,64
official_macro_dgs10_2016-10-26,64
official_macro_dgs10_2016-10-27,64
official_macro_dgs10_2016-10-28,64
official_macro_dgs10_2016-10-31,64
official_macro_dgs10_2016-11-01,64
official_macro_dgs10_2016-11-02,64
official_macro_dgs10_2016-11-03,64
official_macro_dgs10_2016-11-04,64
official_macro_dgs10_2016-11-07,64
official_macro_dgs10_2016-11-08,64
official_macro_dgs10_2016-11-09,64
official_macro_dgs10_2016-11-10,64
official_macro_dgs10_2016-11-14,64
official_macro_dgs10_2016-11-15,64
official_macro_dgs10_2016-11-16,64
official_macro_dgs10_2016-11-17,64
official_macro_dgs10_2016-11-18,64
official_macro_dgs10_2016-11-21,64
official_macro_dgs10_2016-11-22,64
official_macro_dgs10_2016-11-23,64
official_macro_dgs10_2016-11-25,64
official_macro_dgs10_2016-11-28,64
official_macro_dgs10_2016-11-29,64
official_macro_dgs10_2016-11-30,64
official_macro_dgs10_2016-12-01,64
official_macro_dgs10_2016-12-02,64
official_macro_dgs10_2016-12-05,64
official_macro_dgs10_2016-12-06,64
official_macro_dgs10_2016-12-07,64
official_macro_dgs10_2016-12-08,64
official_macro_dgs10_2016-12-09,64
official_macro_dgs10_2016-12-12,64
official_macro_dgs10_2016-12-13,64
official_macro_dgs10_2016-12-14,64
official_macro_dgs10_2016-12-15,64
official_macro_dgs10_2016-12-16,64
official_macro_dgs10_2016-12-19,64
official_macro_dgs10_2016-12-20,64
official_macro_dgs10_2016-12-21,64
official_macro_dgs10_2016-12-22,64
official_macro_dgs10_2016-12-23,64
official_macro_dgs10_2016-12-27,64
official_macro_dgs10_2016-12-28,64
official_macro_dgs10_2016-12-29,64
official_macro_dgs10_2016-12-30,64
official_macro_dgs10_2017-01-03,64
official_macro_dgs10_2017-01-04,64
official_macro_dgs10_2017-01-05,64
official_macro_dgs10_2017-01-06,64
official_macro_dgs10_2017-01-09,64
official_macro_dgs10_2017-01-10,64
official_macro_dgs10_2017-01-11,64
official_macro_dgs10_2017-01-12,64
official_macro_dgs10_2017-01-13,64
official_macro_dgs10_2017-01-17,64
official_macro_dgs10_2017-01-18,64
official_macro_dgs10_2017-01-19,64
official_macro_dgs10_2017-01-20,64
official_macro_dgs10_2017-01-23,64
official_macro_dgs10_2017-01-24,64
official_macro_dgs10_2017-01-25,64
official_macro_dgs10_2017-01-26,64
official_macro_dgs10_2017-01-27,64
official_macro_dgs10_2017-01-30,64
official_macro_dgs10_2017-01-31,64
official_macro_dgs10_2017-02-01,64
official_macro_dgs10_2017-02-02,64
official_macro_dgs10_2017-02-03,64
official_macro_dgs10_2017-02-06,64
official_macro_dgs10_2017-02-07,64
official_macro_dgs10_2017-02-08,64
official_macro_dgs10_2017-02-09,64
official_macro_dgs10_2017-02-10,64
official_macro_dgs10_2017-02-13,64
official_macro_dgs10_2017-02-14,64
official_macro_dgs10_2017-02-15,64
official_macro_dgs10_2017-02-16,64
official_macro_dgs10_2017-02-17,64
official_macro_dgs10_2017-02-21,64
official_macro_dgs10_2017-02-22,64
official_macro_dgs10_2017-02-23,64
official_macro_dgs10_2017-02-24,64
official_macro_dgs10_2017-02-27,64
official_macro_dgs10_2017-02-28,64
official_macro_dgs10_2017-03-01,64
official_macro_dgs10_2017-03-02,64
official_macro_dgs10_2017-03-03,64
official_macro_dgs10_2017-03-06,64
official_macro_dgs10_2017-03-07,64
official_macro_dgs10_2017-03-08,64
official_macro_dgs10_2017-03-09,64
official_macro_dgs10_2017-03-10,64
official_macro_dgs10_2017-03-13,64
official_macro_dgs10_2017-03-14,64
official_macro_dgs10_2017-03-15,64
official_macro_dgs10_2017-03-16,64
official_macro_dgs10_2017-03-17,64
official_macro_dgs10_2017-03-20,64
official_macro_dgs10_2017-03-21,64
official_macro_dgs10_2017-03-22,64
official_macro_dgs10_2017-03-23,64
official_macro_dgs10_2017-03-24,64
official_macro_dgs10_2017-03-27,64
official_macro_dgs10_2017-03-28,64
official_macro_dgs10_2017-03-29,64
official_macro_dgs10_2017-03-30,64
official_macro_dgs10_2017-03-31,64
official_macro_dgs10_2017-04-03,64
official_macro_dgs10_2017-04-04,64
official_macro_dgs10_2017-04-05,64
official_macro_dgs10_2017-04-06,64
official_macro_dgs10_2017-04-07,64
official_macro_dgs10_2017-04-10,64
official_macro_dgs10_2017-04-11,64
official_macro_dgs10_2017-04-12,64
official_macro_dgs10_2017-04-13,64
official_macro_dgs10_2017-04-17,64
official_macro_dgs10_2017-04-18,64
official_macro_dgs10_2017-04-19,64
official_macro_dgs10_2017-04-20,64
official_macro_dgs10_2017-04-21,64
official_macro_dgs10_2017-04-24,64
official_macro_dgs10_2017-04-25,64
official_macro_dgs10_2017-04-26,64
official_macro_dgs10_2017-04-27,64
official_macro_dgs10_2017-04-28,64
official_macro_dgs10_2017-05-01,64
official_macro_dgs10_2017-05-02,64
official_macro_dgs10_2017-05-03,64
official_macro_dgs10_2017-05-04,64
official_macro_dgs10_2017-05-05,64
official_macro_dgs10_2017-05-08,64
official_macro_dgs10_2017-05-09,64
official_macro_dgs10_2017-05-10,64
official_macro_dgs10_2017-05-11,64
official_macro_dgs10_2017-05-12,64
official_macro_dgs10_2017-05-15,64
official_macro_dgs10_2017-05-16,64
official_macro_dgs10_2017-05-17,64
official_macro_dgs10_2017-05-18,64
official_macro_dgs10_2017-05-19,64
official_macro_dgs10_2017-05-22,64
official_macro_dgs10_2017-05-23,64
official_macro_dgs10_2017-05-24,64
official_macro_dgs10_2017-05-25,64
official_macro_dgs10_2017-05-26,64
official_macro_dgs10_2017-05-30,64
official_macro_dgs10_2017-05-31,64
official_macro_dgs10_2017-06-01,64
official_macro_dgs10_2017-06-02,64
official_macro_dgs10_2017-06-05,64
official_macro_dgs10_2017-06-06,64
official_macro_dgs10_2017-06-07,64
official_macro_dgs10_2017-06-08,64
official_macro_dgs10_2017-06-09,64
official_macro_dgs10_2017-06-12,64
official_macro_dgs10_2017-06-13,64
official_macro_dgs10_2017-06-14,64
official_macro_dgs10_2017-06-15,64
official_macro_dgs10_2017-06-16,64
official_macro_dgs10_2017-06-19,64
official_macro_dgs10_2017-06-20,64
official_macro_dgs10_2017-06-21,64
official_macro_dgs10_2017-06-22,64
official_macro_dgs10_2017-06-23,64
official_macro_dgs10_2017-06-26,64
official_macro_dgs10_2017-06-27,64
official_macro_dgs10_2017-06-28,64
official_macro_dgs10_2017-06-29,64
official_macro_dgs10_2017-06-30,64
official_macro_dgs10_2017-07-03,64
official_macro_dgs10_2017-07-05,64
official_macro_dgs10_2017-07-06,64
official_macro_dgs10_2017-07-07,64
official_macro_dgs10_2017-07-10,64
official_macro_dgs10_2017-07-11,64
official_macro_dgs10_2017-07-12,64
official_macro_dgs10_2017-07-13,64
official_macro_dgs10_2017-07-14,64
official_macro_dgs10_2017-07-17,64
official_macro_dgs10_2017-07-18,64
official_macro_dgs10_2017-07-19,64
official_macro_dgs10_2017-07-20,64
official_macro_dgs10_2017-07-21,64
official_macro_dgs10_2017-07-24,64
official_macro_dgs10_2017-07-25,64
official_macro_dgs10_2017-07-26,64
official_macro_dgs10_2017-07-27,64
official_macro_dgs10_2017-07-28,64
official_macro_dgs10_2017-07-31,64
official_macro_dgs10_2017-08-01,64
official_macro_dgs10_2017-08-02,64
official_macro_dgs10_2017-08-03,64
official_macro_dgs10_2017-08-04,64
official_macro_dgs10_2017-08-07,64
official_macro_dgs10_2017-08-08,64
official_macro_dgs10_2017-08-09,64
official_macro_dgs10_2017-08-10,64
official_macro_dgs10_2017-08-11,64
official_macro_dgs10_2017-08-14,64
official_macro_dgs10_2017-08-15,64
official_macro_dgs10_2017-08-16,64
official_macro_dgs10_2017-08-17,64
official_macro_dgs10_2017-08-18,64
official_macro_dgs10_2017-08-21,64
official_macro_dgs10_2017-08-22,64
official_macro_dgs10_2017-08-23,64
official_macro_dgs10_2017-08-24,64
official_macro_dgs10_2017-08-25,64
official_macro_dgs10_2017-08-28,64
official_macro_dgs10_2017-08-29,64
official_macro_dgs10_2017-08-30,64
official_macro_dgs10_2017-08-31,64
official_macro_dgs10_2017-09-01,64
official_macro_dgs10_2017-09-05,64
official_macro_dgs10_2017-09-06,64
official_macro_dgs10_2017-09-07,64
official_macro_dgs10_2017-09-08,64
official_macro_dgs10_2017-09-11,64
official_macro_dgs10_2017-09-12,64
official_macro_dgs10_2017-09-13,64
official_macro_dgs10_2017-09-14,64
official_macro_dgs10_2017-09-15,64
official_macro_dgs10_2017-09-18,64
official_macro_dgs10_2017-09-19,64
official_macro_dgs10_2017-09-20,64
official_macro_dgs10_2017-09-21,64
official_macro_dgs10_2017-09-22,64
official_macro_dgs10_2017-09-25,64
official_macro_dgs10_2017-09-26,64
official_macro_dgs10_2017-09-27,64
official_macro_dgs10_2017-09-28,64
official_macro_dgs10_2017-09-29,64
official_macro_dgs10_2017-10-02,64
official_macro_dgs10_2017-10-03,64
official_macro_dgs10_2017-10-04,64
official_macro_dgs10_2017-10-05,64
official_macro_dgs10_2017-10-06,64
official_macro_dgs10_2017-10-10,64
official_macro_dgs10_2017-10-11,64
official_macro_dgs10_2017-10-12,64
official_macro_dgs10_2017-10-13,64
official_macro_dgs10_2017-10-16,64
official_macro_dgs10_2017-10-17,64
official_macro_dgs10_2017-10-18,64
official_macro_dgs10_2017-10-19,64
official_macro_dgs10_2017-10-20,64
official_macro_dgs10_2017-10-23,64
official_macro_dgs10_2017-10-24,64
official_macro_dgs10_2017-10-25,64
official_macro_dgs10_2017-10-26,64
official_macro_dgs10_2017-10-27,64
official_macro_dgs10_2017-10-30,64
official_macro_dgs10_2017-10-31,64
official_macro_dgs10_2017-11-01,64
official_macro_dgs10_2017-11-02,64
official_macro_dgs10_2017-11-03,64
official_macro_dgs10_2017-11-06,64
official_macro_dgs10_2017-11-07,64
official_macro_dgs10_2017-11-08,64
official_macro_dgs10_2017-11-09,64
official_macro_dgs10_2017-11-10,64
official_macro_dgs10_2017-11-13,64
official_macro_dgs10_2017-11-14,64
official_macro_dgs10_2017-11-15,64
official_macro_dgs10_2017-11-16,64
official_macro_dgs10_2017-11-17,64
official_macro_dgs10_2017-11-20,64
official_macro_dgs10_2017-11-21,64
official_macro_dgs10_2017-11-22,64
official_macro_dgs10_2017-11-24,64
official_macro_dgs10_2017-11-27,64
official_macro_dgs10_2017-11-28,64
official_macro_dgs10_2017-11-29,64
official_macro_dgs10_2017-11-30,64
official_macro_dgs10_2017-12-01,64
official_macro_dgs10_2017-12-04,64
official_macro_dgs10_2017-12-05,64
official_macro_dgs10_2017-12-06,64
official_macro_dgs10_2017-12-07,64
official_macro_dgs10_2017-12-08,64
official_macro_dgs10_2017-12-11,64
official_macro_dgs10_2017-12-12,64
official_macro_dgs10_2017-12-13,64
official_macro_dgs10_2017-12-14,64
official_macro_dgs10_2017-12-15,64
official_macro_dgs10_2017-12-18,64
official_macro_dgs10_2017-12-19,64
official_macro_dgs10_2017-12-20,64
official_macro_dgs10_2017-12-21,64
official_macro_dgs10_2017-12-22,64
official_macro_dgs10_2017-12-26,64
official_macro_dgs10_2017-12-27,64
official_macro_dgs10_2017-12-28,64
official_macro_dgs10_2017-12-29,64
official_macro_dgs10_2018-01-02,64
official_macro_dgs10_2018-01-03,64
official_macro_dgs10_2018-01-04,64
official_macro_dgs10_2018-01-05,64
official_macro_dgs10_2018-01-08,64
official_macro_dgs10_2018-01-09,64
official_macro_dgs10_2018-01-10,64
official_macro_dgs10_2018-01-11,64
official_macro_dgs10_2018-01-12,64
official_macro_dgs10_2018-01-16,64
official_macro_dgs10_2018-01-17,64
official_macro_dgs10_2018-01-18,64
official_macro_dgs10_2018-01-19,64
official_macro_dgs10_2018-01-22,64
official_macro_dgs10_2018-01-23,64
official_macro_dgs10_2018-01-24,64
official_macro_dgs10_2018-01-25,64
official_macro_dgs10_2018-01-26,64
official_macro_dgs10_2018-01-29,64
official_macro_dgs10_2018-01-30,64
official_macro_dgs10_2018-01-31,64
official_macro_dgs10_2018-02-01,64
official_macro_dgs10_2018-02-02,64
official_macro_dgs10_2018-02-05,64
official_macro_dgs10_2018-02-06,64
official_macro_dgs10_2018-02-07,64
official_macro_dgs10_2018-02-08,64
official_macro_dgs10_2018-02-09,64
official_macro_dgs10_2018-02-12,64
official_macro_dgs10_2018-02-13,64
official_macro_dgs10_2018-02-14,64
official_macro_dgs10_2018-02-15,64
official_macro_dgs10_2018-02-16,64
official_macro_dgs10_2018-02-20,64
official_macro_dgs10_2018-02-21,64
official_macro_dgs10_2018-02-22,64
official_macro_dgs10_2018-02-23,64
official_macro_dgs10_2018-02-26,64
official_macro_dgs10_2018-02-27,64
official_macro_dgs10_2018-02-28,64
official_macro_dgs10_2018-03-01,64
official_macro_dgs10_2018-03-02,64
official_macro_dgs10_2018-03-05,64
official_macro_dgs10_2018-03-06,64
official_macro_dgs10_2018-03-07,64
official_macro_dgs10_2018-03-08,64
official_macro_dgs10_2018-03-09,64
official_macro_dgs10_2018-03-12,64
official_macro_dgs10_2018-03-13,64
official_macro_dgs10_2018-03-14,64
official_macro_dgs10_2018-03-15,64
official_macro_dgs10_2018-03-16,64
official_macro_dgs10_2018-03-19,64
official_macro_dgs10_2018-03-20,64
official_macro_dgs10_2018-03-21,64
official_macro_dgs10_2018-03-22,64
official_macro_dgs10_2018-03-23,64
official_macro_dgs10_2018-03-26,64
official_macro_dgs10_2018-03-27,64
official_macro_dgs10_2018-03-28,64
official_macro_dgs10_2018-03-29,64
official_macro_dgs10_2018-04-02,64
official_macro_dgs10_2018-04-03,64
official_macro_dgs10_2018-04-04,64
official_macro_dgs10_2018-04-05,64
official_macro_dgs10_2018-04-06,64
official_macro_dgs10_2018-04-09,64
official_macro_dgs10_2018-04-10,64
official_macro_dgs10_2018-04-11,64
official_macro_dgs10_2018-04-12,64
official_macro_dgs10_2018-04-13,64
official_macro_dgs10_2018-04-16,64
official_macro_dgs10_2018-04-17,64
official_macro_dgs10_2018-04-18,64
official_macro_dgs10_2018-04-19,64
official_macro_dgs10_2018-04-20,64
official_macro_dgs10_2018-04-23,64
official_macro_dgs10_2018-04-24,64
official_macro_dgs10_2018-04-25,64
official_macro_dgs10_2018-04-26,64
official_macro_dgs10_2018-04-27,64
official_macro_dgs10_2018-04-30,64
official_macro_dgs10_2018-05-01,64
official_macro_dgs10_2018-05-02,64
official_macro_dgs10_2018-05-03,64
official_macro_dgs10_2018-05-04,64
official_macro_dgs10_2018-05-07,64
official_macro_dgs10_2018-05-08,64
official_macro_dgs10_2018-05-09,64
official_macro_dgs10_2018-05-10,64
official_macro_dgs10_2018-05-11,64
official_macro_dgs10_2018-05-14,64
official_macro_dgs10_2018-05-15,64
official_macro_dgs10_2018-05-16,64
official_macro_dgs10_2018-05-17,64
official_macro_dgs10_2018-05-18,64
official_macro_dgs10_2018-05-21,64
official_macro_dgs10_2018-05-22,64
official_macro_dgs10_2018-05-23,64
official_macro_dgs10_2018-05-24,64
official_macro_dgs10_2018-05-25,64
official_macro_dgs10_2018-05-29,64
official_macro_dgs10_2018-05-30,64
official_macro_dgs10_2018-05-31,64
official_macro_dgs10_2018-06-01,64
official_macro_dgs10_2018-06-04,64
official_macro_dgs10_2018-06-05,64
official_macro_dgs10_2018-06-06,64
official_macro_dgs10_2018-06-07,64
official_macro_dgs10_2018-06-08,64
official_macro_dgs10_2018-06-11,64
official_macro_dgs10_2018-06-12,64
official_macro_dgs10_2018-06-13,64
official_macro_dgs10_2018-06-14,64
official_macro_dgs10_2018-06-15,64
official_macro_dgs10_2018-06-18,64
official_macro_dgs10_2018-06-19,64
official_macro_dgs10_2018-06-20,64
official_macro_dgs10_2018-06-21,64
official_macro_dgs10_2018-06-22,64
official_macro_dgs10_2018-06-25,64
official_macro_dgs10_2018-06-26,64
official_macro_dgs10_2018-06-27,64
official_macro_dgs10_2018-06-28,64
official_macro_dgs10_2018-06-29,64
official_macro_dgs10_2018-07-02,64
official_macro_dgs10_2018-07-03,64
official_macro_dgs10_2018-07-05,64
official_macro_dgs10_2018-07-06,64
official_macro_dgs10_2018-07-09,64
official_macro_dgs10_2018-07-10,64
official_macro_dgs10_2018-07-11,64
official_macro_dgs10_2018-07-12,64
official_macro_dgs10_2018-07-13,64
official_macro_dgs10_2018-07-16,64
official_macro_dgs10_2018-07-17,64
official_macro_dgs10_2018-07-18,64
official_macro_dgs10_2018-07-19,64
official_macro_dgs10_2018-07-20,64
official_macro_dgs10_2018-07-23,64
official_macro_dgs10_2018-07-24,64
official_macro_dgs10_2018-07-25,64
official_macro_dgs10_2018-07-26,64
official_macro_dgs10_2018-07-27,64
official_macro_dgs10_2018-07-30,64
official_macro_dgs10_2018-07-31,64
official_macro_dgs10_2018-08-01,64
official_macro_dgs10_2018-08-02,64
official_macro_dgs10_2018-08-03,64
official_macro_dgs10_2018-08-06,64
official_macro_dgs10_2018-08-07,64
official_macro_dgs10_2018-08-08,64
official_macro_dgs10_2018-08-09,64
official_macro_dgs10_2018-08-10,64
official_macro_dgs10_2018-08-13,64
official_macro_dgs10_2018-08-14,64
official_macro_dgs10_2018-08-15,64
official_macro_dgs10_2018-08-16,64
official_macro_dgs10_2018-08-17,64
official_macro_dgs10_2018-08-20,64
official_macro_dgs10_2018-08-21,64
official_macro_dgs10_2018-08-22,64
official_macro_dgs10_2018-08-23,64
official_macro_dgs10_2018-08-24,64
official_macro_dgs10_2018-08-27,64
official_macro_dgs10_2018-08-28,64
official_macro_dgs10_2018-08-29,64
official_macro_dgs10_2018-08-30,64
official_macro_dgs10_2018-08-31,64
official_macro_dgs10_2018-09-04,64
official_macro_dgs10_2018-09-05,64
official_macro_dgs10_2018-09-06,64
official_macro_dgs10_2018-09-07,64
official_macro_dgs10_2018-09-10,64
official_macro_dgs10_2018-09-11,64
official_macro_dgs10_2018-09-12,64
official_macro_dgs10_2018-09-13,64
official_macro_dgs10_2018-09-14,64
official_macro_dgs10_2018-09-17,64
official_macro_dgs10_2018-09-18,64
official_macro_dgs10_2018-09-19,64
official_macro_dgs10_2018-09-20,64
official_macro_dgs10_2018-09-21,64
official_macro_dgs10_2018-09-24,64
official_macro_dgs10_2018-09-25,64
official_macro_dgs10_2018-09-26,64
official_macro_dgs10_2018-09-27,64
official_macro_dgs10_2018-09-28,64
official_macro_dgs10_2018-10-01,64
official_macro_dgs10_2018-10-02,64
official_macro_dgs10_2018-10-03,64
official_macro_dgs10_2018-10-04,64
official_macro_dgs10_2018-10-05,64
official_macro_dgs10_2018-10-09,64
official_macro_dgs10_2018-10-10,64
official_macro_dgs10_2018-10-11,64
official_macro_dgs10_2018-10-12,64
official_macro_dgs10_2018-10-15,64
official_macro_dgs10_2018-10-16,64
official_macro_dgs10_2018-10-17,64
official_macro_dgs10_2018-10-18,64
official_macro_dgs10_2018-10-19,64
official_macro_dgs10_2018-10-22,64
official_macro_dgs10_2018-10-23,64
official_macro_dgs10_2018-10-24,64
official_macro_dgs10_2018-10-25,64
official_macro_dgs10_2018-10-26,64
official_macro_dgs10_2018-10-29,64
official_macro_dgs10_2018-10-30,64
official_macro_dgs10_2018-10-31,64
official_macro_dgs10_2018-11-01,64
official_macro_dgs10_2018-11-02,64
official_macro_dgs10_2018-11-05,64
official_macro_dgs10_2018-11-06,64
official_macro_dgs10_2018-11-07,64
official_macro_dgs10_2018-11-08,64
official_macro_dgs10_2018-11-09,64
official_macro_dgs10_2018-11-13,64
official_macro_dgs10_2018-11-14,64
official_macro_dgs10_2018-11-15,64
official_macro_dgs10_2018-11-16,64
official_macro_dgs10_2018-11-19,64
official_macro_dgs10_2018-11-20,64
official_macro_dgs10_2018-11-21,64
official_macro_dgs10_2018-11-23,64
official_macro_dgs10_2018-11-26,64
official_macro_dgs10_2018-11-27,64
official_macro_dgs10_2018-11-28,64
official_macro_dgs10_2018-11-29,64
official_macro_dgs10_2018-11-30,64
official_macro_dgs10_2018-12-03,64
official_macro_dgs10_2018-12-04,64
official_macro_dgs10_2018-12-06,64
official_macro_dgs10_2018-12-07,64
official_macro_dgs10_2018-12-10,64
official_macro_dgs10_2018-12-11,64
official_macro_dgs10_2018-12-12,64
official_macro_dgs10_2018-12-13,64
official_macro_dgs10_2018-12-14,64
official_macro_dgs10_2018-12-17,64
official_macro_dgs10_2018-12-18,64
official_macro_dgs10_2018-12-19,64
official_macro_dgs10_2018-12-20,64
official_macro_dgs10_2018-12-21,64
official_macro_dgs10_2018-12-24,64
official_macro_dgs10_2018-12-26,64
official_macro_dgs10_2018-12-27,64
official_macro_dgs10_2018-12-28,64
official_macro_dgs10_2018-12-31,64
official_macro_dgs10_2019-01-02,64
official_macro_dgs10_2019-01-03,64
official_macro_dgs10_2019-01-04,64
official_macro_dgs10_2019-01-07,64
official_macro_dgs10_2019-01-08,64
official_macro_dgs10_2019-01-09,64
official_macro_dgs10_2019-01-10,64
official_macro_dgs10_2019-01-11,64
official_macro_dgs10_2019-01-14,64
official_macro_dgs10_2019-01-15,64
official_macro_dgs10_2019-01-16,64
official_macro_dgs10_2019-01-17,64
official_macro_dgs10_2019-01-18,64
official_macro_dgs10_2019-01-22,64
official_macro_dgs10_2019-01-23,64
official_macro_dgs10_2019-01-24,64
official_macro_dgs10_2019-01-25,64
official_macro_dgs10_2019-01-28,64
official_macro_dgs10_2019-01-29,64
official_macro_dgs10_2019-01-30,64
official_macro_dgs10_2019-01-31,64
official_macro_dgs10_2019-02-01,64
official_macro_dgs10_2019-02-04,64
official_macro_dgs10_2019-02-05,64
official_macro_dgs10_2019-02-06,64
official_macro_dgs10_2019-02-07,64
official_macro_dgs10_2019-02-08,64
official_macro_dgs10_2019-02-11,64
official_macro_dgs10_2019-02-12,64
official_macro_dgs10_2019-02-13,64
official_macro_dgs10_2019-02-14,64
official_macro_dgs10_2019-02-15,64
official_macro_dgs10_2019-02-19,64
official_macro_dgs10_2019-02-20,64
official_macro_dgs10_2019-02-21,64
official_macro_dgs10_2019-02-22,64
official_macro_dgs10_2019-02-25,64
official_macro_dgs10_2019-02-26,64
official_macro_dgs10_2019-02-27,64
official_macro_dgs10_2019-02-28,64
official_macro_dgs10_2019-03-01,64
official_macro_dgs10_2019-03-04,64
official_macro_dgs10_2019-03-05,64
official_macro_dgs10_2019-03-06,64
official_macro_dgs10_2019-03-07,64
official_macro_dgs10_2019-03-08,64
official_macro_dgs10_2019-03-11,64
official_macro_dgs10_2019-03-12,64
official_macro_dgs10_2019-03-13,64
official_macro_dgs10_2019-03-14,64
official_macro_dgs10_2019-03-15,64
official_macro_dgs10_2019-03-18,64
official_macro_dgs10_2019-03-19,64
official_macro_dgs10_2019-03-20,64
official_macro_dgs10_2019-03-21,64
official_macro_dgs10_2019-03-22,64
official_macro_dgs10_2019-03-25,64
official_macro_dgs10_2019-03-26,64
official_macro_dgs10_2019-03-27,64
official_macro_dgs10_2019-03-28,64
official_macro_dgs10_2019-03-29,64
official_macro_dgs10_2019-04-01,64
official_macro_dgs10_2019-04-02,64
official_macro_dgs10_2019-04-03,64
official_macro_dgs10_2019-04-04,64
official_macro_dgs10_2019-04-05,64
official_macro_dgs10_2019-04-08,64
official_macro_dgs10_2019-04-09,64
official_macro_dgs10_2019-04-10,64
official_macro_dgs10_2019-04-11,64
official_macro_dgs10_2019-04-12,64
official_macro_dgs10_2019-04-15,64
official_macro_dgs10_2019-04-16,64
official_macro_dgs10_2019-04-17,64
official_macro_dgs10_2019-04-18,64
official_macro_dgs10_2019-04-22,64
official_macro_dgs10_2019-04-23,64
official_macro_dgs10_2019-04-24,64
official_macro_dgs10_2019-04-25,64
official_macro_dgs10_2019-04-26,64
official_macro_dgs10_2019-04-29,64
official_macro_dgs10_2019-04-30,64
official_macro_dgs10_2019-05-01,64
official_macro_dgs10_2019-05-02,64
official_macro_dgs10_2019-05-03,64
official_macro_dgs10_2019-05-06,64
official_macro_dgs10_2019-05-07,64
official_macro_dgs10_2019-05-08,64
official_macro_dgs10_2019-05-09,64
official_macro_dgs10_2019-05-10,64
official_macro_dgs10_2019-05-13,64
official_macro_dgs10_2019-05-14,64
official_macro_dgs10_2019-05-15,64
official_macro_dgs10_2019-05-16,64
official_macro_dgs10_2019-05-17,64
official_macro_dgs10_2019-05-20,64
official_macro_dgs10_2019-05-21,64
official_macro_dgs10_2019-05-22,64
official_macro_dgs10_2019-05-23,64
official_macro_dgs10_2019-05-24,64
official_macro_dgs10_2019-05-28,64
official_macro_dgs10_2019-05-29,64
official_macro_dgs10_2019-05-30,64
official_macro_dgs10_2019-05-31,64
official_macro_dgs10_2019-06-03,64
official_macro_dgs10_2019-06-04,64
official_macro_dgs10_2019-06-05,64
official_macro_dgs10_2019-06-06,64
official_macro_dgs10_2019-06-07,64
official_macro_dgs10_2019-06-10,64
official_macro_dgs10_2019-06-11,64
official_macro_dgs10_2019-06-12,64
official_macro_dgs10_2019-06-13,64
official_macro_dgs10_2019-06-14,64
official_macro_dgs10_2019-06-17,64
official_macro_dgs10_2019-06-18,64
official_macro_dgs10_2019-06-19,64
official_macro_dgs10_2019-06-20,64
official_macro_dgs10_2019-06-21,64
official_macro_dgs10_2019-06-24,64
official_macro_dgs10_2019-06-25,64
official_macro_dgs10_2019-06-26,64
official_macro_dgs10_2019-06-27,64
official_macro_dgs10_2019-06-28,64
official_macro_dgs10_2019-07-01,64
official_macro_dgs10_2019-07-02,64
official_macro_dgs10_2019-07-03,64
official_macro_dgs10_2019-07-05,64
official_macro_dgs10_2019-07-08,64
official_macro_dgs10_2019-07-09,64
official_macro_dgs10_2019-07-10,64
official_macro_dgs10_2019-07-11,64
official_macro_dgs10_2019-07-12,64
official_macro_dgs10_2019-07-15,64
official_macro_dgs10_2019-07-16,64
official_macro_dgs10_2019-07-17,64
official_macro_dgs10_2019-07-18,64
official_macro_dgs10_2019-07-19,64
official_macro_dgs10_2019-07-22,64
official_macro_dgs10_2019-07-23,64
official_macro_dgs10_2019-07-24,64
official_macro_dgs10_2019-07-25,64
official_macro_dgs10_2019-07-26,64
official_macro_dgs10_2019-07-29,64
official_macro_dgs10_2019-07-30,64
official_macro_dgs10_2019-07-31,64
official_macro_dgs10_2019-08-01,64
official_macro_dgs10_2019-08-02,64
official_macro_dgs10_2019-08-05,64
official_macro_dgs10_2019-08-06,64
official_macro_dgs10_2019-08-07,64
official_macro_dgs10_2019-08-08,64
official_macro_dgs10_2019-08-09,64
official_macro_dgs10_2019-08-12,64
official_macro_dgs10_2019-08-13,64
official_macro_dgs10_2019-08-14,64
official_macro_dgs10_2019-08-15,64
official_macro_dgs10_2019-08-16,64
official_macro_dgs10_2019-08-19,64
official_macro_dgs10_2019-08-20,64
official_macro_dgs10_2019-08-21,64
official_macro_dgs10_2019-08-22,64
official_macro_dgs10_2019-08-23,64
official_macro_dgs10_2019-08-26,64
official_macro_dgs10_2019-08-27,64
official_macro_dgs10_2019-08-28,64
official_macro_dgs10_2019-08-29,64
official_macro_dgs10_2019-08-30,64
official_macro_dgs10_2019-09-03,64
official_macro_dgs10_2019-09-04,64
official_macro_dgs10_2019-09-05,64
official_macro_dgs10_2019-09-06,64
official_macro_dgs10_2019-09-09,64
official_macro_dgs10_2019-09-10,64
official_macro_dgs10_2019-09-11,64
official_macro_dgs10_2019-09-12,64
official_macro_dgs10_2019-09-13,64
official_macro_dgs10_2019-09-16,64
official_macro_dgs10_2019-09-17,64
official_macro_dgs10_2019-09-18,64
official_macro_dgs10_2019-09-19,64
official_macro_dgs10_2019-09-20,64
official_macro_dgs10_2019-09-23,64
official_macro_dgs10_2019-09-24,64
official_macro_dgs10_2019-09-25,64
official_macro_dgs10_2019-09-26,64
official_macro_dgs10_2019-09-27,64
official_macro_dgs10_2019-09-30,64
official_macro_dgs10_2019-10-01,64
official_macro_dgs10_2019-10-02,64
official_macro_dgs10_2019-10-03,64
official_macro_dgs10_2019-10-04,64
official_macro_dgs10_2019-10-07,64
official_macro_dgs10_2019-10-08,64
official_macro_dgs10_2019-10-09,64
official_macro_dgs10_2019-10-10,64
official_macro_dgs10_2019-10-11,64
official_macro_dgs10_2019-10-15,64
official_macro_dgs10_2019-10-16,64
official_macro_dgs10_2019-10-17,64
official_macro_dgs10_2019-10-18,64
official_macro_dgs10_2019-10-21,64
official_macro_dgs10_2019-10-22,64
official_macro_dgs10_2019-10-23,64
official_macro_dgs10_2019-10-24,64
official_macro_dgs10_2019-10-25,64
official_macro_dgs10_2019-10-28,64
official_macro_dgs10_2019-10-29,64
official_macro_dgs10_2019-10-30,64
official_macro_dgs10_2019-10-31,64
official_macro_dgs10_2019-11-01,64
official_macro_dgs10_2019-11-04,64
official_macro_dgs10_2019-11-05,64
official_macro_dgs10_2019-11-06,64
official_macro_dgs10_2019-11-07,64
official_macro_dgs10_2019-11-08,64
official_macro_dgs10_2019-11-12,64
official_macro_dgs10_2019-11-13,64
official_macro_dgs10_2019-11-14,64
official_macro_dgs10_2019-11-15,64
official_macro_dgs10_2019-11-18,64
official_macro_dgs10_2019-11-19,64
official_macro_dgs10_2019-11-20,64
official_macro_dgs10_2019-11-21,64
official_macro_dgs10_2019-11-22,64
official_macro_dgs10_2019-11-25,64
official_macro_dgs10_2019-11-26,64
official_macro_dgs10_2019-11-27,64
official_macro_dgs10_2019-11-29,64
official_macro_dgs10_2019-12-02,64
official_macro_dgs10_2019-12-03,64
official_macro_dgs10_2019-12-04,64
official_macro_dgs10_2019-12-05,64
official_macro_dgs10_2019-12-06,64
official_macro_dgs10_2019-12-09,64
official_macro_dgs10_2019-12-10,64
official_macro_dgs10_2019-12-11,64
official_macro_dgs10_2019-12-12,64
official_macro_dgs10_2019-12-13,64
official_macro_dgs10_2019-12-16,64
official_macro_dgs10_2019-12-17,64
official_macro_dgs10_2019-12-18,64
official_macro_dgs10_2019-12-19,64
official_macro_dgs10_2019-12-20,64
official_macro_dgs10_2019-12-23,64
official_macro_dgs10_2019-12-24,64
official_macro_dgs10_2019-12-26,64
official_macro_dgs10_2019-12-27,64
official_macro_dgs10_2019-12-30,64
official_macro_dgs10_2019-12-31,64
official_macro_dgs10_2020-01-02,64
official_macro_dgs10_2020-01-03,64
official_macro_dgs10_2020-01-06,64
official_macro_dgs10_2020-01-07,64
official_macro_dgs10_2020-01-08,64
official_macro_dgs10_2020-01-09,64
official_macro_dgs10_2020-01-10,64
official_macro_dgs10_2020-01-13,64
official_macro_dgs10_2020-01-14,64
official_macro_dgs10_2020-01-15,64
official_macro_dgs10_2020-01-16,64
official_macro_dgs10_2020-01-17,64
official_macro_dgs10_2020-01-21,64
official_macro_dgs10_2020-01-22,64
official_macro_dgs10_2020-01-23,64
official_macro_dgs10_2020-01-24,64
official_macro_dgs10_2020-01-27,64
official_macro_dgs10_2020-01-28,64
official_macro_dgs10_2020-01-29,64
official_macro_dgs10_2020-01-30,64
official_macro_dgs10_2020-01-31,64
official_macro_dgs10_2020-02-03,64
official_macro_dgs10_2020-02-04,64
official_macro_dgs10_2020-02-05,64
official_macro_dgs10_2020-02-06,64
official_macro_dgs10_2020-02-07,64
official_macro_dgs10_2020-02-10,64
official_macro_dgs10_2020-02-11,64
official_macro_dgs10_2020-02-12,64
official_macro_dgs10_2020-02-13,64
official_macro_dgs10_2020-02-14,64
official_macro_dgs10_2020-02-18,64
official_macro_dgs10_2020-02-19,64
official_macro_dgs10_2020-02-20,64
official_macro_dgs10_2020-02-21,64
official_macro_dgs10_2020-02-24,64
official_macro_dgs10_2020-02-25,64
official_macro_dgs10_2020-02-26,64
official_macro_dgs10_2020-02-27,64
official_macro_dgs10_2020-02-28,64
official_macro_dgs10_2020-03-02,64
official_macro_dgs10_2020-03-03,64
official_macro_dgs10_2020-03-04,64
official_macro_dgs10_2020-03-05,64
official_macro_dgs10_2020-03-06,64
official_macro_dgs10_2020-03-09,64
official_macro_dgs10_2020-03-10,64
official_macro_dgs10_2020-03-11,64
official_macro_dgs10_2020-03-12,64
official_macro_dgs10_2020-03-13,64
official_macro_dgs10_2020-03-16,64
official_macro_dgs10_2020-03-17,64
official_macro_dgs10_2020-03-18,64
official_macro_dgs10_2020-03-19,64
official_macro_dgs10_2020-03-20,64
official_macro_dgs10_2020-03-23,64
official_macro_dgs10_2020-03-24,64
official_macro_dgs10_2020-03-25,64
official_macro_dgs10_2020-03-26,64
official_macro_dgs10_2020-03-27,64
official_macro_dgs10_2020-03-30,64
official_macro_dgs10_2020-03-31,64
official_macro_dgs10_2020-04-01,64
official_macro_dgs10_2020-04-02,64
official_macro_dgs10_2020-04-03,64
official_macro_dgs10_2020-04-06,64
official_macro_dgs10_2020-04-07,64
official_macro_dgs10_2020-04-08,64
official_macro_dgs10_2020-04-09,64
official_macro_dgs10_2020-04-13,64
official_macro_dgs10_2020-04-14,64
official_macro_dgs10_2020-04-15,64
official_macro_dgs10_2020-04-16,64
official_macro_dgs10_2020-04-17,64
official_macro_dgs10_2020-04-20,64
official_macro_dgs10_2020-04-21,64
official_macro_dgs10_2020-04-22,64
official_macro_dgs10_2020-04-23,64
official_macro_dgs10_2020-04-24,64
official_macro_dgs10_2020-04-27,64
official_macro_dgs10_2020-04-28,64
official_macro_dgs10_2020-04-29,64
official_macro_dgs10_2020-04-30,64
official_macro_dgs10_2020-05-01,64
official_macro_dgs10_2020-05-04,64
official_macro_dgs10_2020-05-05,64
official_macro_dgs10_2020-05-06,64
official_macro_dgs10_2020-05-07,64
official_macro_dgs10_2020-05-08,64
official_macro_dgs10_2020-05-11,64
official_macro_dgs10_2020-05-12,64
official_macro_dgs10_2020-05-13,64
official_macro_dgs10_2020-05-14,64
official_macro_dgs10_2020-05-15,64
official_macro_dgs10_2020-05-18,64
official_macro_dgs10_2020-05-19,64
official_macro_dgs10_2020-05-20,64
official_macro_dgs10_2020-05-21,64
official_macro_dgs10_2020-05-22,64
official_macro_dgs10_2020-05-26,64
official_macro_dgs10_2020-05-27,64
official_macro_dgs10_2020-05-28,64
official_macro_dgs10_2020-05-29,64
official_macro_dgs10_2020-06-01,64
official_macro_dgs10_2020-06-02,64
official_macro_dgs10_2020-06-03,64
official_macro_dgs10_2020-06-04,64
official_macro_dgs10_2020-06-05,64
official_macro_dgs10_2020-06-08,64
official_macro_dgs10_2020-06-09,64
official_macro_dgs10_2020-06-10,64
official_macro_dgs10_2020-06-11,64
official_macro_dgs10_2020-06-12,64
official_macro_dgs10_2020-06-15,64
official_macro_dgs10_2020-06-16,64
official_macro_dgs10_2020-06-17,64
official_macro_dgs10_2020-06-18,64
official_macro_dgs10_2020-06-19,64
official_macro_dgs10_2020-06-22,64
official_macro_dgs10_2020-06-23,64
official_macro_dgs10_2020-06-24,64
official_macro_dgs10_2020-06-25,64
official_macro_dgs10_2020-06-26,64
official_macro_dgs10_2020-06-29,64
official_macro_dgs10_2020-06-30,64
official_macro_dgs10_2020-07-01,64
official_macro_dgs10_2020-07-02,64
official_macro_dgs10_2020-07-06,64
official_macro_dgs10_2020-07-07,64
official_macro_dgs10_2020-07-08,64
official_macro_dgs10_2020-07-09,64
official_macro_dgs10_2020-07-10,64
official_macro_dgs10_2020-07-13,64
official_macro_dgs10_2020-07-14,64
official_macro_dgs10_2020-07-15,64
official_macro_dgs10_2020-07-16,64
official_macro_dgs10_2020-07-17,64
official_macro_dgs10_2020-07-20,64
official_macro_dgs10_2020-07-21,64
official_macro_dgs10_2020-07-22,64
official_macro_dgs10_2020-07-23,64
official_macro_dgs10_2020-07-24,64
official_macro_dgs10_2020-07-27,64
official_macro_dgs10_2020-07-28,64
official_macro_dgs10_2020-07-29,64
official_macro_dgs10_2020-07-30,64
official_macro_dgs10_2020-07-31,64
official_macro_dgs10_2020-08-03,64
official_macro_dgs10_2020-08-04,64
official_macro_dgs10_2020-08-05,64
official_macro_dgs10_2020-08-06,64
official_macro_dgs10_2020-08-07,64
official_macro_dgs10_2020-08-10,64
official_macro_dgs10_2020-08-11,64
official_macro_dgs10_2020-08-12,64
official_macro_dgs10_2020-08-13,64
official_macro_dgs10_2020-08-14,64
official_macro_dgs10_2020-08-17,64
official_macro_dgs10_2020-08-18,64
official_macro_dgs10_2020-08-19,64
official_macro_dgs10_2020-08-20,64
official_macro_dgs10_2020-08-21,64
official_macro_dgs10_2020-08-24,64
official_macro_dgs10_2020-08-25,64
official_macro_dgs10_2020-08-26,64
official_macro_dgs10_2020-08-27,64
official_macro_dgs10_2020-08-28,64
official_macro_dgs10_2020-08-31,64
official_macro_dgs10_2020-09-01,64
official_macro_dgs10_2020-09-02,64
official_macro_dgs10_2020-09-03,64
official_macro_dgs10_2020-09-04,64
official_macro_dgs10_2020-09-08,64
official_macro_dgs10_2020-09-09,64
official_macro_dgs10_2020-09-10,64
official_macro_dgs10_2020-09-11,64
official_macro_dgs10_2020-09-14,64
official_macro_dgs10_2020-09-15,64
official_macro_dgs10_2020-09-16,64
official_macro_dgs10_2020-09-17,64
official_macro_dgs10_2020-09-18,64
official_macro_dgs10_2020-09-21,64
official_macro_dgs10_2020-09-22,64
official_macro_dgs10_2020-09-23,64
official_macro_dgs10_2020-09-24,64
official_macro_dgs10_2020-09-25,64
official_macro_dgs10_2020-09-28,64
official_macro_dgs10_2020-09-29,64
official_macro_dgs10_2020-09-30,64
official_macro_dgs10_2020-10-01,64
official_macro_dgs10_2020-10-02,64
official_macro_dgs10_2020-10-05,64
official_macro_dgs10_2020-10-06,64
official_macro_dgs10_2020-10-07,64
official_macro_dgs10_2020-10-08,64
official_macro_dgs10_2020-10-09,64
official_macro_dgs10_2020-10-13,64
official_macro_dgs10_2020-10-14,64
official_macro_dgs10_2020-10-15,64
official_macro_dgs10_2020-10-16,64
official_macro_dgs10_2020-10-19,64
official_macro_dgs10_2020-10-20,64
official_macro_dgs10_2020-10-21,64
official_macro_dgs10_2020-10-22,64
official_macro_dgs10_2020-10-23,64
official_macro_dgs10_2020-10-26,64
official_macro_dgs10_2020-10-27,64
official_macro_dgs10_2020-10-28,64
official_macro_dgs10_2020-10-29,64
official_macro_dgs10_2020-10-30,64
official_macro_dgs10_2020-11-02,64
official_macro_dgs10_2020-11-03,64
official_macro_dgs10_2020-11-04,64
official_macro_dgs10_2020-11-05,64
official_macro_dgs10_2020-11-06,64
official_macro_dgs10_2020-11-09,64
official_macro_dgs10_2020-11-10,64
official_macro_dgs10_2020-11-12,64
official_macro_dgs10_2020-11-13,64
official_macro_dgs10_2020-11-16,64
official_macro_dgs10_2020-11-17,64
official_macro_dgs10_2020-11-18,64
official_macro_dgs10_2020-11-19,64
official_macro_dgs10_2020-11-20,64
official_macro_dgs10_2020-11-23,64
official_macro_dgs10_2020-11-24,64
official_macro_dgs10_2020-11-25,64
official_macro_dgs10_2020-11-27,64
official_macro_dgs10_2020-11-30,64
official_macro_dgs10_2020-12-01,64
official_macro_dgs10_2020-12-02,64
official_macro_dgs10_2020-12-03,64
official_macro_dgs10_2020-12-04,64
official_macro_dgs10_2020-12-07,64
official_macro_dgs10_2020-12-08,64
official_macro_dgs10_2020-12-09,64
official_macro_dgs10_2020-12-10,64
official_macro_dgs10_2020-12-11,64
official_macro_dgs10_2020-12-14,64
official_macro_dgs10_2020-12-15,64
official_macro_dgs10_2020-12-16,64
official_macro_dgs10_2020-12-17,64
official_macro_dgs10_2020-12-18,64
official_macro_dgs10_2020-12-21,64
official_macro_dgs10_2020-12-22,64
official_macro_dgs10_2020-12-23,64
official_macro_dgs10_2020-12-24,64
official_macro_dgs10_2020-12-28,64
official_macro_dgs10_2020-12-29,64
official_macro_dgs10_2020-12-30,64
official_macro_dgs10_2020-12-31,64
official_macro_dgs10_2021-01-04,64
official_macro_dgs10_2021-01-05,64
official_macro_dgs10_2021-01-06,64
official_macro_dgs10_2021-01-07,64
official_macro_dgs10_2021-01-08,64
official_macro_dgs10_2021-01-11,64
official_macro_dgs10_2021-01-12,64
official_macro_dgs10_2021-01-13,64
official_macro_dgs10_2021-01-14,64
official_macro_dgs10_2021-01-15,64
official_macro_dgs10_2021-01-19,64
official_macro_dgs10_2021-01-20,64
official_macro_dgs10_2021-01-21,64
official_macro_dgs10_2021-01-22,64
official_macro_dgs10_2021-01-25,64
official_macro_dgs10_2021-01-26,64
official_macro_dgs10_2021-01-27,64
official_macro_dgs10_2021-01-28,64
official_macro_dgs10_2021-01-29,64
official_macro_dgs10_2021-02-01,64
official_macro_dgs10_2021-02-02,64
official_macro_dgs10_2021-02-03,64
official_macro_dgs10_2021-02-04,64
official_macro_dgs10_2021-02-05,64
official_macro_dgs10_2021-02-08,64
official_macro_dgs10_2021-02-09,64
official_macro_dgs10_2021-02-10,64
official_macro_dgs10_2021-02-11,64
official_macro_dgs10_2021-02-12,64
official_macro_dgs10_2021-02-16,64
official_macro_dgs10_2021-02-17,64
official_macro_dgs10_2021-02-18,64
official_macro_dgs10_2021-02-19,64
official_macro_dgs10_2021-02-22,64
official_macro_dgs10_2021-02-23,64
official_macro_dgs10_2021-02-24,64
official_macro_dgs10_2021-02-25,64
official_macro_dgs10_2021-02-26,64
official_macro_dgs10_2021-03-01,64
official_macro_dgs10_2021-03-02,64
official_macro_dgs10_2021-03-03,64
official_macro_dgs10_2021-03-04,64
official_macro_dgs10_2021-03-05,64
official_macro_dgs10_2021-03-08,64
official_macro_dgs10_2021-03-09,64
official_macro_dgs10_2021-03-10,64
official_macro_dgs10_2021-03-11,64
official_macro_dgs10_2021-03-12,64
official_macro_dgs10_2021-03-15,64
official_macro_dgs10_2021-03-16,64
official_macro_dgs10_2021-03-17,64
official_macro_dgs10_2021-03-18,64
official_macro_dgs10_2021-03-19,64
official_macro_dgs10_2021-03-22,64
official_macro_dgs10_2021-03-23,64
official_macro_dgs10_2021-03-24,64
official_macro_dgs10_2021-03-25,64
official_macro_dgs10_2021-03-26,64
official_macro_dgs10_2021-03-29,64
official_macro_dgs10_2021-03-30,64
official_macro_dgs10_2021-03-31,64
official_macro_dgs10_2021-04-01,64
official_macro_dgs10_2021-04-02,64
official_macro_dgs10_2021-04-05,64
official_macro_dgs10_2021-04-06,64
official_macro_dgs10_2021-04-07,64
official_macro_dgs10_2021-04-08,64
official_macro_dgs10_2021-04-09,64
official_macro_dgs10_2021-04-12,64
official_macro_dgs10_2021-04-13,64
official_macro_dgs10_2021-04-14,64
official_macro_dgs10_2021-04-15,64
official_macro_dgs10_2021-04-16,64
official_macro_dgs10_2021-04-19,64
official_macro_dgs10_2021-04-20,64
official_macro_dgs10_2021-04-21,64
official_macro_dgs10_2021-04-22,64
official_macro_dgs10_2021-04-23,64
official_macro_dgs10_2021-04-26,64
official_macro_dgs10_2021-04-27,64
official_macro_dgs10_2021-04-28,64
official_macro_dgs10_2021-04-29,64
official_macro_dgs10_2021-04-30,64
official_macro_dgs10_2021-05-03,64
official_macro_dgs10_2021-05-04,64
official_macro_dgs10_2021-05-05,64
official_macro_dgs10_2021-05-06,64
official_macro_dgs10_2021-05-07,64
official_macro_dgs10_2021-05-10,64
official_macro_dgs10_2021-05-11,64
official_macro_dgs10_2021-05-12,64
official_macro_dgs10_2021-05-13,64
official_macro_dgs10_2021-05-14,64
official_macro_dgs10_2021-05-17,64
official_macro_dgs10_2021-05-18,64
official_macro_dgs10_2021-05-19,64
official_macro_dgs10_2021-05-20,64
official_macro_dgs10_2021-05-21,64
official_macro_dgs10_2021-05-24,64
official_macro_dgs10_2021-05-25,64
official_macro_dgs10_2021-05-26,64
official_macro_dgs10_2021-05-27,64
official_macro_dgs10_2021-05-28,64
official_macro_dgs10_2021-06-01,64
official_macro_dgs10_2021-06-02,64
official_macro_dgs10_2021-06-03,64
official_macro_dgs10_2021-06-04,64
official_macro_dgs10_2021-06-07,64
official_macro_dgs10_2021-06-08,64
official_macro_dgs10_2021-06-09,64
official_macro_dgs10_2021-06-10,64
official_macro_dgs10_2021-06-11,64
official_macro_dgs10_2021-06-14,64
official_macro_dgs10_2021-06-15,64
official_macro_dgs10_2021-06-16,64
official_macro_dgs10_2021-06-17,64
official_macro_dgs10_2021-06-18,64
official_macro_dgs10_2021-06-21,64
official_macro_dgs10_2021-06-22,64
official_macro_dgs10_2021-06-23,64
official_macro_dgs10_2021-06-24,64
official_macro_dgs10_2021-06-25,64
official_macro_dgs10_2021-06-28,64
official_macro_dgs10_2021-06-29,64
official_macro_dgs10_2021-06-30,64
official_macro_dgs10_2021-07-01,64
official_macro_dgs10_2021-07-02,64
official_macro_dgs10_2021-07-06,64
official_macro_dgs10_2021-07-07,64
official_macro_dgs10_2021-07-08,64
official_macro_dgs10_2021-07-09,64
official_macro_dgs10_2021-07-12,64
official_macro_dgs10_2021-07-13,64
official_macro_dgs10_2021-07-14,64
official_macro_dgs10_2021-07-15,64
official_macro_dgs10_2021-07-16,64
official_macro_dgs10_2021-07-19,64
official_macro_dgs10_2021-07-20,64
official_macro_dgs10_2021-07-21,64
official_macro_dgs10_2021-07-22,64
official_macro_dgs10_2021-07-23,64
official_macro_dgs10_2021-07-26,64
official_macro_dgs10_2021-07-27,64
official_macro_dgs10_2021-07-28,64
official_macro_dgs10_2021-07-29,64
official_macro_dgs10_2021-07-30,64
official_macro_dgs10_2021-08-02,64
official_macro_dgs10_2021-08-03,64
official_macro_dgs10_2021-08-04,64
official_macro_dgs10_2021-08-05,64
official_macro_dgs10_2021-08-06,64
official_macro_dgs10_2021-08-09,64
official_macro_dgs10_2021-08-10,64
official_macro_dgs10_2021-08-11,64
official_macro_dgs10_2021-08-12,64
official_macro_dgs10_2021-08-13,64
official_macro_dgs10_2021-08-16,64
official_macro_dgs10_2021-08-17,64
official_macro_dgs10_2021-08-18,64
official_macro_dgs10_2021-08-19,64
official_macro_dgs10_2021-08-20,64
official_macro_dgs10_2021-08-23,64
official_macro_dgs10_2021-08-24,64
official_macro_dgs10_2021-08-25,64
official_macro_dgs10_2021-08-26,64
official_macro_dgs10_2021-08-27,64
official_macro_dgs10_2021-08-30,64
official_macro_dgs10_2021-08-31,64
official_macro_dgs10_2021-09-01,64
official_macro_dgs10_2021-09-02,64
official_macro_dgs10_2021-09-03,64
official_macro_dgs10_2021-09-07,64
official_macro_dgs10_2021-09-08,64
official_macro_dgs10_2021-09-09,64
official_macro_dgs10_2021-09-10,64
official_macro_dgs10_2021-09-13,64
official_macro_dgs10_2021-09-14,64
official_macro_dgs10_2021-09-15,64
official_macro_dgs10_2021-09-16,64
official_macro_dgs10_2021-09-17,64
official_macro_dgs10_2021-09-20,64
official_macro_dgs10_2021-09-21,64
official_macro_dgs10_2021-09-22,64
official_macro_dgs10_2021-09-23,64
official_macro_dgs10_2021-09-24,64
official_macro_dgs10_2021-09-27,64
official_macro_dgs10_2021-09-28,64
official_macro_dgs10_2021-09-29,64
official_macro_dgs10_2021-09-30,64
official_macro_dgs10_2021-10-01,64
official_macro_dgs10_2021-10-04,64
official_macro_dgs10_2021-10-05,64
official_macro_dgs10_2021-10-06,64
official_macro_dgs10_2021-10-07,64
official_macro_dgs10_2021-10-08,64
official_macro_dgs10_2021-10-12,64
official_macro_dgs10_2021-10-13,64
official_macro_dgs10_2021-10-14,64
official_macro_dgs10_2021-10-15,64
official_macro_dgs10_2021-10-18,64
official_macro_dgs10_2021-10-19,64
official_macro_dgs10_2021-10-20,64
official_macro_dgs10_2021-10-21,64
official_macro_dgs10_2021-10-22,64
official_macro_dgs10_2021-10-25,64
official_macro_dgs10_2021-10-26,64
official_macro_dgs10_2021-10-27,64
official_macro_dgs10_2021-10-28,64
official_macro_dgs10_2021-10-29,64
official_macro_dgs10_2021-11-01,64
official_macro_dgs10_2021-11-02,64
official_macro_dgs10_2021-11-03,64
official_macro_dgs10_2021-11-04,64
official_macro_dgs10_2021-11-05,64
official_macro_dgs10_2021-11-08,64
official_macro_dgs10_2021-11-09,64
official_macro_dgs10_2021-11-10,64
official_macro_dgs10_2021-11-12,64
official_macro_dgs10_2021-11-15,64
official_macro_dgs10_2021-11-16,64
official_macro_dgs10_2021-11-17,64
official_macro_dgs10_2021-11-18,64
official_macro_dgs10_2021-11-19,64
official_macro_dgs10_2021-11-22,64
official_macro_dgs10_2021-11-23,64
official_macro_dgs10_2021-11-24,64
official_macro_dgs10_2021-11-26,64
official_macro_dgs10_2021-11-29,64
official_macro_dgs10_2021-11-30,64
official_macro_dgs10_2021-12-01,64
official_macro_dgs10_2021-12-02,64
official_macro_dgs10_2021-12-03,64
official_macro_dgs10_2021-12-06,64
official_macro_dgs10_2021-12-07,64
official_macro_dgs10_2021-12-08,64
official_macro_dgs10_2021-12-09,64
official_macro_dgs10_2021-12-10,64
official_macro_dgs10_2021-12-13,64
official_macro_dgs10_2021-12-14,64
official_macro_dgs10_2021-12-15,64
official_macro_dgs10_2021-12-16,64
official_macro_dgs10_2021-12-17,64
official_macro_dgs10_2021-12-20,64
official_macro_dgs10_2021-12-21,64
official_macro_dgs10_2021-12-22,64
official_macro_dgs10_2021-12-23,64
official_macro_dgs10_2021-12-27,64
official_macro_dgs10_2021-12-28,64
official_macro_dgs10_2021-12-29,64
official_macro_dgs10_2021-12-30,64
official_macro_dgs10_2021-12-31,64
official_macro_dgs10_2022-01-03,64
official_macro_dgs10_2022-01-04,64
official_macro_dgs10_2022-01-05,64
official_macro_dgs10_2022-01-06,64
official_macro_dgs10_2022-01-07,64
official_macro_dgs10_2022-01-10,64
official_macro_dgs10_2022-01-11,64
official_macro_dgs10_2022-01-12,64
official_macro_dgs10_2022-01-13,64
official_macro_dgs10_2022-01-14,64
official_macro_dgs10_2022-01-18,64
official_macro_dgs10_2022-01-19,64
official_macro_dgs10_2022-01-20,64
official_macro_dgs10_2022-01-21,64
official_macro_dgs10_2022-01-24,64
official_macro_dgs10_2022-01-25,64
official_macro_dgs10_2022-01-26,64
official_macro_dgs10_2022-01-27,64
official_macro_dgs10_2022-01-28,64
official_macro_dgs10_2022-01-31,64
official_macro_dgs10_2022-02-01,64
official_macro_dgs10_2022-02-02,64
official_macro_dgs10_2022-02-03,64
official_macro_dgs10_2022-02-04,64
official_macro_dgs10_2022-02-07,64
official_macro_dgs10_2022-02-08,64
official_macro_dgs10_2022-02-09,64
official_macro_dgs10_2022-02-10,64
official_macro_dgs10_2022-02-11,64
official_macro_dgs10_2022-02-14,64
official_macro_dgs10_2022-02-15,64
official_macro_dgs10_2022-02-16,64
official_macro_dgs10_2022-02-17,64
official_macro_dgs10_2022-02-18,64
official_macro_dgs10_2022-02-22,64
official_macro_dgs10_2022-02-23,64
official_macro_dgs10_2022-02-24,64
official_macro_dgs10_2022-02-25,64
official_macro_dgs10_2022-02-28,64
official_macro_dgs10_2022-03-01,64
official_macro_dgs10_2022-03-02,64
official_macro_dgs10_2022-03-03,64
official_macro_dgs10_2022-03-04,64
official_macro_dgs10_2022-03-07,64
official_macro_dgs10_2022-03-08,64
official_macro_dgs10_2022-03-09,64
official_macro_dgs10_2022-03-10,64
official_macro_dgs10_2022-03-11,64
official_macro_dgs10_2022-03-14,64
official_macro_dgs10_2022-03-15,64
official_macro_dgs10_2022-03-16,64
official_macro_dgs10_2022-03-17,64
official_macro_dgs10_2022-03-18,64
official_macro_dgs10_2022-03-21,64
official_macro_dgs10_2022-03-22,64
official_macro_dgs10_2022-03-23,64
official_macro_dgs10_2022-03-24,64
official_macro_dgs10_2022-03-25,64
official_macro_dgs10_2022-03-28,64
official_macro_dgs10_2022-03-29,64
official_macro_dgs10_2022-03-30,64
official_macro_dgs10_2022-03-31,64
official_macro_dgs10_2022-04-01,64
official_macro_dgs10_2022-04-04,64
official_macro_dgs10_2022-04-05,64
official_macro_dgs10_2022-04-06,64
official_macro_dgs10_2022-04-07,64
official_macro_dgs10_2022-04-08,64
official_macro_dgs10_2022-04-11,64
official_macro_dgs10_2022-04-12,64
official_macro_dgs10_2022-04-13,64
official_macro_dgs10_2022-04-14,64
official_macro_dgs10_2022-04-18,64
official_macro_dgs10_2022-04-19,64
official_macro_dgs10_2022-04-20,64
official_macro_dgs10_2022-04-21,64
official_macro_dgs10_2022-04-22,64
official_macro_dgs10_2022-04-25,64
official_macro_dgs10_2022-04-26,64
official_macro_dgs10_2022-04-27,64
official_macro_dgs10_2022-04-28,64
official_macro_dgs10_2022-04-29,64
official_macro_dgs10_2022-05-02,64
official_macro_dgs10_2022-05-03,64
official_macro_dgs10_2022-05-04,64
official_macro_dgs10_2022-05-05,64
official_macro_dgs10_2022-05-06,64
official_macro_dgs10_2022-05-09,64
official_macro_dgs10_2022-05-10,64
official_macro_dgs10_2022-05-11,64
official_macro_dgs10_2022-05-12,64
official_macro_dgs10_2022-05-13,64
official_macro_dgs10_2022-05-16,64
official_macro_dgs10_2022-05-17,64
official_macro_dgs10_2022-05-18,64
official_macro_dgs10_2022-05-19,64
official_macro_dgs10_2022-05-20,64
official_macro_dgs10_2022-05-23,64
official_macro_dgs10_2022-05-24,64
official_macro_dgs10_2022-05-25,64
official_macro_dgs10_2022-05-26,64
official_macro_dgs10_2022-05-27,64
official_macro_dgs10_2022-05-31,64
official_macro_dgs10_2022-06-01,64
official_macro_dgs10_2022-06-02,64
official_macro_dgs10_2022-06-03,64
official_macro_dgs10_2022-06-06,64
official_macro_dgs10_2022-06-07,64
official_macro_dgs10_2022-06-08,64
official_macro_dgs10_2022-06-09,64
official_macro_dgs10_2022-06-10,64
official_macro_dgs10_2022-06-13,64
official_macro_dgs10_2022-06-14,64
official_macro_dgs10_2022-06-15,64
official_macro_dgs10_2022-06-16,64
official_macro_dgs10_2022-06-17,64
official_macro_dgs10_2022-06-21,64
official_macro_dgs10_2022-06-22,64
official_macro_dgs10_2022-06-23,64
official_macro_dgs10_2022-06-24,64
official_macro_dgs10_2022-06-27,64
official_macro_dgs10_2022-06-28,64
official_macro_dgs10_2022-06-29,64
official_macro_dgs10_2022-06-30,64
official_macro_dgs10_2022-07-01,64
official_macro_dgs10_2022-07-05,64
official_macro_dgs10_2022-07-06,64
official_macro_dgs10_2022-07-07,64
official_macro_dgs10_2022-07-08,64
official_macro_dgs10_2022-07-11,64
official_macro_dgs10_2022-07-12,64
official_macro_dgs10_2022-07-13,64
official_macro_dgs10_2022-07-14,64
official_macro_dgs10_2022-07-15,64
official_macro_dgs10_2022-07-18,64
official_macro_dgs10_2022-07-19,64
official_macro_dgs10_2022-07-20,64
official_macro_dgs10_2022-07-21,64
official_macro_dgs10_2022-07-22,64
official_macro_dgs10_2022-07-25,64
official_macro_dgs10_2022-07-26,64
official_macro_dgs10_2022-07-27,64
official_macro_dgs10_2022-07-28,64
official_macro_dgs10_2022-07-29,64
official_macro_dgs10_2022-08-01,64
official_macro_dgs10_2022-08-02,64
official_macro_dgs10_2022-08-03,64
official_macro_dgs10_2022-08-04,64
official_macro_dgs10_2022-08-05,64
official_macro_dgs10_2022-08-08,64
official_macro_dgs10_2022-08-09,64
official_macro_dgs10_2022-08-10,64
official_macro_dgs10_2022-08-11,64
official_macro_dgs10_2022-08-12,64
official_macro_dgs10_2022-08-15,64
official_macro_dgs10_2022-08-16,64
official_macro_dgs10_2022-08-17,64
official_macro_dgs10_2022-08-18,64
official_macro_dgs10_2022-08-19,64
official_macro_dgs10_2022-08-22,64
official_macro_dgs10_2022-08-23,64
official_macro_dgs10_2022-08-24,64
official_macro_dgs10_2022-08-25,64
official_macro_dgs10_2022-08-26,64
official_macro_dgs10_2022-08-29,64
official_macro_dgs10_2022-08-30,64
official_macro_dgs10_2022-08-31,64
official_macro_dgs10_2022-09-01,64
official_macro_dgs10_2022-09-02,64
official_macro_dgs10_2022-09-06,64
official_macro_dgs10_2022-09-07,64
official_macro_dgs10_2022-09-08,64
official_macro_dgs10_2022-09-09,64
official_macro_dgs10_2022-09-12,64
official_macro_dgs10_2022-09-13,64
official_macro_dgs10_2022-09-14,64
official_macro_dgs10_2022-09-15,64
official_macro_dgs10_2022-09-16,64
official_macro_dgs10_2022-09-19,64
official_macro_dgs10_2022-09-20,64
official_macro_dgs10_2022-09-21,64
official_macro_dgs10_2022-09-22,64
official_macro_dgs10_2022-09-23,64
official_macro_dgs10_2022-09-26,64
official_macro_dgs10_2022-09-27,64
official_macro_dgs10_2022-09-28,64
official_macro_dgs10_2022-09-29,64
official_macro_dgs10_2022-09-30,64
official_macro_dgs10_2022-10-03,64
official_macro_dgs10_2022-10-04,64
official_macro_dgs10_2022-10-05,64
official_macro_dgs10_2022-10-06,64
official_macro_dgs10_2022-10-07,64
official_macro_dgs10_2022-10-11,64
official_macro_dgs10_2022-10-12,64
official_macro_dgs10_2022-10-13,64
official_macro_dgs10_2022-10-14,64
official_macro_dgs10_2022-10-17,64
official_macro_dgs10_2022-10-18,64
official_macro_dgs10_2022-10-19,64
official_macro_dgs10_2022-10-20,64
official_macro_dgs10_2022-10-21,64
official_macro_dgs10_2022-10-24,64
official_macro_dgs10_2022-10-25,64
official_macro_dgs10_2022-10-26,64
official_macro_dgs10_2022-10-27,64
official_macro_dgs10_2022-10-28,64
official_macro_dgs10_2022-10-31,64
official_macro_dgs10_2022-11-01,64
official_macro_dgs10_2022-11-02,64
official_macro_dgs10_2022-11-03,64
official_macro_dgs10_2022-11-04,64
official_macro_dgs10_2022-11-07,64
official_macro_dgs10_2022-11-08,64
official_macro_dgs10_2022-11-09,64
official_macro_dgs10_2022-11-10,64
official_macro_dgs10_2022-11-14,64
official_macro_dgs10_2022-11-15,64
official_macro_dgs10_2022-11-16,64
official_macro_dgs10_2022-11-17,64
official_macro_dgs10_2022-11-18,64
official_macro_dgs10_2022-11-21,64
official_macro_dgs10_2022-11-22,64
official_macro_dgs10_2022-11-23,64
official_macro_dgs10_2022-11-25,64
official_macro_dgs10_2022-11-28,64
official_macro_dgs10_2022-11-29,64
official_macro_dgs10_2022-11-30,64
official_macro_dgs10_2022-12-01,64
official_macro_dgs10_2022-12-02,64
official_macro_dgs10_2022-12-05,64
official_macro_dgs10_2022-12-06,64
official_macro_dgs10_2022-12-07,64
official_macro_dgs10_2022-12-08,64
official_macro_dgs10_2022-12-09,64
official_macro_dgs10_2022-12-12,64
official_macro_dgs10_2022-12-13,64
official_macro_dgs10_2022-12-14,64
official_macro_dgs10_2022-12-15,64
official_macro_dgs10_2022-12-16,64
official_macro_dgs10_2022-12-19,64
official_macro_dgs10_2022-12-20,64
official_macro_dgs10_2022-12-21,64
official_macro_dgs10_2022-12-22,64
official_macro_dgs10_2022-12-23,64
official_macro_dgs10_2022-12-27,64
official_macro_dgs10_2022-12-28,64
official_macro_dgs10_2022-12-29,64
official_macro_dgs10_2022-12-30,64
official_macro_dgs10_2023-01-03,64
official_macro_dgs10_2023-01-04,64
official_macro_dgs10_2023-01-05,64
official_macro_dgs10_2023-01-06,64
official_macro_dgs10_2023-01-09,64
official_macro_dgs10_2023-01-10,64
official_macro_dgs10_2023-01-11,64
official_macro_dgs10_2023-01-12,64
official_macro_dgs10_2023-01-13,64
official_macro_dgs10_2023-01-17,64
official_macro_dgs10_2023-01-18,64
official_macro_dgs10_2023-01-19,64
official_macro_dgs10_2023-01-20,64
official_macro_dgs10_2023-01-23,64
official_macro_dgs10_2023-01-24,64
official_macro_dgs10_2023-01-25,64
official_macro_dgs10_2023-01-26,64
official_macro_dgs10_2023-01-27,64
official_macro_dgs10_2023-01-30,64
official_macro_dgs10_2023-01-31,64
official_macro_dgs10_2023-02-01,64
official_macro_dgs10_2023-02-02,64
official_macro_dgs10_2023-02-03,64
official_macro_dgs10_2023-02-06,64
official_macro_dgs10_2023-02-07,64
official_macro_dgs10_2023-02-08,64
official_macro_dgs10_2023-02-09,64
official_macro_dgs10_2023-02-10,64
official_macro_dgs10_2023-02-13,64
official_macro_dgs10_2023-02-14,64
official_macro_dgs10_2023-02-15,64
official_macro_dgs10_2023-02-16,64
official_macro_dgs10_2023-02-17,64
official_macro_dgs10_2023-02-21,64
official_macro_dgs10_2023-02-22,64
official_macro_dgs10_2023-02-23,64
official_macro_dgs10_2023-02-24,64
official_macro_dgs10_2023-02-27,64
official_macro_dgs10_2023-02-28,64
official_macro_dgs10_2023-03-01,64
official_macro_dgs2_2010-01-04,64
official_macro_dgs2_2010-01-05,64
official_macro_dgs2_2010-01-06,64
official_macro_dgs2_2010-01-07,64
official_macro_dgs2_2010-01-08,64
official_macro_dgs2_2010-01-11,64
official_macro_dgs2_2010-01-12,64
official_macro_dgs2_2010-01-13,64
official_macro_dgs2_2010-01-14,64
official_macro_dgs2_2010-01-15,64
official_macro_dgs2_2010-01-19,64
official_macro_dgs2_2010-01-20,64
official_macro_dgs2_2010-01-21,64
official_macro_dgs2_2010-01-22,64
official_macro_dgs2_2010-01-25,64
official_macro_dgs2_2010-01-26,64
official_macro_dgs2_2010-01-27,64
official_macro_dgs2_2010-01-28,64
official_macro_dgs2_2010-01-29,64
official_macro_dgs2_2010-02-01,64
official_macro_dgs2_2010-02-02,64
official_macro_dgs2_2010-02-03,64
official_macro_dgs2_2010-02-04,64
official_macro_dgs2_2010-02-05,64
official_macro_dgs2_2010-02-08,64
official_macro_dgs2_2010-02-09,64
official_macro_dgs2_2010-02-10,64
official_macro_dgs2_2010-02-11,64
official_macro_dgs2_2010-02-12,64
official_macro_dgs2_2010-02-16,64
official_macro_dgs2_2010-02-17,64
official_macro_dgs2_2010-02-18,64
official_macro_dgs2_2010-02-19,64
official_macro_dgs2_2010-02-22,64
official_macro_dgs2_2010-02-23,64
official_macro_dgs2_2010-02-24,64
official_macro_dgs2_2010-02-25,64
official_macro_dgs2_2010-02-26,64
official_macro_dgs2_2010-03-01,64
official_macro_dgs2_2010-03-02,64
official_macro_dgs2_2010-03-03,64
official_macro_dgs2_2010-03-04,64
official_macro_dgs2_2010-03-05,64
official_macro_dgs2_2010-03-08,64
official_macro_dgs2_2010-03-09,64
official_macro_dgs2_2010-03-10,64
official_macro_dgs2_2010-03-11,64
official_macro_dgs2_2010-03-12,64
official_macro_dgs2_2010-03-15,64
official_macro_dgs2_2010-03-16,64
official_macro_dgs2_2010-03-17,64
official_macro_dgs2_2010-03-18,64
official_macro_dgs2_2010-03-19,64
official_macro_dgs2_2010-03-22,64
official_macro_dgs2_2010-03-23,64
official_macro_dgs2_2010-03-24,64
official_macro_dgs2_2010-03-25,64
official_macro_dgs2_2010-03-26,64
official_macro_dgs2_2010-03-29,64
official_macro_dgs2_2010-03-30,64
official_macro_dgs2_2010-03-31,64
official_macro_dgs2_2010-04-01,64
official_macro_dgs2_2010-04-02,64
official_macro_dgs2_2010-04-05,64
official_macro_dgs2_2010-04-06,64
official_macro_dgs2_2010-04-07,64
official_macro_dgs2_2010-04-08,64
official_macro_dgs2_2010-04-09,64
official_macro_dgs2_2010-04-12,64
official_macro_dgs2_2010-04-13,64
official_macro_dgs2_2010-04-14,64
official_macro_dgs2_2010-04-15,64
official_macro_dgs2_2010-04-16,64
official_macro_dgs2_2010-04-19,64
official_macro_dgs2_2010-04-20,64
official_macro_dgs2_2010-04-21,64
official_macro_dgs2_2010-04-22,64
official_macro_dgs2_2010-04-23,64
official_macro_dgs2_2010-04-26,64
official_macro_dgs2_2010-04-27,64
official_macro_dgs2_2010-04-28,64
official_macro_dgs2_2010-04-29,64
official_macro_dgs2_2010-04-30,64
official_macro_dgs2_2010-05-03,64
official_macro_dgs2_2010-05-04,64
official_macro_dgs2_2010-05-05,64
official_macro_dgs2_2010-05-06,64
official_macro_dgs2_2010-05-07,64
official_macro_dgs2_2010-05-10,64
official_macro_dgs2_2010-05-11,64
official_macro_dgs2_2010-05-12,64
official_macro_dgs2_2010-05-13,64
official_macro_dgs2_2010-05-14,64
official_macro_dgs2_2010-05-17,64
official_macro_dgs2_2010-05-18,64
official_macro_dgs2_2010-05-19,64
official_macro_dgs2_2010-05-20,64
official_macro_dgs2_2010-05-21,64
official_macro_dgs2_2010-05-24,64
official_macro_dgs2_2010-05-25,64
official_macro_dgs2_2010-05-26,64
official_macro_dgs2_2010-05-27,64
official_macro_dgs2_2010-05-28,64
official_macro_dgs2_2010-06-01,64
official_macro_dgs2_2010-06-02,64
official_macro_dgs2_2010-06-03,64
official_macro_dgs2_2010-06-04,64
official_macro_dgs2_2010-06-07,64
official_macro_dgs2_2010-06-08,64
official_macro_dgs2_2010-06-09,64
official_macro_dgs2_2010-06-10,64
official_macro_dgs2_2010-06-11,64
official_macro_dgs2_2010-06-14,64
official_macro_dgs2_2010-06-15,64
official_macro_dgs2_2010-06-16,64
official_macro_dgs2_2010-06-17,64
official_macro_dgs2_2010-06-18,64
official_macro_dgs2_2010-06-21,64
official_macro_dgs2_2010-06-22,64
official_macro_dgs2_2010-06-23,64
official_macro_dgs2_2010-06-24,64
official_macro_dgs2_2010-06-25,64
official_macro_dgs2_2010-06-28,64
official_macro_dgs2_2010-06-29,64
official_macro_dgs2_2010-06-30,64
official_macro_dgs2_2010-07-01,64
official_macro_dgs2_2010-07-02,64
official_macro_dgs2_2010-07-06,64
official_macro_dgs2_2010-07-07,64
official_macro_dgs2_2010-07-08,64
official_macro_dgs2_2010-07-09,64
official_macro_dgs2_2010-07-12,64
official_macro_dgs2_2010-07-13,64
official_macro_dgs2_2010-07-14,64
official_macro_dgs2_2010-07-15,64
official_macro_dgs2_2010-07-16,64
official_macro_dgs2_2010-07-19,64
official_macro_dgs2_2010-07-20,64
official_macro_dgs2_2010-07-21,64
official_macro_dgs2_2010-07-22,64
official_macro_dgs2_2010-07-23,64
official_macro_dgs2_2010-07-26,64
official_macro_dgs2_2010-07-27,64
official_macro_dgs2_2010-07-28,64
official_macro_dgs2_2010-07-29,64
official_macro_dgs2_2010-07-30,64
official_macro_dgs2_2010-08-02,64
official_macro_dgs2_2010-08-03,64
official_macro_dgs2_2010-08-04,64
official_macro_dgs2_2010-08-05,64
official_macro_dgs2_2010-08-06,64
official_macro_dgs2_2010-08-09,64
official_macro_dgs2_2010-08-10,64
official_macro_dgs2_2010-08-11,64
official_macro_dgs2_2010-08-12,64
official_macro_dgs2_2010-08-13,64
official_macro_dgs2_2010-08-16,64
official_macro_dgs2_2010-08-17,64
official_macro_dgs2_2010-08-18,64
official_macro_dgs2_2010-08-19,64
official_macro_dgs2_2010-08-20,64
official_macro_dgs2_2010-08-23,64
official_macro_dgs2_2010-08-24,64
official_macro_dgs2_2010-08-25,64
official_macro_dgs2_2010-08-26,64
official_macro_dgs2_2010-08-27,64
official_macro_dgs2_2010-08-30,64
official_macro_dgs2_2010-08-31,64
official_macro_dgs2_2010-09-01,64
official_macro_dgs2_2010-09-02,64
official_macro_dgs2_2010-09-03,64
official_macro_dgs2_2010-09-07,64
official_macro_dgs2_2010-09-08,64
official_macro_dgs2_2010-09-09,64
official_macro_dgs2_2010-09-10,64
official_macro_dgs2_2010-09-13,64
official_macro_dgs2_2010-09-14,64
official_macro_dgs2_2010-09-15,64
official_macro_dgs2_2010-09-16,64
official_macro_dgs2_2010-09-17,64
official_macro_dgs2_2010-09-20,64
official_macro_dgs2_2010-09-21,64
official_macro_dgs2_2010-09-22,64
official_macro_dgs2_2010-09-23,64
official_macro_dgs2_2010-09-24,64
official_macro_dgs2_2010-09-27,64
official_macro_dgs2_2010-09-28,64
official_macro_dgs2_2010-09-29,64
official_macro_dgs2_2010-09-30,64
official_macro_dgs2_2010-10-01,64
official_macro_dgs2_2010-10-04,64
official_macro_dgs2_2010-10-05,64
official_macro_dgs2_2010-10-06,64
official_macro_dgs2_2010-10-07,64
official_macro_dgs2_2010-10-08,64
official_macro_dgs2_2010-10-12,64
official_macro_dgs2_2010-10-13,64
official_macro_dgs2_2010-10-14,64
official_macro_dgs2_2010-10-15,64
official_macro_dgs2_2010-10-18,64
official_macro_dgs2_2010-10-19,64
official_macro_dgs2_2010-10-20,64
official_macro_dgs2_2010-10-21,64
official_macro_dgs2_2010-10-22,64
official_macro_dgs2_2010-10-25,64
official_macro_dgs2_2010-10-26,64
official_macro_dgs2_2010-10-27,64
official_macro_dgs2_2010-10-28,64
official_macro_dgs2_2010-10-29,64
official_macro_dgs2_2010-11-01,64
official_macro_dgs2_2010-11-02,64
official_macro_dgs2_2010-11-03,64
official_macro_dgs2_2010-11-04,64
official_macro_dgs2_2010-11-05,64
official_macro_dgs2_2010-11-08,64
official_macro_dgs2_2010-11-09,64
official_macro_dgs2_2010-11-10,64
official_macro_dgs2_2010-11-12,64
official_macro_dgs2_2010-11-15,64
official_macro_dgs2_2010-11-16,64
official_macro_dgs2_2010-11-17,64
official_macro_dgs2_2010-11-18,64
official_macro_dgs2_2010-11-19,64
official_macro_dgs2_2010-11-22,64
official_macro_dgs2_2010-11-23,64
official_macro_dgs2_2010-11-24,64
official_macro_dgs2_2010-11-26,64
official_macro_dgs2_2010-11-29,64
official_macro_dgs2_2010-11-30,64
official_macro_dgs2_2010-12-01,64
official_macro_dgs2_2010-12-02,64
official_macro_dgs2_2010-12-03,64
official_macro_dgs2_2010-12-06,64
official_macro_dgs2_2010-12-07,64
official_macro_dgs2_2010-12-08,64
official_macro_dgs2_2010-12-09,64
official_macro_dgs2_2010-12-10,64
official_macro_dgs2_2010-12-13,64
official_macro_dgs2_2010-12-14,64
official_macro_dgs2_2010-12-15,64
official_macro_dgs2_2010-12-16,64
official_macro_dgs2_2010-12-17,64
official_macro_dgs2_2010-12-20,64
official_macro_dgs2_2010-12-21,64
official_macro_dgs2_2010-12-22,64
official_macro_dgs2_2010-12-23,64
official_macro_dgs2_2010-12-27,64
official_macro_dgs2_2010-12-28,64
official_macro_dgs2_2010-12-29,64
official_macro_dgs2_2010-12-30,64
official_macro_dgs2_2010-12-31,64
official_macro_dgs2_2011-01-03,64
official_macro_dgs2_2011-01-04,64
official_macro_dgs2_2011-01-05,64
official_macro_dgs2_2011-01-06,64
official_macro_dgs2_2011-01-07,64
official_macro_dgs2_2011-01-10,64
official_macro_dgs2_2011-01-11,64
official_macro_dgs2_2011-01-12,64
official_macro_dgs2_2011-01-13,64
official_macro_dgs2_2011-01-14,64
official_macro_dgs2_2011-01-18,64
official_macro_dgs2_2011-01-19,64
official_macro_dgs2_2011-01-20,64
official_macro_dgs2_2011-01-21,64
official_macro_dgs2_2011-01-24,64
official_macro_dgs2_2011-01-25,64
official_macro_dgs2_2011-01-26,64
official_macro_dgs2_2011-01-27,64
official_macro_dgs2_2011-01-28,64
official_macro_dgs2_2011-01-31,64
official_macro_dgs2_2011-02-01,64
official_macro_dgs2_2011-02-02,64
official_macro_dgs2_2011-02-03,64
official_macro_dgs2_2011-02-04,64
official_macro_dgs2_2011-02-07,64
official_macro_dgs2_2011-02-08,64
official_macro_dgs2_2011-02-09,64
official_macro_dgs2_2011-02-10,64
official_macro_dgs2_2011-02-11,64
official_macro_dgs2_2011-02-14,64
official_macro_dgs2_2011-02-15,64
official_macro_dgs2_2011-02-16,64
official_macro_dgs2_2011-02-17,64
official_macro_dgs2_2011-02-18,64
official_macro_dgs2_2011-02-22,64
official_macro_dgs2_2011-02-23,64
official_macro_dgs2_2011-02-24,64
official_macro_dgs2_2011-02-25,64
official_macro_dgs2_2011-02-28,64
official_macro_dgs2_2011-03-01,64
official_macro_dgs2_2011-03-02,64
official_macro_dgs2_2011-03-03,64
official_macro_dgs2_2011-03-04,64
official_macro_dgs2_2011-03-07,64
official_macro_dgs2_2011-03-08,64
official_macro_dgs2_2011-03-09,64
official_macro_dgs2_2011-03-10,64
official_macro_dgs2_2011-03-11,64
official_macro_dgs2_2011-03-14,64
official_macro_dgs2_2011-03-15,64
official_macro_dgs2_2011-03-16,64
official_macro_dgs2_2011-03-17,64
official_macro_dgs2_2011-03-18,64
official_macro_dgs2_2011-03-21,64
official_macro_dgs2_2011-03-22,64
official_macro_dgs2_2011-03-23,64
official_macro_dgs2_2011-03-24,64
official_macro_dgs2_2011-03-25,64
official_macro_dgs2_2011-03-28,64
official_macro_dgs2_2011-03-29,64
official_macro_dgs2_2011-03-30,64
official_macro_dgs2_2011-03-31,64
official_macro_dgs2_2011-04-01,64
official_macro_dgs2_2011-04-04,64
official_macro_dgs2_2011-04-05,64
official_macro_dgs2_2011-04-06,64
official_macro_dgs2_2011-04-07,64
official_macro_dgs2_2011-04-08,64
official_macro_dgs2_2011-04-11,64
official_macro_dgs2_2011-04-12,64
official_macro_dgs2_2011-04-13,64
official_macro_dgs2_2011-04-14,64
official_macro_dgs2_2011-04-15,64
official_macro_dgs2_2011-04-18,64
official_macro_dgs2_2011-04-19,64
official_macro_dgs2_2011-04-20,64
official_macro_dgs2_2011-04-21,64
official_macro_dgs2_2011-04-25,64
official_macro_dgs2_2011-04-26,64
official_macro_dgs2_2011-04-27,64
official_macro_dgs2_2011-04-28,64
official_macro_dgs2_2011-04-29,64
official_macro_dgs2_2011-05-02,64
official_macro_dgs2_2011-05-03,64
official_macro_dgs2_2011-05-04,64
official_macro_dgs2_2011-05-05,64
official_macro_dgs2_2011-05-06,64
official_macro_dgs2_2011-05-09,64
official_macro_dgs2_2011-05-10,64
official_macro_dgs2_2011-05-11,64
official_macro_dgs2_2011-05-12,64
official_macro_dgs2_2011-05-13,64
official_macro_dgs2_2011-05-16,64
official_macro_dgs2_2011-05-17,64
official_macro_dgs2_2011-05-18,64
official_macro_dgs2_2011-05-19,64
official_macro_dgs2_2011-05-20,64
official_macro_dgs2_2011-05-23,64
official_macro_dgs2_2011-05-24,64
official_macro_dgs2_2011-05-25,64
official_macro_dgs2_2011-05-26,64
official_macro_dgs2_2011-05-27,64
official_macro_dgs2_2011-05-31,64
official_macro_dgs2_2011-06-01,64
official_macro_dgs2_2011-06-02,64
official_macro_dgs2_2011-06-03,64
official_macro_dgs2_2011-06-06,64
official_macro_dgs2_2011-06-07,64
official_macro_dgs2_2011-06-08,64
official_macro_dgs2_2011-06-09,64
official_macro_dgs2_2011-06-10,64
official_macro_dgs2_2011-06-13,64
official_macro_dgs2_2011-06-14,64
official_macro_dgs2_2011-06-15,64
official_macro_dgs2_2011-06-16,64
official_macro_dgs2_2011-06-17,64
official_macro_dgs2_2011-06-20,64
official_macro_dgs2_2011-06-21,64
official_macro_dgs2_2011-06-22,64
official_macro_dgs2_2011-06-23,64
official_macro_dgs2_2011-06-24,64
official_macro_dgs2_2011-06-27,64
official_macro_dgs2_2011-06-28,64
official_macro_dgs2_2011-06-29,64
official_macro_dgs2_2011-06-30,64
official_macro_dgs2_2011-07-01,64
official_macro_dgs2_2011-07-05,64
official_macro_dgs2_2011-07-06,64
official_macro_dgs2_2011-07-07,64
official_macro_dgs2_2011-07-08,64
official_macro_dgs2_2011-07-11,64
official_macro_dgs2_2011-07-12,64
official_macro_dgs2_2011-07-13,64
official_macro_dgs2_2011-07-14,64
official_macro_dgs2_2011-07-15,64
official_macro_dgs2_2011-07-18,64
official_macro_dgs2_2011-07-19,64
official_macro_dgs2_2011-07-20,64
official_macro_dgs2_2011-07-21,64
official_macro_dgs2_2011-07-22,64
official_macro_dgs2_2011-07-25,64
official_macro_dgs2_2011-07-26,64
official_macro_dgs2_2011-07-27,64
official_macro_dgs2_2011-07-28,64
official_macro_dgs2_2011-07-29,64
official_macro_dgs2_2011-08-01,64
official_macro_dgs2_2011-08-02,64
official_macro_dgs2_2011-08-03,64
official_macro_dgs2_2011-08-04,64
official_macro_dgs2_2011-08-05,64
official_macro_dgs2_2011-08-08,64
official_macro_dgs2_2011-08-09,64
official_macro_dgs2_2011-08-10,64
official_macro_dgs2_2011-08-11,64
official_macro_dgs2_2011-08-12,64
official_macro_dgs2_2011-08-15,64
official_macro_dgs2_2011-08-16,64
official_macro_dgs2_2011-08-17,64
official_macro_dgs2_2011-08-18,64
official_macro_dgs2_2011-08-19,64
official_macro_dgs2_2011-08-22,64
official_macro_dgs2_2011-08-23,64
official_macro_dgs2_2011-08-24,64
official_macro_dgs2_2011-08-25,64
official_macro_dgs2_2011-08-26,64
official_macro_dgs2_2011-08-29,64
official_macro_dgs2_2011-08-30,64
official_macro_dgs2_2011-08-31,64
official_macro_dgs2_2011-09-01,64
official_macro_dgs2_2011-09-02,64
official_macro_dgs2_2011-09-06,64
official_macro_dgs2_2011-09-07,64
official_macro_dgs2_2011-09-08,64
official_macro_dgs2_2011-09-09,64
official_macro_dgs2_2011-09-12,64
official_macro_dgs2_2011-09-13,64
official_macro_dgs2_2011-09-14,64
official_macro_dgs2_2011-09-15,64
official_macro_dgs2_2011-09-16,64
official_macro_dgs2_2011-09-19,64
official_macro_dgs2_2011-09-20,64
official_macro_dgs2_2011-09-21,64
official_macro_dgs2_2011-09-22,64
official_macro_dgs2_2011-09-23,64
official_macro_dgs2_2011-09-26,64
official_macro_dgs2_2011-09-27,64
official_macro_dgs2_2011-09-28,64
official_macro_dgs2_2011-09-29,64
official_macro_dgs2_2011-09-30,64
official_macro_dgs2_2011-10-03,64
official_macro_dgs2_2011-10-04,64
official_macro_dgs2_2011-10-05,64
official_macro_dgs2_2011-10-06,64
official_macro_dgs2_2011-10-07,64
official_macro_dgs2_2011-10-11,64
official_macro_dgs2_2011-10-12,64
official_macro_dgs2_2011-10-13,64
official_macro_dgs2_2011-10-14,64
official_macro_dgs2_2011-10-17,64
official_macro_dgs2_2011-10-18,64
official_macro_dgs2_2011-10-19,64
official_macro_dgs2_2011-10-20,64
official_macro_dgs2_2011-10-21,64
official_macro_dgs2_2011-10-24,64
official_macro_dgs2_2011-10-25,64
official_macro_dgs2_2011-10-26,64
official_macro_dgs2_2011-10-27,64
official_macro_dgs2_2011-10-28,64
official_macro_dgs2_2011-10-31,64
official_macro_dgs2_2011-11-01,64
official_macro_dgs2_2011-11-02,64
official_macro_dgs2_2011-11-03,64
official_macro_dgs2_2011-11-04,64
official_macro_dgs2_2011-11-07,64
official_macro_dgs2_2011-11-08,64
official_macro_dgs2_2011-11-09,64
official_macro_dgs2_2011-11-10,64
official_macro_dgs2_2011-11-14,64
official_macro_dgs2_2011-11-15,64
official_macro_dgs2_2011-11-16,64
official_macro_dgs2_2011-11-17,64
official_macro_dgs2_2011-11-18,64
official_macro_dgs2_2011-11-21,64
official_macro_dgs2_2011-11-22,64
official_macro_dgs2_2011-11-23,64
official_macro_dgs2_2011-11-25,64
official_macro_dgs2_2011-11-28,64
official_macro_dgs2_2011-11-29,64
official_macro_dgs2_2011-11-30,64
official_macro_dgs2_2011-12-01,64
official_macro_dgs2_2011-12-02,64
official_macro_dgs2_2011-12-05,64
official_macro_dgs2_2011-12-06,64
official_macro_dgs2_2011-12-07,64
official_macro_dgs2_2011-12-08,64
official_macro_dgs2_2011-12-09,64
official_macro_dgs2_2011-12-12,64
official_macro_dgs2_2011-12-13,64
official_macro_dgs2_2011-12-14,64
official_macro_dgs2_2011-12-15,64
official_macro_dgs2_2011-12-16,64
official_macro_dgs2_2011-12-19,64
official_macro_dgs2_2011-12-20,64
official_macro_dgs2_2011-12-21,64
official_macro_dgs2_2011-12-22,64
official_macro_dgs2_2011-12-23,64
official_macro_dgs2_2011-12-27,64
official_macro_dgs2_2011-12-28,64
official_macro_dgs2_2011-12-29,64
official_macro_dgs2_2011-12-30,64
official_macro_dgs2_2012-01-03,64
official_macro_dgs2_2012-01-04,64
official_macro_dgs2_2012-01-05,64
official_macro_dgs2_2012-01-06,64
official_macro_dgs2_2012-01-09,64
official_macro_dgs2_2012-01-10,64
official_macro_dgs2_2012-01-11,64
official_macro_dgs2_2012-01-12,64
official_macro_dgs2_2012-01-13,64
official_macro_dgs2_2012-01-17,64
official_macro_dgs2_2012-01-18,64
official_macro_dgs2_2012-01-19,64
official_macro_dgs2_2012-01-20,64
official_macro_dgs2_2012-01-23,64
official_macro_dgs2_2012-01-24,64
official_macro_dgs2_2012-01-25,64
official_macro_dgs2_2012-01-26,64
official_macro_dgs2_2012-01-27,64
official_macro_dgs2_2012-01-30,64
official_macro_dgs2_2012-01-31,64
official_macro_dgs2_2012-02-01,64
official_macro_dgs2_2012-02-02,64
official_macro_dgs2_2012-02-03,64
official_macro_dgs2_2012-02-06,64
official_macro_dgs2_2012-02-07,64
official_macro_dgs2_2012-02-08,64
official_macro_dgs2_2012-02-09,64
official_macro_dgs2_2012-02-10,64
official_macro_dgs2_2012-02-13,64
official_macro_dgs2_2012-02-14,64
official_macro_dgs2_2012-02-15,64
official_macro_dgs2_2012-02-16,64
official_macro_dgs2_2012-02-17,64
official_macro_dgs2_2012-02-21,64
official_macro_dgs2_2012-02-22,64
official_macro_dgs2_2012-02-23,64
official_macro_dgs2_2012-02-24,64
official_macro_dgs2_2012-02-27,64
official_macro_dgs2_2012-02-28,64
official_macro_dgs2_2012-02-29,64
official_macro_dgs2_2012-03-01,64
official_macro_dgs2_2012-03-02,64
official_macro_dgs2_2012-03-05,64
official_macro_dgs2_2012-03-06,64
official_macro_dgs2_2012-03-07,64
official_macro_dgs2_2012-03-08,64
official_macro_dgs2_2012-03-09,64
official_macro_dgs2_2012-03-12,64
official_macro_dgs2_2012-03-13,64
official_macro_dgs2_2012-03-14,64
official_macro_dgs2_2012-03-15,64
official_macro_dgs2_2012-03-16,64
official_macro_dgs2_2012-03-19,64
official_macro_dgs2_2012-03-20,64
official_macro_dgs2_2012-03-21,64
official_macro_dgs2_2012-03-22,64
official_macro_dgs2_2012-03-23,64
official_macro_dgs2_2012-03-26,64
official_macro_dgs2_2012-03-27,64
official_macro_dgs2_2012-03-28,64
official_macro_dgs2_2012-03-29,64
official_macro_dgs2_2012-03-30,64
official_macro_dgs2_2012-04-02,64
official_macro_dgs2_2012-04-03,64
official_macro_dgs2_2012-04-04,64
official_macro_dgs2_2012-04-05,64
official_macro_dgs2_2012-04-06,64
official_macro_dgs2_2012-04-09,64
official_macro_dgs2_2012-04-10,64
official_macro_dgs2_2012-04-11,64
official_macro_dgs2_2012-04-12,64
official_macro_dgs2_2012-04-13,64
official_macro_dgs2_2012-04-16,64
official_macro_dgs2_2012-04-17,64
official_macro_dgs2_2012-04-18,64
official_macro_dgs2_2012-04-19,64
official_macro_dgs2_2012-04-20,64
official_macro_dgs2_2012-04-23,64
official_macro_dgs2_2012-04-24,64
official_macro_dgs2_2012-04-25,64
official_macro_dgs2_2012-04-26,64
official_macro_dgs2_2012-04-27,64
official_macro_dgs2_2012-04-30,64
official_macro_dgs2_2012-05-01,64
official_macro_dgs2_2012-05-02,64
official_macro_dgs2_2012-05-03,64
official_macro_dgs2_2012-05-04,64
official_macro_dgs2_2012-05-07,64
official_macro_dgs2_2012-05-08,64
official_macro_dgs2_2012-05-09,64
official_macro_dgs2_2012-05-10,64
official_macro_dgs2_2012-05-11,64
official_macro_dgs2_2012-05-14,64
official_macro_dgs2_2012-05-15,64
official_macro_dgs2_2012-05-16,64
official_macro_dgs2_2012-05-17,64
official_macro_dgs2_2012-05-18,64
official_macro_dgs2_2012-05-21,64
official_macro_dgs2_2012-05-22,64
official_macro_dgs2_2012-05-23,64
official_macro_dgs2_2012-05-24,64
official_macro_dgs2_2012-05-25,64
official_macro_dgs2_2012-05-29,64
official_macro_dgs2_2012-05-30,64
official_macro_dgs2_2012-05-31,64
official_macro_dgs2_2012-06-01,64
official_macro_dgs2_2012-06-04,64
official_macro_dgs2_2012-06-05,64
official_macro_dgs2_2012-06-06,64
official_macro_dgs2_2012-06-07,64
official_macro_dgs2_2012-06-08,64
official_macro_dgs2_2012-06-11,64
official_macro_dgs2_2012-06-12,64
official_macro_dgs2_2012-06-13,64
official_macro_dgs2_2012-06-14,64
official_macro_dgs2_2012-06-15,64
official_macro_dgs2_2012-06-18,64
official_macro_dgs2_2012-06-19,64
official_macro_dgs2_2012-06-20,64
official_macro_dgs2_2012-06-21,64
official_macro_dgs2_2012-06-22,64
official_macro_dgs2_2012-06-25,64
official_macro_dgs2_2012-06-26,64
official_macro_dgs2_2012-06-27,64
official_macro_dgs2_2012-06-28,64
official_macro_dgs2_2012-06-29,64
official_macro_dgs2_2012-07-02,64
official_macro_dgs2_2012-07-03,64
official_macro_dgs2_2012-07-05,64
official_macro_dgs2_2012-07-06,64
official_macro_dgs2_2012-07-09,64
official_macro_dgs2_2012-07-10,64
official_macro_dgs2_2012-07-11,64
official_macro_dgs2_2012-07-12,64
official_macro_dgs2_2012-07-13,64
official_macro_dgs2_2012-07-16,64
official_macro_dgs2_2012-07-17,64
official_macro_dgs2_2012-07-18,64
official_macro_dgs2_2012-07-19,64
official_macro_dgs2_2012-07-20,64
official_macro_dgs2_2012-07-23,64
official_macro_dgs2_2012-07-24,64
official_macro_dgs2_2012-07-25,64
official_macro_dgs2_2012-07-26,64
official_macro_dgs2_2012-07-27,64
official_macro_dgs2_2012-07-30,64
official_macro_dgs2_2012-07-31,64
official_macro_dgs2_2012-08-01,64
official_macro_dgs2_2012-08-02,64
official_macro_dgs2_2012-08-03,64
official_macro_dgs2_2012-08-06,64
official_macro_dgs2_2012-08-07,64
official_macro_dgs2_2012-08-08,64
official_macro_dgs2_2012-08-09,64
official_macro_dgs2_2012-08-10,64
official_macro_dgs2_2012-08-13,64
official_macro_dgs2_2012-08-14,64
official_macro_dgs2_2012-08-15,64
official_macro_dgs2_2012-08-16,64
official_macro_dgs2_2012-08-17,64
official_macro_dgs2_2012-08-20,64
official_macro_dgs2_2012-08-21,64
official_macro_dgs2_2012-08-22,64
official_macro_dgs2_2012-08-23,64
official_macro_dgs2_2012-08-24,64
official_macro_dgs2_2012-08-27,64
official_macro_dgs2_2012-08-28,64
official_macro_dgs2_2012-08-29,64
official_macro_dgs2_2012-08-30,64
official_macro_dgs2_2012-08-31,64
official_macro_dgs2_2012-09-04,64
official_macro_dgs2_2012-09-05,64
official_macro_dgs2_2012-09-06,64
official_macro_dgs2_2012-09-07,64
official_macro_dgs2_2012-09-10,64
official_macro_dgs2_2012-09-11,64
official_macro_dgs2_2012-09-12,64
official_macro_dgs2_2012-09-13,64
official_macro_dgs2_2012-09-14,64
official_macro_dgs2_2012-09-17,64
official_macro_dgs2_2012-09-18,64
official_macro_dgs2_2012-09-19,64
official_macro_dgs2_2012-09-20,64
official_macro_dgs2_2012-09-21,64
official_macro_dgs2_2012-09-24,64
official_macro_dgs2_2012-09-25,64
official_macro_dgs2_2012-09-26,64
official_macro_dgs2_2012-09-27,64
official_macro_dgs2_2012-09-28,64
official_macro_dgs2_2012-10-01,64
official_macro_dgs2_2012-10-02,64
official_macro_dgs2_2012-10-03,64
official_macro_dgs2_2012-10-04,64
official_macro_dgs2_2012-10-05,64
official_macro_dgs2_2012-10-09,64
official_macro_dgs2_2012-10-10,64
official_macro_dgs2_2012-10-11,64
official_macro_dgs2_2012-10-12,64
official_macro_dgs2_2012-10-15,64
official_macro_dgs2_2012-10-16,64
official_macro_dgs2_2012-10-17,64
official_macro_dgs2_2012-10-18,64
official_macro_dgs2_2012-10-19,64
official_macro_dgs2_2012-10-22,64
official_macro_dgs2_2012-10-23,64
official_macro_dgs2_2012-10-24,64
official_macro_dgs2_2012-10-25,64
official_macro_dgs2_2012-10-26,64
official_macro_dgs2_2012-10-29,64
official_macro_dgs2_2012-10-31,64
official_macro_dgs2_2012-11-01,64
official_macro_dgs2_2012-11-02,64
official_macro_dgs2_2012-11-05,64
official_macro_dgs2_2012-11-06,64
official_macro_dgs2_2012-11-07,64
official_macro_dgs2_2012-11-08,64
official_macro_dgs2_2012-11-09,64
official_macro_dgs2_2012-11-13,64
official_macro_dgs2_2012-11-14,64
official_macro_dgs2_2012-11-15,64
official_macro_dgs2_2012-11-16,64
official_macro_dgs2_2012-11-19,64
official_macro_dgs2_2012-11-20,64
official_macro_dgs2_2012-11-21,64
official_macro_dgs2_2012-11-23,64
official_macro_dgs2_2012-11-26,64
official_macro_dgs2_2012-11-27,64
official_macro_dgs2_2012-11-28,64
official_macro_dgs2_2012-11-29,64
official_macro_dgs2_2012-11-30,64
official_macro_dgs2_2012-12-03,64
official_macro_dgs2_2012-12-04,64
official_macro_dgs2_2012-12-05,64
official_macro_dgs2_2012-12-06,64
official_macro_dgs2_2012-12-07,64
official_macro_dgs2_2012-12-10,64
official_macro_dgs2_2012-12-11,64
official_macro_dgs2_2012-12-12,64
official_macro_dgs2_2012-12-13,64
official_macro_dgs2_2012-12-14,64
official_macro_dgs2_2012-12-17,64
official_macro_dgs2_2012-12-18,64
official_macro_dgs2_2012-12-19,64
official_macro_dgs2_2012-12-20,64
official_macro_dgs2_2012-12-21,64
official_macro_dgs2_2012-12-24,64
official_macro_dgs2_2012-12-26,64
official_macro_dgs2_2012-12-27,64
official_macro_dgs2_2012-12-28,64
official_macro_dgs2_2012-12-31,64
official_macro_dgs2_2013-01-02,64
official_macro_dgs2_2013-01-03,64
official_macro_dgs2_2013-01-04,64
official_macro_dgs2_2013-01-07,64
official_macro_dgs2_2013-01-08,64
official_macro_dgs2_2013-01-09,64
official_macro_dgs2_2013-01-10,64
official_macro_dgs2_2013-01-11,64
official_macro_dgs2_2013-01-14,64
official_macro_dgs2_2013-01-15,64
official_macro_dgs2_2013-01-16,64
official_macro_dgs2_2013-01-17,64
official_macro_dgs2_2013-01-18,64
official_macro_dgs2_2013-01-22,64
official_macro_dgs2_2013-01-23,64
official_macro_dgs2_2013-01-24,64
official_macro_dgs2_2013-01-25,64
official_macro_dgs2_2013-01-28,64
official_macro_dgs2_2013-01-29,64
official_macro_dgs2_2013-01-30,64
official_macro_dgs2_2013-01-31,64
official_macro_dgs2_2013-02-01,64
official_macro_dgs2_2013-02-04,64
official_macro_dgs2_2013-02-05,64
official_macro_dgs2_2013-02-06,64
official_macro_dgs2_2013-02-07,64
official_macro_dgs2_2013-02-08,64
official_macro_dgs2_2013-02-11,64
official_macro_dgs2_2013-02-12,64
official_macro_dgs2_2013-02-13,64
official_macro_dgs2_2013-02-14,64
official_macro_dgs2_2013-02-15,64
official_macro_dgs2_2013-02-19,64
official_macro_dgs2_2013-02-20,64
official_macro_dgs2_2013-02-21,64
official_macro_dgs2_2013-02-22,64
official_macro_dgs2_2013-02-25,64
official_macro_dgs2_2013-02-26,64
official_macro_dgs2_2013-02-27,64
official_macro_dgs2_2013-02-28,64
official_macro_dgs2_2013-03-01,64
official_macro_dgs2_2013-03-04,64
official_macro_dgs2_2013-03-05,64
official_macro_dgs2_2013-03-06,64
official_macro_dgs2_2013-03-07,64
official_macro_dgs2_2013-03-08,64
official_macro_dgs2_2013-03-11,64
official_macro_dgs2_2013-03-12,64
official_macro_dgs2_2013-03-13,64
official_macro_dgs2_2013-03-14,64
official_macro_dgs2_2013-03-15,64
official_macro_dgs2_2013-03-18,64
official_macro_dgs2_2013-03-19,64
official_macro_dgs2_2013-03-20,64
official_macro_dgs2_2013-03-21,64
official_macro_dgs2_2013-03-22,64
official_macro_dgs2_2013-03-25,64
official_macro_dgs2_2013-03-26,64
official_macro_dgs2_2013-03-27,64
official_macro_dgs2_2013-03-28,64
official_macro_dgs2_2013-04-01,64
official_macro_dgs2_2013-04-02,64
official_macro_dgs2_2013-04-03,64
official_macro_dgs2_2013-04-04,64
official_macro_dgs2_2013-04-05,64
official_macro_dgs2_2013-04-08,64
official_macro_dgs2_2013-04-09,64
official_macro_dgs2_2013-04-10,64
official_macro_dgs2_2013-04-11,64
official_macro_dgs2_2013-04-12,64
official_macro_dgs2_2013-04-15,64
official_macro_dgs2_2013-04-16,64
official_macro_dgs2_2013-04-17,64
official_macro_dgs2_2013-04-18,64
official_macro_dgs2_2013-04-19,64
official_macro_dgs2_2013-04-22,64
official_macro_dgs2_2013-04-23,64
official_macro_dgs2_2013-04-24,64
official_macro_dgs2_2013-04-25,64
official_macro_dgs2_2013-04-26,64
official_macro_dgs2_2013-04-29,64
official_macro_dgs2_2013-04-30,64
official_macro_dgs2_2013-05-01,64
official_macro_dgs2_2013-05-02,64
official_macro_dgs2_2013-05-03,64
official_macro_dgs2_2013-05-06,64
official_macro_dgs2_2013-05-07,64
official_macro_dgs2_2013-05-08,64
official_macro_dgs2_2013-05-09,64
official_macro_dgs2_2013-05-10,64
official_macro_dgs2_2013-05-13,64
official_macro_dgs2_2013-05-14,64
official_macro_dgs2_2013-05-15,64
official_macro_dgs2_2013-05-16,64
official_macro_dgs2_2013-05-17,64
official_macro_dgs2_2013-05-20,64
official_macro_dgs2_2013-05-21,64
official_macro_dgs2_2013-05-22,64
official_macro_dgs2_2013-05-23,64
official_macro_dgs2_2013-05-24,64
official_macro_dgs2_2013-05-28,64
official_macro_dgs2_2013-05-29,64
official_macro_dgs2_2013-05-30,64
official_macro_dgs2_2013-05-31,64
official_macro_dgs2_2013-06-03,64
official_macro_dgs2_2013-06-04,64
official_macro_dgs2_2013-06-05,64
official_macro_dgs2_2013-06-06,64
official_macro_dgs2_2013-06-07,64
official_macro_dgs2_2013-06-10,64
official_macro_dgs2_2013-06-11,64
official_macro_dgs2_2013-06-12,64
official_macro_dgs2_2013-06-13,64
official_macro_dgs2_2013-06-14,64
official_macro_dgs2_2013-06-17,64
official_macro_dgs2_2013-06-18,64
official_macro_dgs2_2013-06-19,64
official_macro_dgs2_2013-06-20,64
official_macro_dgs2_2013-06-21,64
official_macro_dgs2_2013-06-24,64
official_macro_dgs2_2013-06-25,64
official_macro_dgs2_2013-06-26,64
official_macro_dgs2_2013-06-27,64
official_macro_dgs2_2013-06-28,64
official_macro_dgs2_2013-07-01,64
official_macro_dgs2_2013-07-02,64
official_macro_dgs2_2013-07-03,64
official_macro_dgs2_2013-07-05,64
official_macro_dgs2_2013-07-08,64
official_macro_dgs2_2013-07-09,64
official_macro_dgs2_2013-07-10,64
official_macro_dgs2_2013-07-11,64
official_macro_dgs2_2013-07-12,64
official_macro_dgs2_2013-07-15,64
official_macro_dgs2_2013-07-16,64
official_macro_dgs2_2013-07-17,64
official_macro_dgs2_2013-07-18,64
official_macro_dgs2_2013-07-19,64
official_macro_dgs2_2013-07-22,64
official_macro_dgs2_2013-07-23,64
official_macro_dgs2_2013-07-24,64
official_macro_dgs2_2013-07-25,64
official_macro_dgs2_2013-07-26,64
official_macro_dgs2_2013-07-29,64
official_macro_dgs2_2013-07-30,64
official_macro_dgs2_2013-07-31,64
official_macro_dgs2_2013-08-01,64
official_macro_dgs2_2013-08-02,64
official_macro_dgs2_2013-08-05,64
official_macro_dgs2_2013-08-06,64
official_macro_dgs2_2013-08-07,64
official_macro_dgs2_2013-08-08,64
official_macro_dgs2_2013-08-09,64
official_macro_dgs2_2013-08-12,64
official_macro_dgs2_2013-08-13,64
official_macro_dgs2_2013-08-14,64
official_macro_dgs2_2013-08-15,64
official_macro_dgs2_2013-08-16,64
official_macro_dgs2_2013-08-19,64
official_macro_dgs2_2013-08-20,64
official_macro_dgs2_2013-08-21,64
official_macro_dgs2_2013-08-22,64
official_macro_dgs2_2013-08-23,64
official_macro_dgs2_2013-08-26,64
official_macro_dgs2_2013-08-27,64
official_macro_dgs2_2013-08-28,64
official_macro_dgs2_2013-08-29,64
official_macro_dgs2_2013-08-30,64
official_macro_dgs2_2013-09-03,64
official_macro_dgs2_2013-09-04,64
official_macro_dgs2_2013-09-05,64
official_macro_dgs2_2013-09-06,64
official_macro_dgs2_2013-09-09,64
official_macro_dgs2_2013-09-10,64
official_macro_dgs2_2013-09-11,64
official_macro_dgs2_2013-09-12,64
official_macro_dgs2_2013-09-13,64
official_macro_dgs2_2013-09-16,64
official_macro_dgs2_2013-09-17,64
official_macro_dgs2_2013-09-18,64
official_macro_dgs2_2013-09-19,64
official_macro_dgs2_2013-09-20,64
official_macro_dgs2_2013-09-23,64
official_macro_dgs2_2013-09-24,64
official_macro_dgs2_2013-09-25,64
official_macro_dgs2_2013-09-26,64
official_macro_dgs2_2013-09-27,64
official_macro_dgs2_2013-09-30,64
official_macro_dgs2_2013-10-01,64
official_macro_dgs2_2013-10-02,64
official_macro_dgs2_2013-10-03,64
official_macro_dgs2_2013-10-04,64
official_macro_dgs2_2013-10-07,64
official_macro_dgs2_2013-10-08,64
official_macro_dgs2_2013-10-09,64
official_macro_dgs2_2013-10-10,64
official_macro_dgs2_2013-10-11,64
official_macro_dgs2_2013-10-15,64
official_macro_dgs2_2013-10-16,64
official_macro_dgs2_2013-10-17,64
official_macro_dgs2_2013-10-18,64
official_macro_dgs2_2013-10-21,64
official_macro_dgs2_2013-10-22,64
official_macro_dgs2_2013-10-23,64
official_macro_dgs2_2013-10-24,64
official_macro_dgs2_2013-10-25,64
official_macro_dgs2_2013-10-28,64
official_macro_dgs2_2013-10-29,64
official_macro_dgs2_2013-10-30,64
official_macro_dgs2_2013-10-31,64
official_macro_dgs2_2013-11-01,64
official_macro_dgs2_2013-11-04,64
official_macro_dgs2_2013-11-05,64
official_macro_dgs2_2013-11-06,64
official_macro_dgs2_2013-11-07,64
official_macro_dgs2_2013-11-08,64
official_macro_dgs2_2013-11-12,64
official_macro_dgs2_2013-11-13,64
official_macro_dgs2_2013-11-14,64
official_macro_dgs2_2013-11-15,64
official_macro_dgs2_2013-11-18,64
official_macro_dgs2_2013-11-19,64
official_macro_dgs2_2013-11-20,64
official_macro_dgs2_2013-11-21,64
official_macro_dgs2_2013-11-22,64
official_macro_dgs2_2013-11-25,64
official_macro_dgs2_2013-11-26,64
official_macro_dgs2_2013-11-27,64
official_macro_dgs2_2013-11-29,64
official_macro_dgs2_2013-12-02,64
official_macro_dgs2_2013-12-03,64
official_macro_dgs2_2013-12-04,64
official_macro_dgs2_2013-12-05,64
official_macro_dgs2_2013-12-06,64
official_macro_dgs2_2013-12-09,64
official_macro_dgs2_2013-12-10,64
official_macro_dgs2_2013-12-11,64
official_macro_dgs2_2013-12-12,64
official_macro_dgs2_2013-12-13,64
official_macro_dgs2_2013-12-16,64
official_macro_dgs2_2013-12-17,64
official_macro_dgs2_2013-12-18,64
official_macro_dgs2_2013-12-19,64
official_macro_dgs2_2013-12-20,64
official_macro_dgs2_2013-12-23,64
official_macro_dgs2_2013-12-24,64
official_macro_dgs2_2013-12-26,64
official_macro_dgs2_2013-12-27,64
official_macro_dgs2_2013-12-30,64
official_macro_dgs2_2013-12-31,64
official_macro_dgs2_2014-01-02,64
official_macro_dgs2_2014-01-03,64
official_macro_dgs2_2014-01-06,64
official_macro_dgs2_2014-01-07,64
official_macro_dgs2_2014-01-08,64
official_macro_dgs2_2014-01-09,64
official_macro_dgs2_2014-01-10,64
official_macro_dgs2_2014-01-13,64
official_macro_dgs2_2014-01-14,64
official_macro_dgs2_2014-01-15,64
official_macro_dgs2_2014-01-16,64
official_macro_dgs2_2014-01-17,64
official_macro_dgs2_2014-01-21,64
official_macro_dgs2_2014-01-22,64
official_macro_dgs2_2014-01-23,64
official_macro_dgs2_2014-01-24,64
official_macro_dgs2_2014-01-27,64
official_macro_dgs2_2014-01-28,64
official_macro_dgs2_2014-01-29,64
official_macro_dgs2_2014-01-30,64
official_macro_dgs2_2014-01-31,64
official_macro_dgs2_2014-02-03,64
official_macro_dgs2_2014-02-04,64
official_macro_dgs2_2014-02-05,64
official_macro_dgs2_2014-02-06,64
official_macro_dgs2_2014-02-07,64
official_macro_dgs2_2014-02-10,64
official_macro_dgs2_2014-02-11,64
official_macro_dgs2_2014-02-12,64
official_macro_dgs2_2014-02-13,64
official_macro_dgs2_2014-02-14,64
official_macro_dgs2_2014-02-18,64
official_macro_dgs2_2014-02-19,64
official_macro_dgs2_2014-02-20,64
official_macro_dgs2_2014-02-21,64
official_macro_dgs2_2014-02-24,64
official_macro_dgs2_2014-02-25,64
official_macro_dgs2_2014-02-26,64
official_macro_dgs2_2014-02-27,64
official_macro_dgs2_2014-02-28,64
official_macro_dgs2_2014-03-03,64
official_macro_dgs2_2014-03-04,64
official_macro_dgs2_2014-03-05,64
official_macro_dgs2_2014-03-06,64
official_macro_dgs2_2014-03-07,64
official_macro_dgs2_2014-03-10,64
official_macro_dgs2_2014-03-11,64
official_macro_dgs2_2014-03-12,64
official_macro_dgs2_2014-03-13,64
official_macro_dgs2_2014-03-14,64
official_macro_dgs2_2014-03-17,64
official_macro_dgs2_2014-03-18,64
official_macro_dgs2_2014-03-19,64
official_macro_dgs2_2014-03-20,64
official_macro_dgs2_2014-03-21,64
official_macro_dgs2_2014-03-24,64
official_macro_dgs2_2014-03-25,64
official_macro_dgs2_2014-03-26,64
official_macro_dgs2_2014-03-27,64
official_macro_dgs2_2014-03-28,64
official_macro_dgs2_2014-03-31,64
official_macro_dgs2_2014-04-01,64
official_macro_dgs2_2014-04-02,64
official_macro_dgs2_2014-04-03,64
official_macro_dgs2_2014-04-04,64
official_macro_dgs2_2014-04-07,64
official_macro_dgs2_2014-04-08,64
official_macro_dgs2_2014-04-09,64
official_macro_dgs2_2014-04-10,64
official_macro_dgs2_2014-04-11,64
official_macro_dgs2_2014-04-14,64
official_macro_dgs2_2014-04-15,64
official_macro_dgs2_2014-04-16,64
official_macro_dgs2_2014-04-17,64
official_macro_dgs2_2014-04-21,64
official_macro_dgs2_2014-04-22,64
official_macro_dgs2_2014-04-23,64
official_macro_dgs2_2014-04-24,64
official_macro_dgs2_2014-04-25,64
official_macro_dgs2_2014-04-28,64
official_macro_dgs2_2014-04-29,64
official_macro_dgs2_2014-04-30,64
official_macro_dgs2_2014-05-01,64
official_macro_dgs2_2014-05-02,64
official_macro_dgs2_2014-05-05,64
official_macro_dgs2_2014-05-06,64
official_macro_dgs2_2014-05-07,64
official_macro_dgs2_2014-05-08,64
official_macro_dgs2_2014-05-09,64
official_macro_dgs2_2014-05-12,64
official_macro_dgs2_2014-05-13,64
official_macro_dgs2_2014-05-14,64
official_macro_dgs2_2014-05-15,64
official_macro_dgs2_2014-05-16,64
official_macro_dgs2_2014-05-19,64
official_macro_dgs2_2014-05-20,64
official_macro_dgs2_2014-05-21,64
official_macro_dgs2_2014-05-22,64
official_macro_dgs2_2014-05-23,64
official_macro_dgs2_2014-05-27,64
official_macro_dgs2_2014-05-28,64
official_macro_dgs2_2014-05-29,64
official_macro_dgs2_2014-05-30,64
official_macro_dgs2_2014-06-02,64
official_macro_dgs2_2014-06-03,64
official_macro_dgs2_2014-06-04,64
official_macro_dgs2_2014-06-05,64
official_macro_dgs2_2014-06-06,64
official_macro_dgs2_2014-06-09,64
official_macro_dgs2_2014-06-10,64
official_macro_dgs2_2014-06-11,64
official_macro_dgs2_2014-06-12,64
official_macro_dgs2_2014-06-13,64
official_macro_dgs2_2014-06-16,64
official_macro_dgs2_2014-06-17,64
official_macro_dgs2_2014-06-18,64
official_macro_dgs2_2014-06-19,64
official_macro_dgs2_2014-06-20,64
official_macro_dgs2_2014-06-23,64
official_macro_dgs2_2014-06-24,64
official_macro_dgs2_2014-06-25,64
official_macro_dgs2_2014-06-26,64
official_macro_dgs2_2014-06-27,64
official_macro_dgs2_2014-06-30,64
official_macro_dgs2_2014-07-01,64
official_macro_dgs2_2014-07-02,64
official_macro_dgs2_2014-07-03,64
official_macro_dgs2_2014-07-07,64
official_macro_dgs2_2014-07-08,64
official_macro_dgs2_2014-07-09,64
official_macro_dgs2_2014-07-10,64
official_macro_dgs2_2014-07-11,64
official_macro_dgs2_2014-07-14,64
official_macro_dgs2_2014-07-15,64
official_macro_dgs2_2014-07-16,64
official_macro_dgs2_2014-07-17,64
official_macro_dgs2_2014-07-18,64
official_macro_dgs2_2014-07-21,64
official_macro_dgs2_2014-07-22,64
official_macro_dgs2_2014-07-23,64
official_macro_dgs2_2014-07-24,64
official_macro_dgs2_2014-07-25,64
official_macro_dgs2_2014-07-28,64
official_macro_dgs2_2014-07-29,64
official_macro_dgs2_2014-07-30,64
official_macro_dgs2_2014-07-31,64
official_macro_dgs2_2014-08-01,64
official_macro_dgs2_2014-08-04,64
official_macro_dgs2_2014-08-05,64
official_macro_dgs2_2014-08-06,64
official_macro_dgs2_2014-08-07,64
official_macro_dgs2_2014-08-08,64
official_macro_dgs2_2014-08-11,64
official_macro_dgs2_2014-08-12,64
official_macro_dgs2_2014-08-13,64
official_macro_dgs2_2014-08-14,64
official_macro_dgs2_2014-08-15,64
official_macro_dgs2_2014-08-18,64
official_macro_dgs2_2014-08-19,64
official_macro_dgs2_2014-08-20,64
official_macro_dgs2_2014-08-21,64
official_macro_dgs2_2014-08-22,64
official_macro_dgs2_2014-08-25,64
official_macro_dgs2_2014-08-26,64
official_macro_dgs2_2014-08-27,64
official_macro_dgs2_2014-08-28,64
official_macro_dgs2_2014-08-29,64
official_macro_dgs2_2014-09-02,64
official_macro_dgs2_2014-09-03,64
official_macro_dgs2_2014-09-04,64
official_macro_dgs2_2014-09-05,64
official_macro_dgs2_2014-09-08,64
official_macro_dgs2_2014-09-09,64
official_macro_dgs2_2014-09-10,64
official_macro_dgs2_2014-09-11,64
official_macro_dgs2_2014-09-12,64
official_macro_dgs2_2014-09-15,64
official_macro_dgs2_2014-09-16,64
official_macro_dgs2_2014-09-17,64
official_macro_dgs2_2014-09-18,64
official_macro_dgs2_2014-09-19,64
official_macro_dgs2_2014-09-22,64
official_macro_dgs2_2014-09-23,64
official_macro_dgs2_2014-09-24,64
official_macro_dgs2_2014-09-25,64
official_macro_dgs2_2014-09-26,64
official_macro_dgs2_2014-09-29,64
official_macro_dgs2_2014-09-30,64
official_macro_dgs2_2014-10-01,64
official_macro_dgs2_2014-10-02,64
official_macro_dgs2_2014-10-03,64
official_macro_dgs2_2014-10-06,64
official_macro_dgs2_2014-10-07,64
official_macro_dgs2_2014-10-08,64
official_macro_dgs2_2014-10-09,64
official_macro_dgs2_2014-10-10,64
official_macro_dgs2_2014-10-14,64
official_macro_dgs2_2014-10-15,64
official_macro_dgs2_2014-10-16,64
official_macro_dgs2_2014-10-17,64
official_macro_dgs2_2014-10-20,64
official_macro_dgs2_2014-10-21,64
official_macro_dgs2_2014-10-22,64
official_macro_dgs2_2014-10-23,64
official_macro_dgs2_2014-10-24,64
official_macro_dgs2_2014-10-27,64
official_macro_dgs2_2014-10-28,64
official_macro_dgs2_2014-10-29,64
official_macro_dgs2_2014-10-30,64
official_macro_dgs2_2014-10-31,64
official_macro_dgs2_2014-11-03,64
official_macro_dgs2_2014-11-04,64
official_macro_dgs2_2014-11-05,64
official_macro_dgs2_2014-11-06,64
official_macro_dgs2_2014-11-07,64
official_macro_dgs2_2014-11-10,64
official_macro_dgs2_2014-11-12,64
official_macro_dgs2_2014-11-13,64
official_macro_dgs2_2014-11-14,64
official_macro_dgs2_2014-11-17,64
official_macro_dgs2_2014-11-18,64
official_macro_dgs2_2014-11-19,64
official_macro_dgs2_2014-11-20,64
official_macro_dgs2_2014-11-21,64
official_macro_dgs2_2014-11-24,64
official_macro_dgs2_2014-11-25,64
official_macro_dgs2_2014-11-26,64
official_macro_dgs2_2014-11-28,64
official_macro_dgs2_2014-12-01,64
official_macro_dgs2_2014-12-02,64
official_macro_dgs2_2014-12-03,64
official_macro_dgs2_2014-12-04,64
official_macro_dgs2_2014-12-05,64
official_macro_dgs2_2014-12-08,64
official_macro_dgs2_2014-12-09,64
official_macro_dgs2_2014-12-10,64
official_macro_dgs2_2014-12-11,64
official_macro_dgs2_2014-12-12,64
official_macro_dgs2_2014-12-15,64
official_macro_dgs2_2014-12-16,64
official_macro_dgs2_2014-12-17,64
official_macro_dgs2_2014-12-18,64
official_macro_dgs2_2014-12-19,64
official_macro_dgs2_2014-12-22,64
official_macro_dgs2_2014-12-23,64
official_macro_dgs2_2014-12-24,64
official_macro_dgs2_2014-12-26,64
official_macro_dgs2_2014-12-29,64
official_macro_dgs2_2014-12-30,64
official_macro_dgs2_2014-12-31,64
official_macro_dgs2_2015-01-02,64
official_macro_dgs2_2015-01-05,64
official_macro_dgs2_2015-01-06,64
official_macro_dgs2_2015-01-07,64
official_macro_dgs2_2015-01-08,64
official_macro_dgs2_2015-01-09,64
official_macro_dgs2_2015-01-12,64
official_macro_dgs2_2015-01-13,64
official_macro_dgs2_2015-01-14,64
official_macro_dgs2_2015-01-15,64
official_macro_dgs2_2015-01-16,64
official_macro_dgs2_2015-01-20,64
official_macro_dgs2_2015-01-21,64
official_macro_dgs2_2015-01-22,64
official_macro_dgs2_2015-01-23,64
official_macro_dgs2_2015-01-26,64
official_macro_dgs2_2015-01-27,64
official_macro_dgs2_2015-01-28,64
official_macro_dgs2_2015-01-29,64
official_macro_dgs2_2015-01-30,64
official_macro_dgs2_2015-02-02,64
official_macro_dgs2_2015-02-03,64
official_macro_dgs2_2015-02-04,64
official_macro_dgs2_2015-02-05,64
official_macro_dgs2_2015-02-06,64
official_macro_dgs2_2015-02-09,64
official_macro_dgs2_2015-02-10,64
official_macro_dgs2_2015-02-11,64
official_macro_dgs2_2015-02-12,64
official_macro_dgs2_2015-02-13,64
official_macro_dgs2_2015-02-17,64
official_macro_dgs2_2015-02-18,64
official_macro_dgs2_2015-02-19,64
official_macro_dgs2_2015-02-20,64
official_macro_dgs2_2015-02-23,64
official_macro_dgs2_2015-02-24,64
official_macro_dgs2_2015-02-25,64
official_macro_dgs2_2015-02-26,64
official_macro_dgs2_2015-02-27,64
official_macro_dgs2_2015-03-02,64
official_macro_dgs2_2015-03-03,64
official_macro_dgs2_2015-03-04,64
official_macro_dgs2_2015-03-05,64
official_macro_dgs2_2015-03-06,64
official_macro_dgs2_2015-03-09,64
official_macro_dgs2_2015-03-10,64
official_macro_dgs2_2015-03-11,64
official_macro_dgs2_2015-03-12,64
official_macro_dgs2_2015-03-13,64
official_macro_dgs2_2015-03-16,64
official_macro_dgs2_2015-03-17,64
official_macro_dgs2_2015-03-18,64
official_macro_dgs2_2015-03-19,64
official_macro_dgs2_2015-03-20,64
official_macro_dgs2_2015-03-23,64
official_macro_dgs2_2015-03-24,64
official_macro_dgs2_2015-03-25,64
official_macro_dgs2_2015-03-26,64
official_macro_dgs2_2015-03-27,64
official_macro_dgs2_2015-03-30,64
official_macro_dgs2_2015-03-31,64
official_macro_dgs2_2015-04-01,64
official_macro_dgs2_2015-04-02,64
official_macro_dgs2_2015-04-03,64
official_macro_dgs2_2015-04-06,64
official_macro_dgs2_2015-04-07,64
official_macro_dgs2_2015-04-08,64
official_macro_dgs2_2015-04-09,64
official_macro_dgs2_2015-04-10,64
official_macro_dgs2_2015-04-13,64
official_macro_dgs2_2015-04-14,64
official_macro_dgs2_2015-04-15,64
official_macro_dgs2_2015-04-16,64
official_macro_dgs2_2015-04-17,64
official_macro_dgs2_2015-04-20,64
official_macro_dgs2_2015-04-21,64
official_macro_dgs2_2015-04-22,64
official_macro_dgs2_2015-04-23,64
official_macro_dgs2_2015-04-24,64
official_macro_dgs2_2015-04-27,64
official_macro_dgs2_2015-04-28,64
official_macro_dgs2_2015-04-29,64
official_macro_dgs2_2015-04-30,64
official_macro_dgs2_2015-05-01,64
official_macro_dgs2_2015-05-04,64
official_macro_dgs2_2015-05-05,64
official_macro_dgs2_2015-05-06,64
official_macro_dgs2_2015-05-07,64
official_macro_dgs2_2015-05-08,64
official_macro_dgs2_2015-05-11,64
official_macro_dgs2_2015-05-12,64
official_macro_dgs2_2015-05-13,64
official_macro_dgs2_2015-05-14,64
official_macro_dgs2_2015-05-15,64
official_macro_dgs2_2015-05-18,64
official_macro_dgs2_2015-05-19,64
official_macro_dgs2_2015-05-20,64
official_macro_dgs2_2015-05-21,64
official_macro_dgs2_2015-05-22,64
official_macro_dgs2_2015-05-26,64
official_macro_dgs2_2015-05-27,64
official_macro_dgs2_2015-05-28,64
official_macro_dgs2_2015-05-29,64
official_macro_dgs2_2015-06-01,64
official_macro_dgs2_2015-06-02,64
official_macro_dgs2_2015-06-03,64
official_macro_dgs2_2015-06-04,64
official_macro_dgs2_2015-06-05,64
official_macro_dgs2_2015-06-08,64
official_macro_dgs2_2015-06-09,64
official_macro_dgs2_2015-06-10,64
official_macro_dgs2_2015-06-11,64
official_macro_dgs2_2015-06-12,64
official_macro_dgs2_2015-06-15,64
official_macro_dgs2_2015-06-16,64
official_macro_dgs2_2015-06-17,64
official_macro_dgs2_2015-06-18,64
official_macro_dgs2_2015-06-19,64
official_macro_dgs2_2015-06-22,64
official_macro_dgs2_2015-06-23,64
official_macro_dgs2_2015-06-24,64
official_macro_dgs2_2015-06-25,64
official_macro_dgs2_2015-06-26,64
official_macro_dgs2_2015-06-29,64
official_macro_dgs2_2015-06-30,64
official_macro_dgs2_2015-07-01,64
official_macro_dgs2_2015-07-02,64
official_macro_dgs2_2015-07-06,64
official_macro_dgs2_2015-07-07,64
official_macro_dgs2_2015-07-08,64
official_macro_dgs2_2015-07-09,64
official_macro_dgs2_2015-07-10,64
official_macro_dgs2_2015-07-13,64
official_macro_dgs2_2015-07-14,64
official_macro_dgs2_2015-07-15,64
official_macro_dgs2_2015-07-16,64
official_macro_dgs2_2015-07-17,64
official_macro_dgs2_2015-07-20,64
official_macro_dgs2_2015-07-21,64
official_macro_dgs2_2015-07-22,64
official_macro_dgs2_2015-07-23,64
official_macro_dgs2_2015-07-24,64
official_macro_dgs2_2015-07-27,64
official_macro_dgs2_2015-07-28,64
official_macro_dgs2_2015-07-29,64
official_macro_dgs2_2015-07-30,64
official_macro_dgs2_2015-07-31,64
official_macro_dgs2_2015-08-03,64
official_macro_dgs2_2015-08-04,64
official_macro_dgs2_2015-08-05,64
official_macro_dgs2_2015-08-06,64
official_macro_dgs2_2015-08-07,64
official_macro_dgs2_2015-08-10,64
official_macro_dgs2_2015-08-11,64
official_macro_dgs2_2015-08-12,64
official_macro_dgs2_2015-08-13,64
official_macro_dgs2_2015-08-14,64
official_macro_dgs2_2015-08-17,64
official_macro_dgs2_2015-08-18,64
official_macro_dgs2_2015-08-19,64
official_macro_dgs2_2015-08-20,64
official_macro_dgs2_2015-08-21,64
official_macro_dgs2_2015-08-24,64
official_macro_dgs2_2015-08-25,64
official_macro_dgs2_2015-08-26,64
official_macro_dgs2_2015-08-27,64
official_macro_dgs2_2015-08-28,64
official_macro_dgs2_2015-08-31,64
official_macro_dgs2_2015-09-01,64
official_macro_dgs2_2015-09-02,64
official_macro_dgs2_2015-09-03,64
official_macro_dgs2_2015-09-04,64
official_macro_dgs2_2015-09-08,64
official_macro_dgs2_2015-09-09,64
official_macro_dgs2_2015-09-10,64
official_macro_dgs2_2015-09-11,64
official_macro_dgs2_2015-09-14,64
official_macro_dgs2_2015-09-15,64
official_macro_dgs2_2015-09-16,64
official_macro_dgs2_2015-09-17,64
official_macro_dgs2_2015-09-18,64
official_macro_dgs2_2015-09-21,64
official_macro_dgs2_2015-09-22,64
official_macro_dgs2_2015-09-23,64
official_macro_dgs2_2015-09-24,64
official_macro_dgs2_2015-09-25,64
official_macro_dgs2_2015-09-28,64
official_macro_dgs2_2015-09-29,64
official_macro_dgs2_2015-09-30,64
official_macro_dgs2_2015-10-01,64
official_macro_dgs2_2015-10-02,64
official_macro_dgs2_2015-10-05,64
official_macro_dgs2_2015-10-06,64
official_macro_dgs2_2015-10-07,64
official_macro_dgs2_2015-10-08,64
official_macro_dgs2_2015-10-09,64
official_macro_dgs2_2015-10-13,64
official_macro_dgs2_2015-10-14,64
official_macro_dgs2_2015-10-15,64
official_macro_dgs2_2015-10-16,64
official_macro_dgs2_2015-10-19,64
official_macro_dgs2_2015-10-20,64
official_macro_dgs2_2015-10-21,64
official_macro_dgs2_2015-10-22,64
official_macro_dgs2_2015-10-23,64
official_macro_dgs2_2015-10-26,64
official_macro_dgs2_2015-10-27,64
official_macro_dgs2_2015-10-28,64
official_macro_dgs2_2015-10-29,64
official_macro_dgs2_2015-10-30,64
official_macro_dgs2_2015-11-02,64
official_macro_dgs2_2015-11-03,64
official_macro_dgs2_2015-11-04,64
official_macro_dgs2_2015-11-05,64
official_macro_dgs2_2015-11-06,64
official_macro_dgs2_2015-11-09,64
official_macro_dgs2_2015-11-10,64
official_macro_dgs2_2015-11-12,64
official_macro_dgs2_2015-11-13,64
official_macro_dgs2_2015-11-16,64
official_macro_dgs2_2015-11-17,64
official_macro_dgs2_2015-11-18,64
official_macro_dgs2_2015-11-19,64
official_macro_dgs2_2015-11-20,64
official_macro_dgs2_2015-11-23,64
official_macro_dgs2_2015-11-24,64
official_macro_dgs2_2015-11-25,64
official_macro_dgs2_2015-11-27,64
official_macro_dgs2_2015-11-30,64
official_macro_dgs2_2015-12-01,64
official_macro_dgs2_2015-12-02,64
official_macro_dgs2_2015-12-03,64
official_macro_dgs2_2015-12-04,64
official_macro_dgs2_2015-12-07,64
official_macro_dgs2_2015-12-08,64
official_macro_dgs2_2015-12-09,64
official_macro_dgs2_2015-12-10,64
official_macro_dgs2_2015-12-11,64
official_macro_dgs2_2015-12-14,64
official_macro_dgs2_2015-12-15,64
official_macro_dgs2_2015-12-16,64
official_macro_dgs2_2015-12-17,64
official_macro_dgs2_2015-12-18,64
official_macro_dgs2_2015-12-21,64
official_macro_dgs2_2015-12-22,64
official_macro_dgs2_2015-12-23,64
official_macro_dgs2_2015-12-24,64
official_macro_dgs2_2015-12-28,64
official_macro_dgs2_2015-12-29,64
official_macro_dgs2_2015-12-30,64
official_macro_dgs2_2015-12-31,64
official_macro_dgs2_2016-01-04,64
official_macro_dgs2_2016-01-05,64
official_macro_dgs2_2016-01-06,64
official_macro_dgs2_2016-01-07,64
official_macro_dgs2_2016-01-08,64
official_macro_dgs2_2016-01-11,64
official_macro_dgs2_2016-01-12,64
official_macro_dgs2_2016-01-13,64
official_macro_dgs2_2016-01-14,64
official_macro_dgs2_2016-01-15,64
official_macro_dgs2_2016-01-19,64
official_macro_dgs2_2016-01-20,64
official_macro_dgs2_2016-01-21,64
official_macro_dgs2_2016-01-22,64
official_macro_dgs2_2016-01-25,64
official_macro_dgs2_2016-01-26,64
official_macro_dgs2_2016-01-27,64
official_macro_dgs2_2016-01-28,64
official_macro_dgs2_2016-01-29,64
official_macro_dgs2_2016-02-01,64
official_macro_dgs2_2016-02-02,64
official_macro_dgs2_2016-02-03,64
official_macro_dgs2_2016-02-04,64
official_macro_dgs2_2016-02-05,64
official_macro_dgs2_2016-02-08,64
official_macro_dgs2_2016-02-09,64
official_macro_dgs2_2016-02-10,64
official_macro_dgs2_2016-02-11,64
official_macro_dgs2_2016-02-12,64
official_macro_dgs2_2016-02-16,64
official_macro_dgs2_2016-02-17,64
official_macro_dgs2_2016-02-18,64
official_macro_dgs2_2016-02-19,64
official_macro_dgs2_2016-02-22,64
official_macro_dgs2_2016-02-23,64
official_macro_dgs2_2016-02-24,64
official_macro_dgs2_2016-02-25,64
official_macro_dgs2_2016-02-26,64
official_macro_dgs2_2016-02-29,64
official_macro_dgs2_2016-03-01,64
official_macro_dgs2_2016-03-02,64
official_macro_dgs2_2016-03-03,64
official_macro_dgs2_2016-03-04,64
official_macro_dgs2_2016-03-07,64
official_macro_dgs2_2016-03-08,64
official_macro_dgs2_2016-03-09,64
official_macro_dgs2_2016-03-10,64
official_macro_dgs2_2016-03-11,64
official_macro_dgs2_2016-03-14,64
official_macro_dgs2_2016-03-15,64
official_macro_dgs2_2016-03-16,64
official_macro_dgs2_2016-03-17,64
official_macro_dgs2_2016-03-18,64
official_macro_dgs2_2016-03-21,64
official_macro_dgs2_2016-03-22,64
official_macro_dgs2_2016-03-23,64
official_macro_dgs2_2016-03-24,64
official_macro_dgs2_2016-03-28,64
official_macro_dgs2_2016-03-29,64
official_macro_dgs2_2016-03-30,64
official_macro_dgs2_2016-03-31,64
official_macro_dgs2_2016-04-01,64
official_macro_dgs2_2016-04-04,64
official_macro_dgs2_2016-04-05,64
official_macro_dgs2_2016-04-06,64
official_macro_dgs2_2016-04-07,64
official_macro_dgs2_2016-04-08,64
official_macro_dgs2_2016-04-11,64
official_macro_dgs2_2016-04-12,64
official_macro_dgs2_2016-04-13,64
official_macro_dgs2_2016-04-14,64
official_macro_dgs2_2016-04-15,64
official_macro_dgs2_2016-04-18,64
official_macro_dgs2_2016-04-19,64
official_macro_dgs2_2016-04-20,64
official_macro_dgs2_2016-04-21,64
official_macro_dgs2_2016-04-22,64
official_macro_dgs2_2016-04-25,64
official_macro_dgs2_2016-04-26,64
official_macro_dgs2_2016-04-27,64
official_macro_dgs2_2016-04-28,64
official_macro_dgs2_2016-04-29,64
official_macro_dgs2_2016-05-02,64
official_macro_dgs2_2016-05-03,64
official_macro_dgs2_2016-05-04,64
official_macro_dgs2_2016-05-05,64
official_macro_dgs2_2016-05-06,64
official_macro_dgs2_2016-05-09,64
official_macro_dgs2_2016-05-10,64
official_macro_dgs2_2016-05-11,64
official_macro_dgs2_2016-05-12,64
official_macro_dgs2_2016-05-13,64
official_macro_dgs2_2016-05-16,64
official_macro_dgs2_2016-05-17,64
official_macro_dgs2_2016-05-18,64
official_macro_dgs2_2016-05-19,64
official_macro_dgs2_2016-05-20,64
official_macro_dgs2_2016-05-23,64
official_macro_dgs2_2016-05-24,64
official_macro_dgs2_2016-05-25,64
official_macro_dgs2_2016-05-26,64
official_macro_dgs2_2016-05-27,64
official_macro_dgs2_2016-05-31,64
official_macro_dgs2_2016-06-01,64
official_macro_dgs2_2016-06-02,64
official_macro_dgs2_2016-06-03,64
official_macro_dgs2_2016-06-06,64
official_macro_dgs2_2016-06-07,64
official_macro_dgs2_2016-06-08,64
official_macro_dgs2_2016-06-09,64
official_macro_dgs2_2016-06-10,64
official_macro_dgs2_2016-06-13,64
official_macro_dgs2_2016-06-14,64
official_macro_dgs2_2016-06-15,64
official_macro_dgs2_2016-06-16,64
official_macro_dgs2_2016-06-17,64
official_macro_dgs2_2016-06-20,64
official_macro_dgs2_2016-06-21,64
official_macro_dgs2_2016-06-22,64
official_macro_dgs2_2016-06-23,64
official_macro_dgs2_2016-06-24,64
official_macro_dgs2_2016-06-27,64
official_macro_dgs2_2016-06-28,64
official_macro_dgs2_2016-06-29,64
official_macro_dgs2_2016-06-30,64
official_macro_dgs2_2016-07-01,64
official_macro_dgs2_2016-07-05,64
official_macro_dgs2_2016-07-06,64
official_macro_dgs2_2016-07-07,64
official_macro_dgs2_2016-07-08,64
official_macro_dgs2_2016-07-11,64
official_macro_dgs2_2016-07-12,64
official_macro_dgs2_2016-07-13,64
official_macro_dgs2_2016-07-14,64
official_macro_dgs2_2016-07-15,64
official_macro_dgs2_2016-07-18,64
official_macro_dgs2_2016-07-19,64
official_macro_dgs2_2016-07-20,64
official_macro_dgs2_2016-07-21,64
official_macro_dgs2_2016-07-22,64
official_macro_dgs2_2016-07-25,64
official_macro_dgs2_2016-07-26,64
official_macro_dgs2_2016-07-27,64
official_macro_dgs2_2016-07-28,64
official_macro_dgs2_2016-07-29,64
official_macro_dgs2_2016-08-01,64
official_macro_dgs2_2016-08-02,64
official_macro_dgs2_2016-08-03,64
official_macro_dgs2_2016-08-04,64
official_macro_dgs2_2016-08-05,64
official_macro_dgs2_2016-08-08,64
official_macro_dgs2_2016-08-09,64
official_macro_dgs2_2016-08-10,64
official_macro_dgs2_2016-08-11,64
official_macro_dgs2_2016-08-12,64
official_macro_dgs2_2016-08-15,64
official_macro_dgs2_2016-08-16,64
official_macro_dgs2_2016-08-17,64
official_macro_dgs2_2016-08-18,64
official_macro_dgs2_2016-08-19,64
official_macro_dgs2_2016-08-22,64
official_macro_dgs2_2016-08-23,64
official_macro_dgs2_2016-08-24,64
official_macro_dgs2_2016-08-25,64
official_macro_dgs2_2016-08-26,64
official_macro_dgs2_2016-08-29,64
official_macro_dgs2_2016-08-30,64
official_macro_dgs2_2016-08-31,64
official_macro_dgs2_2016-09-01,64
official_macro_dgs2_2016-09-02,64
official_macro_dgs2_2016-09-06,64
official_macro_dgs2_2016-09-07,64
official_macro_dgs2_2016-09-08,64
official_macro_dgs2_2016-09-09,64
official_macro_dgs2_2016-09-12,64
official_macro_dgs2_2016-09-13,64
official_macro_dgs2_2016-09-14,64
official_macro_dgs2_2016-09-15,64
official_macro_dgs2_2016-09-16,64
official_macro_dgs2_2016-09-19,64
official_macro_dgs2_2016-09-20,64
official_macro_dgs2_2016-09-21,64
official_macro_dgs2_2016-09-22,64
official_macro_dgs2_2016-09-23,64
official_macro_dgs2_2016-09-26,64
official_macro_dgs2_2016-09-27,64
official_macro_dgs2_2016-09-28,64
official_macro_dgs2_2016-09-29,64
official_macro_dgs2_2016-09-30,64
official_macro_dgs2_2016-10-03,64
official_macro_dgs2_2016-10-04,64
official_macro_dgs2_2016-10-05,64
official_macro_dgs2_2016-10-06,64
official_macro_dgs2_2016-10-07,64
official_macro_dgs2_2016-10-11,64
official_macro_dgs2_2016-10-12,64
official_macro_dgs2_2016-10-13,64
official_macro_dgs2_2016-10-14,64
official_macro_dgs2_2016-10-17,64
official_macro_dgs2_2016-10-18,64
official_macro_dgs2_2016-10-19,64
official_macro_dgs2_2016-10-20,64
official_macro_dgs2_2016-10-21,64
official_macro_dgs2_2016-10-24,64
official_macro_dgs2_2016-10-25,64
official_macro_dgs2_2016-10-26,64
official_macro_dgs2_2016-10-27,64
official_macro_dgs2_2016-10-28,64
official_macro_dgs2_2016-10-31,64
official_macro_dgs2_2016-11-01,64
official_macro_dgs2_2016-11-02,64
official_macro_dgs2_2016-11-03,64
official_macro_dgs2_2016-11-04,64
official_macro_dgs2_2016-11-07,64
official_macro_dgs2_2016-11-08,64
official_macro_dgs2_2016-11-09,64
official_macro_dgs2_2016-11-10,64
official_macro_dgs2_2016-11-14,64
official_macro_dgs2_2016-11-15,64
official_macro_dgs2_2016-11-16,64
official_macro_dgs2_2016-11-17,64
official_macro_dgs2_2016-11-18,64
official_macro_dgs2_2016-11-21,64
official_macro_dgs2_2016-11-22,64
official_macro_dgs2_2016-11-23,64
official_macro_dgs2_2016-11-25,64
official_macro_dgs2_2016-11-28,64
official_macro_dgs2_2016-11-29,64
official_macro_dgs2_2016-11-30,64
official_macro_dgs2_2016-12-01,64
official_macro_dgs2_2016-12-02,64
official_macro_dgs2_2016-12-05,64
official_macro_dgs2_2016-12-06,64
official_macro_dgs2_2016-12-07,64
official_macro_dgs2_2016-12-08,64
official_macro_dgs2_2016-12-09,64
official_macro_dgs2_2016-12-12,64
official_macro_dgs2_2016-12-13,64
official_macro_dgs2_2016-12-14,64
official_macro_dgs2_2016-12-15,64
official_macro_dgs2_2016-12-16,64
official_macro_dgs2_2016-12-19,64
official_macro_dgs2_2016-12-20,64
official_macro_dgs2_2016-12-21,64
official_macro_dgs2_2016-12-22,64
official_macro_dgs2_2016-12-23,64
official_macro_dgs2_2016-12-27,64
official_macro_dgs2_2016-12-28,64
official_macro_dgs2_2016-12-29,64
official_macro_dgs2_2016-12-30,64
official_macro_dgs2_2017-01-03,64
official_macro_dgs2_2017-01-04,64
official_macro_dgs2_2017-01-05,64
official_macro_dgs2_2017-01-06,64
official_macro_dgs2_2017-01-09,64
official_macro_dgs2_2017-01-10,64
official_macro_dgs2_2017-01-11,64
official_macro_dgs2_2017-01-12,64
official_macro_dgs2_2017-01-13,64
official_macro_dgs2_2017-01-17,64
official_macro_dgs2_2017-01-18,64
official_macro_dgs2_2017-01-19,64
official_macro_dgs2_2017-01-20,64
official_macro_dgs2_2017-01-23,64
official_macro_dgs2_2017-01-24,64
official_macro_dgs2_2017-01-25,64
official_macro_dgs2_2017-01-26,64
official_macro_dgs2_2017-01-27,64
official_macro_dgs2_2017-01-30,64
official_macro_dgs2_2017-01-31,64
official_macro_dgs2_2017-02-01,64
official_macro_dgs2_2017-02-02,64
official_macro_dgs2_2017-02-03,64
official_macro_dgs2_2017-02-06,64
official_macro_dgs2_2017-02-07,64
official_macro_dgs2_2017-02-08,64
official_macro_dgs2_2017-02-09,64
official_macro_dgs2_2017-02-10,64
official_macro_dgs2_2017-02-13,64
official_macro_dgs2_2017-02-14,64
official_macro_dgs2_2017-02-15,64
official_macro_dgs2_2017-02-16,64
official_macro_dgs2_2017-02-17,64
official_macro_dgs2_2017-02-21,64
official_macro_dgs2_2017-02-22,64
official_macro_dgs2_2017-02-23,64
official_macro_dgs2_2017-02-24,64
official_macro_dgs2_2017-02-27,64
official_macro_dgs2_2017-02-28,64
official_macro_dgs2_2017-03-01,64
official_macro_dgs2_2017-03-02,64
official_macro_dgs2_2017-03-03,64
official_macro_dgs2_2017-03-06,64
official_macro_dgs2_2017-03-07,64
official_macro_dgs2_2017-03-08,64
official_macro_dgs2_2017-03-09,64
official_macro_dgs2_2017-03-10,64
official_macro_dgs2_2017-03-13,64
official_macro_dgs2_2017-03-14,64
official_macro_dgs2_2017-03-15,64
official_macro_dgs2_2017-03-16,64
official_macro_dgs2_2017-03-17,64
official_macro_dgs2_2017-03-20,64
official_macro_dgs2_2017-03-21,64
official_macro_dgs2_2017-03-22,64
official_macro_dgs2_2017-03-23,64
official_macro_dgs2_2017-03-24,64
official_macro_dgs2_2017-03-27,64
official_macro_dgs2_2017-03-28,64
official_macro_dgs2_2017-03-29,64
official_macro_dgs2_2017-03-30,64
official_macro_dgs2_2017-03-31,64
official_macro_dgs2_2017-04-03,64
official_macro_dgs2_2017-04-04,64
official_macro_dgs2_2017-04-05,64
official_macro_dgs2_2017-04-06,64
official_macro_dgs2_2017-04-07,64
official_macro_dgs2_2017-04-10,64
official_macro_dgs2_2017-04-11,64
official_macro_dgs2_2017-04-12,64
official_macro_dgs2_2017-04-13,64
official_macro_dgs2_2017-04-17,64
official_macro_dgs2_2017-04-18,64
official_macro_dgs2_2017-04-19,64
official_macro_dgs2_2017-04-20,64
official_macro_dgs2_2017-04-21,64
official_macro_dgs2_2017-04-24,64
official_macro_dgs2_2017-04-25,64
official_macro_dgs2_2017-04-26,64
official_macro_dgs2_2017-04-27,64
official_macro_dgs2_2017-04-28,64
official_macro_dgs2_2017-05-01,64
official_macro_dgs2_2017-05-02,64
official_macro_dgs2_2017-05-03,64
official_macro_dgs2_2017-05-04,64
official_macro_dgs2_2017-05-05,64
official_macro_dgs2_2017-05-08,64
official_macro_dgs2_2017-05-09,64
official_macro_dgs2_2017-05-10,64
official_macro_dgs2_2017-05-11,64
official_macro_dgs2_2017-05-12,64
official_macro_dgs2_2017-05-15,64
official_macro_dgs2_2017-05-16,64
official_macro_dgs2_2017-05-17,64
official_macro_dgs2_2017-05-18,64
official_macro_dgs2_2017-05-19,64
official_macro_dgs2_2017-05-22,64
official_macro_dgs2_2017-05-23,64
official_macro_dgs2_2017-05-24,64
official_macro_dgs2_2017-05-25,64
official_macro_dgs2_2017-05-26,64
official_macro_dgs2_2017-05-30,64
official_macro_dgs2_2017-05-31,64
official_macro_dgs2_2017-06-01,64
official_macro_dgs2_2017-06-02,64
official_macro_dgs2_2017-06-05,64
official_macro_dgs2_2017-06-06,64
official_macro_dgs2_2017-06-07,64
official_macro_dgs2_2017-06-08,64
official_macro_dgs2_2017-06-09,64
official_macro_dgs2_2017-06-12,64
official_macro_dgs2_2017-06-13,64
official_macro_dgs2_2017-06-14,64
official_macro_dgs2_2017-06-15,64
official_macro_dgs2_2017-06-16,64
official_macro_dgs2_2017-06-19,64
official_macro_dgs2_2017-06-20,64
official_macro_dgs2_2017-06-21,64
official_macro_dgs2_2017-06-22,64
official_macro_dgs2_2017-06-23,64
official_macro_dgs2_2017-06-26,64
official_macro_dgs2_2017-06-27,64
official_macro_dgs2_2017-06-28,64
official_macro_dgs2_2017-06-29,64
official_macro_dgs2_2017-06-30,64
official_macro_dgs2_2017-07-03,64
official_macro_dgs2_2017-07-05,64
official_macro_dgs2_2017-07-06,64
official_macro_dgs2_2017-07-07,64
official_macro_dgs2_2017-07-10,64
official_macro_dgs2_2017-07-11,64
official_macro_dgs2_2017-07-12,64
official_macro_dgs2_2017-07-13,64
official_macro_dgs2_2017-07-14,64
official_macro_dgs2_2017-07-17,64
official_macro_dgs2_2017-07-18,64
official_macro_dgs2_2017-07-19,64
official_macro_dgs2_2017-07-20,64
official_macro_dgs2_2017-07-21,64
official_macro_dgs2_2017-07-24,64
official_macro_dgs2_2017-07-25,64
official_macro_dgs2_2017-07-26,64
official_macro_dgs2_2017-07-27,64
official_macro_dgs2_2017-07-28,64
official_macro_dgs2_2017-07-31,64
official_macro_dgs2_2017-08-01,64
official_macro_dgs2_2017-08-02,64
official_macro_dgs2_2017-08-03,64
official_macro_dgs2_2017-08-04,64
official_macro_dgs2_2017-08-07,64
official_macro_dgs2_2017-08-08,64
official_macro_dgs2_2017-08-09,64
official_macro_dgs2_2017-08-10,64
official_macro_dgs2_2017-08-11,64
official_macro_dgs2_2017-08-14,64
official_macro_dgs2_2017-08-15,64
official_macro_dgs2_2017-08-16,64
official_macro_dgs2_2017-08-17,64
official_macro_dgs2_2017-08-18,64
official_macro_dgs2_2017-08-21,64
official_macro_dgs2_2017-08-22,64
official_macro_dgs2_2017-08-23,64
official_macro_dgs2_2017-08-24,64
official_macro_dgs2_2017-08-25,64
official_macro_dgs2_2017-08-28,64
official_macro_dgs2_2017-08-29,64
official_macro_dgs2_2017-08-30,64
official_macro_dgs2_2017-08-31,64
official_macro_dgs2_2017-09-01,64
official_macro_dgs2_2017-09-05,64
official_macro_dgs2_2017-09-06,64
official_macro_dgs2_2017-09-07,64
official_macro_dgs2_2017-09-08,64
official_macro_dgs2_2017-09-11,64
official_macro_dgs2_2017-09-12,64
official_macro_dgs2_2017-09-13,64
official_macro_dgs2_2017-09-14,64
official_macro_dgs2_2017-09-15,64
official_macro_dgs2_2017-09-18,64
official_macro_dgs2_2017-09-19,64
official_macro_dgs2_2017-09-20,64
official_macro_dgs2_2017-09-21,64
official_macro_dgs2_2017-09-22,64
official_macro_dgs2_2017-09-25,64
official_macro_dgs2_2017-09-26,64
official_macro_dgs2_2017-09-27,64
official_macro_dgs2_2017-09-28,64
official_macro_dgs2_2017-09-29,64
official_macro_dgs2_2017-10-02,64
official_macro_dgs2_2017-10-03,64
official_macro_dgs2_2017-10-04,64
official_macro_dgs2_2017-10-05,64
official_macro_dgs2_2017-10-06,64
official_macro_dgs2_2017-10-10,64
official_macro_dgs2_2017-10-11,64
official_macro_dgs2_2017-10-12,64
official_macro_dgs2_2017-10-13,64
official_macro_dgs2_2017-10-16,64
official_macro_dgs2_2017-10-17,64
official_macro_dgs2_2017-10-18,64
official_macro_dgs2_2017-10-19,64
official_macro_dgs2_2017-10-20,64
official_macro_dgs2_2017-10-23,64
official_macro_dgs2_2017-10-24,64
official_macro_dgs2_2017-10-25,64
official_macro_dgs2_2017-10-26,64
official_macro_dgs2_2017-10-27,64
official_macro_dgs2_2017-10-30,64
official_macro_dgs2_2017-10-31,64
official_macro_dgs2_2017-11-01,64
official_macro_dgs2_2017-11-02,64
official_macro_dgs2_2017-11-03,64
official_macro_dgs2_2017-11-06,64
official_macro_dgs2_2017-11-07,64
official_macro_dgs2_2017-11-08,64
official_macro_dgs2_2017-11-09,64
official_macro_dgs2_2017-11-10,64
official_macro_dgs2_2017-11-13,64
official_macro_dgs2_2017-11-14,64
official_macro_dgs2_2017-11-15,64
official_macro_dgs2_2017-11-16,64
official_macro_dgs2_2017-11-17,64
official_macro_dgs2_2017-11-20,64
official_macro_dgs2_2017-11-21,64
official_macro_dgs2_2017-11-22,64
official_macro_dgs2_2017-11-24,64
official_macro_dgs2_2017-11-27,64
official_macro_dgs2_2017-11-28,64
official_macro_dgs2_2017-11-29,64
official_macro_dgs2_2017-11-30,64
official_macro_dgs2_2017-12-01,64
official_macro_dgs2_2017-12-04,64
official_macro_dgs2_2017-12-05,64
official_macro_dgs2_2017-12-06,64
official_macro_dgs2_2017-12-07,64
official_macro_dgs2_2017-12-08,64
official_macro_dgs2_2017-12-11,64
official_macro_dgs2_2017-12-12,64
official_macro_dgs2_2017-12-13,64
official_macro_dgs2_2017-12-14,64
official_macro_dgs2_2017-12-15,64
official_macro_dgs2_2017-12-18,64
official_macro_dgs2_2017-12-19,64
official_macro_dgs2_2017-12-20,64
official_macro_dgs2_2017-12-21,64
official_macro_dgs2_2017-12-22,64
official_macro_dgs2_2017-12-26,64
official_macro_dgs2_2017-12-27,64
official_macro_dgs2_2017-12-28,64
official_macro_dgs2_2017-12-29,64
official_macro_dgs2_2018-01-02,64
official_macro_dgs2_2018-01-03,64
official_macro_dgs2_2018-01-04,64
official_macro_dgs2_2018-01-05,64
official_macro_dgs2_2018-01-08,64
official_macro_dgs2_2018-01-09,64
official_macro_dgs2_2018-01-10,64
official_macro_dgs2_2018-01-11,64
official_macro_dgs2_2018-01-12,64
official_macro_dgs2_2018-01-16,64
official_macro_dgs2_2018-01-17,64
official_macro_dgs2_2018-01-18,64
official_macro_dgs2_2018-01-19,64
official_macro_dgs2_2018-01-22,64
official_macro_dgs2_2018-01-23,64
official_macro_dgs2_2018-01-24,64
official_macro_dgs2_2018-01-25,64
official_macro_dgs2_2018-01-26,64
official_macro_dgs2_2018-01-29,64
official_macro_dgs2_2018-01-30,64
official_macro_dgs2_2018-01-31,64
official_macro_dgs2_2018-02-01,64
official_macro_dgs2_2018-02-02,64
official_macro_dgs2_2018-02-05,64
official_macro_dgs2_2018-02-06,64
official_macro_dgs2_2018-02-07,64
official_macro_dgs2_2018-02-08,64
official_macro_dgs2_2018-02-09,64
official_macro_dgs2_2018-02-12,64
official_macro_dgs2_2018-02-13,64
official_macro_dgs2_2018-02-14,64
official_macro_dgs2_2018-02-15,64
official_macro_dgs2_2018-02-16,64
official_macro_dgs2_2018-02-20,64
official_macro_dgs2_2018-02-21,64
official_macro_dgs2_2018-02-22,64
official_macro_dgs2_2018-02-23,64
official_macro_dgs2_2018-02-26,64
official_macro_dgs2_2018-02-27,64
official_macro_dgs2_2018-02-28,64
official_macro_dgs2_2018-03-01,64
official_macro_dgs2_2018-03-02,64
official_macro_dgs2_2018-03-05,64
official_macro_dgs2_2018-03-06,64
official_macro_dgs2_2018-03-07,64
official_macro_dgs2_2018-03-08,64
official_macro_dgs2_2018-03-09,64
official_macro_dgs2_2018-03-12,64
official_macro_dgs2_2018-03-13,64
official_macro_dgs2_2018-03-14,64
official_macro_dgs2_2018-03-15,64
official_macro_dgs2_2018-03-16,64
official_macro_dgs2_2018-03-19,64
official_macro_dgs2_2018-03-20,64
official_macro_dgs2_2018-03-21,64
official_macro_dgs2_2018-03-22,64
official_macro_dgs2_2018-03-23,64
official_macro_dgs2_2018-03-26,64
official_macro_dgs2_2018-03-27,64
official_macro_dgs2_2018-03-28,64
official_macro_dgs2_2018-03-29,64
official_macro_dgs2_2018-04-02,64
official_macro_dgs2_2018-04-03,64
official_macro_dgs2_2018-04-04,64
official_macro_dgs2_2018-04-05,64
official_macro_dgs2_2018-04-06,64
official_macro_dgs2_2018-04-09,64
official_macro_dgs2_2018-04-10,64
official_macro_dgs2_2018-04-11,64
official_macro_dgs2_2018-04-12,64
official_macro_dgs2_2018-04-13,64
official_macro_dgs2_2018-04-16,64
official_macro_dgs2_2018-04-17,64
official_macro_dgs2_2018-04-18,64
official_macro_dgs2_2018-04-19,64
official_macro_dgs2_2018-04-20,64
official_macro_dgs2_2018-04-23,64
official_macro_dgs2_2018-04-24,64
official_macro_dgs2_2018-04-25,64
official_macro_dgs2_2018-04-26,64
official_macro_dgs2_2018-04-27,64
official_macro_dgs2_2018-04-30,64
official_macro_dgs2_2018-05-01,64
official_macro_dgs2_2018-05-02,64
official_macro_dgs2_2018-05-03,64
official_macro_dgs2_2018-05-04,64
official_macro_dgs2_2018-05-07,64
official_macro_dgs2_2018-05-08,64
official_macro_dgs2_2018-05-09,64
official_macro_dgs2_2018-05-10,64
official_macro_dgs2_2018-05-11,64
official_macro_dgs2_2018-05-14,64
official_macro_dgs2_2018-05-15,64
official_macro_dgs2_2018-05-16,64
official_macro_dgs2_2018-05-17,64
official_macro_dgs2_2018-05-18,64
official_macro_dgs2_2018-05-21,64
official_macro_dgs2_2018-05-22,64
official_macro_dgs2_2018-05-23,64
official_macro_dgs2_2018-05-24,64
official_macro_dgs2_2018-05-25,64
official_macro_dgs2_2018-05-29,64
official_macro_dgs2_2018-05-30,64
official_macro_dgs2_2018-05-31,64
official_macro_dgs2_2018-06-01,64
official_macro_dgs2_2018-06-04,64
official_macro_dgs2_2018-06-05,64
official_macro_dgs2_2018-06-06,64
official_macro_dgs2_2018-06-07,64
official_macro_dgs2_2018-06-08,64
official_macro_dgs2_2018-06-11,64
official_macro_dgs2_2018-06-12,64
official_macro_dgs2_2018-06-13,64
official_macro_dgs2_2018-06-14,64
official_macro_dgs2_2018-06-15,64
official_macro_dgs2_2018-06-18,64
official_macro_dgs2_2018-06-19,64
official_macro_dgs2_2018-06-20,64
official_macro_dgs2_2018-06-21,64
official_macro_dgs2_2018-06-22,64
official_macro_dgs2_2018-06-25,64
official_macro_dgs2_2018-06-26,64
official_macro_dgs2_2018-06-27,64
official_macro_dgs2_2018-06-28,64
official_macro_dgs2_2018-06-29,64
official_macro_dgs2_2018-07-02,64
official_macro_dgs2_2018-07-03,64
official_macro_dgs2_2018-07-05,64
official_macro_dgs2_2018-07-06,64
official_macro_dgs2_2018-07-09,64
official_macro_dgs2_2018-07-10,64
official_macro_dgs2_2018-07-11,64
official_macro_dgs2_2018-07-12,64
official_macro_dgs2_2018-07-13,64
official_macro_dgs2_2018-07-16,64
official_macro_dgs2_2018-07-17,64
official_macro_dgs2_2018-07-18,64
official_macro_dgs2_2018-07-19,64
official_macro_dgs2_2018-07-20,64
official_macro_dgs2_2018-07-23,64
official_macro_dgs2_2018-07-24,64
official_macro_dgs2_2018-07-25,64
official_macro_dgs2_2018-07-26,64
official_macro_dgs2_2018-07-27,64
official_macro_dgs2_2018-07-30,64
official_macro_dgs2_2018-07-31,64
official_macro_dgs2_2018-08-01,64
official_macro_dgs2_2018-08-02,64
official_macro_dgs2_2018-08-03,64
official_macro_dgs2_2018-08-06,64
official_macro_dgs2_2018-08-07,64
official_macro_dgs2_2018-08-08,64
official_macro_dgs2_2018-08-09,64
official_macro_dgs2_2018-08-10,64
official_macro_dgs2_2018-08-13,64
official_macro_dgs2_2018-08-14,64
official_macro_dgs2_2018-08-15,64
official_macro_dgs2_2018-08-16,64
official_macro_dgs2_2018-08-17,64
official_macro_dgs2_2018-08-20,64
official_macro_dgs2_2018-08-21,64
official_macro_dgs2_2018-08-22,64
official_macro_dgs2_2018-08-23,64
official_macro_dgs2_2018-08-24,64
official_macro_dgs2_2018-08-27,64
official_macro_dgs2_2018-08-28,64
official_macro_dgs2_2018-08-29,64
official_macro_dgs2_2018-08-30,64
official_macro_dgs2_2018-08-31,64
official_macro_dgs2_2018-09-04,64
official_macro_dgs2_2018-09-05,64
official_macro_dgs2_2018-09-06,64
official_macro_dgs2_2018-09-07,64
official_macro_dgs2_2018-09-10,64
official_macro_dgs2_2018-09-11,64
official_macro_dgs2_2018-09-12,64
official_macro_dgs2_2018-09-13,64
official_macro_dgs2_2018-09-14,64
official_macro_dgs2_2018-09-17,64
official_macro_dgs2_2018-09-18,64
official_macro_dgs2_2018-09-19,64
official_macro_dgs2_2018-09-20,64
official_macro_dgs2_2018-09-21,64
official_macro_dgs2_2018-09-24,64
official_macro_dgs2_2018-09-25,64
official_macro_dgs2_2018-09-26,64
official_macro_dgs2_2018-09-27,64
official_macro_dgs2_2018-09-28,64
official_macro_dgs2_2018-10-01,64
official_macro_dgs2_2018-10-02,64
official_macro_dgs2_2018-10-03,64
official_macro_dgs2_2018-10-04,64
official_macro_dgs2_2018-10-05,64
official_macro_dgs2_2018-10-09,64
official_macro_dgs2_2018-10-10,64
official_macro_dgs2_2018-10-11,64
official_macro_dgs2_2018-10-12,64
official_macro_dgs2_2018-10-15,64
official_macro_dgs2_2018-10-16,64
official_macro_dgs2_2018-10-17,64
official_macro_dgs2_2018-10-18,64
official_macro_dgs2_2018-10-19,64
official_macro_dgs2_2018-10-22,64
official_macro_dgs2_2018-10-23,64
official_macro_dgs2_2018-10-24,64
official_macro_dgs2_2018-10-25,64
official_macro_dgs2_2018-10-26,64
official_macro_dgs2_2018-10-29,64
official_macro_dgs2_2018-10-30,64
official_macro_dgs2_2018-10-31,64
official_macro_dgs2_2018-11-01,64
official_macro_dgs2_2018-11-02,64
official_macro_dgs2_2018-11-05,64
official_macro_dgs2_2018-11-06,64
official_macro_dgs2_2018-11-07,64
official_macro_dgs2_2018-11-08,64
official_macro_dgs2_2018-11-09,64
official_macro_dgs2_2018-11-13,64
official_macro_dgs2_2018-11-14,64
official_macro_dgs2_2018-11-15,64
official_macro_dgs2_2018-11-16,64
official_macro_dgs2_2018-11-19,64
official_macro_dgs2_2018-11-20,64
official_macro_dgs2_2018-11-21,64
official_macro_dgs2_2018-11-23,64
official_macro_dgs2_2018-11-26,64
official_macro_dgs2_2018-11-27,64
official_macro_dgs2_2018-11-28,64
official_macro_dgs2_2018-11-29,64
official_macro_dgs2_2018-11-30,64
official_macro_dgs2_2018-12-03,64
official_macro_dgs2_2018-12-04,64
official_macro_dgs2_2018-12-06,64
official_macro_dgs2_2018-12-07,64
official_macro_dgs2_2018-12-10,64
official_macro_dgs2_2018-12-11,64
official_macro_dgs2_2018-12-12,64
official_macro_dgs2_2018-12-13,64
official_macro_dgs2_2018-12-14,64
official_macro_dgs2_2018-12-17,64
official_macro_dgs2_2018-12-18,64
official_macro_dgs2_2018-12-19,64
official_macro_dgs2_2018-12-20,64
official_macro_dgs2_2018-12-21,64
official_macro_dgs2_2018-12-24,64
official_macro_dgs2_2018-12-26,64
official_macro_dgs2_2018-12-27,64
official_macro_dgs2_2018-12-28,64
official_macro_dgs2_2018-12-31,64
official_macro_dgs2_2019-01-02,64
official_macro_dgs2_2019-01-03,64
official_macro_dgs2_2019-01-04,64
official_macro_dgs2_2019-01-07,64
official_macro_dgs2_2019-01-08,64
official_macro_dgs2_2019-01-09,64
official_macro_dgs2_2019-01-10,64
official_macro_dgs2_2019-01-11,64
official_macro_dgs2_2019-01-14,64
official_macro_dgs2_2019-01-15,64
official_macro_dgs2_2019-01-16,64
official_macro_dgs2_2019-01-17,64
official_macro_dgs2_2019-01-18,64
official_macro_dgs2_2019-01-22,64
official_macro_dgs2_2019-01-23,64
official_macro_dgs2_2019-01-24,64
official_macro_dgs2_2019-01-25,64
official_macro_dgs2_2019-01-28,64
official_macro_dgs2_2019-01-29,64
official_macro_dgs2_2019-01-30,64
official_macro_dgs2_2019-01-31,64
official_macro_dgs2_2019-02-01,64
official_macro_dgs2_2019-02-04,64
official_macro_dgs2_2019-02-05,64
official_macro_dgs2_2019-02-06,64
official_macro_dgs2_2019-02-07,64
official_macro_dgs2_2019-02-08,64
official_macro_dgs2_2019-02-11,64
official_macro_dgs2_2019-02-12,64
official_macro_dgs2_2019-02-13,64
official_macro_dgs2_2019-02-14,64
official_macro_dgs2_2019-02-15,64
official_macro_dgs2_2019-02-19,64
official_macro_dgs2_2019-02-20,64
official_macro_dgs2_2019-02-21,64
official_macro_dgs2_2019-02-22,64
official_macro_dgs2_2019-02-25,64
official_macro_dgs2_2019-02-26,64
official_macro_dgs2_2019-02-27,64
official_macro_dgs2_2019-02-28,64
official_macro_dgs2_2019-03-01,64
official_macro_dgs2_2019-03-04,64
official_macro_dgs2_2019-03-05,64
official_macro_dgs2_2019-03-06,64
official_macro_dgs2_2019-03-07,64
official_macro_dgs2_2019-03-08,64
official_macro_dgs2_2019-03-11,64
official_macro_dgs2_2019-03-12,64
official_macro_dgs2_2019-03-13,64
official_macro_dgs2_2019-03-14,64
official_macro_dgs2_2019-03-15,64
official_macro_dgs2_2019-03-18,64
official_macro_dgs2_2019-03-19,64
official_macro_dgs2_2019-03-20,64
official_macro_dgs2_2019-03-21,64
official_macro_dgs2_2019-03-22,64
official_macro_dgs2_2019-03-25,64
official_macro_dgs2_2019-03-26,64
official_macro_dgs2_2019-03-27,64
official_macro_dgs2_2019-03-28,64
official_macro_dgs2_2019-03-29,64
official_macro_dgs2_2019-04-01,64
official_macro_dgs2_2019-04-02,64
official_macro_dgs2_2019-04-03,64
official_macro_dgs2_2019-04-04,64
official_macro_dgs2_2019-04-05,64
official_macro_dgs2_2019-04-08,64
official_macro_dgs2_2019-04-09,64
official_macro_dgs2_2019-04-10,64
official_macro_dgs2_2019-04-11,64
official_macro_dgs2_2019-04-12,64
official_macro_dgs2_2019-04-15,64
official_macro_dgs2_2019-04-16,64
official_macro_dgs2_2019-04-17,64
official_macro_dgs2_2019-04-18,64
official_macro_dgs2_2019-04-22,64
official_macro_dgs2_2019-04-23,64
official_macro_dgs2_2019-04-24,64
official_macro_dgs2_2019-04-25,64
official_macro_dgs2_2019-04-26,64
official_macro_dgs2_2019-04-29,64
official_macro_dgs2_2019-04-30,64
official_macro_dgs2_2019-05-01,64
official_macro_dgs2_2019-05-02,64
official_macro_dgs2_2019-05-03,64
official_macro_dgs2_2019-05-06,64
official_macro_dgs2_2019-05-07,64
official_macro_dgs2_2019-05-08,64
official_macro_dgs2_2019-05-09,64
official_macro_dgs2_2019-05-10,64
official_macro_dgs2_2019-05-13,64
official_macro_dgs2_2019-05-14,64
official_macro_dgs2_2019-05-15,64
official_macro_dgs2_2019-05-16,64
official_macro_dgs2_2019-05-17,64
official_macro_dgs2_2019-05-20,64
official_macro_dgs2_2019-05-21,64
official_macro_dgs2_2019-05-22,64
official_macro_dgs2_2019-05-23,64
official_macro_dgs2_2019-05-24,64
official_macro_dgs2_2019-05-28,64
official_macro_dgs2_2019-05-29,64
official_macro_dgs2_2019-05-30,64
official_macro_dgs2_2019-05-31,64
official_macro_dgs2_2019-06-03,64
official_macro_dgs2_2019-06-04,64
official_macro_dgs2_2019-06-05,64
official_macro_dgs2_2019-06-06,64
official_macro_dgs2_2019-06-07,64
official_macro_dgs2_2019-06-10,64
official_macro_dgs2_2019-06-11,64
official_macro_dgs2_2019-06-12,64
official_macro_dgs2_2019-06-13,64
official_macro_dgs2_2019-06-14,64
official_macro_dgs2_2019-06-17,64
official_macro_dgs2_2019-06-18,64
official_macro_dgs2_2019-06-19,64
official_macro_dgs2_2019-06-20,64
official_macro_dgs2_2019-06-21,64
official_macro_dgs2_2019-06-24,64
official_macro_dgs2_2019-06-25,64
official_macro_dgs2_2019-06-26,64
official_macro_dgs2_2019-06-27,64
official_macro_dgs2_2019-06-28,64
official_macro_dgs2_2019-07-01,64
official_macro_dgs2_2019-07-02,64
official_macro_dgs2_2019-07-03,64
official_macro_dgs2_2019-07-05,64
official_macro_dgs2_2019-07-08,64
official_macro_dgs2_2019-07-09,64
official_macro_dgs2_2019-07-10,64
official_macro_dgs2_2019-07-11,64
official_macro_dgs2_2019-07-12,64
official_macro_dgs2_2019-07-15,64
official_macro_dgs2_2019-07-16,64
official_macro_dgs2_2019-07-17,64
official_macro_dgs2_2019-07-18,64
official_macro_dgs2_2019-07-19,64
official_macro_dgs2_2019-07-22,64
official_macro_dgs2_2019-07-23,64
official_macro_dgs2_2019-07-24,64
official_macro_dgs2_2019-07-25,64
official_macro_dgs2_2019-07-26,64
official_macro_dgs2_2019-07-29,64
official_macro_dgs2_2019-07-30,64
official_macro_dgs2_2019-07-31,64
official_macro_dgs2_2019-08-01,64
official_macro_dgs2_2019-08-02,64
official_macro_dgs2_2019-08-05,64
official_macro_dgs2_2019-08-06,64
official_macro_dgs2_2019-08-07,64
official_macro_dgs2_2019-08-08,64
official_macro_dgs2_2019-08-09,64
official_macro_dgs2_2019-08-12,64
official_macro_dgs2_2019-08-13,64
official_macro_dgs2_2019-08-14,64
official_macro_dgs2_2019-08-15,64
official_macro_dgs2_2019-08-16,64
official_macro_dgs2_2019-08-19,64
official_macro_dgs2_2019-08-20,64
official_macro_dgs2_2019-08-21,64
official_macro_dgs2_2019-08-22,64
official_macro_dgs2_2019-08-23,64
official_macro_dgs2_2019-08-26,64
official_macro_dgs2_2019-08-27,64
official_macro_dgs2_2019-08-28,64
official_macro_dgs2_2019-08-29,64
official_macro_dgs2_2019-08-30,64
official_macro_dgs2_2019-09-03,64
official_macro_dgs2_2019-09-04,64
official_macro_dgs2_2019-09-05,64
official_macro_dgs2_2019-09-06,64
official_macro_dgs2_2019-09-09,64
official_macro_dgs2_2019-09-10,64
official_macro_dgs2_2019-09-11,64
official_macro_dgs2_2019-09-12,64
official_macro_dgs2_2019-09-13,64
official_macro_dgs2_2019-09-16,64
official_macro_dgs2_2019-09-17,64
official_macro_dgs2_2019-09-18,64
official_macro_dgs2_2019-09-19,64
official_macro_dgs2_2019-09-20,64
official_macro_dgs2_2019-09-23,64
official_macro_dgs2_2019-09-24,64
official_macro_dgs2_2019-09-25,64
official_macro_dgs2_2019-09-26,64
official_macro_dgs2_2019-09-27,64
official_macro_dgs2_2019-09-30,64
official_macro_dgs2_2019-10-01,64
official_macro_dgs2_2019-10-02,64
official_macro_dgs2_2019-10-03,64
official_macro_dgs2_2019-10-04,64
official_macro_dgs2_2019-10-07,64
official_macro_dgs2_2019-10-08,64
official_macro_dgs2_2019-10-09,64
official_macro_dgs2_2019-10-10,64
official_macro_dgs2_2019-10-11,64
official_macro_dgs2_2019-10-15,64
official_macro_dgs2_2019-10-16,64
official_macro_dgs2_2019-10-17,64
official_macro_dgs2_2019-10-18,64
official_macro_dgs2_2019-10-21,64
official_macro_dgs2_2019-10-22,64
official_macro_dgs2_2019-10-23,64
official_macro_dgs2_2019-10-24,64
official_macro_dgs2_2019-10-25,64
official_macro_dgs2_2019-10-28,64
official_macro_dgs2_2019-10-29,64
official_macro_dgs2_2019-10-30,64
official_macro_dgs2_2019-10-31,64
official_macro_dgs2_2019-11-01,64
official_macro_dgs2_2019-11-04,64
official_macro_dgs2_2019-11-05,64
official_macro_dgs2_2019-11-06,64
official_macro_dgs2_2019-11-07,64
official_macro_dgs2_2019-11-08,64
official_macro_dgs2_2019-11-12,64
official_macro_dgs2_2019-11-13,64
official_macro_dgs2_2019-11-14,64
official_macro_dgs2_2019-11-15,64
official_macro_dgs2_2019-11-18,64
official_macro_dgs2_2019-11-19,64
official_macro_dgs2_2019-11-20,64
official_macro_dgs2_2019-11-21,64
official_macro_dgs2_2019-11-22,64
official_macro_dgs2_2019-11-25,64
official_macro_dgs2_2019-11-26,64
official_macro_dgs2_2019-11-27,64
official_macro_dgs2_2019-11-29,64
official_macro_dgs2_2019-12-02,64
official_macro_dgs2_2019-12-03,64
official_macro_dgs2_2019-12-04,64
official_macro_dgs2_2019-12-05,64
official_macro_dgs2_2019-12-06,64
official_macro_dgs2_2019-12-09,64
official_macro_dgs2_2019-12-10,64
official_macro_dgs2_2019-12-11,64
official_macro_dgs2_2019-12-12,64
official_macro_dgs2_2019-12-13,64
official_macro_dgs2_2019-12-16,64
official_macro_dgs2_2019-12-17,64
official_macro_dgs2_2019-12-18,64
official_macro_dgs2_2019-12-19,64
official_macro_dgs2_2019-12-20,64
official_macro_dgs2_2019-12-23,64
official_macro_dgs2_2019-12-24,64
official_macro_dgs2_2019-12-26,64
official_macro_dgs2_2019-12-27,64
official_macro_dgs2_2019-12-30,64
official_macro_dgs2_2019-12-31,64
official_macro_dgs2_2020-01-02,64
official_macro_dgs2_2020-01-03,64
official_macro_dgs2_2020-01-06,64
official_macro_dgs2_2020-01-07,64
official_macro_dgs2_2020-01-08,64
official_macro_dgs2_2020-01-09,64
official_macro_dgs2_2020-01-10,64
official_macro_dgs2_2020-01-13,64
official_macro_dgs2_2020-01-14,64
official_macro_dgs2_2020-01-15,64
official_macro_dgs2_2020-01-16,64
official_macro_dgs2_2020-01-17,64
official_macro_dgs2_2020-01-21,64
official_macro_dgs2_2020-01-22,64
official_macro_dgs2_2020-01-23,64
official_macro_dgs2_2020-01-24,64
official_macro_dgs2_2020-01-27,64
official_macro_dgs2_2020-01-28,64
official_macro_dgs2_2020-01-29,64
official_macro_dgs2_2020-01-30,64
official_macro_dgs2_2020-01-31,64
official_macro_dgs2_2020-02-03,64
official_macro_dgs2_2020-02-04,64
official_macro_dgs2_2020-02-05,64
official_macro_dgs2_2020-02-06,64
official_macro_dgs2_2020-02-07,64
official_macro_dgs2_2020-02-10,64
official_macro_dgs2_2020-02-11,64
official_macro_dgs2_2020-02-12,64
official_macro_dgs2_2020-02-13,64
official_macro_dgs2_2020-02-14,64
official_macro_dgs2_2020-02-18,64
official_macro_dgs2_2020-02-19,64
official_macro_dgs2_2020-02-20,64
official_macro_dgs2_2020-02-21,64
official_macro_dgs2_2020-02-24,64
official_macro_dgs2_2020-02-25,64
official_macro_dgs2_2020-02-26,64
official_macro_dgs2_2020-02-27,64
official_macro_dgs2_2020-02-28,64
official_macro_dgs2_2020-03-02,64
official_macro_dgs2_2020-03-03,64
official_macro_dgs2_2020-03-04,64
official_macro_dgs2_2020-03-05,64
official_macro_dgs2_2020-03-06,64
official_macro_dgs2_2020-03-09,64
official_macro_dgs2_2020-03-10,64
official_macro_dgs2_2020-03-11,64
official_macro_dgs2_2020-03-12,64
official_macro_dgs2_2020-03-13,64
official_macro_dgs2_2020-03-16,64
official_macro_dgs2_2020-03-17,64
official_macro_dgs2_2020-03-18,64
official_macro_dgs2_2020-03-19,64
official_macro_dgs2_2020-03-20,64
official_macro_dgs2_2020-03-23,64
official_macro_dgs2_2020-03-24,64
official_macro_dgs2_2020-03-25,64
official_macro_dgs2_2020-03-26,64
official_macro_dgs2_2020-03-27,64
official_macro_dgs2_2020-03-30,64
official_macro_dgs2_2020-03-31,64
official_macro_dgs2_2020-04-01,64
official_macro_dgs2_2020-04-02,64
official_macro_dgs2_2020-04-03,64
official_macro_dgs2_2020-04-06,64
official_macro_dgs2_2020-04-07,64
official_macro_dgs2_2020-04-08,64
official_macro_dgs2_2020-04-09,64
official_macro_dgs2_2020-04-13,64
official_macro_dgs2_2020-04-14,64
official_macro_dgs2_2020-04-15,64
official_macro_dgs2_2020-04-16,64
official_macro_dgs2_2020-04-17,64
official_macro_dgs2_2020-04-20,64
official_macro_dgs2_2020-04-21,64
official_macro_dgs2_2020-04-22,64
official_macro_dgs2_2020-04-23,64
official_macro_dgs2_2020-04-24,64
official_macro_dgs2_2020-04-27,64
official_macro_dgs2_2020-04-28,64
official_macro_dgs2_2020-04-29,64
official_macro_dgs2_2020-04-30,64
official_macro_dgs2_2020-05-01,64
official_macro_dgs2_2020-05-04,64
official_macro_dgs2_2020-05-05,64
official_macro_dgs2_2020-05-06,64
official_macro_dgs2_2020-05-07,64
official_macro_dgs2_2020-05-08,64
official_macro_dgs2_2020-05-11,64
official_macro_dgs2_2020-05-12,64
official_macro_dgs2_2020-05-13,64
official_macro_dgs2_2020-05-14,64
official_macro_dgs2_2020-05-15,64
official_macro_dgs2_2020-05-18,64
official_macro_dgs2_2020-05-19,64
official_macro_dgs2_2020-05-20,64
official_macro_dgs2_2020-05-21,64
official_macro_dgs2_2020-05-22,64
official_macro_dgs2_2020-05-26,64
official_macro_dgs2_2020-05-27,64
official_macro_dgs2_2020-05-28,64
official_macro_dgs2_2020-05-29,64
official_macro_dgs2_2020-06-01,64
official_macro_dgs2_2020-06-02,64
official_macro_dgs2_2020-06-03,64
official_macro_dgs2_2020-06-04,64
official_macro_dgs2_2020-06-05,64
official_macro_dgs2_2020-06-08,64
official_macro_dgs2_2020-06-09,64
official_macro_dgs2_2020-06-10,64
official_macro_dgs2_2020-06-11,64
official_macro_dgs2_2020-06-12,64
official_macro_dgs2_2020-06-15,64
official_macro_dgs2_2020-06-16,64
official_macro_dgs2_2020-06-17,64
official_macro_dgs2_2020-06-18,64
official_macro_dgs2_2020-06-19,64
official_macro_dgs2_2020-06-22,64
official_macro_dgs2_2020-06-23,64
official_macro_dgs2_2020-06-24,64
official_macro_dgs2_2020-06-25,64
official_macro_dgs2_2020-06-26,64
official_macro_dgs2_2020-06-29,64
official_macro_dgs2_2020-06-30,64
official_macro_dgs2_2020-07-01,64
official_macro_dgs2_2020-07-02,64
official_macro_dgs2_2020-07-06,64
official_macro_dgs2_2020-07-07,64
official_macro_dgs2_2020-07-08,64
official_macro_dgs2_2020-07-09,64
official_macro_dgs2_2020-07-10,64
official_macro_dgs2_2020-07-13,64
official_macro_dgs2_2020-07-14,64
official_macro_dgs2_2020-07-15,64
official_macro_dgs2_2020-07-16,64
official_macro_dgs2_2020-07-17,64
official_macro_dgs2_2020-07-20,64
official_macro_dgs2_2020-07-21,64
official_macro_dgs2_2020-07-22,64
official_macro_dgs2_2020-07-23,64
official_macro_dgs2_2020-07-24,64
official_macro_dgs2_2020-07-27,64
official_macro_dgs2_2020-07-28,64
official_macro_dgs2_2020-07-29,64
official_macro_dgs2_2020-07-30,64
official_macro_dgs2_2020-07-31,64
official_macro_dgs2_2020-08-03,64
official_macro_dgs2_2020-08-04,64
official_macro_dgs2_2020-08-05,64
official_macro_dgs2_2020-08-06,64
official_macro_dgs2_2020-08-07,64
official_macro_dgs2_2020-08-10,64
official_macro_dgs2_2020-08-11,64
official_macro_dgs2_2020-08-12,64
official_macro_dgs2_2020-08-13,64
official_macro_dgs2_2020-08-14,64
official_macro_dgs2_2020-08-17,64
official_macro_dgs2_2020-08-18,64
official_macro_dgs2_2020-08-19,64
official_macro_dgs2_2020-08-20,64
official_macro_dgs2_2020-08-21,64
official_macro_dgs2_2020-08-24,64
official_macro_dgs2_2020-08-25,64
official_macro_dgs2_2020-08-26,64
official_macro_dgs2_2020-08-27,64
official_macro_dgs2_2020-08-28,64
official_macro_dgs2_2020-08-31,64
official_macro_dgs2_2020-09-01,64
official_macro_dgs2_2020-09-02,64
official_macro_dgs2_2020-09-03,64
official_macro_dgs2_2020-09-04,64
official_macro_dgs2_2020-09-08,64
official_macro_dgs2_2020-09-09,64
official_macro_dgs2_2020-09-10,64
official_macro_dgs2_2020-09-11,64
official_macro_dgs2_2020-09-14,64
official_macro_dgs2_2020-09-15,64
official_macro_dgs2_2020-09-16,64
official_macro_dgs2_2020-09-17,64
official_macro_dgs2_2020-09-18,64
official_macro_dgs2_2020-09-21,64
official_macro_dgs2_2020-09-22,64
official_macro_dgs2_2020-09-23,64
official_macro_dgs2_2020-09-24,64
official_macro_dgs2_2020-09-25,64
official_macro_dgs2_2020-09-28,64
official_macro_dgs2_2020-09-29,64
official_macro_dgs2_2020-09-30,64
official_macro_dgs2_2020-10-01,64
official_macro_dgs2_2020-10-02,64
official_macro_dgs2_2020-10-05,64
official_macro_dgs2_2020-10-06,64
official_macro_dgs2_2020-10-07,64
official_macro_dgs2_2020-10-08,64
official_macro_dgs2_2020-10-09,64
official_macro_dgs2_2020-10-13,64
official_macro_dgs2_2020-10-14,64
official_macro_dgs2_2020-10-15,64
official_macro_dgs2_2020-10-16,64
official_macro_dgs2_2020-10-19,64
official_macro_dgs2_2020-10-20,64
official_macro_dgs2_2020-10-21,64
official_macro_dgs2_2020-10-22,64
official_macro_dgs2_2020-10-23,64
official_macro_dgs2_2020-10-26,64
official_macro_dgs2_2020-10-27,64
official_macro_dgs2_2020-10-28,64
official_macro_dgs2_2020-10-29,64
official_macro_dgs2_2020-10-30,64
official_macro_dgs2_2020-11-02,64
official_macro_dgs2_2020-11-03,64
official_macro_dgs2_2020-11-04,64
official_macro_dgs2_2020-11-05,64
official_macro_dgs2_2020-11-06,64
official_macro_dgs2_2020-11-09,64
official_macro_dgs2_2020-11-10,64
official_macro_dgs2_2020-11-12,64
official_macro_dgs2_2020-11-13,64
official_macro_dgs2_2020-11-16,64
official_macro_dgs2_2020-11-17,64
official_macro_dgs2_2020-11-18,64
official_macro_dgs2_2020-11-19,64
official_macro_dgs2_2020-11-20,64
official_macro_dgs2_2020-11-23,64
official_macro_dgs2_2020-11-24,64
official_macro_dgs2_2020-11-25,64
official_macro_dgs2_2020-11-27,64
official_macro_dgs2_2020-11-30,64
official_macro_dgs2_2020-12-01,64
official_macro_dgs2_2020-12-02,64
official_macro_dgs2_2020-12-03,64
official_macro_dgs2_2020-12-04,64
official_macro_dgs2_2020-12-07,64
official_macro_dgs2_2020-12-08,64
official_macro_dgs2_2020-12-09,64
official_macro_dgs2_2020-12-10,64
official_macro_dgs2_2020-12-11,64
official_macro_dgs2_2020-12-14,64
official_macro_dgs2_2020-12-15,64
official_macro_dgs2_2020-12-16,64
official_macro_dgs2_2020-12-17,64
official_macro_dgs2_2020-12-18,64
official_macro_dgs2_2020-12-21,64
official_macro_dgs2_2020-12-22,64
official_macro_dgs2_2020-12-23,64
official_macro_dgs2_2020-12-24,64
official_macro_dgs2_2020-12-28,64
official_macro_dgs2_2020-12-29,64
official_macro_dgs2_2020-12-30,64
official_macro_dgs2_2020-12-31,64
official_macro_dgs2_2021-01-04,64
official_macro_dgs2_2021-01-05,64
official_macro_dgs2_2021-01-06,64
official_macro_dgs2_2021-01-07,64
official_macro_dgs2_2021-01-08,64
official_macro_dgs2_2021-01-11,64
official_macro_dgs2_2021-01-12,64
official_macro_dgs2_2021-01-13,64
official_macro_dgs2_2021-01-14,64
official_macro_dgs2_2021-01-15,64
official_macro_dgs2_2021-01-19,64
official_macro_dgs2_2021-01-20,64
official_macro_dgs2_2021-01-21,64
official_macro_dgs2_2021-01-22,64
official_macro_dgs2_2021-01-25,64
official_macro_dgs2_2021-01-26,64
official_macro_dgs2_2021-01-27,64
official_macro_dgs2_2021-01-28,64
official_macro_dgs2_2021-01-29,64
official_macro_dgs2_2021-02-01,64
official_macro_dgs2_2021-02-02,64
official_macro_dgs2_2021-02-03,64
official_macro_dgs2_2021-02-04,64
official_macro_dgs2_2021-02-05,64
official_macro_dgs2_2021-02-08,64
official_macro_dgs2_2021-02-09,64
official_macro_dgs2_2021-02-10,64
official_macro_dgs2_2021-02-11,64
official_macro_dgs2_2021-02-12,64
official_macro_dgs2_2021-02-16,64
official_macro_dgs2_2021-02-17,64
official_macro_dgs2_2021-02-18,64
official_macro_dgs2_2021-02-19,64
official_macro_dgs2_2021-02-22,64
official_macro_dgs2_2021-02-23,64
official_macro_dgs2_2021-02-24,64
official_macro_dgs2_2021-02-25,64
official_macro_dgs2_2021-02-26,64
official_macro_dgs2_2021-03-01,64
official_macro_dgs2_2021-03-02,64
official_macro_dgs2_2021-03-03,64
official_macro_dgs2_2021-03-04,64
official_macro_dgs2_2021-03-05,64
official_macro_dgs2_2021-03-08,64
official_macro_dgs2_2021-03-09,64
official_macro_dgs2_2021-03-10,64
official_macro_dgs2_2021-03-11,64
official_macro_dgs2_2021-03-12,64
official_macro_dgs2_2021-03-15,64
official_macro_dgs2_2021-03-16,64
official_macro_dgs2_2021-03-17,64
official_macro_dgs2_2021-03-18,64
official_macro_dgs2_2021-03-19,64
official_macro_dgs2_2021-03-22,64
official_macro_dgs2_2021-03-23,64
official_macro_dgs2_2021-03-24,64
official_macro_dgs2_2021-03-25,64
official_macro_dgs2_2021-03-26,64
official_macro_dgs2_2021-03-29,64
official_macro_dgs2_2021-03-30,64
official_macro_dgs2_2021-03-31,64
official_macro_dgs2_2021-04-01,64
official_macro_dgs2_2021-04-02,64
official_macro_dgs2_2021-04-05,64
official_macro_dgs2_2021-04-06,64
official_macro_dgs2_2021-04-07,64
official_macro_dgs2_2021-04-08,64
official_macro_dgs2_2021-04-09,64
official_macro_dgs2_2021-04-12,64
official_macro_dgs2_2021-04-13,64
official_macro_dgs2_2021-04-14,64
official_macro_dgs2_2021-04-15,64
official_macro_dgs2_2021-04-16,64
official_macro_dgs2_2021-04-19,64
official_macro_dgs2_2021-04-20,64
official_macro_dgs2_2021-04-21,64
official_macro_dgs2_2021-04-22,64
official_macro_dgs2_2021-04-23,64
official_macro_dgs2_2021-04-26,64
official_macro_dgs2_2021-04-27,64
official_macro_dgs2_2021-04-28,64
official_macro_dgs2_2021-04-29,64
official_macro_dgs2_2021-04-30,64
official_macro_dgs2_2021-05-03,64
official_macro_dgs2_2021-05-04,64
official_macro_dgs2_2021-05-05,64
official_macro_dgs2_2021-05-06,64
official_macro_dgs2_2021-05-07,64
official_macro_dgs2_2021-05-10,64
official_macro_dgs2_2021-05-11,64
official_macro_dgs2_2021-05-12,64
official_macro_dgs2_2021-05-13,64
official_macro_dgs2_2021-05-14,64
official_macro_dgs2_2021-05-17,64
official_macro_dgs2_2021-05-18,64
official_macro_dgs2_2021-05-19,64
official_macro_dgs2_2021-05-20,64
official_macro_dgs2_2021-05-21,64
official_macro_dgs2_2021-05-24,64
official_macro_dgs2_2021-05-25,64
official_macro_dgs2_2021-05-26,64
official_macro_dgs2_2021-05-27,64
official_macro_dgs2_2021-05-28,64
official_macro_dgs2_2021-06-01,64
official_macro_dgs2_2021-06-02,64
official_macro_dgs2_2021-06-03,64
official_macro_dgs2_2021-06-04,64
official_macro_dgs2_2021-06-07,64
official_macro_dgs2_2021-06-08,64
official_macro_dgs2_2021-06-09,64
official_macro_dgs2_2021-06-10,64
official_macro_dgs2_2021-06-11,64
official_macro_dgs2_2021-06-14,64
official_macro_dgs2_2021-06-15,64
official_macro_dgs2_2021-06-16,64
official_macro_dgs2_2021-06-17,64
official_macro_dgs2_2021-06-18,64
official_macro_dgs2_2021-06-21,64
official_macro_dgs2_2021-06-22,64
official_macro_dgs2_2021-06-23,64
official_macro_dgs2_2021-06-24,64
official_macro_dgs2_2021-06-25,64
official_macro_dgs2_2021-06-28,64
official_macro_dgs2_2021-06-29,64
official_macro_dgs2_2021-06-30,64
official_macro_dgs2_2021-07-01,64
official_macro_dgs2_2021-07-02,64
official_macro_dgs2_2021-07-06,64
official_macro_dgs2_2021-07-07,64
official_macro_dgs2_2021-07-08,64
official_macro_dgs2_2021-07-09,64
official_macro_dgs2_2021-07-12,64
official_macro_dgs2_2021-07-13,64
official_macro_dgs2_2021-07-14,64
official_macro_dgs2_2021-07-15,64
official_macro_dgs2_2021-07-16,64
official_macro_dgs2_2021-07-19,64
official_macro_dgs2_2021-07-20,64
official_macro_dgs2_2021-07-21,64
official_macro_dgs2_2021-07-22,64
official_macro_dgs2_2021-07-23,64
official_macro_dgs2_2021-07-26,64
official_macro_dgs2_2021-07-27,64
official_macro_dgs2_2021-07-28,64
official_macro_dgs2_2021-07-29,64
official_macro_dgs2_2021-07-30,64
official_macro_dgs2_2021-08-02,64
official_macro_dgs2_2021-08-03,64
official_macro_dgs2_2021-08-04,64
official_macro_dgs2_2021-08-05,64
official_macro_dgs2_2021-08-06,64
official_macro_dgs2_2021-08-09,64
official_macro_dgs2_2021-08-10,64
official_macro_dgs2_2021-08-11,64
official_macro_dgs2_2021-08-12,64
official_macro_dgs2_2021-08-13,64
official_macro_dgs2_2021-08-16,64
official_macro_dgs2_2021-08-17,64
official_macro_dgs2_2021-08-18,64
official_macro_dgs2_2021-08-19,64
official_macro_dgs2_2021-08-20,64
official_macro_dgs2_2021-08-23,64
official_macro_dgs2_2021-08-24,64
official_macro_dgs2_2021-08-25,64
official_macro_dgs2_2021-08-26,64
official_macro_dgs2_2021-08-27,64
official_macro_dgs2_2021-08-30,64
official_macro_dgs2_2021-08-31,64
official_macro_dgs2_2021-09-01,64
official_macro_dgs2_2021-09-02,64
official_macro_dgs2_2021-09-03,64
official_macro_dgs2_2021-09-07,64
official_macro_dgs2_2021-09-08,64
official_macro_dgs2_2021-09-09,64
official_macro_dgs2_2021-09-10,64
official_macro_dgs2_2021-09-13,64
official_macro_dgs2_2021-09-14,64
official_macro_dgs2_2021-09-15,64
official_macro_dgs2_2021-09-16,64
official_macro_dgs2_2021-09-17,64
official_macro_dgs2_2021-09-20,64
official_macro_dgs2_2021-09-21,64
official_macro_dgs2_2021-09-22,64
official_macro_dgs2_2021-09-23,64
official_macro_dgs2_2021-09-24,64
official_macro_dgs2_2021-09-27,64
official_macro_dgs2_2021-09-28,64
official_macro_dgs2_2021-09-29,64
official_macro_dgs2_2021-09-30,64
official_macro_dgs2_2021-10-01,64
official_macro_dgs2_2021-10-04,64
official_macro_dgs2_2021-10-05,64
official_macro_dgs2_2021-10-06,64
official_macro_dgs2_2021-10-07,64
official_macro_dgs2_2021-10-08,64
official_macro_dgs2_2021-10-12,64
official_macro_dgs2_2021-10-13,64
official_macro_dgs2_2021-10-14,64
official_macro_dgs2_2021-10-15,64
official_macro_dgs2_2021-10-18,64
official_macro_dgs2_2021-10-19,64
official_macro_dgs2_2021-10-20,64
official_macro_dgs2_2021-10-21,64
official_macro_dgs2_2021-10-22,64
official_macro_dgs2_2021-10-25,64
official_macro_dgs2_2021-10-26,64
official_macro_dgs2_2021-10-27,64
official_macro_dgs2_2021-10-28,64
official_macro_dgs2_2021-10-29,64
official_macro_dgs2_2021-11-01,64
official_macro_dgs2_2021-11-02,64
official_macro_dgs2_2021-11-03,64
official_macro_dgs2_2021-11-04,64
official_macro_dgs2_2021-11-05,64
official_macro_dgs2_2021-11-08,64
official_macro_dgs2_2021-11-09,64
official_macro_dgs2_2021-11-10,64
official_macro_dgs2_2021-11-12,64
official_macro_dgs2_2021-11-15,64
official_macro_dgs2_2021-11-16,64
official_macro_dgs2_2021-11-17,64
official_macro_dgs2_2021-11-18,64
official_macro_dgs2_2021-11-19,64
official_macro_dgs2_2021-11-22,64
official_macro_dgs2_2021-11-23,64
official_macro_dgs2_2021-11-24,64
official_macro_dgs2_2021-11-26,64
official_macro_dgs2_2021-11-29,64
official_macro_dgs2_2021-11-30,64
official_macro_dgs2_2021-12-01,64
official_macro_dgs2_2021-12-02,64
official_macro_dgs2_2021-12-03,64
official_macro_dgs2_2021-12-06,64
official_macro_dgs2_2021-12-07,64
official_macro_dgs2_2021-12-08,64
official_macro_dgs2_2021-12-09,64
official_macro_dgs2_2021-12-10,64
official_macro_dgs2_2021-12-13,64
official_macro_dgs2_2021-12-14,64
official_macro_dgs2_2021-12-15,64
official_macro_dgs2_2021-12-16,64
official_macro_dgs2_2021-12-17,64
official_macro_dgs2_2021-12-20,64
official_macro_dgs2_2021-12-21,64
official_macro_dgs2_2021-12-22,64
official_macro_dgs2_2021-12-23,64
official_macro_dgs2_2021-12-27,64
official_macro_dgs2_2021-12-28,64
official_macro_dgs2_2021-12-29,64
official_macro_dgs2_2021-12-30,64
official_macro_dgs2_2021-12-31,64
official_macro_dgs2_2022-01-03,64
official_macro_dgs2_2022-01-04,64
official_macro_dgs2_2022-01-05,64
official_macro_dgs2_2022-01-06,64
official_macro_dgs2_2022-01-07,64
official_macro_dgs2_2022-01-10,64
official_macro_dgs2_2022-01-11,64
official_macro_dgs2_2022-01-12,64
official_macro_dgs2_2022-01-13,64
official_macro_dgs2_2022-01-14,64
official_macro_dgs2_2022-01-18,64
official_macro_dgs2_2022-01-19,64
official_macro_dgs2_2022-01-20,64
official_macro_dgs2_2022-01-21,64
official_macro_dgs2_2022-01-24,64
official_macro_dgs2_2022-01-25,64
official_macro_dgs2_2022-01-26,64
official_macro_dgs2_2022-01-27,64
official_macro_dgs2_2022-01-28,64
official_macro_dgs2_2022-01-31,64
official_macro_dgs2_2022-02-01,64
official_macro_dgs2_2022-02-02,64
official_macro_dgs2_2022-02-03,64
official_macro_dgs2_2022-02-04,64
official_macro_dgs2_2022-02-07,64
official_macro_dgs2_2022-02-08,64
official_macro_dgs2_2022-02-09,64
official_macro_dgs2_2022-02-10,64
official_macro_dgs2_2022-02-11,64
official_macro_dgs2_2022-02-14,64
official_macro_dgs2_2022-02-15,64
official_macro_dgs2_2022-02-16,64
official_macro_dgs2_2022-02-17,64
official_macro_dgs2_2022-02-18,64
official_macro_dgs2_2022-02-22,64
official_macro_dgs2_2022-02-23,64
official_macro_dgs2_2022-02-24,64
official_macro_dgs2_2022-02-25,64
official_macro_dgs2_2022-02-28,64
official_macro_dgs2_2022-03-01,64
official_macro_dgs2_2022-03-02,64
official_macro_dgs2_2022-03-03,64
official_macro_dgs2_2022-03-04,64
official_macro_dgs2_2022-03-07,64
official_macro_dgs2_2022-03-08,64
official_macro_dgs2_2022-03-09,64
official_macro_dgs2_2022-03-10,64
official_macro_dgs2_2022-03-11,64
official_macro_dgs2_2022-03-14,64
official_macro_dgs2_2022-03-15,64
official_macro_dgs2_2022-03-16,64
official_macro_dgs2_2022-03-17,64
official_macro_dgs2_2022-03-18,64
official_macro_dgs2_2022-03-21,64
official_macro_dgs2_2022-03-22,64
official_macro_dgs2_2022-03-23,64
official_macro_dgs2_2022-03-24,64
official_macro_dgs2_2022-03-25,64
official_macro_dgs2_2022-03-28,64
official_macro_dgs2_2022-03-29,64
official_macro_dgs2_2022-03-30,64
official_macro_dgs2_2022-03-31,64
official_macro_dgs2_2022-04-01,64
official_macro_dgs2_2022-04-04,64
official_macro_dgs2_2022-04-05,64
official_macro_dgs2_2022-04-06,64
official_macro_dgs2_2022-04-07,64
official_macro_dgs2_2022-04-08,64
official_macro_dgs2_2022-04-11,64
official_macro_dgs2_2022-04-12,64
official_macro_dgs2_2022-04-13,64
official_macro_dgs2_2022-04-14,64
official_macro_dgs2_2022-04-18,64
official_macro_dgs2_2022-04-19,64
official_macro_dgs2_2022-04-20,64
official_macro_dgs2_2022-04-21,64
official_macro_dgs2_2022-04-22,64
official_macro_dgs2_2022-04-25,64
official_macro_dgs2_2022-04-26,64
official_macro_dgs2_2022-04-27,64
official_macro_dgs2_2022-04-28,64
official_macro_dgs2_2022-04-29,64
official_macro_dgs2_2022-05-02,64
official_macro_dgs2_2022-05-03,64
official_macro_dgs2_2022-05-04,64
official_macro_dgs2_2022-05-05,64
official_macro_dgs2_2022-05-06,64
official_macro_dgs2_2022-05-09,64
official_macro_dgs2_2022-05-10,64
official_macro_dgs2_2022-05-11,64
official_macro_dgs2_2022-05-12,64
official_macro_dgs2_2022-05-13,64
official_macro_dgs2_2022-05-16,64
official_macro_dgs2_2022-05-17,64
official_macro_dgs2_2022-05-18,64
official_macro_dgs2_2022-05-19,64
official_macro_dgs2_2022-05-20,64
official_macro_dgs2_2022-05-23,64
official_macro_dgs2_2022-05-24,64
official_macro_dgs2_2022-05-25,64
official_macro_dgs2_2022-05-26,64
official_macro_dgs2_2022-05-27,64
official_macro_dgs2_2022-05-31,64
official_macro_dgs2_2022-06-01,64
official_macro_dgs2_2022-06-02,64
official_macro_dgs2_2022-06-03,64
official_macro_dgs2_2022-06-06,64
official_macro_dgs2_2022-06-07,64
official_macro_dgs2_2022-06-08,64
official_macro_dgs2_2022-06-09,64
official_macro_dgs2_2022-06-10,64
official_macro_dgs2_2022-06-13,64
official_macro_dgs2_2022-06-14,64
official_macro_dgs2_2022-06-15,64
official_macro_dgs2_2022-06-16,64
official_macro_dgs2_2022-06-17,64
official_macro_dgs2_2022-06-21,64
official_macro_dgs2_2022-06-22,64
official_macro_dgs2_2022-06-23,64
official_macro_dgs2_2022-06-24,64
official_macro_dgs2_2022-06-27,64
official_macro_dgs2_2022-06-28,64
official_macro_dgs2_2022-06-29,64
official_macro_dgs2_2022-06-30,64
official_macro_dgs2_2022-07-01,64
official_macro_dgs2_2022-07-05,64
official_macro_dgs2_2022-07-06,64
official_macro_dgs2_2022-07-07,64
official_macro_dgs2_2022-07-08,64
official_macro_dgs2_2022-07-11,64
official_macro_dgs2_2022-07-12,64
official_macro_dgs2_2022-07-13,64
official_macro_dgs2_2022-07-14,64
official_macro_dgs2_2022-07-15,64
official_macro_dgs2_2022-07-18,64
official_macro_dgs2_2022-07-19,64
official_macro_dgs2_2022-07-20,64
official_macro_dgs2_2022-07-21,64
official_macro_dgs2_2022-07-22,64
official_macro_dgs2_2022-07-25,64
official_macro_dgs2_2022-07-26,64
official_macro_dgs2_2022-07-27,64
official_macro_dgs2_2022-07-28,64
official_macro_dgs2_2022-07-29,64
official_macro_dgs2_2022-08-01,64
official_macro_dgs2_2022-08-02,64
official_macro_dgs2_2022-08-03,64
official_macro_dgs2_2022-08-04,64
official_macro_dgs2_2022-08-05,64
official_macro_dgs2_2022-08-08,64
official_macro_dgs2_2022-08-09,64
official_macro_dgs2_2022-08-10,64
official_macro_dgs2_2022-08-11,64
official_macro_dgs2_2022-08-12,64
official_macro_dgs2_2022-08-15,64
official_macro_dgs2_2022-08-16,64
official_macro_dgs2_2022-08-17,64
official_macro_dgs2_2022-08-18,64
official_macro_dgs2_2022-08-19,64
official_macro_dgs2_2022-08-22,64
official_macro_dgs2_2022-08-23,64
official_macro_dgs2_2022-08-24,64
official_macro_dgs2_2022-08-25,64
official_macro_dgs2_2022-08-26,64
official_macro_dgs2_2022-08-29,64
official_macro_dgs2_2022-08-30,64
official_macro_dgs2_2022-08-31,64
official_macro_dgs2_2022-09-01,64
official_macro_dgs2_2022-09-02,64
official_macro_dgs2_2022-09-06,64
official_macro_dgs2_2022-09-07,64
official_macro_dgs2_2022-09-08,64
official_macro_dgs2_2022-09-09,64
official_macro_dgs2_2022-09-12,64
official_macro_dgs2_2022-09-13,64
official_macro_dgs2_2022-09-14,64
official_macro_dgs2_2022-09-15,64
official_macro_dgs2_2022-09-16,64
official_macro_dgs2_2022-09-19,64
official_macro_dgs2_2022-09-20,64
official_macro_dgs2_2022-09-21,64
official_macro_dgs2_2022-09-22,64
official_macro_dgs2_2022-09-23,64
official_macro_dgs2_2022-09-26,64
official_macro_dgs2_2022-09-27,64
official_macro_dgs2_2022-09-28,64
official_macro_dgs2_2022-09-29,64
official_macro_dgs2_2022-09-30,64
official_macro_dgs2_2022-10-03,64
official_macro_dgs2_2022-10-04,64
official_macro_dgs2_2022-10-05,64
official_macro_dgs2_2022-10-06,64
official_macro_dgs2_2022-10-07,64
official_macro_dgs2_2022-10-11,64
official_macro_dgs2_2022-10-12,64
official_macro_dgs2_2022-10-13,64
official_macro_dgs2_2022-10-14,64
official_macro_dgs2_2022-10-17,64
official_macro_dgs2_2022-10-18,64
official_macro_dgs2_2022-10-19,64
official_macro_dgs2_2022-10-20,64
official_macro_dgs2_2022-10-21,64
official_macro_dgs2_2022-10-24,64
official_macro_dgs2_2022-10-25,64
official_macro_dgs2_2022-10-26,64
official_macro_dgs2_2022-10-27,64
official_macro_dgs2_2022-10-28,64
official_macro_dgs2_2022-10-31,64
official_macro_dgs2_2022-11-01,64
official_macro_dgs2_2022-11-02,64
official_macro_dgs2_2022-11-03,64
official_macro_dgs2_2022-11-04,64
official_macro_dgs2_2022-11-07,64
official_macro_dgs2_2022-11-08,64
official_macro_dgs2_2022-11-09,64
official_macro_dgs2_2022-11-10,64
official_macro_dgs2_2022-11-14,64
official_macro_dgs2_2022-11-15,64
official_macro_dgs2_2022-11-16,64
official_macro_dgs2_2022-11-17,64
official_macro_dgs2_2022-11-18,64
official_macro_dgs2_2022-11-21,64
official_macro_dgs2_2022-11-22,64
official_macro_dgs2_2022-11-23,64
official_macro_dgs2_2022-11-25,64
official_macro_dgs2_2022-11-28,64
official_macro_dgs2_2022-11-29,64
official_macro_dgs2_2022-11-30,64
official_macro_dgs2_2022-12-01,64
official_macro_dgs2_2022-12-02,64
official_macro_dgs2_2022-12-05,64
official_macro_dgs2_2022-12-06,64
official_macro_dgs2_2022-12-07,64
official_macro_dgs2_2022-12-08,64
official_macro_dgs2_2022-12-09,64
official_macro_dgs2_2022-12-12,64
official_macro_dgs2_2022-12-13,64
official_macro_dgs2_2022-12-14,64
official_macro_dgs2_2022-12-15,64
official_macro_dgs2_2022-12-16,64
official_macro_dgs2_2022-12-19,64
official_macro_dgs2_2022-12-20,64
official_macro_dgs2_2022-12-21,64
official_macro_dgs2_2022-12-22,64
official_macro_dgs2_2022-12-23,64
official_macro_dgs2_2022-12-27,64
official_macro_dgs2_2022-12-28,64
official_macro_dgs2_2022-12-29,64
official_macro_dgs2_2022-12-30,64
official_macro_dgs2_2023-01-03,64
official_macro_dgs2_2023-01-04,64
official_macro_dgs2_2023-01-05,64
official_macro_dgs2_2023-01-06,64
official_macro_dgs2_2023-01-09,64
official_macro_dgs2_2023-01-10,64
official_macro_dgs2_2023-01-11,64
official_macro_dgs2_2023-01-12,64
official_macro_dgs2_2023-01-13,64
official_macro_dgs2_2023-01-17,64
official_macro_dgs2_2023-01-18,64
official_macro_dgs2_2023-01-19,64
official_macro_dgs2_2023-01-20,64
official_macro_dgs2_2023-01-23,64
official_macro_dgs2_2023-01-24,64
official_macro_dgs2_2023-01-25,64
official_macro_dgs2_2023-01-26,64
official_macro_dgs2_2023-01-27,64
official_macro_dgs2_2023-01-30,64
official_macro_dgs2_2023-01-31,64
official_macro_dgs2_2023-02-01,64
official_macro_dgs2_2023-02-02,64
official_macro_dgs2_2023-02-03,64
official_macro_dgs2_2023-02-06,64
official_macro_dgs2_2023-02-07,64
official_macro_dgs2_2023-02-08,64
official_macro_dgs2_2023-02-09,64
official_macro_dgs2_2023-02-10,64
official_macro_dgs2_2023-02-13,64
official_macro_dgs2_2023-02-14,64
official_macro_dgs2_2023-02-15,64
official_macro_dgs2_2023-02-16,64
official_macro_dgs2_2023-02-17,64
official_macro_dgs2_2023-02-21,64
official_macro_dgs2_2023-02-22,64
official_macro_dgs2_2023-02-23,64
official_macro_dgs2_2023-02-24,64
official_macro_dgs2_2023-02-27,64
official_macro_dgs2_2023-02-28,64
official_macro_dgs2_2023-03-01,64
official_macro_fedfunds_2010-01-01,63
official_macro_fedfunds_2010-02-01,63
official_macro_fedfunds_2010-03-01,63
official_macro_fedfunds_2010-04-01,63
official_macro_fedfunds_2010-05-01,63
official_macro_fedfunds_2010-06-01,63
official_macro_fedfunds_2010-07-01,63
official_macro_fedfunds_2010-08-01,63
official_macro_fedfunds_2010-09-01,63
official_macro_fedfunds_2010-10-01,63
official_macro_fedfunds_2010-11-01,63
official_macro_fedfunds_2010-12-01,63
official_macro_fedfunds_2011-01-01,63
official_macro_fedfunds_2011-02-01,63
official_macro_fedfunds_2011-03-01,63
official_macro_fedfunds_2011-04-01,63
official_macro_fedfunds_2011-05-01,63
official_macro_fedfunds_2011-06-01,63
official_macro_fedfunds_2011-07-01,63
official_macro_fedfunds_2011-08-01,63
official_macro_fedfunds_2011-09-01,63
official_macro_fedfunds_2011-10-01,63
official_macro_fedfunds_2011-11-01,63
official_macro_fedfunds_2011-12-01,63
official_macro_fedfunds_2012-01-01,63
official_macro_fedfunds_2012-02-01,63
official_macro_fedfunds_2012-03-01,63
official_macro_fedfunds_2012-04-01,63
official_macro_fedfunds_2012-05-01,63
official_macro_fedfunds_2012-06-01,63
official_macro_fedfunds_2012-07-01,63
official_macro_fedfunds_2012-08-01,63
official_macro_fedfunds_2012-09-01,63
official_macro_fedfunds_2012-10-01,63
official_macro_fedfunds_2012-11-01,63
official_macro_fedfunds_2012-12-01,63
official_macro_fedfunds_2013-01-01,63
official_macro_fedfunds_2013-02-01,63
official_macro_fedfunds_2013-03-01,63
official_macro_fedfunds_2013-04-01,63
official_macro_fedfunds_2013-05-01,63
official_macro_fedfunds_2013-06-01,63
official_macro_fedfunds_2013-07-01,63
official_macro_fedfunds_2013-08-01,63
official_macro_fedfunds_2013-09-01,63
official_macro_fedfunds_2013-10-01,63
official_macro_fedfunds_2013-11-01,63
official_macro_fedfunds_2013-12-01,63
official_macro_fedfunds_2014-01-01,63
official_macro_fedfunds_2014-02-01,63
official_macro_fedfunds_2014-03-01,63
official_macro_fedfunds_2014-04-01,63
official_macro_fedfunds_2014-05-01,63
official_macro_fedfunds_2014-06-01,63
official_macro_fedfunds_2014-07-01,63
official_macro_fedfunds_2014-08-01,63
official_macro_fedfunds_2014-09-01,63
official_macro_fedfunds_2014-10-01,63
official_macro_fedfunds_2014-11-01,63
official_macro_fedfunds_2014-12-01,63
official_macro_fedfunds_2015-01-01,63
official_macro_fedfunds_2015-02-01,63
official_macro_fedfunds_2015-03-01,63
official_macro_fedfunds_2015-04-01,63
official_macro_fedfunds_2015-05-01,63
official_macro_fedfunds_2015-06-01,63
official_macro_fedfunds_2015-07-01,63
official_macro_fedfunds_2015-08-01,63
official_macro_fedfunds_2015-09-01,63
official_macro_fedfunds_2015-10-01,63
official_macro_fedfunds_2015-11-01,63
official_macro_fedfunds_2015-12-01,63
official_macro_fedfunds_2016-01-01,63
official_macro_fedfunds_2016-02-01,63
official_macro_fedfunds_2016-03-01,63
official_macro_fedfunds_2016-04-01,63
official_macro_fedfunds_2016-05-01,63
official_macro_fedfunds_2016-06-01,63
official_macro_fedfunds_2016-07-01,63
official_macro_fedfunds_2016-08-01,63
official_macro_fedfunds_2016-09-01,63
official_macro_fedfunds_2016-10-01,63
official_macro_fedfunds_2016-11-01,63
official_macro_fedfunds_2016-12-01,63
official_macro_fedfunds_2017-01-01,63
official_macro_fedfunds_2017-02-01,63
official_macro_fedfunds_2017-03-01,63
official_macro_fedfunds_2017-04-01,63
official_macro_fedfunds_2017-05-01,63
official_macro_fedfunds_2017-06-01,63
official_macro_fedfunds_2017-07-01,63
official_macro_fedfunds_2017-08-01,63
official_macro_fedfunds_2017-09-01,63
official_macro_fedfunds_2017-10-01,63
official_macro_fedfunds_2017-11-01,63
official_macro_fedfunds_2017-12-01,63
official_macro_fedfunds_2018-01-01,63
official_macro_fedfunds_2018-02-01,63
official_macro_fedfunds_2018-03-01,63
official_macro_fedfunds_2018-04-01,63
official_macro_fedfunds_2018-05-01,63
official_macro_fedfunds_2018-06-01,63
official_macro_fedfunds_2018-07-01,63
official_macro_fedfunds_2018-08-01,63
official_macro_fedfunds_2018-09-01,63
official_macro_fedfunds_2018-10-01,63
official_macro_fedfunds_2018-11-01,63
official_macro_fedfunds_2018-12-01,63
official_macro_fedfunds_2019-01-01,63
official_macro_fedfunds_2019-02-01,63
official_macro_fedfunds_2019-03-01,63
official_macro_fedfunds_2019-04-01,63
official_macro_fedfunds_2019-05-01,63
official_macro_fedfunds_2019-06-01,63
official_macro_fedfunds_2019-07-01,63
official_macro_fedfunds_2019-08-01,63
official_macro_fedfunds_2019-09-01,63
official_macro_fedfunds_2019-10-01,63
official_macro_fedfunds_2019-11-01,63
official_macro_fedfunds_2019-12-01,63
official_macro_fedfunds_2020-01-01,63
official_macro_fedfunds_2020-02-01,63
official_macro_fedfunds_2020-03-01,63
official_macro_fedfunds_2020-04-01,63
official_macro_fedfunds_2020-05-01,63
official_macro_fedfunds_2020-06-01,63
official_macro_fedfunds_2020-07-01,63
official_macro_fedfunds_2020-08-01,63
official_macro_fedfunds_2020-09-01,63
official_macro_fedfunds_2020-10-01,63
official_macro_fedfunds_2020-11-01,63
official_macro_fedfunds_2020-12-01,63
official_macro_fedfunds_2021-01-01,63
official_macro_fedfunds_2021-02-01,63
official_macro_fedfunds_2021-03-01,63
official_macro_fedfunds_2021-04-01,63
official_macro_fedfunds_2021-05-01,63
official_macro_fedfunds_2021-06-01,63
official_macro_fedfunds_2021-07-01,63
official_macro_fedfunds_2021-08-01,63
official_macro_fedfunds_2021-09-01,63
official_macro_fedfunds_2021-10-01,63
official_macro_fedfunds_2021-11-01,63
official_macro_fedfunds_2021-12-01,63
official_macro_fedfunds_2022-01-01,63
official_macro_fedfunds_2022-02-01,63
official_macro_fedfunds_2022-03-01,63
official_macro_fedfunds_2022-04-01,63
official_macro_fedfunds_2022-05-01,63
official_macro_fedfunds_2022-06-01,63
official_macro_fedfunds_2022-07-01,63
official_macro_fedfunds_2022-08-01,63
official_macro_fedfunds_2022-09-01,63
official_macro_fedfunds_2022-10-01,63
official_macro_fedfunds_2022-11-01,63
official_macro_fedfunds_2022-12-01,63
official_macro_fedfunds_2023-01-01,63
official_macro_fedfunds_2023-02-01,63
official_macro_fedfunds_2023-03-01,63
official_macro_houst_2010-01-01,57
official_macro_houst_2010-02-01,57
official_macro_houst_2010-03-01,57
official_macro_houst_2010-04-01,57
official_macro_houst_2010-05-01,57
official_macro_houst_2010-06-01,57
official_macro_houst_2010-07-01,57
official_macro_houst_2010-08-01,57
official_macro_houst_2010-09-01,57
official_macro_houst_2010-10-01,57
official_macro_houst_2010-11-01,57
official_macro_houst_2010-12-01,57
official_macro_houst_2011-01-01,57
official_macro_houst_2011-02-01,57
official_macro_houst_2011-03-01,57
official_macro_houst_2011-04-01,57
official_macro_houst_2011-05-01,57
official_macro_houst_2011-06-01,57
official_macro_houst_2011-07-01,57
official_macro_houst_2011-08-01,57
official_macro_houst_2011-09-01,57
official_macro_houst_2011-10-01,57
official_macro_houst_2011-11-01,57
official_macro_houst_2011-12-01,57
official_macro_houst_2012-01-01,57
official_macro_houst_2012-02-01,57
official_macro_houst_2012-03-01,57
official_macro_houst_2012-04-01,57
official_macro_houst_2012-05-01,57
official_macro_houst_2012-06-01,57
official_macro_houst_2012-07-01,57
official_macro_houst_2012-08-01,57
official_macro_houst_2012-09-01,57
official_macro_houst_2012-10-01,57
official_macro_houst_2012-11-01,57
official_macro_houst_2012-12-01,57
official_macro_houst_2013-01-01,57
official_macro_houst_2013-02-01,57
official_macro_houst_2013-03-01,57
official_macro_houst_2013-04-01,57
official_macro_houst_2013-05-01,57
official_macro_houst_2013-06-01,57
official_macro_houst_2013-07-01,57
official_macro_houst_2013-08-01,57
official_macro_houst_2013-09-01,57
official_macro_houst_2013-10-01,57
official_macro_houst_2013-11-01,57
official_macro_houst_2013-12-01,57
official_macro_houst_2014-01-01,57
official_macro_houst_2014-02-01,57
official_macro_houst_2014-03-01,57
official_macro_houst_2014-04-01,57
official_macro_houst_2014-05-01,57
official_macro_houst_2014-06-01,57
official_macro_houst_2014-07-01,57
official_macro_houst_2014-08-01,57
official_macro_houst_2014-09-01,57
official_macro_houst_2014-10-01,57
official_macro_houst_2014-11-01,57
official_macro_houst_2014-12-01,57
official_macro_houst_2015-01-01,57
official_macro_houst_2015-02-01,57
official_macro_houst_2015-03-01,57
official_macro_houst_2015-04-01,57
official_macro_houst_2015-05-01,57
official_macro_houst_2015-06-01,57
official_macro_houst_2015-07-01,57
official_macro_houst_2015-08-01,57
official_macro_houst_2015-09-01,57
official_macro_houst_2015-10-01,57
official_macro_houst_2015-11-01,57
official_macro_houst_2015-12-01,57
official_macro_houst_2016-01-01,57
official_macro_houst_2016-02-01,57
official_macro_houst_2016-03-01,57
official_macro_houst_2016-04-01,57
official_macro_houst_2016-05-01,57
official_macro_houst_2016-06-01,57
official_macro_houst_2016-07-01,57
official_macro_houst_2016-08-01,57
official_macro_houst_2016-09-01,57
official_macro_houst_2016-10-01,57
official_macro_houst_2016-11-01,57
official_macro_houst_2016-12-01,57
official_macro_houst_2017-01-01,57
official_macro_houst_2017-02-01,57
official_macro_houst_2017-03-01,57
official_macro_houst_2017-04-01,57
official_macro_houst_2017-05-01,57
official_macro_houst_2017-06-01,57
official_macro_houst_2017-07-01,57
official_macro_houst_2017-08-01,57
official_macro_houst_2017-09-01,57
official_macro_houst_2017-10-01,57
official_macro_houst_2017-11-01,57
official_macro_houst_2017-12-01,57
official_macro_houst_2018-01-01,57
official_macro_houst_2018-02-01,57
official_macro_houst_2018-03-01,57
official_macro_houst_2018-04-01,57
official_macro_houst_2018-05-01,57
official_macro_houst_2018-06-01,57
official_macro_houst_2018-07-01,57
official_macro_houst_2018-08-01,57
official_macro_houst_2018-09-01,57
official_macro_houst_2018-10-01,57
official_macro_houst_2018-11-01,57
official_macro_houst_2018-12-01,57
official_macro_houst_2019-01-01,57
official_macro_houst_2019-02-01,57
official_macro_houst_2019-03-01,57
official_macro_houst_2019-04-01,57
official_macro_houst_2019-05-01,57
official_macro_houst_2019-06-01,57
official_macro_houst_2019-07-01,57
official_macro_houst_2019-08-01,57
official_macro_houst_2019-09-01,57
official_macro_houst_2019-10-01,57
official_macro_houst_2019-11-01,57
official_macro_houst_2019-12-01,57
official_macro_houst_2020-01-01,57
official_macro_houst_2020-02-01,57
official_macro_houst_2020-03-01,57
official_macro_houst_2020-04-01,57
official_macro_houst_2020-05-01,57
official_macro_houst_2020-06-01,57
official_macro_houst_2020-07-01,57
official_macro_houst_2020-08-01,57
official_macro_houst_2020-09-01,57
official_macro_houst_2020-10-01,57
official_macro_houst_2020-11-01,57
official_macro_houst_2020-12-01,57
official_macro_houst_2021-01-01,57
official_macro_houst_2021-02-01,57
official_macro_houst_2021-03-01,57
official_macro_houst_2021-04-01,57
official_macro_houst_2021-05-01,57
official_macro_houst_2021-06-01,57
official_macro_houst_2021-07-01,57
official_macro_houst_2021-08-01,57
official_macro_houst_2021-09-01,57
official_macro_houst_2021-10-01,57
official_macro_houst_2021-11-01,57
official_macro_houst_2021-12-01,57
official_macro_houst_2022-01-01,57
official_macro_houst_2022-02-01,57
official_macro_houst_2022-03-01,57
official_macro_houst_2022-04-01,57
official_macro_houst_2022-05-01,57
official_macro_houst_2022-06-01,57
official_macro_houst_2022-07-01,57
official_macro_houst_2022-08-01,57
official_macro_houst_2022-09-01,57
official_macro_houst_2022-10-01,57
official_macro_houst_2022-11-01,57
official_macro_houst_2022-12-01,57
official_macro_houst_2023-01-01,57
official_macro_houst_2023-02-01,57
official_macro_houst_2023-03-01,57
official_macro_indpro_2010-01-01,58
official_macro_indpro_2010-02-01,58
official_macro_indpro_2010-03-01,58
official_macro_indpro_2010-04-01,58
official_macro_indpro_2010-05-01,58
official_macro_indpro_2010-06-01,58
official_macro_indpro_2010-07-01,58
official_macro_indpro_2010-08-01,58
official_macro_indpro_2010-09-01,58
official_macro_indpro_2010-10-01,58
official_macro_indpro_2010-11-01,58
official_macro_indpro_2010-12-01,58
official_macro_indpro_2011-01-01,58
official_macro_indpro_2011-02-01,58
official_macro_indpro_2011-03-01,58
official_macro_indpro_2011-04-01,58
official_macro_indpro_2011-05-01,58
official_macro_indpro_2011-06-01,58
official_macro_indpro_2011-07-01,58
official_macro_indpro_2011-08-01,58
official_macro_indpro_2011-09-01,58
official_macro_indpro_2011-10-01,58
official_macro_indpro_2011-11-01,58
official_macro_indpro_2011-12-01,58
official_macro_indpro_2012-01-01,58
official_macro_indpro_2012-02-01,58
official_macro_indpro_2012-03-01,58
official_macro_indpro_2012-04-01,58
official_macro_indpro_2012-05-01,58
official_macro_indpro_2012-06-01,58
official_macro_indpro_2012-07-01,58
official_macro_indpro_2012-08-01,58
official_macro_indpro_2012-09-01,58
official_macro_indpro_2012-10-01,58
official_macro_indpro_2012-11-01,58
official_macro_indpro_2012-12-01,58
official_macro_indpro_2013-01-01,58
official_macro_indpro_2013-02-01,58
official_macro_indpro_2013-03-01,58
official_macro_indpro_2013-04-01,58
official_macro_indpro_2013-05-01,58
official_macro_indpro_2013-06-01,58
official_macro_indpro_2013-07-01,58
official_macro_indpro_2013-08-01,58
official_macro_indpro_2013-09-01,58
official_macro_indpro_2013-10-01,58
official_macro_indpro_2013-11-01,58
official_macro_indpro_2013-12-01,58
official_macro_indpro_2014-01-01,58
official_macro_indpro_2014-02-01,58
official_macro_indpro_2014-03-01,58
official_macro_indpro_2014-04-01,58
official_macro_indpro_2014-05-01,58
official_macro_indpro_2014-06-01,58
official_macro_indpro_2014-07-01,58
official_macro_indpro_2014-08-01,58
official_macro_indpro_2014-09-01,58
official_macro_indpro_2014-10-01,58
official_macro_indpro_2014-11-01,58
official_macro_indpro_2014-12-01,58
official_macro_indpro_2015-01-01,58
official_macro_indpro_2015-02-01,58
official_macro_indpro_2015-03-01,58
official_macro_indpro_2015-04-01,58
official_macro_indpro_2015-05-01,58
official_macro_indpro_2015-06-01,58
official_macro_indpro_2015-07-01,58
official_macro_indpro_2015-08-01,58
official_macro_indpro_2015-09-01,58
official_macro_indpro_2015-10-01,58
official_macro_indpro_2015-11-01,58
official_macro_indpro_2015-12-01,58
official_macro_indpro_2016-01-01,58
official_macro_indpro_2016-02-01,58
official_macro_indpro_2016-03-01,58
official_macro_indpro_2016-04-01,58
official_macro_indpro_2016-05-01,58
official_macro_indpro_2016-06-01,58
official_macro_indpro_2016-07-01,58
official_macro_indpro_2016-08-01,58
official_macro_indpro_2016-09-01,58
official_macro_indpro_2016-10-01,58
official_macro_indpro_2016-11-01,58
official_macro_indpro_2016-12-01,58
official_macro_indpro_2017-01-01,58
official_macro_indpro_2017-02-01,58
official_macro_indpro_2017-03-01,58
official_macro_indpro_2017-04-01,58
official_macro_indpro_2017-05-01,58
official_macro_indpro_2017-06-01,58
official_macro_indpro_2017-07-01,58
official_macro_indpro_2017-08-01,58
official_macro_indpro_2017-09-01,58
official_macro_indpro_2017-10-01,58
official_macro_indpro_2017-11-01,58
official_macro_indpro_2017-12-01,58
official_macro_indpro_2018-01-01,58
official_macro_indpro_2018-02-01,58
official_macro_indpro_2018-03-01,58
official_macro_indpro_2018-04-01,58
official_macro_indpro_2018-05-01,58
official_macro_indpro_2018-06-01,58
official_macro_indpro_2018-07-01,58
official_macro_indpro_2018-08-01,58
official_macro_indpro_2018-09-01,58
official_macro_indpro_2018-10-01,58
official_macro_indpro_2018-11-01,58
official_macro_indpro_2018-12-01,58
official_macro_indpro_2019-01-01,58
official_macro_indpro_2019-02-01,58
official_macro_indpro_2019-03-01,58
official_macro_indpro_2019-04-01,58
official_macro_indpro_2019-05-01,58
official_macro_indpro_2019-06-01,58
official_macro_indpro_2019-07-01,58
official_macro_indpro_2019-08-01,58
official_macro_indpro_2019-09-01,58
official_macro_indpro_2019-10-01,58
official_macro_indpro_2019-11-01,58
official_macro_indpro_2019-12-01,58
official_macro_indpro_2020-01-01,58
official_macro_indpro_2020-02-01,58
official_macro_indpro_2020-03-01,58
official_macro_indpro_2020-04-01,58
official_macro_indpro_2020-05-01,58
official_macro_indpro_2020-06-01,58
official_macro_indpro_2020-07-01,58
official_macro_indpro_2020-08-01,58
official_macro_indpro_2020-09-01,58
official_macro_indpro_2020-10-01,58
official_macro_indpro_2020-11-01,58
official_macro_indpro_2020-12-01,58
official_macro_indpro_2021-01-01,58
official_macro_indpro_2021-02-01,58
official_macro_indpro_2021-03-01,58
official_macro_indpro_2021-04-01,58
official_macro_indpro_2021-05-01,58
official_macro_indpro_2021-06-01,58
official_macro_indpro_2021-07-01,58
official_macro_indpro_2021-08-01,58
official_macro_indpro_2021-09-01,58
official_macro_indpro_2021-10-01,58
official_macro_indpro_2021-11-01,58
official_macro_indpro_2021-12-01,58
official_macro_indpro_2022-01-01,58
official_macro_indpro_2022-02-01,58
official_macro_indpro_2022-03-01,58
official_macro_indpro_2022-04-01,58
official_macro_indpro_2022-05-01,58
official_macro_indpro_2022-06-01,58
official_macro_indpro_2022-07-01,58
official_macro_indpro_2022-08-01,58
official_macro_indpro_2022-09-01,58
official_macro_indpro_2022-10-01,58
official_macro_indpro_2022-11-01,58
official_macro_indpro_2022-12-01,58
official_macro_indpro_2023-01-01,58
official_macro_indpro_2023-02-01,58
official_macro_indpro_2023-03-01,58
official_macro_payems_2010-01-01,58
official_macro_payems_2010-02-01,58
official_macro_payems_2010-03-01,58
official_macro_payems_2010-04-01,58
official_macro_payems_2010-05-01,58
official_macro_payems_2010-06-01,58
official_macro_payems_2010-07-01,58
official_macro_payems_2010-08-01,58
official_macro_payems_2010-09-01,58
official_macro_payems_2010-10-01,58
official_macro_payems_2010-11-01,58
official_macro_payems_2010-12-01,58
official_macro_payems_2011-01-01,58
official_macro_payems_2011-02-01,58
official_macro_payems_2011-03-01,58
official_macro_payems_2011-04-01,58
official_macro_payems_2011-05-01,58
official_macro_payems_2011-06-01,58
official_macro_payems_2011-07-01,58
official_macro_payems_2011-08-01,58
official_macro_payems_2011-09-01,58
official_macro_payems_2011-10-01,58
official_macro_payems_2011-11-01,58
official_macro_payems_2011-12-01,58
official_macro_payems_2012-01-01,58
official_macro_payems_2012-02-01,58
official_macro_payems_2012-03-01,58
official_macro_payems_2012-04-01,58
official_macro_payems_2012-05-01,58
official_macro_payems_2012-06-01,58
official_macro_payems_2012-07-01,58
official_macro_payems_2012-08-01,58
official_macro_payems_2012-09-01,58
official_macro_payems_2012-10-01,58
official_macro_payems_2012-11-01,58
official_macro_payems_2012-12-01,58
official_macro_payems_2013-01-01,58
official_macro_payems_2013-02-01,58
official_macro_payems_2013-03-01,58
official_macro_payems_2013-04-01,58
official_macro_payems_2013-05-01,58
official_macro_payems_2013-06-01,58
official_macro_payems_2013-07-01,58
official_macro_payems_2013-08-01,58
official_macro_payems_2013-09-01,58
official_macro_payems_2013-10-01,58
official_macro_payems_2013-11-01,58
official_macro_payems_2013-12-01,58
official_macro_payems_2014-01-01,58
official_macro_payems_2014-02-01,58
official_macro_payems_2014-03-01,58
official_macro_payems_2014-04-01,58
official_macro_payems_2014-05-01,58
official_macro_payems_2014-06-01,58
official_macro_payems_2014-07-01,58
official_macro_payems_2014-08-01,58
official_macro_payems_2014-09-01,58
official_macro_payems_2014-10-01,58
official_macro_payems_2014-11-01,58
official_macro_payems_2014-12-01,58
official_macro_payems_2015-01-01,58
official_macro_payems_2015-02-01,58
official_macro_payems_2015-03-01,58
official_macro_payems_2015-04-01,58
official_macro_payems_2015-05-01,58
official_macro_payems_2015-06-01,58
official_macro_payems_2015-07-01,58
official_macro_payems_2015-08-01,58
official_macro_payems_2015-09-01,58
official_macro_payems_2015-10-01,58
official_macro_payems_2015-11-01,58
official_macro_payems_2015-12-01,58
official_macro_payems_2016-01-01,58
official_macro_payems_2016-02-01,58
official_macro_payems_2016-03-01,58
official_macro_payems_2016-04-01,58
official_macro_payems_2016-05-01,58
official_macro_payems_2016-06-01,58
official_macro_payems_2016-07-01,58
official_macro_payems_2016-08-01,58
official_macro_payems_2016-09-01,58
official_macro_payems_2016-10-01,58
official_macro_payems_2016-11-01,58
official_macro_payems_2016-12-01,58
official_macro_payems_2017-01-01,58
official_macro_payems_2017-02-01,58
official_macro_payems_2017-03-01,58
official_macro_payems_2017-04-01,58
official_macro_payems_2017-05-01,58
official_macro_payems_2017-06-01,58
official_macro_payems_2017-07-01,58
official_macro_payems_2017-08-01,58
official_macro_payems_2017-09-01,58
official_macro_payems_2017-10-01,58
official_macro_payems_2017-11-01,58
official_macro_payems_2017-12-01,58
official_macro_payems_2018-01-01,58
official_macro_payems_2018-02-01,58
official_macro_payems_2018-03-01,58
official_macro_payems_2018-04-01,58
official_macro_payems_2018-05-01,58
official_macro_payems_2018-06-01,58
official_macro_payems_2018-07-01,58
official_macro_payems_2018-08-01,58
official_macro_payems_2018-09-01,58
official_macro_payems_2018-10-01,58
official_macro_payems_2018-11-01,58
official_macro_payems_2018-12-01,58
official_macro_payems_2019-01-01,58
official_macro_payems_2019-02-01,58
official_macro_payems_2019-03-01,58
official_macro_payems_2019-04-01,58
official_macro_payems_2019-05-01,58
official_macro_payems_2019-06-01,58
official_macro_payems_2019-07-01,58
official_macro_payems_2019-08-01,58
official_macro_payems_2019-09-01,58
official_macro_payems_2019-10-01,58
official_macro_payems_2019-11-01,58
official_macro_payems_2019-12-01,58
official_macro_payems_2020-01-01,58
official_macro_payems_2020-02-01,58
official_macro_payems_2020-03-01,58
official_macro_payems_2020-04-01,58
official_macro_payems_2020-05-01,58
official_macro_payems_2020-06-01,58
official_macro_payems_2020-07-01,58
official_macro_payems_2020-08-01,58
official_macro_payems_2020-09-01,58
official_macro_payems_2020-10-01,58
official_macro_payems_2020-11-01,58
official_macro_payems_2020-12-01,58
official_macro_payems_2021-01-01,58
official_macro_payems_2021-02-01,58
official_macro_payems_2021-03-01,58
official_macro_payems_2021-04-01,58
official_macro_payems_2021-05-01,58
official_macro_payems_2021-06-01,58
official_macro_payems_2021-07-01,58
official_macro_payems_2021-08-01,58
official_macro_payems_2021-09-01,58
official_macro_payems_2021-10-01,58
official_macro_payems_2021-11-01,58
official_macro_payems_2021-12-01,58
official_macro_payems_2022-01-01,58
official_macro_payems_2022-02-01,58
official_macro_payems_2022-03-01,58
official_macro_payems_2022-04-01,58
official_macro_payems_2022-05-01,58
official_macro_payems_2022-06-01,58
official_macro_payems_2022-07-01,58
official_macro_payems_2022-08-01,58
official_macro_payems_2022-09-01,58
official_macro_payems_2022-10-01,58
official_macro_payems_2022-11-01,58
official_macro_payems_2022-12-01,58
official_macro_payems_2023-01-01,58
official_macro_payems_2023-02-01,58
official_macro_payems_2023-03-01,58
official_macro_t10y2y_2010-01-04,71
official_macro_t10y2y_2010-01-05,71
official_macro_t10y2y_2010-01-06,71
official_macro_t10y2y_2010-01-07,71
official_macro_t10y2y_2010-01-08,71
official_macro_t10y2y_2010-01-11,71
official_macro_t10y2y_2010-01-12,71
official_macro_t10y2y_2010-01-13,71
official_macro_t10y2y_2010-01-14,71
official_macro_t10y2y_2010-01-15,71
official_macro_t10y2y_2010-01-19,71
official_macro_t10y2y_2010-01-20,71
official_macro_t10y2y_2010-01-21,71
official_macro_t10y2y_2010-01-22,71
official_macro_t10y2y_2010-01-25,71
official_macro_t10y2y_2010-01-26,71
official_macro_t10y2y_2010-01-27,71
official_macro_t10y2y_2010-01-28,71
official_macro_t10y2y_2010-01-29,71
official_macro_t10y2y_2010-02-01,71
official_macro_t10y2y_2010-02-02,71
official_macro_t10y2y_2010-02-03,71
official_macro_t10y2y_2010-02-04,71
official_macro_t10y2y_2010-02-05,71
official_macro_t10y2y_2010-02-08,71
official_macro_t10y2y_2010-02-09,71
official_macro_t10y2y_2010-02-10,71
official_macro_t10y2y_2010-02-11,71
official_macro_t10y2y_2010-02-12,71
official_macro_t10y2y_2010-02-16,71
official_macro_t10y2y_2010-02-17,71
official_macro_t10y2y_2010-02-18,71
official_macro_t10y2y_2010-02-19,71
official_macro_t10y2y_2010-02-22,71
official_macro_t10y2y_2010-02-23,71
official_macro_t10y2y_2010-02-24,71
official_macro_t10y2y_2010-02-25,71
official_macro_t10y2y_2010-02-26,71
official_macro_t10y2y_2010-03-01,71
official_macro_t10y2y_2010-03-02,71
official_macro_t10y2y_2010-03-03,71
official_macro_t10y2y_2010-03-04,71
official_macro_t10y2y_2010-03-05,71
official_macro_t10y2y_2010-03-08,71
official_macro_t10y2y_2010-03-09,71
official_macro_t10y2y_2010-03-10,71
official_macro_t10y2y_2010-03-11,71
official_macro_t10y2y_2010-03-12,71
official_macro_t10y2y_2010-03-15,71
official_macro_t10y2y_2010-03-16,71
official_macro_t10y2y_2010-03-17,71
official_macro_t10y2y_2010-03-18,71
official_macro_t10y2y_2010-03-19,71
official_macro_t10y2y_2010-03-22,71
official_macro_t10y2y_2010-03-23,71
official_macro_t10y2y_2010-03-24,71
official_macro_t10y2y_2010-03-25,71
official_macro_t10y2y_2010-03-26,71
official_macro_t10y2y_2010-03-29,71
official_macro_t10y2y_2010-03-30,71
official_macro_t10y2y_2010-03-31,71
official_macro_t10y2y_2010-04-01,71
official_macro_t10y2y_2010-04-02,71
official_macro_t10y2y_2010-04-05,71
official_macro_t10y2y_2010-04-06,71
official_macro_t10y2y_2010-04-07,71
official_macro_t10y2y_2010-04-08,71
official_macro_t10y2y_2010-04-09,71
official_macro_t10y2y_2010-04-12,71
official_macro_t10y2y_2010-04-13,71
official_macro_t10y2y_2010-04-14,71
official_macro_t10y2y_2010-04-15,71
official_macro_t10y2y_2010-04-16,71
official_macro_t10y2y_2010-04-19,71
official_macro_t10y2y_2010-04-20,71
official_macro_t10y2y_2010-04-21,71
official_macro_t10y2y_2010-04-22,71
official_macro_t10y2y_2010-04-23,71
official_macro_t10y2y_2010-04-26,71
official_macro_t10y2y_2010-04-27,71
official_macro_t10y2y_2010-04-28,71
official_macro_t10y2y_2010-04-29,71
official_macro_t10y2y_2010-04-30,71
official_macro_t10y2y_2010-05-03,71
official_macro_t10y2y_2010-05-04,71
official_macro_t10y2y_2010-05-05,71
official_macro_t10y2y_2010-05-06,71
official_macro_t10y2y_2010-05-07,71
official_macro_t10y2y_2010-05-10,71
official_macro_t10y2y_2010-05-11,71
official_macro_t10y2y_2010-05-12,71
official_macro_t10y2y_2010-05-13,71
official_macro_t10y2y_2010-05-14,71
official_macro_t10y2y_2010-05-17,71
official_macro_t10y2y_2010-05-18,71
official_macro_t10y2y_2010-05-19,71
official_macro_t10y2y_2010-05-20,71
official_macro_t10y2y_2010-05-21,71
official_macro_t10y2y_2010-05-24,71
official_macro_t10y2y_2010-05-25,71
official_macro_t10y2y_2010-05-26,71
official_macro_t10y2y_2010-05-27,71
official_macro_t10y2y_2010-05-28,71
official_macro_t10y2y_2010-06-01,71
official_macro_t10y2y_2010-06-02,71
official_macro_t10y2y_2010-06-03,71
official_macro_t10y2y_2010-06-04,71
official_macro_t10y2y_2010-06-07,71
official_macro_t10y2y_2010-06-08,71
official_macro_t10y2y_2010-06-09,71
official_macro_t10y2y_2010-06-10,71
official_macro_t10y2y_2010-06-11,71
official_macro_t10y2y_2010-06-14,71
official_macro_t10y2y_2010-06-15,71
official_macro_t10y2y_2010-06-16,71
official_macro_t10y2y_2010-06-17,71
official_macro_t10y2y_2010-06-18,71
official_macro_t10y2y_2010-06-21,71
official_macro_t10y2y_2010-06-22,71
official_macro_t10y2y_2010-06-23,71
official_macro_t10y2y_2010-06-24,71
official_macro_t10y2y_2010-06-25,71
official_macro_t10y2y_2010-06-28,71
official_macro_t10y2y_2010-06-29,71
official_macro_t10y2y_2010-06-30,71
official_macro_t10y2y_2010-07-01,71
official_macro_t10y2y_2010-07-02,71
official_macro_t10y2y_2010-07-06,71
official_macro_t10y2y_2010-07-07,71
official_macro_t10y2y_2010-07-08,71
official_macro_t10y2y_2010-07-09,71
official_macro_t10y2y_2010-07-12,71
official_macro_t10y2y_2010-07-13,71
official_macro_t10y2y_2010-07-14,71
official_macro_t10y2y_2010-07-15,71
official_macro_t10y2y_2010-07-16,71
official_macro_t10y2y_2010-07-19,71
official_macro_t10y2y_2010-07-20,71
official_macro_t10y2y_2010-07-21,71
official_macro_t10y2y_2010-07-22,71
official_macro_t10y2y_2010-07-23,71
official_macro_t10y2y_2010-07-26,71
official_macro_t10y2y_2010-07-27,71
official_macro_t10y2y_2010-07-28,71
official_macro_t10y2y_2010-07-29,71
official_macro_t10y2y_2010-07-30,71
official_macro_t10y2y_2010-08-02,71
official_macro_t10y2y_2010-08-03,71
official_macro_t10y2y_2010-08-04,71
official_macro_t10y2y_2010-08-05,71
official_macro_t10y2y_2010-08-06,71
official_macro_t10y2y_2010-08-09,71
official_macro_t10y2y_2010-08-10,71
official_macro_t10y2y_2010-08-11,71
official_macro_t10y2y_2010-08-12,71
official_macro_t10y2y_2010-08-13,71
official_macro_t10y2y_2010-08-16,71
official_macro_t10y2y_2010-08-17,71
official_macro_t10y2y_2010-08-18,71
official_macro_t10y2y_2010-08-19,71
official_macro_t10y2y_2010-08-20,71
official_macro_t10y2y_2010-08-23,71
official_macro_t10y2y_2010-08-24,71
official_macro_t10y2y_2010-08-25,71
official_macro_t10y2y_2010-08-26,71
official_macro_t10y2y_2010-08-27,71
official_macro_t10y2y_2010-08-30,71
official_macro_t10y2y_2010-08-31,71
official_macro_t10y2y_2010-09-01,71
official_macro_t10y2y_2010-09-02,71
official_macro_t10y2y_2010-09-03,71
official_macro_t10y2y_2010-09-07,71
official_macro_t10y2y_2010-09-08,71
official_macro_t10y2y_2010-09-09,71
official_macro_t10y2y_2010-09-10,71
official_macro_t10y2y_2010-09-13,71
official_macro_t10y2y_2010-09-14,71
official_macro_t10y2y_2010-09-15,71
official_macro_t10y2y_2010-09-16,71
official_macro_t10y2y_2010-09-17,71
official_macro_t10y2y_2010-09-20,71
official_macro_t10y2y_2010-09-21,71
official_macro_t10y2y_2010-09-22,71
official_macro_t10y2y_2010-09-23,71
official_macro_t10y2y_2010-09-24,71
official_macro_t10y2y_2010-09-27,71
official_macro_t10y2y_2010-09-28,71
official_macro_t10y2y_2010-09-29,71
official_macro_t10y2y_2010-09-30,71
official_macro_t10y2y_2010-10-01,71
official_macro_t10y2y_2010-10-04,71
official_macro_t10y2y_2010-10-05,71
official_macro_t10y2y_2010-10-06,71
official_macro_t10y2y_2010-10-07,71
official_macro_t10y2y_2010-10-08,71
official_macro_t10y2y_2010-10-12,71
official_macro_t10y2y_2010-10-13,71
official_macro_t10y2y_2010-10-14,71
official_macro_t10y2y_2010-10-15,71
official_macro_t10y2y_2010-10-18,71
official_macro_t10y2y_2010-10-19,71
official_macro_t10y2y_2010-10-20,71
official_macro_t10y2y_2010-10-21,71
official_macro_t10y2y_2010-10-22,71
official_macro_t10y2y_2010-10-25,71
official_macro_t10y2y_2010-10-26,71
official_macro_t10y2y_2010-10-27,71
official_macro_t10y2y_2010-10-28,71
official_macro_t10y2y_2010-10-29,71
official_macro_t10y2y_2010-11-01,71
official_macro_t10y2y_2010-11-02,71
official_macro_t10y2y_2010-11-03,71
official_macro_t10y2y_2010-11-04,71
official_macro_t10y2y_2010-11-05,71
official_macro_t10y2y_2010-11-08,71
official_macro_t10y2y_2010-11-09,71
official_macro_t10y2y_2010-11-10,71
official_macro_t10y2y_2010-11-12,71
official_macro_t10y2y_2010-11-15,71
official_macro_t10y2y_2010-11-16,71
official_macro_t10y2y_2010-11-17,71
official_macro_t10y2y_2010-11-18,71
official_macro_t10y2y_2010-11-19,71
official_macro_t10y2y_2010-11-22,71
official_macro_t10y2y_2010-11-23,71
official_macro_t10y2y_2010-11-24,71
official_macro_t10y2y_2010-11-26,71
official_macro_t10y2y_2010-11-29,71
official_macro_t10y2y_2010-11-30,71
official_macro_t10y2y_2010-12-01,71
official_macro_t10y2y_2010-12-02,71
official_macro_t10y2y_2010-12-03,71
official_macro_t10y2y_2010-12-06,71
official_macro_t10y2y_2010-12-07,71
official_macro_t10y2y_2010-12-08,71
official_macro_t10y2y_2010-12-09,71
official_macro_t10y2y_2010-12-10,71
official_macro_t10y2y_2010-12-13,71
official_macro_t10y2y_2010-12-14,71
official_macro_t10y2y_2010-12-15,71
official_macro_t10y2y_2010-12-16,71
official_macro_t10y2y_2010-12-17,71
official_macro_t10y2y_2010-12-20,71
official_macro_t10y2y_2010-12-21,71
official_macro_t10y2y_2010-12-22,71
official_macro_t10y2y_2010-12-23,71
official_macro_t10y2y_2010-12-27,71
official_macro_t10y2y_2010-12-28,71
official_macro_t10y2y_2010-12-29,71
official_macro_t10y2y_2010-12-30,71
official_macro_t10y2y_2010-12-31,71
official_macro_t10y2y_2011-01-03,71
official_macro_t10y2y_2011-01-04,71
official_macro_t10y2y_2011-01-05,71
official_macro_t10y2y_2011-01-06,71
official_macro_t10y2y_2011-01-07,71
official_macro_t10y2y_2011-01-10,71
official_macro_t10y2y_2011-01-11,71
official_macro_t10y2y_2011-01-12,71
official_macro_t10y2y_2011-01-13,71
official_macro_t10y2y_2011-01-14,71
official_macro_t10y2y_2011-01-18,71
official_macro_t10y2y_2011-01-19,71
official_macro_t10y2y_2011-01-20,71
official_macro_t10y2y_2011-01-21,71
official_macro_t10y2y_2011-01-24,71
official_macro_t10y2y_2011-01-25,71
official_macro_t10y2y_2011-01-26,71
official_macro_t10y2y_2011-01-27,71
official_macro_t10y2y_2011-01-28,71
official_macro_t10y2y_2011-01-31,71
official_macro_t10y2y_2011-02-01,71
official_macro_t10y2y_2011-02-02,71
official_macro_t10y2y_2011-02-03,71
official_macro_t10y2y_2011-02-04,71
official_macro_t10y2y_2011-02-07,71
official_macro_t10y2y_2011-02-08,71
official_macro_t10y2y_2011-02-09,71
official_macro_t10y2y_2011-02-10,71
official_macro_t10y2y_2011-02-11,71
official_macro_t10y2y_2011-02-14,71
official_macro_t10y2y_2011-02-15,71
official_macro_t10y2y_2011-02-16,71
official_macro_t10y2y_2011-02-17,71
official_macro_t10y2y_2011-02-18,71
official_macro_t10y2y_2011-02-22,71
official_macro_t10y2y_2011-02-23,71
official_macro_t10y2y_2011-02-24,71
official_macro_t10y2y_2011-02-25,71
official_macro_t10y2y_2011-02-28,71
official_macro_t10y2y_2011-03-01,71
official_macro_t10y2y_2011-03-02,71
official_macro_t10y2y_2011-03-03,71
official_macro_t10y2y_2011-03-04,71
official_macro_t10y2y_2011-03-07,71
official_macro_t10y2y_2011-03-08,71
official_macro_t10y2y_2011-03-09,71
official_macro_t10y2y_2011-03-10,71
official_macro_t10y2y_2011-03-11,71
official_macro_t10y2y_2011-03-14,71
official_macro_t10y2y_2011-03-15,71
official_macro_t10y2y_2011-03-16,71
official_macro_t10y2y_2011-03-17,71
official_macro_t10y2y_2011-03-18,71
official_macro_t10y2y_2011-03-21,71
official_macro_t10y2y_2011-03-22,71
official_macro_t10y2y_2011-03-23,71
official_macro_t10y2y_2011-03-24,71
official_macro_t10y2y_2011-03-25,71
official_macro_t10y2y_2011-03-28,71
official_macro_t10y2y_2011-03-29,71
official_macro_t10y2y_2011-03-30,71
official_macro_t10y2y_2011-03-31,71
official_macro_t10y2y_2011-04-01,71
official_macro_t10y2y_2011-04-04,71
official_macro_t10y2y_2011-04-05,71
official_macro_t10y2y_2011-04-06,71
official_macro_t10y2y_2011-04-07,71
official_macro_t10y2y_2011-04-08,71
official_macro_t10y2y_2011-04-11,71
official_macro_t10y2y_2011-04-12,71
official_macro_t10y2y_2011-04-13,71
official_macro_t10y2y_2011-04-14,71
official_macro_t10y2y_2011-04-15,71
official_macro_t10y2y_2011-04-18,71
official_macro_t10y2y_2011-04-19,71
official_macro_t10y2y_2011-04-20,71
official_macro_t10y2y_2011-04-21,71
official_macro_t10y2y_2011-04-25,71
official_macro_t10y2y_2011-04-26,71
official_macro_t10y2y_2011-04-27,71
official_macro_t10y2y_2011-04-28,71
official_macro_t10y2y_2011-04-29,71
official_macro_t10y2y_2011-05-02,71
official_macro_t10y2y_2011-05-03,71
official_macro_t10y2y_2011-05-04,71
official_macro_t10y2y_2011-05-05,71
official_macro_t10y2y_2011-05-06,71
official_macro_t10y2y_2011-05-09,71
official_macro_t10y2y_2011-05-10,71
official_macro_t10y2y_2011-05-11,71
official_macro_t10y2y_2011-05-12,71
official_macro_t10y2y_2011-05-13,71
official_macro_t10y2y_2011-05-16,71
official_macro_t10y2y_2011-05-17,71
official_macro_t10y2y_2011-05-18,71
official_macro_t10y2y_2011-05-19,71
official_macro_t10y2y_2011-05-20,71
official_macro_t10y2y_2011-05-23,71
official_macro_t10y2y_2011-05-24,71
official_macro_t10y2y_2011-05-25,71
official_macro_t10y2y_2011-05-26,71
official_macro_t10y2y_2011-05-27,71
official_macro_t10y2y_2011-05-31,71
official_macro_t10y2y_2011-06-01,71
official_macro_t10y2y_2011-06-02,71
official_macro_t10y2y_2011-06-03,71
official_macro_t10y2y_2011-06-06,71
official_macro_t10y2y_2011-06-07,71
official_macro_t10y2y_2011-06-08,71
official_macro_t10y2y_2011-06-09,71
official_macro_t10y2y_2011-06-10,71
official_macro_t10y2y_2011-06-13,71
official_macro_t10y2y_2011-06-14,71
official_macro_t10y2y_2011-06-15,71
official_macro_t10y2y_2011-06-16,71
official_macro_t10y2y_2011-06-17,71
official_macro_t10y2y_2011-06-20,71
official_macro_t10y2y_2011-06-21,71
official_macro_t10y2y_2011-06-22,71
official_macro_t10y2y_2011-06-23,71
official_macro_t10y2y_2011-06-24,71
official_macro_t10y2y_2011-06-27,71
official_macro_t10y2y_2011-06-28,71
official_macro_t10y2y_2011-06-29,71
official_macro_t10y2y_2011-06-30,71
official_macro_t10y2y_2011-07-01,71
official_macro_t10y2y_2011-07-05,71
official_macro_t10y2y_2011-07-06,71
official_macro_t10y2y_2011-07-07,71
official_macro_t10y2y_2011-07-08,71
official_macro_t10y2y_2011-07-11,71
official_macro_t10y2y_2011-07-12,71
official_macro_t10y2y_2011-07-13,71
official_macro_t10y2y_2011-07-14,71
official_macro_t10y2y_2011-07-15,71
official_macro_t10y2y_2011-07-18,71
official_macro_t10y2y_2011-07-19,71
official_macro_t10y2y_2011-07-20,71
official_macro_t10y2y_2011-07-21,71
official_macro_t10y2y_2011-07-22,71
official_macro_t10y2y_2011-07-25,71
official_macro_t10y2y_2011-07-26,71
official_macro_t10y2y_2011-07-27,71
official_macro_t10y2y_2011-07-28,71
official_macro_t10y2y_2011-07-29,71
official_macro_t10y2y_2011-08-01,71
official_macro_t10y2y_2011-08-02,71
official_macro_t10y2y_2011-08-03,71
official_macro_t10y2y_2011-08-04,71
official_macro_t10y2y_2011-08-05,71
official_macro_t10y2y_2011-08-08,71
official_macro_t10y2y_2011-08-09,71
official_macro_t10y2y_2011-08-10,71
official_macro_t10y2y_2011-08-11,71
official_macro_t10y2y_2011-08-12,71
official_macro_t10y2y_2011-08-15,71
official_macro_t10y2y_2011-08-16,71
official_macro_t10y2y_2011-08-17,71
official_macro_t10y2y_2011-08-18,71
official_macro_t10y2y_2011-08-19,71
official_macro_t10y2y_2011-08-22,71
official_macro_t10y2y_2011-08-23,71
official_macro_t10y2y_2011-08-24,71
official_macro_t10y2y_2011-08-25,71
official_macro_t10y2y_2011-08-26,71
official_macro_t10y2y_2011-08-29,71
official_macro_t10y2y_2011-08-30,71
official_macro_t10y2y_2011-08-31,71
official_macro_t10y2y_2011-09-01,71
official_macro_t10y2y_2011-09-02,71
official_macro_t10y2y_2011-09-06,71
official_macro_t10y2y_2011-09-07,71
official_macro_t10y2y_2011-09-08,71
official_macro_t10y2y_2011-09-09,71
official_macro_t10y2y_2011-09-12,71
official_macro_t10y2y_2011-09-13,71
official_macro_t10y2y_2011-09-14,71
official_macro_t10y2y_2011-09-15,71
official_macro_t10y2y_2011-09-16,71
official_macro_t10y2y_2011-09-19,71
official_macro_t10y2y_2011-09-20,71
official_macro_t10y2y_2011-09-21,71
official_macro_t10y2y_2011-09-22,71
official_macro_t10y2y_2011-09-23,71
official_macro_t10y2y_2011-09-26,71
official_macro_t10y2y_2011-09-27,71
official_macro_t10y2y_2011-09-28,71
official_macro_t10y2y_2011-09-29,71
official_macro_t10y2y_2011-09-30,71
official_macro_t10y2y_2011-10-03,71
official_macro_t10y2y_2011-10-04,71
official_macro_t10y2y_2011-10-05,71
official_macro_t10y2y_2011-10-06,71
official_macro_t10y2y_2011-10-07,71
official_macro_t10y2y_2011-10-11,71
official_macro_t10y2y_2011-10-12,71
official_macro_t10y2y_2011-10-13,71
official_macro_t10y2y_2011-10-14,71
official_macro_t10y2y_2011-10-17,71
official_macro_t10y2y_2011-10-18,71
official_macro_t10y2y_2011-10-19,71
official_macro_t10y2y_2011-10-20,71
official_macro_t10y2y_2011-10-21,71
official_macro_t10y2y_2011-10-24,71
official_macro_t10y2y_2011-10-25,71
official_macro_t10y2y_2011-10-26,71
official_macro_t10y2y_2011-10-27,71
official_macro_t10y2y_2011-10-28,71
official_macro_t10y2y_2011-10-31,71
official_macro_t10y2y_2011-11-01,71
official_macro_t10y2y_2011-11-02,71
official_macro_t10y2y_2011-11-03,71
official_macro_t10y2y_2011-11-04,71
official_macro_t10y2y_2011-11-07,71
official_macro_t10y2y_2011-11-08,71
official_macro_t10y2y_2011-11-09,71
official_macro_t10y2y_2011-11-10,71
official_macro_t10y2y_2011-11-14,71
official_macro_t10y2y_2011-11-15,71
official_macro_t10y2y_2011-11-16,71
official_macro_t10y2y_2011-11-17,71
official_macro_t10y2y_2011-11-18,71
official_macro_t10y2y_2011-11-21,71
official_macro_t10y2y_2011-11-22,71
official_macro_t10y2y_2011-11-23,71
official_macro_t10y2y_2011-11-25,71
official_macro_t10y2y_2011-11-28,71
official_macro_t10y2y_2011-11-29,71
official_macro_t10y2y_2011-11-30,71
official_macro_t10y2y_2011-12-01,71
official_macro_t10y2y_2011-12-02,71
official_macro_t10y2y_2011-12-05,71
official_macro_t10y2y_2011-12-06,71
official_macro_t10y2y_2011-12-07,71
official_macro_t10y2y_2011-12-08,71
official_macro_t10y2y_2011-12-09,71
official_macro_t10y2y_2011-12-12,71
official_macro_t10y2y_2011-12-13,71
official_macro_t10y2y_2011-12-14,71
official_macro_t10y2y_2011-12-15,71
official_macro_t10y2y_2011-12-16,71
official_macro_t10y2y_2011-12-19,71
official_macro_t10y2y_2011-12-20,71
official_macro_t10y2y_2011-12-21,71
official_macro_t10y2y_2011-12-22,71
official_macro_t10y2y_2011-12-23,71
official_macro_t10y2y_2011-12-27,71
official_macro_t10y2y_2011-12-28,71
official_macro_t10y2y_2011-12-29,71
official_macro_t10y2y_2011-12-30,71
official_macro_t10y2y_2012-01-03,71
official_macro_t10y2y_2012-01-04,71
official_macro_t10y2y_2012-01-05,71
official_macro_t10y2y_2012-01-06,71
official_macro_t10y2y_2012-01-09,71
official_macro_t10y2y_2012-01-10,71
official_macro_t10y2y_2012-01-11,71
official_macro_t10y2y_2012-01-12,71
official_macro_t10y2y_2012-01-13,71
official_macro_t10y2y_2012-01-17,71
official_macro_t10y2y_2012-01-18,71
official_macro_t10y2y_2012-01-19,71
official_macro_t10y2y_2012-01-20,71
official_macro_t10y2y_2012-01-23,71
official_macro_t10y2y_2012-01-24,71
official_macro_t10y2y_2012-01-25,71
official_macro_t10y2y_2012-01-26,71
official_macro_t10y2y_2012-01-27,71
official_macro_t10y2y_2012-01-30,71
official_macro_t10y2y_2012-01-31,71
official_macro_t10y2y_2012-02-01,71
official_macro_t10y2y_2012-02-02,71
official_macro_t10y2y_2012-02-03,71
official_macro_t10y2y_2012-02-06,71
official_macro_t10y2y_2012-02-07,71
official_macro_t10y2y_2012-02-08,71
official_macro_t10y2y_2012-02-09,71
official_macro_t10y2y_2012-02-10,71
official_macro_t10y2y_2012-02-13,71
official_macro_t10y2y_2012-02-14,71
official_macro_t10y2y_2012-02-15,71
official_macro_t10y2y_2012-02-16,71
official_macro_t10y2y_2012-02-17,71
official_macro_t10y2y_2012-02-21,71
official_macro_t10y2y_2012-02-22,71
official_macro_t10y2y_2012-02-23,71
official_macro_t10y2y_2012-02-24,71
official_macro_t10y2y_2012-02-27,71
official_macro_t10y2y_2012-02-28,71
official_macro_t10y2y_2012-02-29,71
official_macro_t10y2y_2012-03-01,71
official_macro_t10y2y_2012-03-02,71
official_macro_t10y2y_2012-03-05,71
official_macro_t10y2y_2012-03-06,71
official_macro_t10y2y_2012-03-07,71
official_macro_t10y2y_2012-03-08,71
official_macro_t10y2y_2012-03-09,71
official_macro_t10y2y_2012-03-12,71
official_macro_t10y2y_2012-03-13,71
official_macro_t10y2y_2012-03-14,71
official_macro_t10y2y_2012-03-15,71
official_macro_t10y2y_2012-03-16,71
official_macro_t10y2y_2012-03-19,71
official_macro_t10y2y_2012-03-20,71
official_macro_t10y2y_2012-03-21,71
official_macro_t10y2y_2012-03-22,71
official_macro_t10y2y_2012-03-23,71
official_macro_t10y2y_2012-03-26,71
official_macro_t10y2y_2012-03-27,71
official_macro_t10y2y_2012-03-28,71
official_macro_t10y2y_2012-03-29,71
official_macro_t10y2y_2012-03-30,71
official_macro_t10y2y_2012-04-02,71
official_macro_t10y2y_2012-04-03,71
official_macro_t10y2y_2012-04-04,71
official_macro_t10y2y_2012-04-05,71
official_macro_t10y2y_2012-04-06,71
official_macro_t10y2y_2012-04-09,71
official_macro_t10y2y_2012-04-10,71
official_macro_t10y2y_2012-04-11,71
official_macro_t10y2y_2012-04-12,71
official_macro_t10y2y_2012-04-13,71
official_macro_t10y2y_2012-04-16,71
official_macro_t10y2y_2012-04-17,71
official_macro_t10y2y_2012-04-18,71
official_macro_t10y2y_2012-04-19,71
official_macro_t10y2y_2012-04-20,71
official_macro_t10y2y_2012-04-23,71
official_macro_t10y2y_2012-04-24,71
official_macro_t10y2y_2012-04-25,71
official_macro_t10y2y_2012-04-26,71
official_macro_t10y2y_2012-04-27,71
official_macro_t10y2y_2012-04-30,71
official_macro_t10y2y_2012-05-01,71
official_macro_t10y2y_2012-05-02,71
official_macro_t10y2y_2012-05-03,71
official_macro_t10y2y_2012-05-04,71
official_macro_t10y2y_2012-05-07,71
official_macro_t10y2y_2012-05-08,71
official_macro_t10y2y_2012-05-09,71
official_macro_t10y2y_2012-05-10,71
official_macro_t10y2y_2012-05-11,71
official_macro_t10y2y_2012-05-14,71
official_macro_t10y2y_2012-05-15,71
official_macro_t10y2y_2012-05-16,71
official_macro_t10y2y_2012-05-17,71
official_macro_t10y2y_2012-05-18,71
official_macro_t10y2y_2012-05-21,71
official_macro_t10y2y_2012-05-22,71
official_macro_t10y2y_2012-05-23,71
official_macro_t10y2y_2012-05-24,71
official_macro_t10y2y_2012-05-25,71
official_macro_t10y2y_2012-05-29,71
official_macro_t10y2y_2012-05-30,71
official_macro_t10y2y_2012-05-31,71
official_macro_t10y2y_2012-06-01,71
official_macro_t10y2y_2012-06-04,71
official_macro_t10y2y_2012-06-05,71
official_macro_t10y2y_2012-06-06,71
official_macro_t10y2y_2012-06-07,71
official_macro_t10y2y_2012-06-08,71
official_macro_t10y2y_2012-06-11,71
official_macro_t10y2y_2012-06-12,71
official_macro_t10y2y_2012-06-13,71
official_macro_t10y2y_2012-06-14,71
official_macro_t10y2y_2012-06-15,71
official_macro_t10y2y_2012-06-18,71
official_macro_t10y2y_2012-06-19,71
official_macro_t10y2y_2012-06-20,71
official_macro_t10y2y_2012-06-21,71
official_macro_t10y2y_2012-06-22,71
official_macro_t10y2y_2012-06-25,71
official_macro_t10y2y_2012-06-26,71
official_macro_t10y2y_2012-06-27,71
official_macro_t10y2y_2012-06-28,71
official_macro_t10y2y_2012-06-29,71
official_macro_t10y2y_2012-07-02,71
official_macro_t10y2y_2012-07-03,71
official_macro_t10y2y_2012-07-05,71
official_macro_t10y2y_2012-07-06,71
official_macro_t10y2y_2012-07-09,71
official_macro_t10y2y_2012-07-10,71
official_macro_t10y2y_2012-07-11,71
official_macro_t10y2y_2012-07-12,71
official_macro_t10y2y_2012-07-13,71
official_macro_t10y2y_2012-07-16,71
official_macro_t10y2y_2012-07-17,71
official_macro_t10y2y_2012-07-18,71
official_macro_t10y2y_2012-07-19,71
official_macro_t10y2y_2012-07-20,71
official_macro_t10y2y_2012-07-23,71
official_macro_t10y2y_2012-07-24,71
official_macro_t10y2y_2012-07-25,71
official_macro_t10y2y_2012-07-26,71
official_macro_t10y2y_2012-07-27,71
official_macro_t10y2y_2012-07-30,71
official_macro_t10y2y_2012-07-31,71
official_macro_t10y2y_2012-08-01,71
official_macro_t10y2y_2012-08-02,71
official_macro_t10y2y_2012-08-03,71
official_macro_t10y2y_2012-08-06,71
official_macro_t10y2y_2012-08-07,71
official_macro_t10y2y_2012-08-08,71
official_macro_t10y2y_2012-08-09,71
official_macro_t10y2y_2012-08-10,71
official_macro_t10y2y_2012-08-13,71
official_macro_t10y2y_2012-08-14,71
official_macro_t10y2y_2012-08-15,71
official_macro_t10y2y_2012-08-16,71
official_macro_t10y2y_2012-08-17,71
official_macro_t10y2y_2012-08-20,71
official_macro_t10y2y_2012-08-21,71
official_macro_t10y2y_2012-08-22,71
official_macro_t10y2y_2012-08-23,71
official_macro_t10y2y_2012-08-24,71
official_macro_t10y2y_2012-08-27,71
official_macro_t10y2y_2012-08-28,71
official_macro_t10y2y_2012-08-29,71
official_macro_t10y2y_2012-08-30,71
official_macro_t10y2y_2012-08-31,71
official_macro_t10y2y_2012-09-04,71
official_macro_t10y2y_2012-09-05,71
official_macro_t10y2y_2012-09-06,71
official_macro_t10y2y_2012-09-07,71
official_macro_t10y2y_2012-09-10,71
official_macro_t10y2y_2012-09-11,71
official_macro_t10y2y_2012-09-12,71
official_macro_t10y2y_2012-09-13,71
official_macro_t10y2y_2012-09-14,71
official_macro_t10y2y_2012-09-17,71
official_macro_t10y2y_2012-09-18,71
official_macro_t10y2y_2012-09-19,71
official_macro_t10y2y_2012-09-20,71
official_macro_t10y2y_2012-09-21,71
official_macro_t10y2y_2012-09-24,71
official_macro_t10y2y_2012-09-25,71
official_macro_t10y2y_2012-09-26,71
official_macro_t10y2y_2012-09-27,71
official_macro_t10y2y_2012-09-28,71
official_macro_t10y2y_2012-10-01,71
official_macro_t10y2y_2012-10-02,71
official_macro_t10y2y_2012-10-03,71
official_macro_t10y2y_2012-10-04,71
official_macro_t10y2y_2012-10-05,71
official_macro_t10y2y_2012-10-09,71
official_macro_t10y2y_2012-10-10,71
official_macro_t10y2y_2012-10-11,71
official_macro_t10y2y_2012-10-12,71
official_macro_t10y2y_2012-10-15,71
official_macro_t10y2y_2012-10-16,71
official_macro_t10y2y_2012-10-17,71
official_macro_t10y2y_2012-10-18,71
official_macro_t10y2y_2012-10-19,71
official_macro_t10y2y_2012-10-22,71
official_macro_t10y2y_2012-10-23,71
official_macro_t10y2y_2012-10-24,71
official_macro_t10y2y_2012-10-25,71
official_macro_t10y2y_2012-10-26,71
official_macro_t10y2y_2012-10-29,71
official_macro_t10y2y_2012-10-31,71
official_macro_t10y2y_2012-11-01,71
official_macro_t10y2y_2012-11-02,71
official_macro_t10y2y_2012-11-05,71
official_macro_t10y2y_2012-11-06,71
official_macro_t10y2y_2012-11-07,71
official_macro_t10y2y_2012-11-08,71
official_macro_t10y2y_2012-11-09,71
official_macro_t10y2y_2012-11-13,71
official_macro_t10y2y_2012-11-14,71
official_macro_t10y2y_2012-11-15,71
official_macro_t10y2y_2012-11-16,71
official_macro_t10y2y_2012-11-19,71
official_macro_t10y2y_2012-11-20,71
official_macro_t10y2y_2012-11-21,71
official_macro_t10y2y_2012-11-23,71
official_macro_t10y2y_2012-11-26,71
official_macro_t10y2y_2012-11-27,71
official_macro_t10y2y_2012-11-28,71
official_macro_t10y2y_2012-11-29,71
official_macro_t10y2y_2012-11-30,71
official_macro_t10y2y_2012-12-03,71
official_macro_t10y2y_2012-12-04,71
official_macro_t10y2y_2012-12-05,71
official_macro_t10y2y_2012-12-06,71
official_macro_t10y2y_2012-12-07,71
official_macro_t10y2y_2012-12-10,71
official_macro_t10y2y_2012-12-11,71
official_macro_t10y2y_2012-12-12,71
official_macro_t10y2y_2012-12-13,71
official_macro_t10y2y_2012-12-14,71
official_macro_t10y2y_2012-12-17,71
official_macro_t10y2y_2012-12-18,71
official_macro_t10y2y_2012-12-19,71
official_macro_t10y2y_2012-12-20,71
official_macro_t10y2y_2012-12-21,71
official_macro_t10y2y_2012-12-24,71
official_macro_t10y2y_2012-12-26,71
official_macro_t10y2y_2012-12-27,71
official_macro_t10y2y_2012-12-28,71
official_macro_t10y2y_2012-12-31,71
official_macro_t10y2y_2013-01-02,71
official_macro_t10y2y_2013-01-03,71
official_macro_t10y2y_2013-01-04,71
official_macro_t10y2y_2013-01-07,71
official_macro_t10y2y_2013-01-08,71
official_macro_t10y2y_2013-01-09,71
official_macro_t10y2y_2013-01-10,71
official_macro_t10y2y_2013-01-11,71
official_macro_t10y2y_2013-01-14,71
official_macro_t10y2y_2013-01-15,71
official_macro_t10y2y_2013-01-16,71
official_macro_t10y2y_2013-01-17,71
official_macro_t10y2y_2013-01-18,71
official_macro_t10y2y_2013-01-22,71
official_macro_t10y2y_2013-01-23,71
official_macro_t10y2y_2013-01-24,71
official_macro_t10y2y_2013-01-25,71
official_macro_t10y2y_2013-01-28,71
official_macro_t10y2y_2013-01-29,71
official_macro_t10y2y_2013-01-30,71
official_macro_t10y2y_2013-01-31,71
official_macro_t10y2y_2013-02-01,71
official_macro_t10y2y_2013-02-04,71
official_macro_t10y2y_2013-02-05,71
official_macro_t10y2y_2013-02-06,71
official_macro_t10y2y_2013-02-07,71
official_macro_t10y2y_2013-02-08,71
official_macro_t10y2y_2013-02-11,71
official_macro_t10y2y_2013-02-12,71
official_macro_t10y2y_2013-02-13,71
official_macro_t10y2y_2013-02-14,71
official_macro_t10y2y_2013-02-15,71
official_macro_t10y2y_2013-02-19,71
official_macro_t10y2y_2013-02-20,71
official_macro_t10y2y_2013-02-21,71
official_macro_t10y2y_2013-02-22,71
official_macro_t10y2y_2013-02-25,71
official_macro_t10y2y_2013-02-26,71
official_macro_t10y2y_2013-02-27,71
official_macro_t10y2y_2013-02-28,71
official_macro_t10y2y_2013-03-01,71
official_macro_t10y2y_2013-03-04,71
official_macro_t10y2y_2013-03-05,71
official_macro_t10y2y_2013-03-06,71
official_macro_t10y2y_2013-03-07,71
official_macro_t10y2y_2013-03-08,71
official_macro_t10y2y_2013-03-11,71
official_macro_t10y2y_2013-03-12,71
official_macro_t10y2y_2013-03-13,71
official_macro_t10y2y_2013-03-14,71
official_macro_t10y2y_2013-03-15,71
official_macro_t10y2y_2013-03-18,71
official_macro_t10y2y_2013-03-19,71
official_macro_t10y2y_2013-03-20,71
official_macro_t10y2y_2013-03-21,71
official_macro_t10y2y_2013-03-22,71
official_macro_t10y2y_2013-03-25,71
official_macro_t10y2y_2013-03-26,71
official_macro_t10y2y_2013-03-27,71
official_macro_t10y2y_2013-03-28,71
official_macro_t10y2y_2013-04-01,71
official_macro_t10y2y_2013-04-02,71
official_macro_t10y2y_2013-04-03,71
official_macro_t10y2y_2013-04-04,71
official_macro_t10y2y_2013-04-05,71
official_macro_t10y2y_2013-04-08,71
official_macro_t10y2y_2013-04-09,71
official_macro_t10y2y_2013-04-10,71
official_macro_t10y2y_2013-04-11,71
official_macro_t10y2y_2013-04-12,71
official_macro_t10y2y_2013-04-15,71
official_macro_t10y2y_2013-04-16,71
official_macro_t10y2y_2013-04-17,71
official_macro_t10y2y_2013-04-18,71
official_macro_t10y2y_2013-04-19,71
official_macro_t10y2y_2013-04-22,71
official_macro_t10y2y_2013-04-23,71
official_macro_t10y2y_2013-04-24,71
official_macro_t10y2y_2013-04-25,71
official_macro_t10y2y_2013-04-26,71
official_macro_t10y2y_2013-04-29,71
official_macro_t10y2y_2013-04-30,71
official_macro_t10y2y_2013-05-01,71
official_macro_t10y2y_2013-05-02,71
official_macro_t10y2y_2013-05-03,71
official_macro_t10y2y_2013-05-06,71
official_macro_t10y2y_2013-05-07,71
official_macro_t10y2y_2013-05-08,71
official_macro_t10y2y_2013-05-09,71
official_macro_t10y2y_2013-05-10,71
official_macro_t10y2y_2013-05-13,71
official_macro_t10y2y_2013-05-14,71
official_macro_t10y2y_2013-05-15,71
official_macro_t10y2y_2013-05-16,71
official_macro_t10y2y_2013-05-17,71
official_macro_t10y2y_2013-05-20,71
official_macro_t10y2y_2013-05-21,71
official_macro_t10y2y_2013-05-22,71
official_macro_t10y2y_2013-05-23,71
official_macro_t10y2y_2013-05-24,71
official_macro_t10y2y_2013-05-28,71
official_macro_t10y2y_2013-05-29,71
official_macro_t10y2y_2013-05-30,71
official_macro_t10y2y_2013-05-31,71
official_macro_t10y2y_2013-06-03,71
official_macro_t10y2y_2013-06-04,71
official_macro_t10y2y_2013-06-05,71
official_macro_t10y2y_2013-06-06,71
official_macro_t10y2y_2013-06-07,71
official_macro_t10y2y_2013-06-10,71
official_macro_t10y2y_2013-06-11,71
official_macro_t10y2y_2013-06-12,71
official_macro_t10y2y_2013-06-13,71
official_macro_t10y2y_2013-06-14,71
official_macro_t10y2y_2013-06-17,71
official_macro_t10y2y_2013-06-18,71
official_macro_t10y2y_2013-06-19,71
official_macro_t10y2y_2013-06-20,71
official_macro_t10y2y_2013-06-21,71
official_macro_t10y2y_2013-06-24,71
official_macro_t10y2y_2013-06-25,71
official_macro_t10y2y_2013-06-26,71
official_macro_t10y2y_2013-06-27,71
official_macro_t10y2y_2013-06-28,71
official_macro_t10y2y_2013-07-01,71
official_macro_t10y2y_2013-07-02,71
official_macro_t10y2y_2013-07-03,71
official_macro_t10y2y_2013-07-05,71
official_macro_t10y2y_2013-07-08,71
official_macro_t10y2y_2013-07-09,71
official_macro_t10y2y_2013-07-10,71
official_macro_t10y2y_2013-07-11,71
official_macro_t10y2y_2013-07-12,71
official_macro_t10y2y_2013-07-15,71
official_macro_t10y2y_2013-07-16,71
official_macro_t10y2y_2013-07-17,71
official_macro_t10y2y_2013-07-18,71
official_macro_t10y2y_2013-07-19,71
official_macro_t10y2y_2013-07-22,71
official_macro_t10y2y_2013-07-23,71
official_macro_t10y2y_2013-07-24,71
official_macro_t10y2y_2013-07-25,71
official_macro_t10y2y_2013-07-26,71
official_macro_t10y2y_2013-07-29,71
official_macro_t10y2y_2013-07-30,71
official_macro_t10y2y_2013-07-31,71
official_macro_t10y2y_2013-08-01,71
official_macro_t10y2y_2013-08-02,71
official_macro_t10y2y_2013-08-05,71
official_macro_t10y2y_2013-08-06,71
official_macro_t10y2y_2013-08-07,71
official_macro_t10y2y_2013-08-08,71
official_macro_t10y2y_2013-08-09,71
official_macro_t10y2y_2013-08-12,71
official_macro_t10y2y_2013-08-13,71
official_macro_t10y2y_2013-08-14,71
official_macro_t10y2y_2013-08-15,71
official_macro_t10y2y_2013-08-16,71
official_macro_t10y2y_2013-08-19,71
official_macro_t10y2y_2013-08-20,71
official_macro_t10y2y_2013-08-21,71
official_macro_t10y2y_2013-08-22,71
official_macro_t10y2y_2013-08-23,71
official_macro_t10y2y_2013-08-26,71
official_macro_t10y2y_2013-08-27,71
official_macro_t10y2y_2013-08-28,71
official_macro_t10y2y_2013-08-29,71
official_macro_t10y2y_2013-08-30,71
official_macro_t10y2y_2013-09-03,71
official_macro_t10y2y_2013-09-04,71
official_macro_t10y2y_2013-09-05,71
official_macro_t10y2y_2013-09-06,71
official_macro_t10y2y_2013-09-09,71
official_macro_t10y2y_2013-09-10,71
official_macro_t10y2y_2013-09-11,71
official_macro_t10y2y_2013-09-12,71
official_macro_t10y2y_2013-09-13,71
official_macro_t10y2y_2013-09-16,71
official_macro_t10y2y_2013-09-17,71
official_macro_t10y2y_2013-09-18,71
official_macro_t10y2y_2013-09-19,71
official_macro_t10y2y_2013-09-20,71
official_macro_t10y2y_2013-09-23,71
official_macro_t10y2y_2013-09-24,71
official_macro_t10y2y_2013-09-25,71
official_macro_t10y2y_2013-09-26,71
official_macro_t10y2y_2013-09-27,71
official_macro_t10y2y_2013-09-30,71
official_macro_t10y2y_2013-10-01,71
official_macro_t10y2y_2013-10-02,71
official_macro_t10y2y_2013-10-03,71
official_macro_t10y2y_2013-10-04,71
official_macro_t10y2y_2013-10-07,71
official_macro_t10y2y_2013-10-08,71
official_macro_t10y2y_2013-10-09,71
official_macro_t10y2y_2013-10-10,71
official_macro_t10y2y_2013-10-11,71
official_macro_t10y2y_2013-10-15,71
official_macro_t10y2y_2013-10-16,71
official_macro_t10y2y_2013-10-17,71
official_macro_t10y2y_2013-10-18,71
official_macro_t10y2y_2013-10-21,71
official_macro_t10y2y_2013-10-22,71
official_macro_t10y2y_2013-10-23,71
official_macro_t10y2y_2013-10-24,71
official_macro_t10y2y_2013-10-25,71
official_macro_t10y2y_2013-10-28,71
official_macro_t10y2y_2013-10-29,71
official_macro_t10y2y_2013-10-30,71
official_macro_t10y2y_2013-10-31,71
official_macro_t10y2y_2013-11-01,71
official_macro_t10y2y_2013-11-04,71
official_macro_t10y2y_2013-11-05,71
official_macro_t10y2y_2013-11-06,71
official_macro_t10y2y_2013-11-07,71
official_macro_t10y2y_2013-11-08,71
official_macro_t10y2y_2013-11-12,71
official_macro_t10y2y_2013-11-13,71
official_macro_t10y2y_2013-11-14,71
official_macro_t10y2y_2013-11-15,71
official_macro_t10y2y_2013-11-18,71
official_macro_t10y2y_2013-11-19,71
official_macro_t10y2y_2013-11-20,71
official_macro_t10y2y_2013-11-21,71
official_macro_t10y2y_2013-11-22,71
official_macro_t10y2y_2013-11-25,71
official_macro_t10y2y_2013-11-26,71
official_macro_t10y2y_2013-11-27,71
official_macro_t10y2y_2013-11-29,71
official_macro_t10y2y_2013-12-02,71
official_macro_t10y2y_2013-12-03,71
official_macro_t10y2y_2013-12-04,71
official_macro_t10y2y_2013-12-05,71
official_macro_t10y2y_2013-12-06,71
official_macro_t10y2y_2013-12-09,71
official_macro_t10y2y_2013-12-10,71
official_macro_t10y2y_2013-12-11,71
official_macro_t10y2y_2013-12-12,71
official_macro_t10y2y_2013-12-13,71
official_macro_t10y2y_2013-12-16,71
official_macro_t10y2y_2013-12-17,71
official_macro_t10y2y_2013-12-18,71
official_macro_t10y2y_2013-12-19,71
official_macro_t10y2y_2013-12-20,71
official_macro_t10y2y_2013-12-23,71
official_macro_t10y2y_2013-12-24,71
official_macro_t10y2y_2013-12-26,71
official_macro_t10y2y_2013-12-27,71
official_macro_t10y2y_2013-12-30,71
official_macro_t10y2y_2013-12-31,71
official_macro_t10y2y_2014-01-02,71
official_macro_t10y2y_2014-01-03,71
official_macro_t10y2y_2014-01-06,71
official_macro_t10y2y_2014-01-07,71
official_macro_t10y2y_2014-01-08,71
official_macro_t10y2y_2014-01-09,71
official_macro_t10y2y_2014-01-10,71
official_macro_t10y2y_2014-01-13,71
official_macro_t10y2y_2014-01-14,71
official_macro_t10y2y_2014-01-15,71
official_macro_t10y2y_2014-01-16,71
official_macro_t10y2y_2014-01-17,71
official_macro_t10y2y_2014-01-21,71
official_macro_t10y2y_2014-01-22,71
official_macro_t10y2y_2014-01-23,71
official_macro_t10y2y_2014-01-24,71
official_macro_t10y2y_2014-01-27,71
official_macro_t10y2y_2014-01-28,71
official_macro_t10y2y_2014-01-29,71
official_macro_t10y2y_2014-01-30,71
official_macro_t10y2y_2014-01-31,71
official_macro_t10y2y_2014-02-03,71
official_macro_t10y2y_2014-02-04,71
official_macro_t10y2y_2014-02-05,71
official_macro_t10y2y_2014-02-06,71
official_macro_t10y2y_2014-02-07,71
official_macro_t10y2y_2014-02-10,71
official_macro_t10y2y_2014-02-11,71
official_macro_t10y2y_2014-02-12,71
official_macro_t10y2y_2014-02-13,71
official_macro_t10y2y_2014-02-14,71
official_macro_t10y2y_2014-02-18,71
official_macro_t10y2y_2014-02-19,71
official_macro_t10y2y_2014-02-20,71
official_macro_t10y2y_2014-02-21,71
official_macro_t10y2y_2014-02-24,71
official_macro_t10y2y_2014-02-25,71
official_macro_t10y2y_2014-02-26,71
official_macro_t10y2y_2014-02-27,71
official_macro_t10y2y_2014-02-28,71
official_macro_t10y2y_2014-03-03,71
official_macro_t10y2y_2014-03-04,71
official_macro_t10y2y_2014-03-05,71
official_macro_t10y2y_2014-03-06,71
official_macro_t10y2y_2014-03-07,71
official_macro_t10y2y_2014-03-10,71
official_macro_t10y2y_2014-03-11,71
official_macro_t10y2y_2014-03-12,71
official_macro_t10y2y_2014-03-13,71
official_macro_t10y2y_2014-03-14,71
official_macro_t10y2y_2014-03-17,71
official_macro_t10y2y_2014-03-18,71
official_macro_t10y2y_2014-03-19,71
official_macro_t10y2y_2014-03-20,71
official_macro_t10y2y_2014-03-21,71
official_macro_t10y2y_2014-03-24,71
official_macro_t10y2y_2014-03-25,71
official_macro_t10y2y_2014-03-26,71
official_macro_t10y2y_2014-03-27,71
official_macro_t10y2y_2014-03-28,71
official_macro_t10y2y_2014-03-31,71
official_macro_t10y2y_2014-04-01,71
official_macro_t10y2y_2014-04-02,71
official_macro_t10y2y_2014-04-03,71
official_macro_t10y2y_2014-04-04,71
official_macro_t10y2y_2014-04-07,71
official_macro_t10y2y_2014-04-08,71
official_macro_t10y2y_2014-04-09,71
official_macro_t10y2y_2014-04-10,71
official_macro_t10y2y_2014-04-11,71
official_macro_t10y2y_2014-04-14,71
official_macro_t10y2y_2014-04-15,71
official_macro_t10y2y_2014-04-16,71
official_macro_t10y2y_2014-04-17,71
official_macro_t10y2y_2014-04-21,71
official_macro_t10y2y_2014-04-22,71
official_macro_t10y2y_2014-04-23,71
official_macro_t10y2y_2014-04-24,71
official_macro_t10y2y_2014-04-25,71
official_macro_t10y2y_2014-04-28,71
official_macro_t10y2y_2014-04-29,71
official_macro_t10y2y_2014-04-30,71
official_macro_t10y2y_2014-05-01,71
official_macro_t10y2y_2014-05-02,71
official_macro_t10y2y_2014-05-05,71
official_macro_t10y2y_2014-05-06,71
official_macro_t10y2y_2014-05-07,71
official_macro_t10y2y_2014-05-08,71
official_macro_t10y2y_2014-05-09,71
official_macro_t10y2y_2014-05-12,71
official_macro_t10y2y_2014-05-13,71
official_macro_t10y2y_2014-05-14,71
official_macro_t10y2y_2014-05-15,71
official_macro_t10y2y_2014-05-16,71
official_macro_t10y2y_2014-05-19,71
official_macro_t10y2y_2014-05-20,71
official_macro_t10y2y_2014-05-21,71
official_macro_t10y2y_2014-05-22,71
official_macro_t10y2y_2014-05-23,71
official_macro_t10y2y_2014-05-27,71
official_macro_t10y2y_2014-05-28,71
official_macro_t10y2y_2014-05-29,71
official_macro_t10y2y_2014-05-30,71
official_macro_t10y2y_2014-06-02,71
official_macro_t10y2y_2014-06-03,71
official_macro_t10y2y_2014-06-04,71
official_macro_t10y2y_2014-06-05,71
official_macro_t10y2y_2014-06-06,71
official_macro_t10y2y_2014-06-09,71
official_macro_t10y2y_2014-06-10,71
official_macro_t10y2y_2014-06-11,71
official_macro_t10y2y_2014-06-12,71
official_macro_t10y2y_2014-06-13,71
official_macro_t10y2y_2014-06-16,71
official_macro_t10y2y_2014-06-17,71
official_macro_t10y2y_2014-06-18,71
official_macro_t10y2y_2014-06-19,71
official_macro_t10y2y_2014-06-20,71
official_macro_t10y2y_2014-06-23,71
official_macro_t10y2y_2014-06-24,71
official_macro_t10y2y_2014-06-25,71
official_macro_t10y2y_2014-06-26,71
official_macro_t10y2y_2014-06-27,71
official_macro_t10y2y_2014-06-30,71
official_macro_t10y2y_2014-07-01,71
official_macro_t10y2y_2014-07-02,71
official_macro_t10y2y_2014-07-03,71
official_macro_t10y2y_2014-07-07,71
official_macro_t10y2y_2014-07-08,71
official_macro_t10y2y_2014-07-09,71
official_macro_t10y2y_2014-07-10,71
official_macro_t10y2y_2014-07-11,71
official_macro_t10y2y_2014-07-14,71
official_macro_t10y2y_2014-07-15,71
official_macro_t10y2y_2014-07-16,71
official_macro_t10y2y_2014-07-17,71
official_macro_t10y2y_2014-07-18,71
official_macro_t10y2y_2014-07-21,71
official_macro_t10y2y_2014-07-22,71
official_macro_t10y2y_2014-07-23,71
official_macro_t10y2y_2014-07-24,71
official_macro_t10y2y_2014-07-25,71
official_macro_t10y2y_2014-07-28,71
official_macro_t10y2y_2014-07-29,71
official_macro_t10y2y_2014-07-30,71
official_macro_t10y2y_2014-07-31,71
official_macro_t10y2y_2014-08-01,71
official_macro_t10y2y_2014-08-04,71
official_macro_t10y2y_2014-08-05,71
official_macro_t10y2y_2014-08-06,71
official_macro_t10y2y_2014-08-07,71
official_macro_t10y2y_2014-08-08,71
official_macro_t10y2y_2014-08-11,71
official_macro_t10y2y_2014-08-12,71
official_macro_t10y2y_2014-08-13,71
official_macro_t10y2y_2014-08-14,71
official_macro_t10y2y_2014-08-15,71
official_macro_t10y2y_2014-08-18,71
official_macro_t10y2y_2014-08-19,71
official_macro_t10y2y_2014-08-20,71
official_macro_t10y2y_2014-08-21,71
official_macro_t10y2y_2014-08-22,71
official_macro_t10y2y_2014-08-25,71
official_macro_t10y2y_2014-08-26,71
official_macro_t10y2y_2014-08-27,71
official_macro_t10y2y_2014-08-28,71
official_macro_t10y2y_2014-08-29,71
official_macro_t10y2y_2014-09-02,71
official_macro_t10y2y_2014-09-03,71
official_macro_t10y2y_2014-09-04,71
official_macro_t10y2y_2014-09-05,71
official_macro_t10y2y_2014-09-08,71
official_macro_t10y2y_2014-09-09,71
official_macro_t10y2y_2014-09-10,71
official_macro_t10y2y_2014-09-11,71
official_macro_t10y2y_2014-09-12,71
official_macro_t10y2y_2014-09-15,71
official_macro_t10y2y_2014-09-16,71
official_macro_t10y2y_2014-09-17,71
official_macro_t10y2y_2014-09-18,71
official_macro_t10y2y_2014-09-19,71
official_macro_t10y2y_2014-09-22,71
official_macro_t10y2y_2014-09-23,71
official_macro_t10y2y_2014-09-24,71
official_macro_t10y2y_2014-09-25,71
official_macro_t10y2y_2014-09-26,71
official_macro_t10y2y_2014-09-29,71
official_macro_t10y2y_2014-09-30,71
official_macro_t10y2y_2014-10-01,71
official_macro_t10y2y_2014-10-02,71
official_macro_t10y2y_2014-10-03,71
official_macro_t10y2y_2014-10-06,71
official_macro_t10y2y_2014-10-07,71
official_macro_t10y2y_2014-10-08,71
official_macro_t10y2y_2014-10-09,71
official_macro_t10y2y_2014-10-10,71
official_macro_t10y2y_2014-10-14,71
official_macro_t10y2y_2014-10-15,71
official_macro_t10y2y_2014-10-16,71
official_macro_t10y2y_2014-10-17,71
official_macro_t10y2y_2014-10-20,71
official_macro_t10y2y_2014-10-21,71
official_macro_t10y2y_2014-10-22,71
official_macro_t10y2y_2014-10-23,71
official_macro_t10y2y_2014-10-24,71
official_macro_t10y2y_2014-10-27,71
official_macro_t10y2y_2014-10-28,71
official_macro_t10y2y_2014-10-29,71
official_macro_t10y2y_2014-10-30,71
official_macro_t10y2y_2014-10-31,71
official_macro_t10y2y_2014-11-03,71
official_macro_t10y2y_2014-11-04,71
official_macro_t10y2y_2014-11-05,71
official_macro_t10y2y_2014-11-06,71
official_macro_t10y2y_2014-11-07,71
official_macro_t10y2y_2014-11-10,71
official_macro_t10y2y_2014-11-12,71
official_macro_t10y2y_2014-11-13,71
official_macro_t10y2y_2014-11-14,71
official_macro_t10y2y_2014-11-17,71
official_macro_t10y2y_2014-11-18,71
official_macro_t10y2y_2014-11-19,71
official_macro_t10y2y_2014-11-20,71
official_macro_t10y2y_2014-11-21,71
official_macro_t10y2y_2014-11-24,71
official_macro_t10y2y_2014-11-25,71
official_macro_t10y2y_2014-11-26,71
official_macro_t10y2y_2014-11-28,71
official_macro_t10y2y_2014-12-01,71
official_macro_t10y2y_2014-12-02,71
official_macro_t10y2y_2014-12-03,71
official_macro_t10y2y_2014-12-04,71
official_macro_t10y2y_2014-12-05,71
official_macro_t10y2y_2014-12-08,71
official_macro_t10y2y_2014-12-09,71
official_macro_t10y2y_2014-12-10,71
official_macro_t10y2y_2014-12-11,71
official_macro_t10y2y_2014-12-12,71
official_macro_t10y2y_2014-12-15,71
official_macro_t10y2y_2014-12-16,71
official_macro_t10y2y_2014-12-17,71
official_macro_t10y2y_2014-12-18,71
official_macro_t10y2y_2014-12-19,71
official_macro_t10y2y_2014-12-22,71
official_macro_t10y2y_2014-12-23,71
official_macro_t10y2y_2014-12-24,71
official_macro_t10y2y_2014-12-26,71
official_macro_t10y2y_2014-12-29,71
official_macro_t10y2y_2014-12-30,71
official_macro_t10y2y_2014-12-31,71
official_macro_t10y2y_2015-01-02,71
official_macro_t10y2y_2015-01-05,71
official_macro_t10y2y_2015-01-06,71
official_macro_t10y2y_2015-01-07,71
official_macro_t10y2y_2015-01-08,71
official_macro_t10y2y_2015-01-09,71
official_macro_t10y2y_2015-01-12,71
official_macro_t10y2y_2015-01-13,71
official_macro_t10y2y_2015-01-14,71
official_macro_t10y2y_2015-01-15,71
official_macro_t10y2y_2015-01-16,71
official_macro_t10y2y_2015-01-20,71
official_macro_t10y2y_2015-01-21,71
official_macro_t10y2y_2015-01-22,71
official_macro_t10y2y_2015-01-23,71
official_macro_t10y2y_2015-01-26,71
official_macro_t10y2y_2015-01-27,71
official_macro_t10y2y_2015-01-28,71
official_macro_t10y2y_2015-01-29,71
official_macro_t10y2y_2015-01-30,71
official_macro_t10y2y_2015-02-02,71
official_macro_t10y2y_2015-02-03,71
official_macro_t10y2y_2015-02-04,71
official_macro_t10y2y_2015-02-05,71
official_macro_t10y2y_2015-02-06,71
official_macro_t10y2y_2015-02-09,71
official_macro_t10y2y_2015-02-10,71
official_macro_t10y2y_2015-02-11,71
official_macro_t10y2y_2015-02-12,71
official_macro_t10y2y_2015-02-13,71
official_macro_t10y2y_2015-02-17,71
official_macro_t10y2y_2015-02-18,71
official_macro_t10y2y_2015-02-19,71
official_macro_t10y2y_2015-02-20,71
official_macro_t10y2y_2015-02-23,71
official_macro_t10y2y_2015-02-24,71
official_macro_t10y2y_2015-02-25,71
official_macro_t10y2y_2015-02-26,71
official_macro_t10y2y_2015-02-27,71
official_macro_t10y2y_2015-03-02,71
official_macro_t10y2y_2015-03-03,71
official_macro_t10y2y_2015-03-04,71
official_macro_t10y2y_2015-03-05,71
official_macro_t10y2y_2015-03-06,71
official_macro_t10y2y_2015-03-09,71
official_macro_t10y2y_2015-03-10,71
official_macro_t10y2y_2015-03-11,71
official_macro_t10y2y_2015-03-12,71
official_macro_t10y2y_2015-03-13,71
official_macro_t10y2y_2015-03-16,71
official_macro_t10y2y_2015-03-17,71
official_macro_t10y2y_2015-03-18,71
official_macro_t10y2y_2015-03-19,71
official_macro_t10y2y_2015-03-20,71
official_macro_t10y2y_2015-03-23,71
official_macro_t10y2y_2015-03-24,71
official_macro_t10y2y_2015-03-25,71
official_macro_t10y2y_2015-03-26,71
official_macro_t10y2y_2015-03-27,71
official_macro_t10y2y_2015-03-30,71
official_macro_t10y2y_2015-03-31,71
official_macro_t10y2y_2015-04-01,71
official_macro_t10y2y_2015-04-02,71
official_macro_t10y2y_2015-04-03,71
official_macro_t10y2y_2015-04-06,71
official_macro_t10y2y_2015-04-07,71
official_macro_t10y2y_2015-04-08,71
official_macro_t10y2y_2015-04-09,71
official_macro_t10y2y_2015-04-10,71
official_macro_t10y2y_2015-04-13,71
official_macro_t10y2y_2015-04-14,71
official_macro_t10y2y_2015-04-15,71
official_macro_t10y2y_2015-04-16,71
official_macro_t10y2y_2015-04-17,71
official_macro_t10y2y_2015-04-20,71
official_macro_t10y2y_2015-04-21,71
official_macro_t10y2y_2015-04-22,71
official_macro_t10y2y_2015-04-23,71
official_macro_t10y2y_2015-04-24,71
official_macro_t10y2y_2015-04-27,71
official_macro_t10y2y_2015-04-28,71
official_macro_t10y2y_2015-04-29,71
official_macro_t10y2y_2015-04-30,71
official_macro_t10y2y_2015-05-01,71
official_macro_t10y2y_2015-05-04,71
official_macro_t10y2y_2015-05-05,71
official_macro_t10y2y_2015-05-06,71
official_macro_t10y2y_2015-05-07,71
official_macro_t10y2y_2015-05-08,71
official_macro_t10y2y_2015-05-11,71
official_macro_t10y2y_2015-05-12,71
official_macro_t10y2y_2015-05-13,71
official_macro_t10y2y_2015-05-14,71
official_macro_t10y2y_2015-05-15,71
official_macro_t10y2y_2015-05-18,71
official_macro_t10y2y_2015-05-19,71
official_macro_t10y2y_2015-05-20,71
official_macro_t10y2y_2015-05-21,71
official_macro_t10y2y_2015-05-22,71
official_macro_t10y2y_2015-05-26,71
official_macro_t10y2y_2015-05-27,71
official_macro_t10y2y_2015-05-28,71
official_macro_t10y2y_2015-05-29,71
official_macro_t10y2y_2015-06-01,71
official_macro_t10y2y_2015-06-02,71
official_macro_t10y2y_2015-06-03,71
official_macro_t10y2y_2015-06-04,71
official_macro_t10y2y_2015-06-05,71
official_macro_t10y2y_2015-06-08,71
official_macro_t10y2y_2015-06-09,71
official_macro_t10y2y_2015-06-10,71
official_macro_t10y2y_2015-06-11,71
official_macro_t10y2y_2015-06-12,71
official_macro_t10y2y_2015-06-15,71
official_macro_t10y2y_2015-06-16,71
official_macro_t10y2y_2015-06-17,71
official_macro_t10y2y_2015-06-18,71
official_macro_t10y2y_2015-06-19,71
official_macro_t10y2y_2015-06-22,71
official_macro_t10y2y_2015-06-23,71
official_macro_t10y2y_2015-06-24,71
official_macro_t10y2y_2015-06-25,71
official_macro_t10y2y_2015-06-26,71
official_macro_t10y2y_2015-06-29,71
official_macro_t10y2y_2015-06-30,71
official_macro_t10y2y_2015-07-01,71
official_macro_t10y2y_2015-07-02,71
official_macro_t10y2y_2015-07-06,71
official_macro_t10y2y_2015-07-07,71
official_macro_t10y2y_2015-07-08,71
official_macro_t10y2y_2015-07-09,71
official_macro_t10y2y_2015-07-10,71
official_macro_t10y2y_2015-07-13,71
official_macro_t10y2y_2015-07-14,71
official_macro_t10y2y_2015-07-15,71
official_macro_t10y2y_2015-07-16,71
official_macro_t10y2y_2015-07-17,71
official_macro_t10y2y_2015-07-20,71
official_macro_t10y2y_2015-07-21,71
official_macro_t10y2y_2015-07-22,71
official_macro_t10y2y_2015-07-23,71
official_macro_t10y2y_2015-07-24,71
official_macro_t10y2y_2015-07-27,71
official_macro_t10y2y_2015-07-28,71
official_macro_t10y2y_2015-07-29,71
official_macro_t10y2y_2015-07-30,71
official_macro_t10y2y_2015-07-31,71
official_macro_t10y2y_2015-08-03,71
official_macro_t10y2y_2015-08-04,71
official_macro_t10y2y_2015-08-05,71
official_macro_t10y2y_2015-08-06,71
official_macro_t10y2y_2015-08-07,71
official_macro_t10y2y_2015-08-10,71
official_macro_t10y2y_2015-08-11,71
official_macro_t10y2y_2015-08-12,71
official_macro_t10y2y_2015-08-13,71
official_macro_t10y2y_2015-08-14,71
official_macro_t10y2y_2015-08-17,71
official_macro_t10y2y_2015-08-18,71
official_macro_t10y2y_2015-08-19,71
official_macro_t10y2y_2015-08-20,71
official_macro_t10y2y_2015-08-21,71
official_macro_t10y2y_2015-08-24,71
official_macro_t10y2y_2015-08-25,71
official_macro_t10y2y_2015-08-26,71
official_macro_t10y2y_2015-08-27,71
official_macro_t10y2y_2015-08-28,71
official_macro_t10y2y_2015-08-31,71
official_macro_t10y2y_2015-09-01,71
official_macro_t10y2y_2015-09-02,71
official_macro_t10y2y_2015-09-03,71
official_macro_t10y2y_2015-09-04,71
official_macro_t10y2y_2015-09-08,71
official_macro_t10y2y_2015-09-09,71
official_macro_t10y2y_2015-09-10,71
official_macro_t10y2y_2015-09-11,71
official_macro_t10y2y_2015-09-14,71
official_macro_t10y2y_2015-09-15,71
official_macro_t10y2y_2015-09-16,71
official_macro_t10y2y_2015-09-17,71
official_macro_t10y2y_2015-09-18,71
official_macro_t10y2y_2015-09-21,71
official_macro_t10y2y_2015-09-22,71
official_macro_t10y2y_2015-09-23,71
official_macro_t10y2y_2015-09-24,71
official_macro_t10y2y_2015-09-25,71
official_macro_t10y2y_2015-09-28,71
official_macro_t10y2y_2015-09-29,71
official_macro_t10y2y_2015-09-30,71
official_macro_t10y2y_2015-10-01,71
official_macro_t10y2y_2015-10-02,71
official_macro_t10y2y_2015-10-05,71
official_macro_t10y2y_2015-10-06,71
official_macro_t10y2y_2015-10-07,71
official_macro_t10y2y_2015-10-08,71
official_macro_t10y2y_2015-10-09,71
official_macro_t10y2y_2015-10-13,71
official_macro_t10y2y_2015-10-14,71
official_macro_t10y2y_2015-10-15,71
official_macro_t10y2y_2015-10-16,71
official_macro_t10y2y_2015-10-19,71
official_macro_t10y2y_2015-10-20,71
official_macro_t10y2y_2015-10-21,71
official_macro_t10y2y_2015-10-22,71
official_macro_t10y2y_2015-10-23,71
official_macro_t10y2y_2015-10-26,71
official_macro_t10y2y_2015-10-27,71
official_macro_t10y2y_2015-10-28,71
official_macro_t10y2y_2015-10-29,71
official_macro_t10y2y_2015-10-30,71
official_macro_t10y2y_2015-11-02,71
official_macro_t10y2y_2015-11-03,71
official_macro_t10y2y_2015-11-04,71
official_macro_t10y2y_2015-11-05,71
official_macro_t10y2y_2015-11-06,71
official_macro_t10y2y_2015-11-09,71
official_macro_t10y2y_2015-11-10,71
official_macro_t10y2y_2015-11-12,71
official_macro_t10y2y_2015-11-13,71
official_macro_t10y2y_2015-11-16,71
official_macro_t10y2y_2015-11-17,71
official_macro_t10y2y_2015-11-18,71
official_macro_t10y2y_2015-11-19,71
official_macro_t10y2y_2015-11-20,71
official_macro_t10y2y_2015-11-23,71
official_macro_t10y2y_2015-11-24,71
official_macro_t10y2y_2015-11-25,71
official_macro_t10y2y_2015-11-27,71
official_macro_t10y2y_2015-11-30,71
official_macro_t10y2y_2015-12-01,71
official_macro_t10y2y_2015-12-02,71
official_macro_t10y2y_2015-12-03,71
official_macro_t10y2y_2015-12-04,71
official_macro_t10y2y_2015-12-07,71
official_macro_t10y2y_2015-12-08,71
official_macro_t10y2y_2015-12-09,71
official_macro_t10y2y_2015-12-10,71
official_macro_t10y2y_2015-12-11,71
official_macro_t10y2y_2015-12-14,71
official_macro_t10y2y_2015-12-15,71
official_macro_t10y2y_2015-12-16,71
official_macro_t10y2y_2015-12-17,71
official_macro_t10y2y_2015-12-18,71
official_macro_t10y2y_2015-12-21,71
official_macro_t10y2y_2015-12-22,71
official_macro_t10y2y_2015-12-23,71
official_macro_t10y2y_2015-12-24,71
official_macro_t10y2y_2015-12-28,71
official_macro_t10y2y_2015-12-29,71
official_macro_t10y2y_2015-12-30,71
official_macro_t10y2y_2015-12-31,71
official_macro_t10y2y_2016-01-04,71
official_macro_t10y2y_2016-01-05,71
official_macro_t10y2y_2016-01-06,71
official_macro_t10y2y_2016-01-07,71
official_macro_t10y2y_2016-01-08,71
official_macro_t10y2y_2016-01-11,71
official_macro_t10y2y_2016-01-12,71
official_macro_t10y2y_2016-01-13,71
official_macro_t10y2y_2016-01-14,71
official_macro_t10y2y_2016-01-15,71
official_macro_t10y2y_2016-01-19,71
official_macro_t10y2y_2016-01-20,71
official_macro_t10y2y_2016-01-21,71
official_macro_t10y2y_2016-01-22,71
official_macro_t10y2y_2016-01-25,71
official_macro_t10y2y_2016-01-26,71
official_macro_t10y2y_2016-01-27,71
official_macro_t10y2y_2016-01-28,71
official_macro_t10y2y_2016-01-29,71
official_macro_t10y2y_2016-02-01,71
official_macro_t10y2y_2016-02-02,71
official_macro_t10y2y_2016-02-03,71
official_macro_t10y2y_2016-02-04,71
official_macro_t10y2y_2016-02-05,71
official_macro_t10y2y_2016-02-08,71
official_macro_t10y2y_2016-02-09,71
official_macro_t10y2y_2016-02-10,71
official_macro_t10y2y_2016-02-11,71
official_macro_t10y2y_2016-02-12,71
official_macro_t10y2y_2016-02-16,71
official_macro_t10y2y_2016-02-17,71
official_macro_t10y2y_2016-02-18,71
official_macro_t10y2y_2016-02-19,71
official_macro_t10y2y_2016-02-22,71
official_macro_t10y2y_2016-02-23,71
official_macro_t10y2y_2016-02-24,71
official_macro_t10y2y_2016-02-25,71
official_macro_t10y2y_2016-02-26,71
official_macro_t10y2y_2016-02-29,71
official_macro_t10y2y_2016-03-01,71
official_macro_t10y2y_2016-03-02,71
official_macro_t10y2y_2016-03-03,71
official_macro_t10y2y_2016-03-04,71
official_macro_t10y2y_2016-03-07,71
official_macro_t10y2y_2016-03-08,71
official_macro_t10y2y_2016-03-09,71
official_macro_t10y2y_2016-03-10,71
official_macro_t10y2y_2016-03-11,71
official_macro_t10y2y_2016-03-14,71
official_macro_t10y2y_2016-03-15,71
official_macro_t10y2y_2016-03-16,71
official_macro_t10y2y_2016-03-17,71
official_macro_t10y2y_2016-03-18,71
official_macro_t10y2y_2016-03-21,71
official_macro_t10y2y_2016-03-22,71
official_macro_t10y2y_2016-03-23,71
official_macro_t10y2y_2016-03-24,71
official_macro_t10y2y_2016-03-28,71
official_macro_t10y2y_2016-03-29,71
official_macro_t10y2y_2016-03-30,71
official_macro_t10y2y_2016-03-31,71
official_macro_t10y2y_2016-04-01,71
official_macro_t10y2y_2016-04-04,71
official_macro_t10y2y_2016-04-05,71
official_macro_t10y2y_2016-04-06,71
official_macro_t10y2y_2016-04-07,71
official_macro_t10y2y_2016-04-08,71
official_macro_t10y2y_2016-04-11,71
official_macro_t10y2y_2016-04-12,71
official_macro_t10y2y_2016-04-13,71
official_macro_t10y2y_2016-04-14,71
official_macro_t10y2y_2016-04-15,71
official_macro_t10y2y_2016-04-18,71
official_macro_t10y2y_2016-04-19,71
official_macro_t10y2y_2016-04-20,71
official_macro_t10y2y_2016-04-21,71
official_macro_t10y2y_2016-04-22,71
official_macro_t10y2y_2016-04-25,71
official_macro_t10y2y_2016-04-26,71
official_macro_t10y2y_2016-04-27,71
official_macro_t10y2y_2016-04-28,71
official_macro_t10y2y_2016-04-29,71
official_macro_t10y2y_2016-05-02,71
official_macro_t10y2y_2016-05-03,71
official_macro_t10y2y_2016-05-04,71
official_macro_t10y2y_2016-05-05,71
official_macro_t10y2y_2016-05-06,71
official_macro_t10y2y_2016-05-09,71
official_macro_t10y2y_2016-05-10,71
official_macro_t10y2y_2016-05-11,71
official_macro_t10y2y_2016-05-12,71
official_macro_t10y2y_2016-05-13,71
official_macro_t10y2y_2016-05-16,71
official_macro_t10y2y_2016-05-17,71
official_macro_t10y2y_2016-05-18,71
official_macro_t10y2y_2016-05-19,71
official_macro_t10y2y_2016-05-20,71
official_macro_t10y2y_2016-05-23,71
official_macro_t10y2y_2016-05-24,71
official_macro_t10y2y_2016-05-25,71
official_macro_t10y2y_2016-05-26,71
official_macro_t10y2y_2016-05-27,71
official_macro_t10y2y_2016-05-31,71
official_macro_t10y2y_2016-06-01,71
official_macro_t10y2y_2016-06-02,71
official_macro_t10y2y_2016-06-03,71
official_macro_t10y2y_2016-06-06,71
official_macro_t10y2y_2016-06-07,71
official_macro_t10y2y_2016-06-08,71
official_macro_t10y2y_2016-06-09,71
official_macro_t10y2y_2016-06-10,71
official_macro_t10y2y_2016-06-13,71
official_macro_t10y2y_2016-06-14,71
official_macro_t10y2y_2016-06-15,71
official_macro_t10y2y_2016-06-16,71
official_macro_t10y2y_2016-06-17,71
official_macro_t10y2y_2016-06-20,71
official_macro_t10y2y_2016-06-21,71
official_macro_t10y2y_2016-06-22,71
official_macro_t10y2y_2016-06-23,71
official_macro_t10y2y_2016-06-24,71
official_macro_t10y2y_2016-06-27,71
official_macro_t10y2y_2016-06-28,71
official_macro_t10y2y_2016-06-29,71
official_macro_t10y2y_2016-06-30,71
official_macro_t10y2y_2016-07-01,71
official_macro_t10y2y_2016-07-05,71
official_macro_t10y2y_2016-07-06,71
official_macro_t10y2y_2016-07-07,71
official_macro_t10y2y_2016-07-08,71
official_macro_t10y2y_2016-07-11,71
official_macro_t10y2y_2016-07-12,71
official_macro_t10y2y_2016-07-13,71
official_macro_t10y2y_2016-07-14,71
official_macro_t10y2y_2016-07-15,71
official_macro_t10y2y_2016-07-18,71
official_macro_t10y2y_2016-07-19,71
official_macro_t10y2y_2016-07-20,71
official_macro_t10y2y_2016-07-21,71
official_macro_t10y2y_2016-07-22,71
official_macro_t10y2y_2016-07-25,71
official_macro_t10y2y_2016-07-26,71
official_macro_t10y2y_2016-07-27,71
official_macro_t10y2y_2016-07-28,71
official_macro_t10y2y_2016-07-29,71
official_macro_t10y2y_2016-08-01,71
official_macro_t10y2y_2016-08-02,71
official_macro_t10y2y_2016-08-03,71
official_macro_t10y2y_2016-08-04,71
official_macro_t10y2y_2016-08-05,71
official_macro_t10y2y_2016-08-08,71
official_macro_t10y2y_2016-08-09,71
official_macro_t10y2y_2016-08-10,71
official_macro_t10y2y_2016-08-11,71
official_macro_t10y2y_2016-08-12,71
official_macro_t10y2y_2016-08-15,71
official_macro_t10y2y_2016-08-16,71
official_macro_t10y2y_2016-08-17,71
official_macro_t10y2y_2016-08-18,71
official_macro_t10y2y_2016-08-19,71
official_macro_t10y2y_2016-08-22,71
official_macro_t10y2y_2016-08-23,71
official_macro_t10y2y_2016-08-24,71
official_macro_t10y2y_2016-08-25,71
official_macro_t10y2y_2016-08-26,71
official_macro_t10y2y_2016-08-29,71
official_macro_t10y2y_2016-08-30,71
official_macro_t10y2y_2016-08-31,71
official_macro_t10y2y_2016-09-01,71
official_macro_t10y2y_2016-09-02,71
official_macro_t10y2y_2016-09-06,71
official_macro_t10y2y_2016-09-07,71
official_macro_t10y2y_2016-09-08,71
official_macro_t10y2y_2016-09-09,71
official_macro_t10y2y_2016-09-12,71
official_macro_t10y2y_2016-09-13,71
official_macro_t10y2y_2016-09-14,71
official_macro_t10y2y_2016-09-15,71
official_macro_t10y2y_2016-09-16,71
official_macro_t10y2y_2016-09-19,71
official_macro_t10y2y_2016-09-20,71
official_macro_t10y2y_2016-09-21,71
official_macro_t10y2y_2016-09-22,71
official_macro_t10y2y_2016-09-23,71
official_macro_t10y2y_2016-09-26,71
official_macro_t10y2y_2016-09-27,71
official_macro_t10y2y_2016-09-28,71
official_macro_t10y2y_2016-09-29,71
official_macro_t10y2y_2016-09-30,71
official_macro_t10y2y_2016-10-03,71
official_macro_t10y2y_2016-10-04,71
official_macro_t10y2y_2016-10-05,71
official_macro_t10y2y_2016-10-06,71
official_macro_t10y2y_2016-10-07,71
official_macro_t10y2y_2016-10-11,71
official_macro_t10y2y_2016-10-12,71
official_macro_t10y2y_2016-10-13,71
official_macro_t10y2y_2016-10-14,71
official_macro_t10y2y_2016-10-17,71
official_macro_t10y2y_2016-10-18,71
official_macro_t10y2y_2016-10-19,71
official_macro_t10y2y_2016-10-20,71
official_macro_t10y2y_2016-10-21,71
official_macro_t10y2y_2016-10-24,71
official_macro_t10y2y_2016-10-25,71
official_macro_t10y2y_2016-10-26,71
official_macro_t10y2y_2016-10-27,71
official_macro_t10y2y_2016-10-28,71
official_macro_t10y2y_2016-10-31,71
official_macro_t10y2y_2016-11-01,71
official_macro_t10y2y_2016-11-02,71
official_macro_t10y2y_2016-11-03,71
official_macro_t10y2y_2016-11-04,71
official_macro_t10y2y_2016-11-07,71
official_macro_t10y2y_2016-11-08,71
official_macro_t10y2y_2016-11-09,71
official_macro_t10y2y_2016-11-10,71
official_macro_t10y2y_2016-11-14,71
official_macro_t10y2y_2016-11-15,71
official_macro_t10y2y_2016-11-16,71
official_macro_t10y2y_2016-11-17,71
official_macro_t10y2y_2016-11-18,71
official_macro_t10y2y_2016-11-21,71
official_macro_t10y2y_2016-11-22,71
official_macro_t10y2y_2016-11-23,71
official_macro_t10y2y_2016-11-25,71
official_macro_t10y2y_2016-11-28,71
official_macro_t10y2y_2016-11-29,71
official_macro_t10y2y_2016-11-30,71
official_macro_t10y2y_2016-12-01,71
official_macro_t10y2y_2016-12-02,71
official_macro_t10y2y_2016-12-05,71
official_macro_t10y2y_2016-12-06,71
official_macro_t10y2y_2016-12-07,71
official_macro_t10y2y_2016-12-08,71
official_macro_t10y2y_2016-12-09,71
official_macro_t10y2y_2016-12-12,71
official_macro_t10y2y_2016-12-13,71
official_macro_t10y2y_2016-12-14,71
official_macro_t10y2y_2016-12-15,71
official_macro_t10y2y_2016-12-16,71
official_macro_t10y2y_2016-12-19,71
official_macro_t10y2y_2016-12-20,71
official_macro_t10y2y_2016-12-21,71
official_macro_t10y2y_2016-12-22,71
official_macro_t10y2y_2016-12-23,71
official_macro_t10y2y_2016-12-27,71
official_macro_t10y2y_2016-12-28,71
official_macro_t10y2y_2016-12-29,71
official_macro_t10y2y_2016-12-30,71
official_macro_t10y2y_2017-01-03,71
official_macro_t10y2y_2017-01-04,71
official_macro_t10y2y_2017-01-05,71
official_macro_t10y2y_2017-01-06,71
official_macro_t10y2y_2017-01-09,71
official_macro_t10y2y_2017-01-10,71
official_macro_t10y2y_2017-01-11,71
official_macro_t10y2y_2017-01-12,71
official_macro_t10y2y_2017-01-13,71
official_macro_t10y2y_2017-01-17,71
official_macro_t10y2y_2017-01-18,71
official_macro_t10y2y_2017-01-19,71
official_macro_t10y2y_2017-01-20,71
official_macro_t10y2y_2017-01-23,71
official_macro_t10y2y_2017-01-24,71
official_macro_t10y2y_2017-01-25,71
official_macro_t10y2y_2017-01-26,71
official_macro_t10y2y_2017-01-27,71
official_macro_t10y2y_2017-01-30,71
official_macro_t10y2y_2017-01-31,71
official_macro_t10y2y_2017-02-01,71
official_macro_t10y2y_2017-02-02,71
official_macro_t10y2y_2017-02-03,71
official_macro_t10y2y_2017-02-06,71
official_macro_t10y2y_2017-02-07,71
official_macro_t10y2y_2017-02-08,71
official_macro_t10y2y_2017-02-09,71
official_macro_t10y2y_2017-02-10,71
official_macro_t10y2y_2017-02-13,71
official_macro_t10y2y_2017-02-14,71
official_macro_t10y2y_2017-02-15,71
official_macro_t10y2y_2017-02-16,71
official_macro_t10y2y_2017-02-17,71
official_macro_t10y2y_2017-02-21,71
official_macro_t10y2y_2017-02-22,71
official_macro_t10y2y_2017-02-23,71
official_macro_t10y2y_2017-02-24,71
official_macro_t10y2y_2017-02-27,71
official_macro_t10y2y_2017-02-28,71
official_macro_t10y2y_2017-03-01,71
official_macro_t10y2y_2017-03-02,71
official_macro_t10y2y_2017-03-03,71
official_macro_t10y2y_2017-03-06,71
official_macro_t10y2y_2017-03-07,71
official_macro_t10y2y_2017-03-08,71
official_macro_t10y2y_2017-03-09,71
official_macro_t10y2y_2017-03-10,71
official_macro_t10y2y_2017-03-13,71
official_macro_t10y2y_2017-03-14,71
official_macro_t10y2y_2017-03-15,71
official_macro_t10y2y_2017-03-16,71
official_macro_t10y2y_2017-03-17,71
official_macro_t10y2y_2017-03-20,71
official_macro_t10y2y_2017-03-21,71
official_macro_t10y2y_2017-03-22,71
official_macro_t10y2y_2017-03-23,71
official_macro_t10y2y_2017-03-24,71
official_macro_t10y2y_2017-03-27,71
official_macro_t10y2y_2017-03-28,71
official_macro_t10y2y_2017-03-29,71
official_macro_t10y2y_2017-03-30,71
official_macro_t10y2y_2017-03-31,71
official_macro_t10y2y_2017-04-03,71
official_macro_t10y2y_2017-04-04,71
official_macro_t10y2y_2017-04-05,71
official_macro_t10y2y_2017-04-06,71
official_macro_t10y2y_2017-04-07,71
official_macro_t10y2y_2017-04-10,71
official_macro_t10y2y_2017-04-11,71
official_macro_t10y2y_2017-04-12,71
official_macro_t10y2y_2017-04-13,71
official_macro_t10y2y_2017-04-17,71
official_macro_t10y2y_2017-04-18,71
official_macro_t10y2y_2017-04-19,71
official_macro_t10y2y_2017-04-20,71
official_macro_t10y2y_2017-04-21,71
official_macro_t10y2y_2017-04-24,71
official_macro_t10y2y_2017-04-25,71
official_macro_t10y2y_2017-04-26,71
official_macro_t10y2y_2017-04-27,71
official_macro_t10y2y_2017-04-28,71
official_macro_t10y2y_2017-05-01,71
official_macro_t10y2y_2017-05-02,71
official_macro_t10y2y_2017-05-03,71
official_macro_t10y2y_2017-05-04,71
official_macro_t10y2y_2017-05-05,71
official_macro_t10y2y_2017-05-08,71
official_macro_t10y2y_2017-05-09,71
official_macro_t10y2y_2017-05-10,71
official_macro_t10y2y_2017-05-11,71
official_macro_t10y2y_2017-05-12,71
official_macro_t10y2y_2017-05-15,71
official_macro_t10y2y_2017-05-16,71
official_macro_t10y2y_2017-05-17,71
official_macro_t10y2y_2017-05-18,71
official_macro_t10y2y_2017-05-19,71
official_macro_t10y2y_2017-05-22,71
official_macro_t10y2y_2017-05-23,71
official_macro_t10y2y_2017-05-24,71
official_macro_t10y2y_2017-05-25,71
official_macro_t10y2y_2017-05-26,71
official_macro_t10y2y_2017-05-30,71
official_macro_t10y2y_2017-05-31,71
official_macro_t10y2y_2017-06-01,71
official_macro_t10y2y_2017-06-02,71
official_macro_t10y2y_2017-06-05,71
official_macro_t10y2y_2017-06-06,71
official_macro_t10y2y_2017-06-07,71
official_macro_t10y2y_2017-06-08,71
official_macro_t10y2y_2017-06-09,71
official_macro_t10y2y_2017-06-12,71
official_macro_t10y2y_2017-06-13,71
official_macro_t10y2y_2017-06-14,71
official_macro_t10y2y_2017-06-15,71
official_macro_t10y2y_2017-06-16,71
official_macro_t10y2y_2017-06-19,71
official_macro_t10y2y_2017-06-20,71
official_macro_t10y2y_2017-06-21,71
official_macro_t10y2y_2017-06-22,71
official_macro_t10y2y_2017-06-23,71
official_macro_t10y2y_2017-06-26,71
official_macro_t10y2y_2017-06-27,71
official_macro_t10y2y_2017-06-28,71
official_macro_t10y2y_2017-06-29,71
official_macro_t10y2y_2017-06-30,71
official_macro_t10y2y_2017-07-03,71
official_macro_t10y2y_2017-07-05,71
official_macro_t10y2y_2017-07-06,71
official_macro_t10y2y_2017-07-07,71
official_macro_t10y2y_2017-07-10,71
official_macro_t10y2y_2017-07-11,71
official_macro_t10y2y_2017-07-12,71
official_macro_t10y2y_2017-07-13,71
official_macro_t10y2y_2017-07-14,71
official_macro_t10y2y_2017-07-17,71
official_macro_t10y2y_2017-07-18,71
official_macro_t10y2y_2017-07-19,71
official_macro_t10y2y_2017-07-20,71
official_macro_t10y2y_2017-07-21,71
official_macro_t10y2y_2017-07-24,71
official_macro_t10y2y_2017-07-25,71
official_macro_t10y2y_2017-07-26,71
official_macro_t10y2y_2017-07-27,71
official_macro_t10y2y_2017-07-28,71
official_macro_t10y2y_2017-07-31,71
official_macro_t10y2y_2017-08-01,71
official_macro_t10y2y_2017-08-02,71
official_macro_t10y2y_2017-08-03,71
official_macro_t10y2y_2017-08-04,71
official_macro_t10y2y_2017-08-07,71
official_macro_t10y2y_2017-08-08,71
official_macro_t10y2y_2017-08-09,71
official_macro_t10y2y_2017-08-10,71
official_macro_t10y2y_2017-08-11,71
official_macro_t10y2y_2017-08-14,71
official_macro_t10y2y_2017-08-15,71
official_macro_t10y2y_2017-08-16,71
official_macro_t10y2y_2017-08-17,71
official_macro_t10y2y_2017-08-18,71
official_macro_t10y2y_2017-08-21,71
official_macro_t10y2y_2017-08-22,71
official_macro_t10y2y_2017-08-23,71
official_macro_t10y2y_2017-08-24,71
official_macro_t10y2y_2017-08-25,71
official_macro_t10y2y_2017-08-28,71
official_macro_t10y2y_2017-08-29,71
official_macro_t10y2y_2017-08-30,71
official_macro_t10y2y_2017-08-31,71
official_macro_t10y2y_2017-09-01,71
official_macro_t10y2y_2017-09-05,71
official_macro_t10y2y_2017-09-06,71
official_macro_t10y2y_2017-09-07,71
official_macro_t10y2y_2017-09-08,71
official_macro_t10y2y_2017-09-11,71
official_macro_t10y2y_2017-09-12,71
official_macro_t10y2y_2017-09-13,71
official_macro_t10y2y_2017-09-14,71
official_macro_t10y2y_2017-09-15,71
official_macro_t10y2y_2017-09-18,71
official_macro_t10y2y_2017-09-19,71
official_macro_t10y2y_2017-09-20,71
official_macro_t10y2y_2017-09-21,71
official_macro_t10y2y_2017-09-22,71
official_macro_t10y2y_2017-09-25,71
official_macro_t10y2y_2017-09-26,71
official_macro_t10y2y_2017-09-27,71
official_macro_t10y2y_2017-09-28,71
official_macro_t10y2y_2017-09-29,71
official_macro_t10y2y_2017-10-02,71
official_macro_t10y2y_2017-10-03,71
official_macro_t10y2y_2017-10-04,71
official_macro_t10y2y_2017-10-05,71
official_macro_t10y2y_2017-10-06,71
official_macro_t10y2y_2017-10-10,71
official_macro_t10y2y_2017-10-11,71
official_macro_t10y2y_2017-10-12,71
official_macro_t10y2y_2017-10-13,71
official_macro_t10y2y_2017-10-16,71
official_macro_t10y2y_2017-10-17,71
official_macro_t10y2y_2017-10-18,71
official_macro_t10y2y_2017-10-19,71
official_macro_t10y2y_2017-10-20,71
official_macro_t10y2y_2017-10-23,71
official_macro_t10y2y_2017-10-24,71
official_macro_t10y2y_2017-10-25,71
official_macro_t10y2y_2017-10-26,71
official_macro_t10y2y_2017-10-27,71
official_macro_t10y2y_2017-10-30,71
official_macro_t10y2y_2017-10-31,71
official_macro_t10y2y_2017-11-01,71
official_macro_t10y2y_2017-11-02,71
official_macro_t10y2y_2017-11-03,71
official_macro_t10y2y_2017-11-06,71
official_macro_t10y2y_2017-11-07,71
official_macro_t10y2y_2017-11-08,71
official_macro_t10y2y_2017-11-09,71
official_macro_t10y2y_2017-11-10,71
official_macro_t10y2y_2017-11-13,71
official_macro_t10y2y_2017-11-14,71
official_macro_t10y2y_2017-11-15,71
official_macro_t10y2y_2017-11-16,71
official_macro_t10y2y_2017-11-17,71
official_macro_t10y2y_2017-11-20,71
official_macro_t10y2y_2017-11-21,71
official_macro_t10y2y_2017-11-22,71
official_macro_t10y2y_2017-11-24,71
official_macro_t10y2y_2017-11-27,71
official_macro_t10y2y_2017-11-28,71
official_macro_t10y2y_2017-11-29,71
official_macro_t10y2y_2017-11-30,71
official_macro_t10y2y_2017-12-01,71
official_macro_t10y2y_2017-12-04,71
official_macro_t10y2y_2017-12-05,71
official_macro_t10y2y_2017-12-06,71
official_macro_t10y2y_2017-12-07,71
official_macro_t10y2y_2017-12-08,71
official_macro_t10y2y_2017-12-11,71
official_macro_t10y2y_2017-12-12,71
official_macro_t10y2y_2017-12-13,71
official_macro_t10y2y_2017-12-14,71
official_macro_t10y2y_2017-12-15,71
official_macro_t10y2y_2017-12-18,71
official_macro_t10y2y_2017-12-19,71
official_macro_t10y2y_2017-12-20,71
official_macro_t10y2y_2017-12-21,71
official_macro_t10y2y_2017-12-22,71
official_macro_t10y2y_2017-12-26,71
official_macro_t10y2y_2017-12-27,71
official_macro_t10y2y_2017-12-28,71
official_macro_t10y2y_2017-12-29,71
official_macro_t10y2y_2018-01-02,71
official_macro_t10y2y_2018-01-03,71
official_macro_t10y2y_2018-01-04,71
official_macro_t10y2y_2018-01-05,71
official_macro_t10y2y_2018-01-08,71
official_macro_t10y2y_2018-01-09,71
official_macro_t10y2y_2018-01-10,71
official_macro_t10y2y_2018-01-11,71
official_macro_t10y2y_2018-01-12,71
official_macro_t10y2y_2018-01-16,71
official_macro_t10y2y_2018-01-17,71
official_macro_t10y2y_2018-01-18,71
official_macro_t10y2y_2018-01-19,71
official_macro_t10y2y_2018-01-22,71
official_macro_t10y2y_2018-01-23,71
official_macro_t10y2y_2018-01-24,71
official_macro_t10y2y_2018-01-25,71
official_macro_t10y2y_2018-01-26,71
official_macro_t10y2y_2018-01-29,71
official_macro_t10y2y_2018-01-30,71
official_macro_t10y2y_2018-01-31,71
official_macro_t10y2y_2018-02-01,71
official_macro_t10y2y_2018-02-02,71
official_macro_t10y2y_2018-02-05,71
official_macro_t10y2y_2018-02-06,71
official_macro_t10y2y_2018-02-07,71
official_macro_t10y2y_2018-02-08,71
official_macro_t10y2y_2018-02-09,71
official_macro_t10y2y_2018-02-12,71
official_macro_t10y2y_2018-02-13,71
official_macro_t10y2y_2018-02-14,71
official_macro_t10y2y_2018-02-15,71
official_macro_t10y2y_2018-02-16,71
official_macro_t10y2y_2018-02-20,71
official_macro_t10y2y_2018-02-21,71
official_macro_t10y2y_2018-02-22,71
official_macro_t10y2y_2018-02-23,71
official_macro_t10y2y_2018-02-26,71
official_macro_t10y2y_2018-02-27,71
official_macro_t10y2y_2018-02-28,71
official_macro_t10y2y_2018-03-01,71
official_macro_t10y2y_2018-03-02,71
official_macro_t10y2y_2018-03-05,71
official_macro_t10y2y_2018-03-06,71
official_macro_t10y2y_2018-03-07,71
official_macro_t10y2y_2018-03-08,71
official_macro_t10y2y_2018-03-09,71
official_macro_t10y2y_2018-03-12,71
official_macro_t10y2y_2018-03-13,71
official_macro_t10y2y_2018-03-14,71
official_macro_t10y2y_2018-03-15,71
official_macro_t10y2y_2018-03-16,71
official_macro_t10y2y_2018-03-19,71
official_macro_t10y2y_2018-03-20,71
official_macro_t10y2y_2018-03-21,71
official_macro_t10y2y_2018-03-22,71
official_macro_t10y2y_2018-03-23,71
official_macro_t10y2y_2018-03-26,71
official_macro_t10y2y_2018-03-27,71
official_macro_t10y2y_2018-03-28,71
official_macro_t10y2y_2018-03-29,71
official_macro_t10y2y_2018-04-02,71
official_macro_t10y2y_2018-04-03,71
official_macro_t10y2y_2018-04-04,71
official_macro_t10y2y_2018-04-05,71
official_macro_t10y2y_2018-04-06,71
official_macro_t10y2y_2018-04-09,71
official_macro_t10y2y_2018-04-10,71
official_macro_t10y2y_2018-04-11,71
official_macro_t10y2y_2018-04-12,71
official_macro_t10y2y_2018-04-13,71
official_macro_t10y2y_2018-04-16,71
official_macro_t10y2y_2018-04-17,71
official_macro_t10y2y_2018-04-18,71
official_macro_t10y2y_2018-04-19,71
official_macro_t10y2y_2018-04-20,71
official_macro_t10y2y_2018-04-23,71
official_macro_t10y2y_2018-04-24,71
official_macro_t10y2y_2018-04-25,71
official_macro_t10y2y_2018-04-26,71
official_macro_t10y2y_2018-04-27,71
official_macro_t10y2y_2018-04-30,71
official_macro_t10y2y_2018-05-01,71
official_macro_t10y2y_2018-05-02,71
official_macro_t10y2y_2018-05-03,71
official_macro_t10y2y_2018-05-04,71
official_macro_t10y2y_2018-05-07,71
official_macro_t10y2y_2018-05-08,71
official_macro_t10y2y_2018-05-09,71
official_macro_t10y2y_2018-05-10,71
official_macro_t10y2y_2018-05-11,71
official_macro_t10y2y_2018-05-14,71
official_macro_t10y2y_2018-05-15,71
official_macro_t10y2y_2018-05-16,71
official_macro_t10y2y_2018-05-17,71
official_macro_t10y2y_2018-05-18,71
official_macro_t10y2y_2018-05-21,71
official_macro_t10y2y_2018-05-22,71
official_macro_t10y2y_2018-05-23,71
official_macro_t10y2y_2018-05-24,71
official_macro_t10y2y_2018-05-25,71
official_macro_t10y2y_2018-05-29,71
official_macro_t10y2y_2018-05-30,71
official_macro_t10y2y_2018-05-31,71
official_macro_t10y2y_2018-06-01,71
official_macro_t10y2y_2018-06-04,71
official_macro_t10y2y_2018-06-05,71
official_macro_t10y2y_2018-06-06,71
official_macro_t10y2y_2018-06-07,71
official_macro_t10y2y_2018-06-08,71
official_macro_t10y2y_2018-06-11,71
official_macro_t10y2y_2018-06-12,71
official_macro_t10y2y_2018-06-13,71
official_macro_t10y2y_2018-06-14,71
official_macro_t10y2y_2018-06-15,71
official_macro_t10y2y_2018-06-18,71
official_macro_t10y2y_2018-06-19,71
official_macro_t10y2y_2018-06-20,71
official_macro_t10y2y_2018-06-21,71
official_macro_t10y2y_2018-06-22,71
official_macro_t10y2y_2018-06-25,71
official_macro_t10y2y_2018-06-26,71
official_macro_t10y2y_2018-06-27,71
official_macro_t10y2y_2018-06-28,71
official_macro_t10y2y_2018-06-29,71
official_macro_t10y2y_2018-07-02,71
official_macro_t10y2y_2018-07-03,71
official_macro_t10y2y_2018-07-05,71
official_macro_t10y2y_2018-07-06,71
official_macro_t10y2y_2018-07-09,71
official_macro_t10y2y_2018-07-10,71
official_macro_t10y2y_2018-07-11,71
official_macro_t10y2y_2018-07-12,71
official_macro_t10y2y_2018-07-13,71
official_macro_t10y2y_2018-07-16,71
official_macro_t10y2y_2018-07-17,71
official_macro_t10y2y_2018-07-18,71
official_macro_t10y2y_2018-07-19,71
official_macro_t10y2y_2018-07-20,71
official_macro_t10y2y_2018-07-23,71
official_macro_t10y2y_2018-07-24,71
official_macro_t10y2y_2018-07-25,71
official_macro_t10y2y_2018-07-26,71
official_macro_t10y2y_2018-07-27,71
official_macro_t10y2y_2018-07-30,71
official_macro_t10y2y_2018-07-31,71
official_macro_t10y2y_2018-08-01,71
official_macro_t10y2y_2018-08-02,71
official_macro_t10y2y_2018-08-03,71
official_macro_t10y2y_2018-08-06,71
official_macro_t10y2y_2018-08-07,71
official_macro_t10y2y_2018-08-08,71
official_macro_t10y2y_2018-08-09,71
official_macro_t10y2y_2018-08-10,71
official_macro_t10y2y_2018-08-13,71
official_macro_t10y2y_2018-08-14,71
official_macro_t10y2y_2018-08-15,71
official_macro_t10y2y_2018-08-16,71
official_macro_t10y2y_2018-08-17,71
official_macro_t10y2y_2018-08-20,71
official_macro_t10y2y_2018-08-21,71
official_macro_t10y2y_2018-08-22,71
official_macro_t10y2y_2018-08-23,71
official_macro_t10y2y_2018-08-24,71
official_macro_t10y2y_2018-08-27,71
official_macro_t10y2y_2018-08-28,71
official_macro_t10y2y_2018-08-29,71
official_macro_t10y2y_2018-08-30,71
official_macro_t10y2y_2018-08-31,71
official_macro_t10y2y_2018-09-04,71
official_macro_t10y2y_2018-09-05,71
official_macro_t10y2y_2018-09-06,71
official_macro_t10y2y_2018-09-07,71
official_macro_t10y2y_2018-09-10,71
official_macro_t10y2y_2018-09-11,71
official_macro_t10y2y_2018-09-12,71
official_macro_t10y2y_2018-09-13,71
official_macro_t10y2y_2018-09-14,71
official_macro_t10y2y_2018-09-17,71
official_macro_t10y2y_2018-09-18,71
official_macro_t10y2y_2018-09-19,71
official_macro_t10y2y_2018-09-20,71
official_macro_t10y2y_2018-09-21,71
official_macro_t10y2y_2018-09-24,71
official_macro_t10y2y_2018-09-25,71
official_macro_t10y2y_2018-09-26,71
official_macro_t10y2y_2018-09-27,71
official_macro_t10y2y_2018-09-28,71
official_macro_t10y2y_2018-10-01,71
official_macro_t10y2y_2018-10-02,71
official_macro_t10y2y_2018-10-03,71
official_macro_t10y2y_2018-10-04,71
official_macro_t10y2y_2018-10-05,71
official_macro_t10y2y_2018-10-09,71
official_macro_t10y2y_2018-10-10,71
official_macro_t10y2y_2018-10-11,71
official_macro_t10y2y_2018-10-12,71
official_macro_t10y2y_2018-10-15,71
official_macro_t10y2y_2018-10-16,71
official_macro_t10y2y_2018-10-17,71
official_macro_t10y2y_2018-10-18,71
official_macro_t10y2y_2018-10-19,71
official_macro_t10y2y_2018-10-22,71
official_macro_t10y2y_2018-10-23,71
official_macro_t10y2y_2018-10-24,71
official_macro_t10y2y_2018-10-25,71
official_macro_t10y2y_2018-10-26,71
official_macro_t10y2y_2018-10-29,71
official_macro_t10y2y_2018-10-30,71
official_macro_t10y2y_2018-10-31,71
official_macro_t10y2y_2018-11-01,71
official_macro_t10y2y_2018-11-02,71
official_macro_t10y2y_2018-11-05,71
official_macro_t10y2y_2018-11-06,71
official_macro_t10y2y_2018-11-07,71
official_macro_t10y2y_2018-11-08,71
official_macro_t10y2y_2018-11-09,71
official_macro_t10y2y_2018-11-13,71
official_macro_t10y2y_2018-11-14,71
official_macro_t10y2y_2018-11-15,71
official_macro_t10y2y_2018-11-16,71
official_macro_t10y2y_2018-11-19,71
official_macro_t10y2y_2018-11-20,71
official_macro_t10y2y_2018-11-21,71
official_macro_t10y2y_2018-11-23,71
official_macro_t10y2y_2018-11-26,71
official_macro_t10y2y_2018-11-27,71
official_macro_t10y2y_2018-11-28,71
official_macro_t10y2y_2018-11-29,71
official_macro_t10y2y_2018-11-30,71
official_macro_t10y2y_2018-12-03,71
official_macro_t10y2y_2018-12-04,71
official_macro_t10y2y_2018-12-06,71
official_macro_t10y2y_2018-12-07,71
official_macro_t10y2y_2018-12-10,71
official_macro_t10y2y_2018-12-11,71
official_macro_t10y2y_2018-12-12,71
official_macro_t10y2y_2018-12-13,71
official_macro_t10y2y_2018-12-14,71
official_macro_t10y2y_2018-12-17,71
official_macro_t10y2y_2018-12-18,71
official_macro_t10y2y_2018-12-19,71
official_macro_t10y2y_2018-12-20,71
official_macro_t10y2y_2018-12-21,71
official_macro_t10y2y_2018-12-24,71
official_macro_t10y2y_2018-12-26,71
official_macro_t10y2y_2018-12-27,71
official_macro_t10y2y_2018-12-28,71
official_macro_t10y2y_2018-12-31,71
official_macro_t10y2y_2019-01-02,71
official_macro_t10y2y_2019-01-03,71
official_macro_t10y2y_2019-01-04,71
official_macro_t10y2y_2019-01-07,71
official_macro_t10y2y_2019-01-08,71
official_macro_t10y2y_2019-01-09,71
official_macro_t10y2y_2019-01-10,71
official_macro_t10y2y_2019-01-11,71
official_macro_t10y2y_2019-01-14,71
official_macro_t10y2y_2019-01-15,71
official_macro_t10y2y_2019-01-16,71
official_macro_t10y2y_2019-01-17,71
official_macro_t10y2y_2019-01-18,71
official_macro_t10y2y_2019-01-22,71
official_macro_t10y2y_2019-01-23,71
official_macro_t10y2y_2019-01-24,71
official_macro_t10y2y_2019-01-25,71
official_macro_t10y2y_2019-01-28,71
official_macro_t10y2y_2019-01-29,71
official_macro_t10y2y_2019-01-30,71
official_macro_t10y2y_2019-01-31,71
official_macro_t10y2y_2019-02-01,71
official_macro_t10y2y_2019-02-04,71
official_macro_t10y2y_2019-02-05,71
official_macro_t10y2y_2019-02-06,71
official_macro_t10y2y_2019-02-07,71
official_macro_t10y2y_2019-02-08,71
official_macro_t10y2y_2019-02-11,71
official_macro_t10y2y_2019-02-12,71
official_macro_t10y2y_2019-02-13,71
official_macro_t10y2y_2019-02-14,71
official_macro_t10y2y_2019-02-15,71
official_macro_t10y2y_2019-02-19,71
official_macro_t10y2y_2019-02-20,71
official_macro_t10y2y_2019-02-21,71
official_macro_t10y2y_2019-02-22,71
official_macro_t10y2y_2019-02-25,71
official_macro_t10y2y_2019-02-26,71
official_macro_t10y2y_2019-02-27,71
official_macro_t10y2y_2019-02-28,71
official_macro_t10y2y_2019-03-01,71
official_macro_t10y2y_2019-03-04,71
official_macro_t10y2y_2019-03-05,71
official_macro_t10y2y_2019-03-06,71
official_macro_t10y2y_2019-03-07,71
official_macro_t10y2y_2019-03-08,71
official_macro_t10y2y_2019-03-11,71
official_macro_t10y2y_2019-03-12,71
official_macro_t10y2y_2019-03-13,71
official_macro_t10y2y_2019-03-14,71
official_macro_t10y2y_2019-03-15,71
official_macro_t10y2y_2019-03-18,71
official_macro_t10y2y_2019-03-19,71
official_macro_t10y2y_2019-03-20,71
official_macro_t10y2y_2019-03-21,71
official_macro_t10y2y_2019-03-22,71
official_macro_t10y2y_2019-03-25,71
official_macro_t10y2y_2019-03-26,71
official_macro_t10y2y_2019-03-27,71
official_macro_t10y2y_2019-03-28,71
official_macro_t10y2y_2019-03-29,71
official_macro_t10y2y_2019-04-01,71
official_macro_t10y2y_2019-04-02,71
official_macro_t10y2y_2019-04-03,71
official_macro_t10y2y_2019-04-04,71
official_macro_t10y2y_2019-04-05,71
official_macro_t10y2y_2019-04-08,71
official_macro_t10y2y_2019-04-09,71
official_macro_t10y2y_2019-04-10,71
official_macro_t10y2y_2019-04-11,71
official_macro_t10y2y_2019-04-12,71
official_macro_t10y2y_2019-04-15,71
official_macro_t10y2y_2019-04-16,71
official_macro_t10y2y_2019-04-17,71
official_macro_t10y2y_2019-04-18,71
official_macro_t10y2y_2019-04-22,71
official_macro_t10y2y_2019-04-23,71
official_macro_t10y2y_2019-04-24,71
official_macro_t10y2y_2019-04-25,71
official_macro_t10y2y_2019-04-26,71
official_macro_t10y2y_2019-04-29,71
official_macro_t10y2y_2019-04-30,71
official_macro_t10y2y_2019-05-01,71
official_macro_t10y2y_2019-05-02,71
official_macro_t10y2y_2019-05-03,71
official_macro_t10y2y_2019-05-06,71
official_macro_t10y2y_2019-05-07,71
official_macro_t10y2y_2019-05-08,71
official_macro_t10y2y_2019-05-09,71
official_macro_t10y2y_2019-05-10,71
official_macro_t10y2y_2019-05-13,71
official_macro_t10y2y_2019-05-14,71
official_macro_t10y2y_2019-05-15,71
official_macro_t10y2y_2019-05-16,71
official_macro_t10y2y_2019-05-17,71
official_macro_t10y2y_2019-05-20,71
official_macro_t10y2y_2019-05-21,71
official_macro_t10y2y_2019-05-22,71
official_macro_t10y2y_2019-05-23,71
official_macro_t10y2y_2019-05-24,71
official_macro_t10y2y_2019-05-28,71
official_macro_t10y2y_2019-05-29,71
official_macro_t10y2y_2019-05-30,71
official_macro_t10y2y_2019-05-31,71
official_macro_t10y2y_2019-06-03,71
official_macro_t10y2y_2019-06-04,71
official_macro_t10y2y_2019-06-05,71
official_macro_t10y2y_2019-06-06,71
official_macro_t10y2y_2019-06-07,71
official_macro_t10y2y_2019-06-10,71
official_macro_t10y2y_2019-06-11,71
official_macro_t10y2y_2019-06-12,71
official_macro_t10y2y_2019-06-13,71
official_macro_t10y2y_2019-06-14,71
official_macro_t10y2y_2019-06-17,71
official_macro_t10y2y_2019-06-18,71
official_macro_t10y2y_2019-06-19,71
official_macro_t10y2y_2019-06-20,71
official_macro_t10y2y_2019-06-21,71
official_macro_t10y2y_2019-06-24,71
official_macro_t10y2y_2019-06-25,71
official_macro_t10y2y_2019-06-26,71
official_macro_t10y2y_2019-06-27,71
official_macro_t10y2y_2019-06-28,71
official_macro_t10y2y_2019-07-01,71
official_macro_t10y2y_2019-07-02,71
official_macro_t10y2y_2019-07-03,71
official_macro_t10y2y_2019-07-05,71
official_macro_t10y2y_2019-07-08,71
official_macro_t10y2y_2019-07-09,71
official_macro_t10y2y_2019-07-10,71
official_macro_t10y2y_2019-07-11,71
official_macro_t10y2y_2019-07-12,71
official_macro_t10y2y_2019-07-15,71
official_macro_t10y2y_2019-07-16,71
official_macro_t10y2y_2019-07-17,71
official_macro_t10y2y_2019-07-18,71
official_macro_t10y2y_2019-07-19,71
official_macro_t10y2y_2019-07-22,71
official_macro_t10y2y_2019-07-23,71
official_macro_t10y2y_2019-07-24,71
official_macro_t10y2y_2019-07-25,71
official_macro_t10y2y_2019-07-26,71
official_macro_t10y2y_2019-07-29,71
official_macro_t10y2y_2019-07-30,71
official_macro_t10y2y_2019-07-31,71
official_macro_t10y2y_2019-08-01,71
official_macro_t10y2y_2019-08-02,71
official_macro_t10y2y_2019-08-05,71
official_macro_t10y2y_2019-08-06,71
official_macro_t10y2y_2019-08-07,71
official_macro_t10y2y_2019-08-08,71
official_macro_t10y2y_2019-08-09,71
official_macro_t10y2y_2019-08-12,71
official_macro_t10y2y_2019-08-13,71
official_macro_t10y2y_2019-08-14,71
official_macro_t10y2y_2019-08-15,71
official_macro_t10y2y_2019-08-16,71
official_macro_t10y2y_2019-08-19,71
official_macro_t10y2y_2019-08-20,71
official_macro_t10y2y_2019-08-21,71
official_macro_t10y2y_2019-08-22,71
official_macro_t10y2y_2019-08-23,71
official_macro_t10y2y_2019-08-26,71
official_macro_t10y2y_2019-08-27,71
official_macro_t10y2y_2019-08-28,71
official_macro_t10y2y_2019-08-29,71
official_macro_t10y2y_2019-08-30,71
official_macro_t10y2y_2019-09-03,71
official_macro_t10y2y_2019-09-04,71
official_macro_t10y2y_2019-09-05,71
official_macro_t10y2y_2019-09-06,71
official_macro_t10y2y_2019-09-09,71
official_macro_t10y2y_2019-09-10,71
official_macro_t10y2y_2019-09-11,71
official_macro_t10y2y_2019-09-12,71
official_macro_t10y2y_2019-09-13,71
official_macro_t10y2y_2019-09-16,71
official_macro_t10y2y_2019-09-17,71
official_macro_t10y2y_2019-09-18,71
official_macro_t10y2y_2019-09-19,71
official_macro_t10y2y_2019-09-20,71
official_macro_t10y2y_2019-09-23,71
official_macro_t10y2y_2019-09-24,71
official_macro_t10y2y_2019-09-25,71
official_macro_t10y2y_2019-09-26,71
official_macro_t10y2y_2019-09-27,71
official_macro_t10y2y_2019-09-30,71
official_macro_t10y2y_2019-10-01,71
official_macro_t10y2y_2019-10-02,71
official_macro_t10y2y_2019-10-03,71
official_macro_t10y2y_2019-10-04,71
official_macro_t10y2y_2019-10-07,71
official_macro_t10y2y_2019-10-08,71
official_macro_t10y2y_2019-10-09,71
official_macro_t10y2y_2019-10-10,71
official_macro_t10y2y_2019-10-11,71
official_macro_t10y2y_2019-10-15,71
official_macro_t10y2y_2019-10-16,71
official_macro_t10y2y_2019-10-17,71
official_macro_t10y2y_2019-10-18,71
official_macro_t10y2y_2019-10-21,71
official_macro_t10y2y_2019-10-22,71
official_macro_t10y2y_2019-10-23,71
official_macro_t10y2y_2019-10-24,71
official_macro_t10y2y_2019-10-25,71
official_macro_t10y2y_2019-10-28,71
official_macro_t10y2y_2019-10-29,71
official_macro_t10y2y_2019-10-30,71
official_macro_t10y2y_2019-10-31,71
official_macro_t10y2y_2019-11-01,71
official_macro_t10y2y_2019-11-04,71
official_macro_t10y2y_2019-11-05,71
official_macro_t10y2y_2019-11-06,71
official_macro_t10y2y_2019-11-07,71
official_macro_t10y2y_2019-11-08,71
official_macro_t10y2y_2019-11-12,71
official_macro_t10y2y_2019-11-13,71
official_macro_t10y2y_2019-11-14,71
official_macro_t10y2y_2019-11-15,71
official_macro_t10y2y_2019-11-18,71
official_macro_t10y2y_2019-11-19,71
official_macro_t10y2y_2019-11-20,71
official_macro_t10y2y_2019-11-21,71
official_macro_t10y2y_2019-11-22,71
official_macro_t10y2y_2019-11-25,71
official_macro_t10y2y_2019-11-26,71
official_macro_t10y2y_2019-11-27,71
official_macro_t10y2y_2019-11-29,71
official_macro_t10y2y_2019-12-02,71
official_macro_t10y2y_2019-12-03,71
official_macro_t10y2y_2019-12-04,71
official_macro_t10y2y_2019-12-05,71
official_macro_t10y2y_2019-12-06,71
official_macro_t10y2y_2019-12-09,71
official_macro_t10y2y_2019-12-10,71
official_macro_t10y2y_2019-12-11,71
official_macro_t10y2y_2019-12-12,71
official_macro_t10y2y_2019-12-13,71
official_macro_t10y2y_2019-12-16,71
official_macro_t10y2y_2019-12-17,71
official_macro_t10y2y_2019-12-18,71
official_macro_t10y2y_2019-12-19,71
official_macro_t10y2y_2019-12-20,71
official_macro_t10y2y_2019-12-23,71
official_macro_t10y2y_2019-12-24,71
official_macro_t10y2y_2019-12-26,71
official_macro_t10y2y_2019-12-27,71
official_macro_t10y2y_2019-12-30,71
official_macro_t10y2y_2019-12-31,71
official_macro_t10y2y_2020-01-02,71
official_macro_t10y2y_2020-01-03,71
official_macro_t10y2y_2020-01-06,71
official_macro_t10y2y_2020-01-07,71
official_macro_t10y2y_2020-01-08,71
official_macro_t10y2y_2020-01-09,71
official_macro_t10y2y_2020-01-10,71
official_macro_t10y2y_2020-01-13,71
official_macro_t10y2y_2020-01-14,71
official_macro_t10y2y_2020-01-15,71
official_macro_t10y2y_2020-01-16,71
official_macro_t10y2y_2020-01-17,71
official_macro_t10y2y_2020-01-21,71
official_macro_t10y2y_2020-01-22,71
official_macro_t10y2y_2020-01-23,71
official_macro_t10y2y_2020-01-24,71
official_macro_t10y2y_2020-01-27,71
official_macro_t10y2y_2020-01-28,71
official_macro_t10y2y_2020-01-29,71
official_macro_t10y2y_2020-01-30,71
official_macro_t10y2y_2020-01-31,71
official_macro_t10y2y_2020-02-03,71
official_macro_t10y2y_2020-02-04,71
official_macro_t10y2y_2020-02-05,71
official_macro_t10y2y_2020-02-06,71
official_macro_t10y2y_2020-02-07,71
official_macro_t10y2y_2020-02-10,71
official_macro_t10y2y_2020-02-11,71
official_macro_t10y2y_2020-02-12,71
official_macro_t10y2y_2020-02-13,71
official_macro_t10y2y_2020-02-14,71
official_macro_t10y2y_2020-02-18,71
official_macro_t10y2y_2020-02-19,71
official_macro_t10y2y_2020-02-20,71
official_macro_t10y2y_2020-02-21,71
official_macro_t10y2y_2020-02-24,71
official_macro_t10y2y_2020-02-25,71
official_macro_t10y2y_2020-02-26,71
official_macro_t10y2y_2020-02-27,71
official_macro_t10y2y_2020-02-28,71
official_macro_t10y2y_2020-03-02,71
official_macro_t10y2y_2020-03-03,71
official_macro_t10y2y_2020-03-04,71
official_macro_t10y2y_2020-03-05,71
official_macro_t10y2y_2020-03-06,71
official_macro_t10y2y_2020-03-09,71
official_macro_t10y2y_2020-03-10,71
official_macro_t10y2y_2020-03-11,71
official_macro_t10y2y_2020-03-12,71
official_macro_t10y2y_2020-03-13,71
official_macro_t10y2y_2020-03-16,71
official_macro_t10y2y_2020-03-17,71
official_macro_t10y2y_2020-03-18,71
official_macro_t10y2y_2020-03-19,71
official_macro_t10y2y_2020-03-20,71
official_macro_t10y2y_2020-03-23,71
official_macro_t10y2y_2020-03-24,71
official_macro_t10y2y_2020-03-25,71
official_macro_t10y2y_2020-03-26,71
official_macro_t10y2y_2020-03-27,71
official_macro_t10y2y_2020-03-30,71
official_macro_t10y2y_2020-03-31,71
official_macro_t10y2y_2020-04-01,71
official_macro_t10y2y_2020-04-02,71
official_macro_t10y2y_2020-04-03,71
official_macro_t10y2y_2020-04-06,71
official_macro_t10y2y_2020-04-07,71
official_macro_t10y2y_2020-04-08,71
official_macro_t10y2y_2020-04-09,71
official_macro_t10y2y_2020-04-13,71
official_macro_t10y2y_2020-04-14,71
official_macro_t10y2y_2020-04-15,71
official_macro_t10y2y_2020-04-16,71
official_macro_t10y2y_2020-04-17,71
official_macro_t10y2y_2020-04-20,71
official_macro_t10y2y_2020-04-21,71
official_macro_t10y2y_2020-04-22,71
official_macro_t10y2y_2020-04-23,71
official_macro_t10y2y_2020-04-24,71
official_macro_t10y2y_2020-04-27,71
official_macro_t10y2y_2020-04-28,71
official_macro_t10y2y_2020-04-29,71
official_macro_t10y2y_2020-04-30,71
official_macro_t10y2y_2020-05-01,71
official_macro_t10y2y_2020-05-04,71
official_macro_t10y2y_2020-05-05,71
official_macro_t10y2y_2020-05-06,71
official_macro_t10y2y_2020-05-07,71
official_macro_t10y2y_2020-05-08,71
official_macro_t10y2y_2020-05-11,71
official_macro_t10y2y_2020-05-12,71
official_macro_t10y2y_2020-05-13,71
official_macro_t10y2y_2020-05-14,71
official_macro_t10y2y_2020-05-15,71
official_macro_t10y2y_2020-05-18,71
official_macro_t10y2y_2020-05-19,71
official_macro_t10y2y_2020-05-20,71
official_macro_t10y2y_2020-05-21,71
official_macro_t10y2y_2020-05-22,71
official_macro_t10y2y_2020-05-26,71
official_macro_t10y2y_2020-05-27,71
official_macro_t10y2y_2020-05-28,71
official_macro_t10y2y_2020-05-29,71
official_macro_t10y2y_2020-06-01,71
official_macro_t10y2y_2020-06-02,71
official_macro_t10y2y_2020-06-03,71
official_macro_t10y2y_2020-06-04,71
official_macro_t10y2y_2020-06-05,71
official_macro_t10y2y_2020-06-08,71
official_macro_t10y2y_2020-06-09,71
official_macro_t10y2y_2020-06-10,71
official_macro_t10y2y_2020-06-11,71
official_macro_t10y2y_2020-06-12,71
official_macro_t10y2y_2020-06-15,71
official_macro_t10y2y_2020-06-16,71
official_macro_t10y2y_2020-06-17,71
official_macro_t10y2y_2020-06-18,71
official_macro_t10y2y_2020-06-19,71
official_macro_t10y2y_2020-06-22,71
official_macro_t10y2y_2020-06-23,71
official_macro_t10y2y_2020-06-24,71
official_macro_t10y2y_2020-06-25,71
official_macro_t10y2y_2020-06-26,71
official_macro_t10y2y_2020-06-29,71
official_macro_t10y2y_2020-06-30,71
official_macro_t10y2y_2020-07-01,71
official_macro_t10y2y_2020-07-02,71
official_macro_t10y2y_2020-07-06,71
official_macro_t10y2y_2020-07-07,71
official_macro_t10y2y_2020-07-08,71
official_macro_t10y2y_2020-07-09,71
official_macro_t10y2y_2020-07-10,71
official_macro_t10y2y_2020-07-13,71
official_macro_t10y2y_2020-07-14,71
official_macro_t10y2y_2020-07-15,71
official_macro_t10y2y_2020-07-16,71
official_macro_t10y2y_2020-07-17,71
official_macro_t10y2y_2020-07-20,71
official_macro_t10y2y_2020-07-21,71
official_macro_t10y2y_2020-07-22,71
official_macro_t10y2y_2020-07-23,71
official_macro_t10y2y_2020-07-24,71
official_macro_t10y2y_2020-07-27,71
official_macro_t10y2y_2020-07-28,71
official_macro_t10y2y_2020-07-29,71
official_macro_t10y2y_2020-07-30,71
official_macro_t10y2y_2020-07-31,71
official_macro_t10y2y_2020-08-03,71
official_macro_t10y2y_2020-08-04,71
official_macro_t10y2y_2020-08-05,71
official_macro_t10y2y_2020-08-06,71
official_macro_t10y2y_2020-08-07,71
official_macro_t10y2y_2020-08-10,71
official_macro_t10y2y_2020-08-11,71
official_macro_t10y2y_2020-08-12,71
official_macro_t10y2y_2020-08-13,71
official_macro_t10y2y_2020-08-14,71
official_macro_t10y2y_2020-08-17,71
official_macro_t10y2y_2020-08-18,71
official_macro_t10y2y_2020-08-19,71
official_macro_t10y2y_2020-08-20,71
official_macro_t10y2y_2020-08-21,71
official_macro_t10y2y_2020-08-24,71
official_macro_t10y2y_2020-08-25,71
official_macro_t10y2y_2020-08-26,71
official_macro_t10y2y_2020-08-27,71
official_macro_t10y2y_2020-08-28,71
official_macro_t10y2y_2020-08-31,71
official_macro_t10y2y_2020-09-01,71
official_macro_t10y2y_2020-09-02,71
official_macro_t10y2y_2020-09-03,71
official_macro_t10y2y_2020-09-04,71
official_macro_t10y2y_2020-09-08,71
official_macro_t10y2y_2020-09-09,71
official_macro_t10y2y_2020-09-10,71
official_macro_t10y2y_2020-09-11,71
official_macro_t10y2y_2020-09-14,71
official_macro_t10y2y_2020-09-15,71
official_macro_t10y2y_2020-09-16,71
official_macro_t10y2y_2020-09-17,71
official_macro_t10y2y_2020-09-18,71
official_macro_t10y2y_2020-09-21,71
official_macro_t10y2y_2020-09-22,71
official_macro_t10y2y_2020-09-23,71
official_macro_t10y2y_2020-09-24,71
official_macro_t10y2y_2020-09-25,71
official_macro_t10y2y_2020-09-28,71
official_macro_t10y2y_2020-09-29,71
official_macro_t10y2y_2020-09-30,71
official_macro_t10y2y_2020-10-01,71
official_macro_t10y2y_2020-10-02,71
official_macro_t10y2y_2020-10-05,71
official_macro_t10y2y_2020-10-06,71
official_macro_t10y2y_2020-10-07,71
official_macro_t10y2y_2020-10-08,71
official_macro_t10y2y_2020-10-09,71
official_macro_t10y2y_2020-10-13,71
official_macro_t10y2y_2020-10-14,71
official_macro_t10y2y_2020-10-15,71
official_macro_t10y2y_2020-10-16,71
official_macro_t10y2y_2020-10-19,71
official_macro_t10y2y_2020-10-20,71
official_macro_t10y2y_2020-10-21,71
official_macro_t10y2y_2020-10-22,71
official_macro_t10y2y_2020-10-23,71
official_macro_t10y2y_2020-10-26,71
official_macro_t10y2y_2020-10-27,71
official_macro_t10y2y_2020-10-28,71
official_macro_t10y2y_2020-10-29,71
official_macro_t10y2y_2020-10-30,71
official_macro_t10y2y_2020-11-02,71
official_macro_t10y2y_2020-11-03,71
official_macro_t10y2y_2020-11-04,71
official_macro_t10y2y_2020-11-05,71
official_macro_t10y2y_2020-11-06,71
official_macro_t10y2y_2020-11-09,71
official_macro_t10y2y_2020-11-10,71
official_macro_t10y2y_2020-11-12,71
official_macro_t10y2y_2020-11-13,71
official_macro_t10y2y_2020-11-16,71
official_macro_t10y2y_2020-11-17,71
official_macro_t10y2y_2020-11-18,71
official_macro_t10y2y_2020-11-19,71
official_macro_t10y2y_2020-11-20,71
official_macro_t10y2y_2020-11-23,71
official_macro_t10y2y_2020-11-24,71
official_macro_t10y2y_2020-11-25,71
official_macro_t10y2y_2020-11-27,71
official_macro_t10y2y_2020-11-30,71
official_macro_t10y2y_2020-12-01,71
official_macro_t10y2y_2020-12-02,71
official_macro_t10y2y_2020-12-03,71
official_macro_t10y2y_2020-12-04,71
official_macro_t10y2y_2020-12-07,71
official_macro_t10y2y_2020-12-08,71
official_macro_t10y2y_2020-12-09,71
official_macro_t10y2y_2020-12-10,71
official_macro_t10y2y_2020-12-11,71
official_macro_t10y2y_2020-12-14,71
official_macro_t10y2y_2020-12-15,71
official_macro_t10y2y_2020-12-16,71
official_macro_t10y2y_2020-12-17,71
official_macro_t10y2y_2020-12-18,71
official_macro_t10y2y_2020-12-21,71
official_macro_t10y2y_2020-12-22,71
official_macro_t10y2y_2020-12-23,71
official_macro_t10y2y_2020-12-24,71
official_macro_t10y2y_2020-12-28,71
official_macro_t10y2y_2020-12-29,71
official_macro_t10y2y_2020-12-30,71
official_macro_t10y2y_2020-12-31,71
official_macro_t10y2y_2021-01-04,71
official_macro_t10y2y_2021-01-05,71
official_macro_t10y2y_2021-01-06,71
official_macro_t10y2y_2021-01-07,71
official_macro_t10y2y_2021-01-08,71
official_macro_t10y2y_2021-01-11,71
official_macro_t10y2y_2021-01-12,71
official_macro_t10y2y_2021-01-13,71
official_macro_t10y2y_2021-01-14,71
official_macro_t10y2y_2021-01-15,71
official_macro_t10y2y_2021-01-19,71
official_macro_t10y2y_2021-01-20,71
official_macro_t10y2y_2021-01-21,71
official_macro_t10y2y_2021-01-22,71
official_macro_t10y2y_2021-01-25,71
official_macro_t10y2y_2021-01-26,71
official_macro_t10y2y_2021-01-27,71
official_macro_t10y2y_2021-01-28,71
official_macro_t10y2y_2021-01-29,71
official_macro_t10y2y_2021-02-01,71
official_macro_t10y2y_2021-02-02,71
official_macro_t10y2y_2021-02-03,71
official_macro_t10y2y_2021-02-04,71
official_macro_t10y2y_2021-02-05,71
official_macro_t10y2y_2021-02-08,71
official_macro_t10y2y_2021-02-09,71
official_macro_t10y2y_2021-02-10,71
official_macro_t10y2y_2021-02-11,71
official_macro_t10y2y_2021-02-12,71
official_macro_t10y2y_2021-02-16,71
official_macro_t10y2y_2021-02-17,71
official_macro_t10y2y_2021-02-18,71
official_macro_t10y2y_2021-02-19,71
official_macro_t10y2y_2021-02-22,71
official_macro_t10y2y_2021-02-23,71
official_macro_t10y2y_2021-02-24,71
official_macro_t10y2y_2021-02-25,71
official_macro_t10y2y_2021-02-26,71
official_macro_t10y2y_2021-03-01,71
official_macro_t10y2y_2021-03-02,71
official_macro_t10y2y_2021-03-03,71
official_macro_t10y2y_2021-03-04,71
official_macro_t10y2y_2021-03-05,71
official_macro_t10y2y_2021-03-08,71
official_macro_t10y2y_2021-03-09,71
official_macro_t10y2y_2021-03-10,71
official_macro_t10y2y_2021-03-11,71
official_macro_t10y2y_2021-03-12,71
official_macro_t10y2y_2021-03-15,71
official_macro_t10y2y_2021-03-16,71
official_macro_t10y2y_2021-03-17,71
official_macro_t10y2y_2021-03-18,71
official_macro_t10y2y_2021-03-19,71
official_macro_t10y2y_2021-03-22,71
official_macro_t10y2y_2021-03-23,71
official_macro_t10y2y_2021-03-24,71
official_macro_t10y2y_2021-03-25,71
official_macro_t10y2y_2021-03-26,71
official_macro_t10y2y_2021-03-29,71
official_macro_t10y2y_2021-03-30,71
official_macro_t10y2y_2021-03-31,71
official_macro_t10y2y_2021-04-01,71
official_macro_t10y2y_2021-04-02,71
official_macro_t10y2y_2021-04-05,71
official_macro_t10y2y_2021-04-06,71
official_macro_t10y2y_2021-04-07,71
official_macro_t10y2y_2021-04-08,71
official_macro_t10y2y_2021-04-09,71
official_macro_t10y2y_2021-04-12,71
official_macro_t10y2y_2021-04-13,71
official_macro_t10y2y_2021-04-14,71
official_macro_t10y2y_2021-04-15,71
official_macro_t10y2y_2021-04-16,71
official_macro_t10y2y_2021-04-19,71
official_macro_t10y2y_2021-04-20,71
official_macro_t10y2y_2021-04-21,71
official_macro_t10y2y_2021-04-22,71
official_macro_t10y2y_2021-04-23,71
official_macro_t10y2y_2021-04-26,71
official_macro_t10y2y_2021-04-27,71
official_macro_t10y2y_2021-04-28,71
official_macro_t10y2y_2021-04-29,71
official_macro_t10y2y_2021-04-30,71
official_macro_t10y2y_2021-05-03,71
official_macro_t10y2y_2021-05-04,71
official_macro_t10y2y_2021-05-05,71
official_macro_t10y2y_2021-05-06,71
official_macro_t10y2y_2021-05-07,71
official_macro_t10y2y_2021-05-10,71
official_macro_t10y2y_2021-05-11,71
official_macro_t10y2y_2021-05-12,71
official_macro_t10y2y_2021-05-13,71
official_macro_t10y2y_2021-05-14,71
official_macro_t10y2y_2021-05-17,71
official_macro_t10y2y_2021-05-18,71
official_macro_t10y2y_2021-05-19,71
official_macro_t10y2y_2021-05-20,71
official_macro_t10y2y_2021-05-21,71
official_macro_t10y2y_2021-05-24,71
official_macro_t10y2y_2021-05-25,71
official_macro_t10y2y_2021-05-26,71
official_macro_t10y2y_2021-05-27,71
official_macro_t10y2y_2021-05-28,71
official_macro_t10y2y_2021-06-01,71
official_macro_t10y2y_2021-06-02,71
official_macro_t10y2y_2021-06-03,71
official_macro_t10y2y_2021-06-04,71
official_macro_t10y2y_2021-06-07,71
official_macro_t10y2y_2021-06-08,71
official_macro_t10y2y_2021-06-09,71
official_macro_t10y2y_2021-06-10,71
official_macro_t10y2y_2021-06-11,71
official_macro_t10y2y_2021-06-14,71
official_macro_t10y2y_2021-06-15,71
official_macro_t10y2y_2021-06-16,71
official_macro_t10y2y_2021-06-17,71
official_macro_t10y2y_2021-06-18,71
official_macro_t10y2y_2021-06-21,71
official_macro_t10y2y_2021-06-22,71
official_macro_t10y2y_2021-06-23,71
official_macro_t10y2y_2021-06-24,71
official_macro_t10y2y_2021-06-25,71
official_macro_t10y2y_2021-06-28,71
official_macro_t10y2y_2021-06-29,71
official_macro_t10y2y_2021-06-30,71
official_macro_t10y2y_2021-07-01,71
official_macro_t10y2y_2021-07-02,71
official_macro_t10y2y_2021-07-06,71
official_macro_t10y2y_2021-07-07,71
official_macro_t10y2y_2021-07-08,71
official_macro_t10y2y_2021-07-09,71
official_macro_t10y2y_2021-07-12,71
official_macro_t10y2y_2021-07-13,71
official_macro_t10y2y_2021-07-14,71
official_macro_t10y2y_2021-07-15,71
official_macro_t10y2y_2021-07-16,71
official_macro_t10y2y_2021-07-19,71
official_macro_t10y2y_2021-07-20,71
official_macro_t10y2y_2021-07-21,71
official_macro_t10y2y_2021-07-22,71
official_macro_t10y2y_2021-07-23,71
official_macro_t10y2y_2021-07-26,71
official_macro_t10y2y_2021-07-27,71
official_macro_t10y2y_2021-07-28,71
official_macro_t10y2y_2021-07-29,71
official_macro_t10y2y_2021-07-30,71
official_macro_t10y2y_2021-08-02,71
official_macro_t10y2y_2021-08-03,71
official_macro_t10y2y_2021-08-04,71
official_macro_t10y2y_2021-08-05,71
official_macro_t10y2y_2021-08-06,71
official_macro_t10y2y_2021-08-09,71
official_macro_t10y2y_2021-08-10,71
official_macro_t10y2y_2021-08-11,71
official_macro_t10y2y_2021-08-12,71
official_macro_t10y2y_2021-08-13,71
official_macro_t10y2y_2021-08-16,71
official_macro_t10y2y_2021-08-17,71
official_macro_t10y2y_2021-08-18,71
official_macro_t10y2y_2021-08-19,71
official_macro_t10y2y_2021-08-20,71
official_macro_t10y2y_2021-08-23,71
official_macro_t10y2y_2021-08-24,71
official_macro_t10y2y_2021-08-25,71
official_macro_t10y2y_2021-08-26,71
official_macro_t10y2y_2021-08-27,71
official_macro_t10y2y_2021-08-30,71
official_macro_t10y2y_2021-08-31,71
official_macro_t10y2y_2021-09-01,71
official_macro_t10y2y_2021-09-02,71
official_macro_t10y2y_2021-09-03,71
official_macro_t10y2y_2021-09-07,71
official_macro_t10y2y_2021-09-08,71
official_macro_t10y2y_2021-09-09,71
official_macro_t10y2y_2021-09-10,71
official_macro_t10y2y_2021-09-13,71
official_macro_t10y2y_2021-09-14,71
official_macro_t10y2y_2021-09-15,71
official_macro_t10y2y_2021-09-16,71
official_macro_t10y2y_2021-09-17,71
official_macro_t10y2y_2021-09-20,71
official_macro_t10y2y_2021-09-21,71
official_macro_t10y2y_2021-09-22,71
official_macro_t10y2y_2021-09-23,71
official_macro_t10y2y_2021-09-24,71
official_macro_t10y2y_2021-09-27,71
official_macro_t10y2y_2021-09-28,71
official_macro_t10y2y_2021-09-29,71
official_macro_t10y2y_2021-09-30,71
official_macro_t10y2y_2021-10-01,71
official_macro_t10y2y_2021-10-04,71
official_macro_t10y2y_2021-10-05,71
official_macro_t10y2y_2021-10-06,71
official_macro_t10y2y_2021-10-07,71
official_macro_t10y2y_2021-10-08,71
official_macro_t10y2y_2021-10-12,71
official_macro_t10y2y_2021-10-13,71
official_macro_t10y2y_2021-10-14,71
official_macro_t10y2y_2021-10-15,71
official_macro_t10y2y_2021-10-18,71
official_macro_t10y2y_2021-10-19,71
official_macro_t10y2y_2021-10-20,71
official_macro_t10y2y_2021-10-21,71
official_macro_t10y2y_2021-10-22,71
official_macro_t10y2y_2021-10-25,71
official_macro_t10y2y_2021-10-26,71
official_macro_t10y2y_2021-10-27,71
official_macro_t10y2y_2021-10-28,71
official_macro_t10y2y_2021-10-29,71
official_macro_t10y2y_2021-11-01,71
official_macro_t10y2y_2021-11-02,71
official_macro_t10y2y_2021-11-03,71
official_macro_t10y2y_2021-11-04,71
official_macro_t10y2y_2021-11-05,71
official_macro_t10y2y_2021-11-08,71
official_macro_t10y2y_2021-11-09,71
official_macro_t10y2y_2021-11-10,71
official_macro_t10y2y_2021-11-12,71
official_macro_t10y2y_2021-11-15,71
official_macro_t10y2y_2021-11-16,71
official_macro_t10y2y_2021-11-17,71
official_macro_t10y2y_2021-11-18,71
official_macro_t10y2y_2021-11-19,71
official_macro_t10y2y_2021-11-22,71
official_macro_t10y2y_2021-11-23,71
official_macro_t10y2y_2021-11-24,71
official_macro_t10y2y_2021-11-26,71
official_macro_t10y2y_2021-11-29,71
official_macro_t10y2y_2021-11-30,71
official_macro_t10y2y_2021-12-01,71
official_macro_t10y2y_2021-12-02,71
official_macro_t10y2y_2021-12-03,71
official_macro_t10y2y_2021-12-06,71
official_macro_t10y2y_2021-12-07,71
official_macro_t10y2y_2021-12-08,71
official_macro_t10y2y_2021-12-09,71
official_macro_t10y2y_2021-12-10,71
official_macro_t10y2y_2021-12-13,71
official_macro_t10y2y_2021-12-14,71
official_macro_t10y2y_2021-12-15,71
official_macro_t10y2y_2021-12-16,71
official_macro_t10y2y_2021-12-17,71
official_macro_t10y2y_2021-12-20,71
official_macro_t10y2y_2021-12-21,71
official_macro_t10y2y_2021-12-22,71
official_macro_t10y2y_2021-12-23,71
official_macro_t10y2y_2021-12-27,71
official_macro_t10y2y_2021-12-28,71
official_macro_t10y2y_2021-12-29,71
official_macro_t10y2y_2021-12-30,71
official_macro_t10y2y_2021-12-31,71
official_macro_t10y2y_2022-01-03,71
official_macro_t10y2y_2022-01-04,71
official_macro_t10y2y_2022-01-05,71
official_macro_t10y2y_2022-01-06,71
official_macro_t10y2y_2022-01-07,71
official_macro_t10y2y_2022-01-10,71
official_macro_t10y2y_2022-01-11,71
official_macro_t10y2y_2022-01-12,71
official_macro_t10y2y_2022-01-13,71
official_macro_t10y2y_2022-01-14,71
official_macro_t10y2y_2022-01-18,71
official_macro_t10y2y_2022-01-19,71
official_macro_t10y2y_2022-01-20,71
official_macro_t10y2y_2022-01-21,71
official_macro_t10y2y_2022-01-24,71
official_macro_t10y2y_2022-01-25,71
official_macro_t10y2y_2022-01-26,71
official_macro_t10y2y_2022-01-27,71
official_macro_t10y2y_2022-01-28,71
official_macro_t10y2y_2022-01-31,71
official_macro_t10y2y_2022-02-01,71
official_macro_t10y2y_2022-02-02,71
official_macro_t10y2y_2022-02-03,71
official_macro_t10y2y_2022-02-04,71
official_macro_t10y2y_2022-02-07,71
official_macro_t10y2y_2022-02-08,71
official_macro_t10y2y_2022-02-09,71
official_macro_t10y2y_2022-02-10,71
official_macro_t10y2y_2022-02-11,71
official_macro_t10y2y_2022-02-14,71
official_macro_t10y2y_2022-02-15,71
official_macro_t10y2y_2022-02-16,71
official_macro_t10y2y_2022-02-17,71
official_macro_t10y2y_2022-02-18,71
official_macro_t10y2y_2022-02-22,71
official_macro_t10y2y_2022-02-23,71
official_macro_t10y2y_2022-02-24,71
official_macro_t10y2y_2022-02-25,71
official_macro_t10y2y_2022-02-28,71
official_macro_t10y2y_2022-03-01,71
official_macro_t10y2y_2022-03-02,71
official_macro_t10y2y_2022-03-03,71
official_macro_t10y2y_2022-03-04,71
official_macro_t10y2y_2022-03-07,71
official_macro_t10y2y_2022-03-08,71
official_macro_t10y2y_2022-03-09,71
official_macro_t10y2y_2022-03-10,71
official_macro_t10y2y_2022-03-11,71
official_macro_t10y2y_2022-03-14,71
official_macro_t10y2y_2022-03-15,71
official_macro_t10y2y_2022-03-16,71
official_macro_t10y2y_2022-03-17,71
official_macro_t10y2y_2022-03-18,71
official_macro_t10y2y_2022-03-21,71
official_macro_t10y2y_2022-03-22,71
official_macro_t10y2y_2022-03-23,71
official_macro_t10y2y_2022-03-24,71
official_macro_t10y2y_2022-03-25,71
official_macro_t10y2y_2022-03-28,71
official_macro_t10y2y_2022-03-29,71
official_macro_t10y2y_2022-03-30,71
official_macro_t10y2y_2022-03-31,71
official_macro_t10y2y_2022-04-01,71
official_macro_t10y2y_2022-04-04,71
official_macro_t10y2y_2022-04-05,71
official_macro_t10y2y_2022-04-06,71
official_macro_t10y2y_2022-04-07,71
official_macro_t10y2y_2022-04-08,71
official_macro_t10y2y_2022-04-11,71
official_macro_t10y2y_2022-04-12,71
official_macro_t10y2y_2022-04-13,71
official_macro_t10y2y_2022-04-14,71
official_macro_t10y2y_2022-04-18,71
official_macro_t10y2y_2022-04-19,71
official_macro_t10y2y_2022-04-20,71
official_macro_t10y2y_2022-04-21,71
official_macro_t10y2y_2022-04-22,71
official_macro_t10y2y_2022-04-25,71
official_macro_t10y2y_2022-04-26,71
official_macro_t10y2y_2022-04-27,71
official_macro_t10y2y_2022-04-28,71
official_macro_t10y2y_2022-04-29,71
official_macro_t10y2y_2022-05-02,71
official_macro_t10y2y_2022-05-03,71
official_macro_t10y2y_2022-05-04,71
official_macro_t10y2y_2022-05-05,71
official_macro_t10y2y_2022-05-06,71
official_macro_t10y2y_2022-05-09,71
official_macro_t10y2y_2022-05-10,71
official_macro_t10y2y_2022-05-11,71
official_macro_t10y2y_2022-05-12,71
official_macro_t10y2y_2022-05-13,71
official_macro_t10y2y_2022-05-16,71
official_macro_t10y2y_2022-05-17,71
official_macro_t10y2y_2022-05-18,71
official_macro_t10y2y_2022-05-19,71
official_macro_t10y2y_2022-05-20,71
official_macro_t10y2y_2022-05-23,71
official_macro_t10y2y_2022-05-24,71
official_macro_t10y2y_2022-05-25,71
official_macro_t10y2y_2022-05-26,71
official_macro_t10y2y_2022-05-27,71
official_macro_t10y2y_2022-05-31,71
official_macro_t10y2y_2022-06-01,71
official_macro_t10y2y_2022-06-02,71
official_macro_t10y2y_2022-06-03,71
official_macro_t10y2y_2022-06-06,71
official_macro_t10y2y_2022-06-07,71
official_macro_t10y2y_2022-06-08,71
official_macro_t10y2y_2022-06-09,71
official_macro_t10y2y_2022-06-10,71
official_macro_t10y2y_2022-06-13,71
official_macro_t10y2y_2022-06-14,71
official_macro_t10y2y_2022-06-15,71
official_macro_t10y2y_2022-06-16,71
official_macro_t10y2y_2022-06-17,71
official_macro_t10y2y_2022-06-21,71
official_macro_t10y2y_2022-06-22,71
official_macro_t10y2y_2022-06-23,71
official_macro_t10y2y_2022-06-24,71
official_macro_t10y2y_2022-06-27,71
official_macro_t10y2y_2022-06-28,71
official_macro_t10y2y_2022-06-29,71
official_macro_t10y2y_2022-06-30,71
official_macro_t10y2y_2022-07-01,71
official_macro_t10y2y_2022-07-05,71
official_macro_t10y2y_2022-07-06,71
official_macro_t10y2y_2022-07-07,71
official_macro_t10y2y_2022-07-08,71
official_macro_t10y2y_2022-07-11,71
official_macro_t10y2y_2022-07-12,71
official_macro_t10y2y_2022-07-13,71
official_macro_t10y2y_2022-07-14,71
official_macro_t10y2y_2022-07-15,71
official_macro_t10y2y_2022-07-18,71
official_macro_t10y2y_2022-07-19,71
official_macro_t10y2y_2022-07-20,71
official_macro_t10y2y_2022-07-21,71
official_macro_t10y2y_2022-07-22,71
official_macro_t10y2y_2022-07-25,71
official_macro_t10y2y_2022-07-26,71
official_macro_t10y2y_2022-07-27,71
official_macro_t10y2y_2022-07-28,71
official_macro_t10y2y_2022-07-29,71
official_macro_t10y2y_2022-08-01,71
official_macro_t10y2y_2022-08-02,71
official_macro_t10y2y_2022-08-03,71
official_macro_t10y2y_2022-08-04,71
official_macro_t10y2y_2022-08-05,71
official_macro_t10y2y_2022-08-08,71
official_macro_t10y2y_2022-08-09,71
official_macro_t10y2y_2022-08-10,71
official_macro_t10y2y_2022-08-11,71
official_macro_t10y2y_2022-08-12,71
official_macro_t10y2y_2022-08-15,71
official_macro_t10y2y_2022-08-16,71
official_macro_t10y2y_2022-08-17,71
official_macro_t10y2y_2022-08-18,71
official_macro_t10y2y_2022-08-19,71
official_macro_t10y2y_2022-08-22,71
official_macro_t10y2y_2022-08-23,71
official_macro_t10y2y_2022-08-24,71
official_macro_t10y2y_2022-08-25,71
official_macro_t10y2y_2022-08-26,71
official_macro_t10y2y_2022-08-29,71
official_macro_t10y2y_2022-08-30,71
official_macro_t10y2y_2022-08-31,71
official_macro_t10y2y_2022-09-01,71
official_macro_t10y2y_2022-09-02,71
official_macro_t10y2y_2022-09-06,71
official_macro_t10y2y_2022-09-07,71
official_macro_t10y2y_2022-09-08,71
official_macro_t10y2y_2022-09-09,71
official_macro_t10y2y_2022-09-12,71
official_macro_t10y2y_2022-09-13,71
official_macro_t10y2y_2022-09-14,71
official_macro_t10y2y_2022-09-15,71
official_macro_t10y2y_2022-09-16,71
official_macro_t10y2y_2022-09-19,71
official_macro_t10y2y_2022-09-20,71
official_macro_t10y2y_2022-09-21,71
official_macro_t10y2y_2022-09-22,71
official_macro_t10y2y_2022-09-23,71
official_macro_t10y2y_2022-09-26,71
official_macro_t10y2y_2022-09-27,71
official_macro_t10y2y_2022-09-28,71
official_macro_t10y2y_2022-09-29,71
official_macro_t10y2y_2022-09-30,71
official_macro_t10y2y_2022-10-03,71
official_macro_t10y2y_2022-10-04,71
official_macro_t10y2y_2022-10-05,71
official_macro_t10y2y_2022-10-06,71
official_macro_t10y2y_2022-10-07,71
official_macro_t10y2y_2022-10-11,71
official_macro_t10y2y_2022-10-12,71
official_macro_t10y2y_2022-10-13,71
official_macro_t10y2y_2022-10-14,71
official_macro_t10y2y_2022-10-17,71
official_macro_t10y2y_2022-10-18,71
official_macro_t10y2y_2022-10-19,71
official_macro_t10y2y_2022-10-20,71
official_macro_t10y2y_2022-10-21,71
official_macro_t10y2y_2022-10-24,71
official_macro_t10y2y_2022-10-25,71
official_macro_t10y2y_2022-10-26,71
official_macro_t10y2y_2022-10-27,71
official_macro_t10y2y_2022-10-28,71
official_macro_t10y2y_2022-10-31,71
official_macro_t10y2y_2022-11-01,71
official_macro_t10y2y_2022-11-02,71
official_macro_t10y2y_2022-11-03,71
official_macro_t10y2y_2022-11-04,71
official_macro_t10y2y_2022-11-07,71
official_macro_t10y2y_2022-11-08,71
official_macro_t10y2y_2022-11-09,71
official_macro_t10y2y_2022-11-10,71
official_macro_t10y2y_2022-11-14,71
official_macro_t10y2y_2022-11-15,71
official_macro_t10y2y_2022-11-16,71
official_macro_t10y2y_2022-11-17,71
official_macro_t10y2y_2022-11-18,71
official_macro_t10y2y_2022-11-21,71
official_macro_t10y2y_2022-11-22,71
official_macro_t10y2y_2022-11-23,71
official_macro_t10y2y_2022-11-25,71
official_macro_t10y2y_2022-11-28,71
official_macro_t10y2y_2022-11-29,71
official_macro_t10y2y_2022-11-30,71
official_macro_t10y2y_2022-12-01,71
official_macro_t10y2y_2022-12-02,71
official_macro_t10y2y_2022-12-05,71
official_macro_t10y2y_2022-12-06,71
official_macro_t10y2y_2022-12-07,71
official_macro_t10y2y_2022-12-08,71
official_macro_t10y2y_2022-12-09,71
official_macro_t10y2y_2022-12-12,71
official_macro_t10y2y_2022-12-13,71
official_macro_t10y2y_2022-12-14,71
official_macro_t10y2y_2022-12-15,71
official_macro_t10y2y_2022-12-16,71
official_macro_t10y2y_2022-12-19,71
official_macro_t10y2y_2022-12-20,71
official_macro_t10y2y_2022-12-21,71
official_macro_t10y2y_2022-12-22,71
official_macro_t10y2y_2022-12-23,71
official_macro_t10y2y_2022-12-27,71
official_macro_t10y2y_2022-12-28,71
official_macro_t10y2y_2022-12-29,71
official_macro_t10y2y_2022-12-30,71
official_macro_t10y2y_2023-01-03,71
official_macro_t10y2y_2023-01-04,71
official_macro_t10y2y_2023-01-05,71
official_macro_t10y2y_2023-01-06,71
official_macro_t10y2y_2023-01-09,71
official_macro_t10y2y_2023-01-10,71
official_macro_t10y2y_2023-01-11,71
official_macro_t10y2y_2023-01-12,71
official_macro_t10y2y_2023-01-13,71
official_macro_t10y2y_2023-01-17,71
official_macro_t10y2y_2023-01-18,71
official_macro_t10y2y_2023-01-19,71
official_macro_t10y2y_2023-01-20,71
official_macro_t10y2y_2023-01-23,71
official_macro_t10y2y_2023-01-24,71
official_macro_t10y2y_2023-01-25,71
official_macro_t10y2y_2023-01-26,71
official_macro_t10y2y_2023-01-27,71
official_macro_t10y2y_2023-01-30,71
official_macro_t10y2y_2023-01-31,71
official_macro_t10y2y_2023-02-01,71
official_macro_t10y2y_2023-02-02,71
official_macro_t10y2y_2023-02-03,71
official_macro_t10y2y_2023-02-06,71
official_macro_t10y2y_2023-02-07,71
official_macro_t10y2y_2023-02-08,71
official_macro_t10y2y_2023-02-09,71
official_macro_t10y2y_2023-02-10,71
official_macro_t10y2y_2023-02-13,71
official_macro_t10y2y_2023-02-14,71
official_macro_t10y2y_2023-02-15,71
official_macro_t10y2y_2023-02-16,71
official_macro_t10y2y_2023-02-17,71
official_macro_t10y2y_2023-02-21,71
official_macro_t10y2y_2023-02-22,71
official_macro_t10y2y_2023-02-23,71
official_macro_t10y2y_2023-02-24,71
official_macro_t10y2y_2023-02-27,71
official_macro_t10y2y_2023-02-28,71
official_macro_t10y2y_2023-03-01,71
official_macro_unrate_2010-01-01,56
official_macro_unrate_2010-02-01,56
official_macro_unrate_2010-03-01,56
official_macro_unrate_2010-04-01,56
official_macro_unrate_2010-05-01,56
official_macro_unrate_2010-06-01,56
official_macro_unrate_2010-07-01,56
official_macro_unrate_2010-08-01,56
official_macro_unrate_2010-09-01,56
official_macro_unrate_2010-10-01,56
official_macro_unrate_2010-11-01,56
official_macro_unrate_2010-12-01,56
official_macro_unrate_2011-01-01,56
official_macro_unrate_2011-02-01,56
official_macro_unrate_2011-03-01,56
official_macro_unrate_2011-04-01,56
official_macro_unrate_2011-05-01,56
official_macro_unrate_2011-06-01,56
official_macro_unrate_2011-07-01,56
official_macro_unrate_2011-08-01,56
official_macro_unrate_2011-09-01,56
official_macro_unrate_2011-10-01,56
official_macro_unrate_2011-11-01,56
official_macro_unrate_2011-12-01,56
official_macro_unrate_2012-01-01,56
official_macro_unrate_2012-02-01,56
official_macro_unrate_2012-03-01,56
official_macro_unrate_2012-04-01,56
official_macro_unrate_2012-05-01,56
official_macro_unrate_2012-06-01,56
official_macro_unrate_2012-07-01,56
official_macro_unrate_2012-08-01,56
official_macro_unrate_2012-09-01,56
official_macro_unrate_2012-10-01,56
official_macro_unrate_2012-11-01,56
official_macro_unrate_2012-12-01,56
official_macro_unrate_2013-01-01,56
official_macro_unrate_2013-02-01,56
official_macro_unrate_2013-03-01,56
official_macro_unrate_2013-04-01,56
official_macro_unrate_2013-05-01,56
official_macro_unrate_2013-06-01,56
official_macro_unrate_2013-07-01,56
official_macro_unrate_2013-08-01,56
official_macro_unrate_2013-09-01,56
official_macro_unrate_2013-10-01,56
official_macro_unrate_2013-11-01,56
official_macro_unrate_2013-12-01,56
official_macro_unrate_2014-01-01,56
official_macro_unrate_2014-02-01,56
official_macro_unrate_2014-03-01,56
official_macro_unrate_2014-04-01,56
official_macro_unrate_2014-05-01,56
official_macro_unrate_2014-06-01,56
official_macro_unrate_2014-07-01,56
official_macro_unrate_2014-08-01,56
official_macro_unrate_2014-09-01,56
official_macro_unrate_2014-10-01,56
official_macro_unrate_2014-11-01,56
official_macro_unrate_2014-12-01,56
official_macro_unrate_2015-01-01,56
official_macro_unrate_2015-02-01,56
official_macro_unrate_2015-03-01,56
official_macro_unrate_2015-04-01,56
official_macro_unrate_2015-05-01,56
official_macro_unrate_2015-06-01,56
official_macro_unrate_2015-07-01,56
official_macro_unrate_2015-08-01,56
official_macro_unrate_2015-09-01,56
official_macro_unrate_2015-10-01,56
official_macro_unrate_2015-11-01,56
official_macro_unrate_2015-12-01,56
official_macro_unrate_2016-01-01,56
official_macro_unrate_2016-02-01,56
official_macro_unrate_2016-03-01,56
official_macro_unrate_2016-04-01,56
official_macro_unrate_2016-05-01,56
official_macro_unrate_2016-06-01,56
official_macro_unrate_2016-07-01,56
official_macro_unrate_2016-08-01,56
official_macro_unrate_2016-09-01,56
official_macro_unrate_2016-10-01,56
official_macro_unrate_2016-11-01,56
official_macro_unrate_2016-12-01,56
official_macro_unrate_2017-01-01,56
official_macro_unrate_2017-02-01,56
official_macro_unrate_2017-03-01,56
official_macro_unrate_2017-04-01,56
official_macro_unrate_2017-05-01,56
official_macro_unrate_2017-06-01,56
official_macro_unrate_2017-07-01,56
official_macro_unrate_2017-08-01,56
official_macro_unrate_2017-09-01,56
official_macro_unrate_2017-10-01,56
official_macro_unrate_2017-11-01,56
official_macro_unrate_2017-12-01,56
official_macro_unrate_2018-01-01,56
official_macro_unrate_2018-02-01,56
official_macro_unrate_2018-03-01,56
official_macro_unrate_2018-04-01,56
official_macro_unrate_2018-05-01,56
official_macro_unrate_2018-06-01,56
official_macro_unrate_2018-07-01,56
official_macro_unrate_2018-08-01,56
official_macro_unrate_2018-09-01,56
official_macro_unrate_2018-10-01,56
official_macro_unrate_2018-11-01,56
official_macro_unrate_2018-12-01,56
official_macro_unrate_2019-01-01,56
official_macro_unrate_2019-02-01,56
official_macro_unrate_2019-03-01,56
official_macro_unrate_2019-04-01,56
official_macro_unrate_2019-05-01,56
official_macro_unrate_2019-06-01,56
official_macro_unrate_2019-07-01,56
official_macro_unrate_2019-08-01,56
official_macro_unrate_2019-09-01,56
official_macro_unrate_2019-10-01,56
official_macro_unrate_2019-11-01,56
official_macro_unrate_2019-12-01,56
official_macro_unrate_2020-01-01,56
official_macro_unrate_2020-02-01,56
official_macro_unrate_2020-03-01,56
official_macro_unrate_2020-04-01,56
official_macro_unrate_2020-05-01,56
official_macro_unrate_2020-06-01,56
official_macro_unrate_2020-07-01,56
official_macro_unrate_2020-08-01,56
official_macro_unrate_2020-09-01,56
official_macro_unrate_2020-10-01,56
official_macro_unrate_2020-11-01,56
official_macro_unrate_2020-12-01,56
official_macro_unrate_2021-01-01,56
official_macro_unrate_2021-02-01,56
official_macro_unrate_2021-03-01,56
official_macro_unrate_2021-04-01,56
official_macro_unrate_2021-05-01,56
official_macro_unrate_2021-06-01,56
official_macro_unrate_2021-07-01,56
official_macro_unrate_2021-08-01,56
official_macro_unrate_2021-09-01,56
official_macro_unrate_2021-10-01,56
official_macro_unrate_2021-11-01,56
official_macro_unrate_2021-12-01,56
official_macro_unrate_2022-01-01,56
official_macro_unrate_2022-02-01,56
official_macro_unrate_2022-03-01,56
official_macro_unrate_2022-04-01,56
official_macro_unrate_2022-05-01,56
official_macro_unrate_2022-06-01,56
official_macro_unrate_2022-07-01,56
official_macro_unrate_2022-08-01,56
official_macro_unrate_2022-09-01,56
official_macro_unrate_2022-10-01,56
official_macro_unrate_2022-11-01,56
official_macro_unrate_2022-12-01,56
official_macro_unrate_2023-01-01,56
official_macro_unrate_2023-02-01,56
official_macro_unrate_2023-03-01,56
official_macro_vixcls_2010-01-04,59
official_macro_vixcls_2010-01-05,59
official_macro_vixcls_2010-01-06,59
official_macro_vixcls_2010-01-07,59
official_macro_vixcls_2010-01-08,59
official_macro_vixcls_2010-01-11,59
official_macro_vixcls_2010-01-12,59
official_macro_vixcls_2010-01-13,59
official_macro_vixcls_2010-01-14,59
official_macro_vixcls_2010-01-15,59
official_macro_vixcls_2010-01-19,59
official_macro_vixcls_2010-01-20,59
official_macro_vixcls_2010-01-21,59
official_macro_vixcls_2010-01-22,59
official_macro_vixcls_2010-01-25,59
official_macro_vixcls_2010-01-26,59
official_macro_vixcls_2010-01-27,59
official_macro_vixcls_2010-01-28,59
official_macro_vixcls_2010-01-29,59
official_macro_vixcls_2010-02-01,59
official_macro_vixcls_2010-02-02,59
official_macro_vixcls_2010-02-03,59
official_macro_vixcls_2010-02-04,59
official_macro_vixcls_2010-02-05,59
official_macro_vixcls_2010-02-08,59
official_macro_vixcls_2010-02-09,59
official_macro_vixcls_2010-02-10,59
official_macro_vixcls_2010-02-11,59
official_macro_vixcls_2010-02-12,59
official_macro_vixcls_2010-02-16,59
official_macro_vixcls_2010-02-17,59
official_macro_vixcls_2010-02-18,59
official_macro_vixcls_2010-02-19,59
official_macro_vixcls_2010-02-22,59
official_macro_vixcls_2010-02-23,59
official_macro_vixcls_2010-02-24,59
official_macro_vixcls_2010-02-25,59
official_macro_vixcls_2010-02-26,59
official_macro_vixcls_2010-03-01,59
official_macro_vixcls_2010-03-02,59
official_macro_vixcls_2010-03-03,59
official_macro_vixcls_2010-03-04,59
official_macro_vixcls_2010-03-05,59
official_macro_vixcls_2010-03-08,59
official_macro_vixcls_2010-03-09,59
official_macro_vixcls_2010-03-10,59
official_macro_vixcls_2010-03-11,59
official_macro_vixcls_2010-03-12,59
official_macro_vixcls_2010-03-15,59
official_macro_vixcls_2010-03-16,59
official_macro_vixcls_2010-03-17,59
official_macro_vixcls_2010-03-18,59
official_macro_vixcls_2010-03-19,59
official_macro_vixcls_2010-03-22,59
official_macro_vixcls_2010-03-23,59
official_macro_vixcls_2010-03-24,59
official_macro_vixcls_2010-03-25,59
official_macro_vixcls_2010-03-26,59
official_macro_vixcls_2010-03-29,59
official_macro_vixcls_2010-03-30,59
official_macro_vixcls_2010-03-31,59
official_macro_vixcls_2010-04-01,59
official_macro_vixcls_2010-04-05,59
official_macro_vixcls_2010-04-06,59
official_macro_vixcls_2010-04-07,59
official_macro_vixcls_2010-04-08,59
official_macro_vixcls_2010-04-09,59
official_macro_vixcls_2010-04-12,59
official_macro_vixcls_2010-04-13,59
official_macro_vixcls_2010-04-14,59
official_macro_vixcls_2010-04-15,59
official_macro_vixcls_2010-04-16,59
official_macro_vixcls_2010-04-19,59
official_macro_vixcls_2010-04-20,59
official_macro_vixcls_2010-04-21,59
official_macro_vixcls_2010-04-22,59
official_macro_vixcls_2010-04-23,59
official_macro_vixcls_2010-04-26,59
official_macro_vixcls_2010-04-27,59
official_macro_vixcls_2010-04-28,59
official_macro_vixcls_2010-04-29,59
official_macro_vixcls_2010-04-30,59
official_macro_vixcls_2010-05-03,59
official_macro_vixcls_2010-05-04,59
official_macro_vixcls_2010-05-05,59
official_macro_vixcls_2010-05-06,59
official_macro_vixcls_2010-05-07,59
official_macro_vixcls_2010-05-10,59
official_macro_vixcls_2010-05-11,59
official_macro_vixcls_2010-05-12,59
official_macro_vixcls_2010-05-13,59
official_macro_vixcls_2010-05-14,59
official_macro_vixcls_2010-05-17,59
official_macro_vixcls_2010-05-18,59
official_macro_vixcls_2010-05-19,59
official_macro_vixcls_2010-05-20,59
official_macro_vixcls_2010-05-21,59
official_macro_vixcls_2010-05-24,59
official_macro_vixcls_2010-05-25,59
official_macro_vixcls_2010-05-26,59
official_macro_vixcls_2010-05-27,59
official_macro_vixcls_2010-05-28,59
official_macro_vixcls_2010-06-01,59
official_macro_vixcls_2010-06-02,59
official_macro_vixcls_2010-06-03,59
official_macro_vixcls_2010-06-04,59
official_macro_vixcls_2010-06-07,59
official_macro_vixcls_2010-06-08,59
official_macro_vixcls_2010-06-09,59
official_macro_vixcls_2010-06-10,59
official_macro_vixcls_2010-06-11,59
official_macro_vixcls_2010-06-14,59
official_macro_vixcls_2010-06-15,59
official_macro_vixcls_2010-06-16,59
official_macro_vixcls_2010-06-17,59
official_macro_vixcls_2010-06-18,59
official_macro_vixcls_2010-06-21,59
official_macro_vixcls_2010-06-22,59
official_macro_vixcls_2010-06-23,59
official_macro_vixcls_2010-06-24,59
official_macro_vixcls_2010-06-25,59
official_macro_vixcls_2010-06-28,59
official_macro_vixcls_2010-06-29,59
official_macro_vixcls_2010-06-30,59
official_macro_vixcls_2010-07-01,59
official_macro_vixcls_2010-07-02,59
official_macro_vixcls_2010-07-06,59
official_macro_vixcls_2010-07-07,59
official_macro_vixcls_2010-07-08,59
official_macro_vixcls_2010-07-09,59
official_macro_vixcls_2010-07-12,59
official_macro_vixcls_2010-07-13,59
official_macro_vixcls_2010-07-14,59
official_macro_vixcls_2010-07-15,59
official_macro_vixcls_2010-07-16,59
official_macro_vixcls_2010-07-19,59
official_macro_vixcls_2010-07-20,59
official_macro_vixcls_2010-07-21,59
official_macro_vixcls_2010-07-22,59
official_macro_vixcls_2010-07-23,59
official_macro_vixcls_2010-07-26,59
official_macro_vixcls_2010-07-27,59
official_macro_vixcls_2010-07-28,59
official_macro_vixcls_2010-07-29,59
official_macro_vixcls_2010-07-30,59
official_macro_vixcls_2010-08-02,59
official_macro_vixcls_2010-08-03,59
official_macro_vixcls_2010-08-04,59
official_macro_vixcls_2010-08-05,59
official_macro_vixcls_2010-08-06,59
official_macro_vixcls_2010-08-09,59
official_macro_vixcls_2010-08-10,59
official_macro_vixcls_2010-08-11,59
official_macro_vixcls_2010-08-12,59
official_macro_vixcls_2010-08-13,59
official_macro_vixcls_2010-08-16,59
official_macro_vixcls_2010-08-17,59
official_macro_vixcls_2010-08-18,59
official_macro_vixcls_2010-08-19,59
official_macro_vixcls_2010-08-20,59
official_macro_vixcls_2010-08-23,59
official_macro_vixcls_2010-08-24,59
official_macro_vixcls_2010-08-25,59
official_macro_vixcls_2010-08-26,59
official_macro_vixcls_2010-08-27,59
official_macro_vixcls_2010-08-30,59
official_macro_vixcls_2010-08-31,59
official_macro_vixcls_2010-09-01,59
official_macro_vixcls_2010-09-02,59
official_macro_vixcls_2010-09-03,59
official_macro_vixcls_2010-09-07,59
official_macro_vixcls_2010-09-08,59
official_macro_vixcls_2010-09-09,59
official_macro_vixcls_2010-09-10,59
official_macro_vixcls_2010-09-13,59
official_macro_vixcls_2010-09-14,59
official_macro_vixcls_2010-09-15,59
official_macro_vixcls_2010-09-16,59
official_macro_vixcls_2010-09-17,59
official_macro_vixcls_2010-09-20,59
official_macro_vixcls_2010-09-21,59
official_macro_vixcls_2010-09-22,59
official_macro_vixcls_2010-09-23,59
official_macro_vixcls_2010-09-24,59
official_macro_vixcls_2010-09-27,59
official_macro_vixcls_2010-09-28,59
official_macro_vixcls_2010-09-29,59
official_macro_vixcls_2010-09-30,59
official_macro_vixcls_2010-10-01,59
official_macro_vixcls_2010-10-04,59
official_macro_vixcls_2010-10-05,59
official_macro_vixcls_2010-10-06,59
official_macro_vixcls_2010-10-07,59
official_macro_vixcls_2010-10-08,59
official_macro_vixcls_2010-10-11,59
official_macro_vixcls_2010-10-12,59
official_macro_vixcls_2010-10-13,59
official_macro_vixcls_2010-10-14,59
official_macro_vixcls_2010-10-15,59
official_macro_vixcls_2010-10-18,59
official_macro_vixcls_2010-10-19,59
official_macro_vixcls_2010-10-20,59
official_macro_vixcls_2010-10-21,59
official_macro_vixcls_2010-10-22,59
official_macro_vixcls_2010-10-25,59
official_macro_vixcls_2010-10-26,59
official_macro_vixcls_2010-10-27,59
official_macro_vixcls_2010-10-28,59
official_macro_vixcls_2010-10-29,59
official_macro_vixcls_2010-11-01,59
official_macro_vixcls_2010-11-02,59
official_macro_vixcls_2010-11-03,59
official_macro_vixcls_2010-11-04,59
official_macro_vixcls_2010-11-05,59
official_macro_vixcls_2010-11-08,59
official_macro_vixcls_2010-11-09,59
official_macro_vixcls_2010-11-10,59
official_macro_vixcls_2010-11-11,59
official_macro_vixcls_2010-11-12,59
official_macro_vixcls_2010-11-15,59
official_macro_vixcls_2010-11-16,59
official_macro_vixcls_2010-11-17,59
official_macro_vixcls_2010-11-18,59
official_macro_vixcls_2010-11-19,59
official_macro_vixcls_2010-11-22,59
official_macro_vixcls_2010-11-23,59
official_macro_vixcls_2010-11-24,59
official_macro_vixcls_2010-11-26,59
official_macro_vixcls_2010-11-29,59
official_macro_vixcls_2010-11-30,59
official_macro_vixcls_2010-12-01,59
official_macro_vixcls_2010-12-02,59
official_macro_vixcls_2010-12-03,59
official_macro_vixcls_2010-12-06,59
official_macro_vixcls_2010-12-07,59
official_macro_vixcls_2010-12-08,59
official_macro_vixcls_2010-12-09,59
official_macro_vixcls_2010-12-10,59
official_macro_vixcls_2010-12-13,59
official_macro_vixcls_2010-12-14,59
official_macro_vixcls_2010-12-15,59
official_macro_vixcls_2010-12-16,59
official_macro_vixcls_2010-12-17,59
official_macro_vixcls_2010-12-20,59
official_macro_vixcls_2010-12-21,59
official_macro_vixcls_2010-12-22,59
official_macro_vixcls_2010-12-23,59
official_macro_vixcls_2010-12-27,59
official_macro_vixcls_2010-12-28,59
official_macro_vixcls_2010-12-29,59
official_macro_vixcls_2010-12-30,59
official_macro_vixcls_2010-12-31,59
official_macro_vixcls_2011-01-03,59
official_macro_vixcls_2011-01-04,59
official_macro_vixcls_2011-01-05,59
official_macro_vixcls_2011-01-06,59
official_macro_vixcls_2011-01-07,59
official_macro_vixcls_2011-01-10,59
official_macro_vixcls_2011-01-11,59
official_macro_vixcls_2011-01-12,59
official_macro_vixcls_2011-01-13,59
official_macro_vixcls_2011-01-14,59
official_macro_vixcls_2011-01-18,59
official_macro_vixcls_2011-01-19,59
official_macro_vixcls_2011-01-20,59
official_macro_vixcls_2011-01-21,59
official_macro_vixcls_2011-01-24,59
official_macro_vixcls_2011-01-25,59
official_macro_vixcls_2011-01-26,59
official_macro_vixcls_2011-01-27,59
official_macro_vixcls_2011-01-28,59
official_macro_vixcls_2011-01-31,59
official_macro_vixcls_2011-02-01,59
official_macro_vixcls_2011-02-02,59
official_macro_vixcls_2011-02-03,59
official_macro_vixcls_2011-02-04,59
official_macro_vixcls_2011-02-07,59
official_macro_vixcls_2011-02-08,59
official_macro_vixcls_2011-02-09,59
official_macro_vixcls_2011-02-10,59
official_macro_vixcls_2011-02-11,59
official_macro_vixcls_2011-02-14,59
official_macro_vixcls_2011-02-15,59
official_macro_vixcls_2011-02-16,59
official_macro_vixcls_2011-02-17,59
official_macro_vixcls_2011-02-18,59
official_macro_vixcls_2011-02-22,59
official_macro_vixcls_2011-02-23,59
official_macro_vixcls_2011-02-24,59
official_macro_vixcls_2011-02-25,59
official_macro_vixcls_2011-02-28,59
official_macro_vixcls_2011-03-01,59
official_macro_vixcls_2011-03-02,59
official_macro_vixcls_2011-03-03,59
official_macro_vixcls_2011-03-04,59
official_macro_vixcls_2011-03-07,59
official_macro_vixcls_2011-03-08,59
official_macro_vixcls_2011-03-09,59
official_macro_vixcls_2011-03-10,59
official_macro_vixcls_2011-03-11,59
official_macro_vixcls_2011-03-14,59
official_macro_vixcls_2011-03-15,59
official_macro_vixcls_2011-03-16,59
official_macro_vixcls_2011-03-17,59
official_macro_vixcls_2011-03-18,59
official_macro_vixcls_2011-03-21,59
official_macro_vixcls_2011-03-22,59
official_macro_vixcls_2011-03-23,59
official_macro_vixcls_2011-03-24,59
official_macro_vixcls_2011-03-25,59
official_macro_vixcls_2011-03-28,59
official_macro_vixcls_2011-03-29,59
official_macro_vixcls_2011-03-30,59
official_macro_vixcls_2011-03-31,59
official_macro_vixcls_2011-04-01,59
official_macro_vixcls_2011-04-04,59
official_macro_vixcls_2011-04-05,59
official_macro_vixcls_2011-04-06,59
official_macro_vixcls_2011-04-07,59
official_macro_vixcls_2011-04-08,59
official_macro_vixcls_2011-04-11,59
official_macro_vixcls_2011-04-12,59
official_macro_vixcls_2011-04-13,59
official_macro_vixcls_2011-04-14,59
official_macro_vixcls_2011-04-15,59
official_macro_vixcls_2011-04-18,59
official_macro_vixcls_2011-04-19,59
official_macro_vixcls_2011-04-20,59
official_macro_vixcls_2011-04-21,59
official_macro_vixcls_2011-04-25,59
official_macro_vixcls_2011-04-26,59
official_macro_vixcls_2011-04-27,59
official_macro_vixcls_2011-04-28,59
official_macro_vixcls_2011-04-29,59
official_macro_vixcls_2011-05-02,59
official_macro_vixcls_2011-05-03,59
official_macro_vixcls_2011-05-04,59
official_macro_vixcls_2011-05-05,59
official_macro_vixcls_2011-05-06,59
official_macro_vixcls_2011-05-09,59
official_macro_vixcls_2011-05-10,59
official_macro_vixcls_2011-05-11,59
official_macro_vixcls_2011-05-12,59
official_macro_vixcls_2011-05-13,59
official_macro_vixcls_2011-05-16,59
official_macro_vixcls_2011-05-17,59
official_macro_vixcls_2011-05-18,59
official_macro_vixcls_2011-05-19,59
official_macro_vixcls_2011-05-20,59
official_macro_vixcls_2011-05-23,59
official_macro_vixcls_2011-05-24,59
official_macro_vixcls_2011-05-25,59
official_macro_vixcls_2011-05-26,59
official_macro_vixcls_2011-05-27,59
official_macro_vixcls_2011-05-31,59
official_macro_vixcls_2011-06-01,59
official_macro_vixcls_2011-06-02,59
official_macro_vixcls_2011-06-03,59
official_macro_vixcls_2011-06-06,59
official_macro_vixcls_2011-06-07,59
official_macro_vixcls_2011-06-08,59
official_macro_vixcls_2011-06-09,59
official_macro_vixcls_2011-06-10,59
official_macro_vixcls_2011-06-13,59
official_macro_vixcls_2011-06-14,59
official_macro_vixcls_2011-06-15,59
official_macro_vixcls_2011-06-16,59
official_macro_vixcls_2011-06-17,59
official_macro_vixcls_2011-06-20,59
official_macro_vixcls_2011-06-21,59
official_macro_vixcls_2011-06-22,59
official_macro_vixcls_2011-06-23,59
official_macro_vixcls_2011-06-24,59
official_macro_vixcls_2011-06-27,59
official_macro_vixcls_2011-06-28,59
official_macro_vixcls_2011-06-29,59
official_macro_vixcls_2011-06-30,59
official_macro_vixcls_2011-07-01,59
official_macro_vixcls_2011-07-05,59
official_macro_vixcls_2011-07-06,59
official_macro_vixcls_2011-07-07,59
official_macro_vixcls_2011-07-08,59
official_macro_vixcls_2011-07-11,59
official_macro_vixcls_2011-07-12,59
official_macro_vixcls_2011-07-13,59
official_macro_vixcls_2011-07-14,59
official_macro_vixcls_2011-07-15,59
official_macro_vixcls_2011-07-18,59
official_macro_vixcls_2011-07-19,59
official_macro_vixcls_2011-07-20,59
official_macro_vixcls_2011-07-21,59
official_macro_vixcls_2011-07-22,59
official_macro_vixcls_2011-07-25,59
official_macro_vixcls_2011-07-26,59
official_macro_vixcls_2011-07-27,59
official_macro_vixcls_2011-07-28,59
official_macro_vixcls_2011-07-29,59
official_macro_vixcls_2011-08-01,59
official_macro_vixcls_2011-08-02,59
official_macro_vixcls_2011-08-03,59
official_macro_vixcls_2011-08-04,59
official_macro_vixcls_2011-08-05,59
official_macro_vixcls_2011-08-08,59
official_macro_vixcls_2011-08-09,59
official_macro_vixcls_2011-08-10,59
official_macro_vixcls_2011-08-11,59
official_macro_vixcls_2011-08-12,59
official_macro_vixcls_2011-08-15,59
official_macro_vixcls_2011-08-16,59
official_macro_vixcls_2011-08-17,59
official_macro_vixcls_2011-08-18,59
official_macro_vixcls_2011-08-19,59
official_macro_vixcls_2011-08-22,59
official_macro_vixcls_2011-08-23,59
official_macro_vixcls_2011-08-24,59
official_macro_vixcls_2011-08-25,59
official_macro_vixcls_2011-08-26,59
official_macro_vixcls_2011-08-29,59
official_macro_vixcls_2011-08-30,59
official_macro_vixcls_2011-08-31,59
official_macro_vixcls_2011-09-01,59
official_macro_vixcls_2011-09-02,59
official_macro_vixcls_2011-09-06,59
official_macro_vixcls_2011-09-07,59
official_macro_vixcls_2011-09-08,59
official_macro_vixcls_2011-09-09,59
official_macro_vixcls_2011-09-12,59
official_macro_vixcls_2011-09-13,59
official_macro_vixcls_2011-09-14,59
official_macro_vixcls_2011-09-15,59
official_macro_vixcls_2011-09-16,59
official_macro_vixcls_2011-09-19,59
official_macro_vixcls_2011-09-20,59
official_macro_vixcls_2011-09-21,59
official_macro_vixcls_2011-09-22,59
official_macro_vixcls_2011-09-23,59
official_macro_vixcls_2011-09-26,59
official_macro_vixcls_2011-09-27,59
official_macro_vixcls_2011-09-28,59
official_macro_vixcls_2011-09-29,59
official_macro_vixcls_2011-09-30,59
official_macro_vixcls_2011-10-03,59
official_macro_vixcls_2011-10-04,59
official_macro_vixcls_2011-10-05,59
official_macro_vixcls_2011-10-06,59
official_macro_vixcls_2011-10-07,59
official_macro_vixcls_2011-10-10,59
official_macro_vixcls_2011-10-11,59
official_macro_vixcls_2011-10-12,59
official_macro_vixcls_2011-10-13,59
official_macro_vixcls_2011-10-14,59
official_macro_vixcls_2011-10-17,59
official_macro_vixcls_2011-10-18,59
official_macro_vixcls_2011-10-19,59
official_macro_vixcls_2011-10-20,59
official_macro_vixcls_2011-10-21,59
official_macro_vixcls_2011-10-24,59
official_macro_vixcls_2011-10-25,59
official_macro_vixcls_2011-10-26,59
official_macro_vixcls_2011-10-27,59
official_macro_vixcls_2011-10-28,59
official_macro_vixcls_2011-10-31,59
official_macro_vixcls_2011-11-01,59
official_macro_vixcls_2011-11-02,59
official_macro_vixcls_2011-11-03,59
official_macro_vixcls_2011-11-04,59
official_macro_vixcls_2011-11-07,59
official_macro_vixcls_2011-11-08,59
official_macro_vixcls_2011-11-09,59
official_macro_vixcls_2011-11-10,59
official_macro_vixcls_2011-11-11,59
official_macro_vixcls_2011-11-14,59
official_macro_vixcls_2011-11-15,59
official_macro_vixcls_2011-11-16,59
official_macro_vixcls_2011-11-17,59
official_macro_vixcls_2011-11-18,59
official_macro_vixcls_2011-11-21,59
official_macro_vixcls_2011-11-22,59
official_macro_vixcls_2011-11-23,59
official_macro_vixcls_2011-11-25,59
official_macro_vixcls_2011-11-28,59
official_macro_vixcls_2011-11-29,59
official_macro_vixcls_2011-11-30,59
official_macro_vixcls_2011-12-01,59
official_macro_vixcls_2011-12-02,59
official_macro_vixcls_2011-12-05,59
official_macro_vixcls_2011-12-06,59
official_macro_vixcls_2011-12-07,59
official_macro_vixcls_2011-12-08,59
official_macro_vixcls_2011-12-09,59
official_macro_vixcls_2011-12-12,59
official_macro_vixcls_2011-12-13,59
official_macro_vixcls_2011-12-14,59
official_macro_vixcls_2011-12-15,59
official_macro_vixcls_2011-12-16,59
official_macro_vixcls_2011-12-19,59
official_macro_vixcls_2011-12-20,59
official_macro_vixcls_2011-12-21,59
official_macro_vixcls_2011-12-22,59
official_macro_vixcls_2011-12-23,59
official_macro_vixcls_2011-12-27,59
official_macro_vixcls_2011-12-28,59
official_macro_vixcls_2011-12-29,59
official_macro_vixcls_2011-12-30,59
official_macro_vixcls_2012-01-03,59
official_macro_vixcls_2012-01-04,59
official_macro_vixcls_2012-01-05,59
official_macro_vixcls_2012-01-06,59
official_macro_vixcls_2012-01-09,59
official_macro_vixcls_2012-01-10,59
official_macro_vixcls_2012-01-11,59
official_macro_vixcls_2012-01-12,59
official_macro_vixcls_2012-01-13,59
official_macro_vixcls_2012-01-17,59
official_macro_vixcls_2012-01-18,59
official_macro_vixcls_2012-01-19,59
official_macro_vixcls_2012-01-20,59
official_macro_vixcls_2012-01-23,59
official_macro_vixcls_2012-01-24,59
official_macro_vixcls_2012-01-25,59
official_macro_vixcls_2012-01-26,59
official_macro_vixcls_2012-01-27,59
official_macro_vixcls_2012-01-30,59
official_macro_vixcls_2012-01-31,59
official_macro_vixcls_2012-02-01,59
official_macro_vixcls_2012-02-02,59
official_macro_vixcls_2012-02-03,59
official_macro_vixcls_2012-02-06,59
official_macro_vixcls_2012-02-07,59
official_macro_vixcls_2012-02-08,59
official_macro_vixcls_2012-02-09,59
official_macro_vixcls_2012-02-10,59
official_macro_vixcls_2012-02-13,59
official_macro_vixcls_2012-02-14,59
official_macro_vixcls_2012-02-15,59
official_macro_vixcls_2012-02-16,59
official_macro_vixcls_2012-02-17,59
official_macro_vixcls_2012-02-21,59
official_macro_vixcls_2012-02-22,59
official_macro_vixcls_2012-02-23,59
official_macro_vixcls_2012-02-24,59
official_macro_vixcls_2012-02-27,59
official_macro_vixcls_2012-02-28,59
official_macro_vixcls_2012-02-29,59
official_macro_vixcls_2012-03-01,59
official_macro_vixcls_2012-03-02,59
official_macro_vixcls_2012-03-05,59
official_macro_vixcls_2012-03-06,59
official_macro_vixcls_2012-03-07,59
official_macro_vixcls_2012-03-08,59
official_macro_vixcls_2012-03-09,59
official_macro_vixcls_2012-03-12,59
official_macro_vixcls_2012-03-13,59
official_macro_vixcls_2012-03-14,59
official_macro_vixcls_2012-03-15,59
official_macro_vixcls_2012-03-16,59
official_macro_vixcls_2012-03-19,59
official_macro_vixcls_2012-03-20,59
official_macro_vixcls_2012-03-21,59
official_macro_vixcls_2012-03-22,59
official_macro_vixcls_2012-03-23,59
official_macro_vixcls_2012-03-26,59
official_macro_vixcls_2012-03-27,59
official_macro_vixcls_2012-03-28,59
official_macro_vixcls_2012-03-29,59
official_macro_vixcls_2012-03-30,59
official_macro_vixcls_2012-04-02,59
official_macro_vixcls_2012-04-03,59
official_macro_vixcls_2012-04-04,59
official_macro_vixcls_2012-04-05,59
official_macro_vixcls_2012-04-09,59
official_macro_vixcls_2012-04-10,59
official_macro_vixcls_2012-04-11,59
official_macro_vixcls_2012-04-12,59
official_macro_vixcls_2012-04-13,59
official_macro_vixcls_2012-04-16,59
official_macro_vixcls_2012-04-17,59
official_macro_vixcls_2012-04-18,59
official_macro_vixcls_2012-04-19,59
official_macro_vixcls_2012-04-20,59
official_macro_vixcls_2012-04-23,59
official_macro_vixcls_2012-04-24,59
official_macro_vixcls_2012-04-25,59
official_macro_vixcls_2012-04-26,59
official_macro_vixcls_2012-04-27,59
official_macro_vixcls_2012-04-30,59
official_macro_vixcls_2012-05-01,59
official_macro_vixcls_2012-05-02,59
official_macro_vixcls_2012-05-03,59
official_macro_vixcls_2012-05-04,59
official_macro_vixcls_2012-05-07,59
official_macro_vixcls_2012-05-08,59
official_macro_vixcls_2012-05-09,59
official_macro_vixcls_2012-05-10,59
official_macro_vixcls_2012-05-11,59
official_macro_vixcls_2012-05-14,59
official_macro_vixcls_2012-05-15,59
official_macro_vixcls_2012-05-16,59
official_macro_vixcls_2012-05-17,59
official_macro_vixcls_2012-05-18,59
official_macro_vixcls_2012-05-21,59
official_macro_vixcls_2012-05-22,59
official_macro_vixcls_2012-05-23,59
official_macro_vixcls_2012-05-24,59
official_macro_vixcls_2012-05-25,59
official_macro_vixcls_2012-05-29,59
official_macro_vixcls_2012-05-30,59
official_macro_vixcls_2012-05-31,59
official_macro_vixcls_2012-06-01,59
official_macro_vixcls_2012-06-04,59
official_macro_vixcls_2012-06-05,59
official_macro_vixcls_2012-06-06,59
official_macro_vixcls_2012-06-07,59
official_macro_vixcls_2012-06-08,59
official_macro_vixcls_2012-06-11,59
official_macro_vixcls_2012-06-12,59
official_macro_vixcls_2012-06-13,59
official_macro_vixcls_2012-06-14,59
official_macro_vixcls_2012-06-15,59
official_macro_vixcls_2012-06-18,59
official_macro_vixcls_2012-06-19,59
official_macro_vixcls_2012-06-20,59
official_macro_vixcls_2012-06-21,59
official_macro_vixcls_2012-06-22,59
official_macro_vixcls_2012-06-25,59
official_macro_vixcls_2012-06-26,59
official_macro_vixcls_2012-06-27,59
official_macro_vixcls_2012-06-28,59
official_macro_vixcls_2012-06-29,59
official_macro_vixcls_2012-07-02,59
official_macro_vixcls_2012-07-03,59
official_macro_vixcls_2012-07-05,59
official_macro_vixcls_2012-07-06,59
official_macro_vixcls_2012-07-09,59
official_macro_vixcls_2012-07-10,59
official_macro_vixcls_2012-07-11,59
official_macro_vixcls_2012-07-12,59
official_macro_vixcls_2012-07-13,59
official_macro_vixcls_2012-07-16,59
official_macro_vixcls_2012-07-17,59
official_macro_vixcls_2012-07-18,59
official_macro_vixcls_2012-07-19,59
official_macro_vixcls_2012-07-20,59
official_macro_vixcls_2012-07-23,59
official_macro_vixcls_2012-07-24,59
official_macro_vixcls_2012-07-25,59
official_macro_vixcls_2012-07-26,59
official_macro_vixcls_2012-07-27,59
official_macro_vixcls_2012-07-30,59
official_macro_vixcls_2012-07-31,59
official_macro_vixcls_2012-08-01,59
official_macro_vixcls_2012-08-02,59
official_macro_vixcls_2012-08-03,59
official_macro_vixcls_2012-08-06,59
official_macro_vixcls_2012-08-07,59
official_macro_vixcls_2012-08-08,59
official_macro_vixcls_2012-08-09,59
official_macro_vixcls_2012-08-10,59
official_macro_vixcls_2012-08-13,59
official_macro_vixcls_2012-08-14,59
official_macro_vixcls_2012-08-15,59
official_macro_vixcls_2012-08-16,59
official_macro_vixcls_2012-08-17,59
official_macro_vixcls_2012-08-20,59
official_macro_vixcls_2012-08-21,59
official_macro_vixcls_2012-08-22,59
official_macro_vixcls_2012-08-23,59
official_macro_vixcls_2012-08-24,59
official_macro_vixcls_2012-08-27,59
official_macro_vixcls_2012-08-28,59
official_macro_vixcls_2012-08-29,59
official_macro_vixcls_2012-08-30,59
official_macro_vixcls_2012-08-31,59
official_macro_vixcls_2012-09-04,59
official_macro_vixcls_2012-09-05,59
official_macro_vixcls_2012-09-06,59
official_macro_vixcls_2012-09-07,59
official_macro_vixcls_2012-09-10,59
official_macro_vixcls_2012-09-11,59
official_macro_vixcls_2012-09-12,59
official_macro_vixcls_2012-09-13,59
official_macro_vixcls_2012-09-14,59
official_macro_vixcls_2012-09-17,59
official_macro_vixcls_2012-09-18,59
official_macro_vixcls_2012-09-19,59
official_macro_vixcls_2012-09-20,59
official_macro_vixcls_2012-09-21,59
official_macro_vixcls_2012-09-24,59
official_macro_vixcls_2012-09-25,59
official_macro_vixcls_2012-09-26,59
official_macro_vixcls_2012-09-27,59
official_macro_vixcls_2012-09-28,59
official_macro_vixcls_2012-10-01,59
official_macro_vixcls_2012-10-02,59
official_macro_vixcls_2012-10-03,59
official_macro_vixcls_2012-10-04,59
official_macro_vixcls_2012-10-05,59
official_macro_vixcls_2012-10-08,59
official_macro_vixcls_2012-10-09,59
official_macro_vixcls_2012-10-10,59
official_macro_vixcls_2012-10-11,59
official_macro_vixcls_2012-10-12,59
official_macro_vixcls_2012-10-15,59
official_macro_vixcls_2012-10-16,59
official_macro_vixcls_2012-10-17,59
official_macro_vixcls_2012-10-18,59
official_macro_vixcls_2012-10-19,59
official_macro_vixcls_2012-10-22,59
official_macro_vixcls_2012-10-23,59
official_macro_vixcls_2012-10-24,59
official_macro_vixcls_2012-10-25,59
official_macro_vixcls_2012-10-26,59
official_macro_vixcls_2012-10-31,59
official_macro_vixcls_2012-11-01,59
official_macro_vixcls_2012-11-02,59
official_macro_vixcls_2012-11-05,59
official_macro_vixcls_2012-11-06,59
official_macro_vixcls_2012-11-07,59
official_macro_vixcls_2012-11-08,59
official_macro_vixcls_2012-11-09,59
official_macro_vixcls_2012-11-12,59
official_macro_vixcls_2012-11-13,59
official_macro_vixcls_2012-11-14,59
official_macro_vixcls_2012-11-15,59
official_macro_vixcls_2012-11-16,59
official_macro_vixcls_2012-11-19,59
official_macro_vixcls_2012-11-20,59
official_macro_vixcls_2012-11-21,59
official_macro_vixcls_2012-11-23,59
official_macro_vixcls_2012-11-26,59
official_macro_vixcls_2012-11-27,59
official_macro_vixcls_2012-11-28,59
official_macro_vixcls_2012-11-29,59
official_macro_vixcls_2012-11-30,59
official_macro_vixcls_2012-12-03,59
official_macro_vixcls_2012-12-04,59
official_macro_vixcls_2012-12-05,59
official_macro_vixcls_2012-12-06,59
official_macro_vixcls_2012-12-07,59
official_macro_vixcls_2012-12-10,59
official_macro_vixcls_2012-12-11,59
official_macro_vixcls_2012-12-12,59
official_macro_vixcls_2012-12-13,59
official_macro_vixcls_2012-12-14,59
official_macro_vixcls_2012-12-17,59
official_macro_vixcls_2012-12-18,59
official_macro_vixcls_2012-12-19,59
official_macro_vixcls_2012-12-20,59
official_macro_vixcls_2012-12-21,59
official_macro_vixcls_2012-12-24,59
official_macro_vixcls_2012-12-26,59
official_macro_vixcls_2012-12-27,59
official_macro_vixcls_2012-12-28,59
official_macro_vixcls_2012-12-31,59
official_macro_vixcls_2013-01-02,59
official_macro_vixcls_2013-01-03,59
official_macro_vixcls_2013-01-04,59
official_macro_vixcls_2013-01-07,59
official_macro_vixcls_2013-01-08,59
official_macro_vixcls_2013-01-09,59
official_macro_vixcls_2013-01-10,59
official_macro_vixcls_2013-01-11,59
official_macro_vixcls_2013-01-14,59
official_macro_vixcls_2013-01-15,59
official_macro_vixcls_2013-01-16,59
official_macro_vixcls_2013-01-17,59
official_macro_vixcls_2013-01-18,59
official_macro_vixcls_2013-01-22,59
official_macro_vixcls_2013-01-23,59
official_macro_vixcls_2013-01-24,59
official_macro_vixcls_2013-01-25,59
official_macro_vixcls_2013-01-28,59
official_macro_vixcls_2013-01-29,59
official_macro_vixcls_2013-01-30,59
official_macro_vixcls_2013-01-31,59
official_macro_vixcls_2013-02-01,59
official_macro_vixcls_2013-02-04,59
official_macro_vixcls_2013-02-05,59
official_macro_vixcls_2013-02-06,59
official_macro_vixcls_2013-02-07,59
official_macro_vixcls_2013-02-08,59
official_macro_vixcls_2013-02-11,59
official_macro_vixcls_2013-02-12,59
official_macro_vixcls_2013-02-13,59
official_macro_vixcls_2013-02-14,59
official_macro_vixcls_2013-02-15,59
official_macro_vixcls_2013-02-19,59
official_macro_vixcls_2013-02-20,59
official_macro_vixcls_2013-02-21,59
official_macro_vixcls_2013-02-22,59
official_macro_vixcls_2013-02-25,59
official_macro_vixcls_2013-02-26,59
official_macro_vixcls_2013-02-27,59
official_macro_vixcls_2013-02-28,59
official_macro_vixcls_2013-03-01,59
official_macro_vixcls_2013-03-04,59
official_macro_vixcls_2013-03-05,59
official_macro_vixcls_2013-03-06,59
official_macro_vixcls_2013-03-07,59
official_macro_vixcls_2013-03-08,59
official_macro_vixcls_2013-03-11,59
official_macro_vixcls_2013-03-12,59
official_macro_vixcls_2013-03-13,59
official_macro_vixcls_2013-03-14,59
official_macro_vixcls_2013-03-15,59
official_macro_vixcls_2013-03-18,59
official_macro_vixcls_2013-03-19,59
official_macro_vixcls_2013-03-20,59
official_macro_vixcls_2013-03-21,59
official_macro_vixcls_2013-03-22,59
official_macro_vixcls_2013-03-25,59
official_macro_vixcls_2013-03-26,59
official_macro_vixcls_2013-03-27,59
official_macro_vixcls_2013-03-28,59
official_macro_vixcls_2013-04-01,59
official_macro_vixcls_2013-04-02,59
official_macro_vixcls_2013-04-03,59
official_macro_vixcls_2013-04-04,59
official_macro_vixcls_2013-04-05,59
official_macro_vixcls_2013-04-08,59
official_macro_vixcls_2013-04-09,59
official_macro_vixcls_2013-04-10,59
official_macro_vixcls_2013-04-11,59
official_macro_vixcls_2013-04-12,59
official_macro_vixcls_2013-04-15,59
official_macro_vixcls_2013-04-16,59
official_macro_vixcls_2013-04-17,59
official_macro_vixcls_2013-04-18,59
official_macro_vixcls_2013-04-19,59
official_macro_vixcls_2013-04-22,59
official_macro_vixcls_2013-04-23,59
official_macro_vixcls_2013-04-24,59
official_macro_vixcls_2013-04-25,59
official_macro_vixcls_2013-04-26,59
official_macro_vixcls_2013-04-29,59
official_macro_vixcls_2013-04-30,59
official_macro_vixcls_2013-05-01,59
official_macro_vixcls_2013-05-02,59
official_macro_vixcls_2013-05-03,59
official_macro_vixcls_2013-05-06,59
official_macro_vixcls_2013-05-07,59
official_macro_vixcls_2013-05-08,59
official_macro_vixcls_2013-05-09,59
official_macro_vixcls_2013-05-10,59
official_macro_vixcls_2013-05-13,59
official_macro_vixcls_2013-05-14,59
official_macro_vixcls_2013-05-15,59
official_macro_vixcls_2013-05-16,59
official_macro_vixcls_2013-05-17,59
official_macro_vixcls_2013-05-20,59
official_macro_vixcls_2013-05-21,59
official_macro_vixcls_2013-05-22,59
official_macro_vixcls_2013-05-23,59
official_macro_vixcls_2013-05-24,59
official_macro_vixcls_2013-05-28,59
official_macro_vixcls_2013-05-29,59
official_macro_vixcls_2013-05-30,59
official_macro_vixcls_2013-05-31,59
official_macro_vixcls_2013-06-03,59
official_macro_vixcls_2013-06-04,59
official_macro_vixcls_2013-06-05,59
official_macro_vixcls_2013-06-06,59
official_macro_vixcls_2013-06-07,59
official_macro_vixcls_2013-06-10,59
official_macro_vixcls_2013-06-11,59
official_macro_vixcls_2013-06-12,59
official_macro_vixcls_2013-06-13,59
official_macro_vixcls_2013-06-14,59
official_macro_vixcls_2013-06-17,59
official_macro_vixcls_2013-06-18,59
official_macro_vixcls_2013-06-19,59
official_macro_vixcls_2013-06-20,59
official_macro_vixcls_2013-06-21,59
official_macro_vixcls_2013-06-24,59
official_macro_vixcls_2013-06-25,59
official_macro_vixcls_2013-06-26,59
official_macro_vixcls_2013-06-27,59
official_macro_vixcls_2013-06-28,59
official_macro_vixcls_2013-07-01,59
official_macro_vixcls_2013-07-02,59
official_macro_vixcls_2013-07-03,59
official_macro_vixcls_2013-07-05,59
official_macro_vixcls_2013-07-08,59
official_macro_vixcls_2013-07-09,59
official_macro_vixcls_2013-07-10,59
official_macro_vixcls_2013-07-11,59
official_macro_vixcls_2013-07-12,59
official_macro_vixcls_2013-07-15,59
official_macro_vixcls_2013-07-16,59
official_macro_vixcls_2013-07-17,59
official_macro_vixcls_2013-07-18,59
official_macro_vixcls_2013-07-19,59
official_macro_vixcls_2013-07-22,59
official_macro_vixcls_2013-07-23,59
official_macro_vixcls_2013-07-24,59
official_macro_vixcls_2013-07-25,59
official_macro_vixcls_2013-07-26,59
official_macro_vixcls_2013-07-29,59
official_macro_vixcls_2013-07-30,59
official_macro_vixcls_2013-07-31,59
official_macro_vixcls_2013-08-01,59
official_macro_vixcls_2013-08-02,59
official_macro_vixcls_2013-08-05,59
official_macro_vixcls_2013-08-06,59
official_macro_vixcls_2013-08-07,59
official_macro_vixcls_2013-08-08,59
official_macro_vixcls_2013-08-09,59
official_macro_vixcls_2013-08-12,59
official_macro_vixcls_2013-08-13,59
official_macro_vixcls_2013-08-14,59
official_macro_vixcls_2013-08-15,59
official_macro_vixcls_2013-08-16,59
official_macro_vixcls_2013-08-19,59
official_macro_vixcls_2013-08-20,59
official_macro_vixcls_2013-08-21,59
official_macro_vixcls_2013-08-22,59
official_macro_vixcls_2013-08-23,59
official_macro_vixcls_2013-08-26,59
official_macro_vixcls_2013-08-27,59
official_macro_vixcls_2013-08-28,59
official_macro_vixcls_2013-08-29,59
official_macro_vixcls_2013-08-30,59
official_macro_vixcls_2013-09-03,59
official_macro_vixcls_2013-09-04,59
official_macro_vixcls_2013-09-05,59
official_macro_vixcls_2013-09-06,59
official_macro_vixcls_2013-09-09,59
official_macro_vixcls_2013-09-10,59
official_macro_vixcls_2013-09-11,59
official_macro_vixcls_2013-09-12,59
official_macro_vixcls_2013-09-13,59
official_macro_vixcls_2013-09-16,59
official_macro_vixcls_2013-09-17,59
official_macro_vixcls_2013-09-18,59
official_macro_vixcls_2013-09-19,59
official_macro_vixcls_2013-09-20,59
official_macro_vixcls_2013-09-23,59
official_macro_vixcls_2013-09-24,59
official_macro_vixcls_2013-09-25,59
official_macro_vixcls_2013-09-26,59
official_macro_vixcls_2013-09-27,59
official_macro_vixcls_2013-09-30,59
official_macro_vixcls_2013-10-01,59
official_macro_vixcls_2013-10-02,59
official_macro_vixcls_2013-10-03,59
official_macro_vixcls_2013-10-04,59
official_macro_vixcls_2013-10-07,59
official_macro_vixcls_2013-10-08,59
official_macro_vixcls_2013-10-09,59
official_macro_vixcls_2013-10-10,59
official_macro_vixcls_2013-10-11,59
official_macro_vixcls_2013-10-14,59
official_macro_vixcls_2013-10-15,59
official_macro_vixcls_2013-10-16,59
official_macro_vixcls_2013-10-17,59
official_macro_vixcls_2013-10-18,59
official_macro_vixcls_2013-10-21,59
official_macro_vixcls_2013-10-22,59
official_macro_vixcls_2013-10-23,59
official_macro_vixcls_2013-10-24,59
official_macro_vixcls_2013-10-25,59
official_macro_vixcls_2013-10-28,59
official_macro_vixcls_2013-10-29,59
official_macro_vixcls_2013-10-30,59
official_macro_vixcls_2013-10-31,59
official_macro_vixcls_2013-11-01,59
official_macro_vixcls_2013-11-04,59
official_macro_vixcls_2013-11-05,59
official_macro_vixcls_2013-11-06,59
official_macro_vixcls_2013-11-07,59
official_macro_vixcls_2013-11-08,59
official_macro_vixcls_2013-11-11,59
official_macro_vixcls_2013-11-12,59
official_macro_vixcls_2013-11-13,59
official_macro_vixcls_2013-11-14,59
official_macro_vixcls_2013-11-15,59
official_macro_vixcls_2013-11-18,59
official_macro_vixcls_2013-11-19,59
official_macro_vixcls_2013-11-20,59
official_macro_vixcls_2013-11-21,59
official_macro_vixcls_2013-11-22,59
official_macro_vixcls_2013-11-25,59
official_macro_vixcls_2013-11-26,59
official_macro_vixcls_2013-11-27,59
official_macro_vixcls_2013-11-29,59
official_macro_vixcls_2013-12-02,59
official_macro_vixcls_2013-12-03,59
official_macro_vixcls_2013-12-04,59
official_macro_vixcls_2013-12-05,59
official_macro_vixcls_2013-12-06,59
official_macro_vixcls_2013-12-09,59
official_macro_vixcls_2013-12-10,59
official_macro_vixcls_2013-12-11,59
official_macro_vixcls_2013-12-12,59
official_macro_vixcls_2013-12-13,59
official_macro_vixcls_2013-12-16,59
official_macro_vixcls_2013-12-17,59
official_macro_vixcls_2013-12-18,59
official_macro_vixcls_2013-12-19,59
official_macro_vixcls_2013-12-20,59
official_macro_vixcls_2013-12-23,59
official_macro_vixcls_2013-12-24,59
official_macro_vixcls_2013-12-26,59
official_macro_vixcls_2013-12-27,59
official_macro_vixcls_2013-12-30,59
official_macro_vixcls_2013-12-31,59
official_macro_vixcls_2014-01-02,59
official_macro_vixcls_2014-01-03,59
official_macro_vixcls_2014-01-06,59
official_macro_vixcls_2014-01-07,59
official_macro_vixcls_2014-01-08,59
official_macro_vixcls_2014-01-09,59
official_macro_vixcls_2014-01-10,59
official_macro_vixcls_2014-01-13,59
official_macro_vixcls_2014-01-14,59
official_macro_vixcls_2014-01-15,59
official_macro_vixcls_2014-01-16,59
official_macro_vixcls_2014-01-17,59
official_macro_vixcls_2014-01-21,59
official_macro_vixcls_2014-01-22,59
official_macro_vixcls_2014-01-23,59
official_macro_vixcls_2014-01-24,59
official_macro_vixcls_2014-01-27,59
official_macro_vixcls_2014-01-28,59
official_macro_vixcls_2014-01-29,59
official_macro_vixcls_2014-01-30,59
official_macro_vixcls_2014-01-31,59
official_macro_vixcls_2014-02-03,59
official_macro_vixcls_2014-02-04,59
official_macro_vixcls_2014-02-05,59
official_macro_vixcls_2014-02-06,59
official_macro_vixcls_2014-02-07,59
official_macro_vixcls_2014-02-10,59
official_macro_vixcls_2014-02-11,59
official_macro_vixcls_2014-02-12,59
official_macro_vixcls_2014-02-13,59
official_macro_vixcls_2014-02-14,59
official_macro_vixcls_2014-02-18,59
official_macro_vixcls_2014-02-19,59
official_macro_vixcls_2014-02-20,59
official_macro_vixcls_2014-02-21,59
official_macro_vixcls_2014-02-24,59
official_macro_vixcls_2014-02-25,59
official_macro_vixcls_2014-02-26,59
official_macro_vixcls_2014-02-27,59
official_macro_vixcls_2014-02-28,59
official_macro_vixcls_2014-03-03,59
official_macro_vixcls_2014-03-04,59
official_macro_vixcls_2014-03-05,59
official_macro_vixcls_2014-03-06,59
official_macro_vixcls_2014-03-07,59
official_macro_vixcls_2014-03-10,59
official_macro_vixcls_2014-03-11,59
official_macro_vixcls_2014-03-12,59
official_macro_vixcls_2014-03-13,59
official_macro_vixcls_2014-03-14,59
official_macro_vixcls_2014-03-17,59
official_macro_vixcls_2014-03-18,59
official_macro_vixcls_2014-03-19,59
official_macro_vixcls_2014-03-20,59
official_macro_vixcls_2014-03-21,59
official_macro_vixcls_2014-03-24,59
official_macro_vixcls_2014-03-25,59
official_macro_vixcls_2014-03-26,59
official_macro_vixcls_2014-03-27,59
official_macro_vixcls_2014-03-28,59
official_macro_vixcls_2014-03-31,59
official_macro_vixcls_2014-04-01,59
official_macro_vixcls_2014-04-02,59
official_macro_vixcls_2014-04-03,59
official_macro_vixcls_2014-04-04,59
official_macro_vixcls_2014-04-07,59
official_macro_vixcls_2014-04-08,59
official_macro_vixcls_2014-04-09,59
official_macro_vixcls_2014-04-10,59
official_macro_vixcls_2014-04-11,59
official_macro_vixcls_2014-04-14,59
official_macro_vixcls_2014-04-15,59
official_macro_vixcls_2014-04-16,59
official_macro_vixcls_2014-04-17,59
official_macro_vixcls_2014-04-21,59
official_macro_vixcls_2014-04-22,59
official_macro_vixcls_2014-04-23,59
official_macro_vixcls_2014-04-24,59
official_macro_vixcls_2014-04-25,59
official_macro_vixcls_2014-04-28,59
official_macro_vixcls_2014-04-29,59
official_macro_vixcls_2014-04-30,59
official_macro_vixcls_2014-05-01,59
official_macro_vixcls_2014-05-02,59
official_macro_vixcls_2014-05-05,59
official_macro_vixcls_2014-05-06,59
official_macro_vixcls_2014-05-07,59
official_macro_vixcls_2014-05-08,59
official_macro_vixcls_2014-05-09,59
official_macro_vixcls_2014-05-12,59
official_macro_vixcls_2014-05-13,59
official_macro_vixcls_2014-05-14,59
official_macro_vixcls_2014-05-15,59
official_macro_vixcls_2014-05-16,59
official_macro_vixcls_2014-05-19,59
official_macro_vixcls_2014-05-20,59
official_macro_vixcls_2014-05-21,59
official_macro_vixcls_2014-05-22,59
official_macro_vixcls_2014-05-23,59
official_macro_vixcls_2014-05-27,59
official_macro_vixcls_2014-05-28,59
official_macro_vixcls_2014-05-29,59
official_macro_vixcls_2014-05-30,59
official_macro_vixcls_2014-06-02,59
official_macro_vixcls_2014-06-03,59
official_macro_vixcls_2014-06-04,59
official_macro_vixcls_2014-06-05,59
official_macro_vixcls_2014-06-06,59
official_macro_vixcls_2014-06-09,59
official_macro_vixcls_2014-06-10,59
official_macro_vixcls_2014-06-11,59
official_macro_vixcls_2014-06-12,59
official_macro_vixcls_2014-06-13,59
official_macro_vixcls_2014-06-16,59
official_macro_vixcls_2014-06-17,59
official_macro_vixcls_2014-06-18,59
official_macro_vixcls_2014-06-19,59
official_macro_vixcls_2014-06-20,59
official_macro_vixcls_2014-06-23,59
official_macro_vixcls_2014-06-24,59
official_macro_vixcls_2014-06-25,59
official_macro_vixcls_2014-06-26,59
official_macro_vixcls_2014-06-27,59
official_macro_vixcls_2014-06-30,59
official_macro_vixcls_2014-07-01,59
official_macro_vixcls_2014-07-02,59
official_macro_vixcls_2014-07-03,59
official_macro_vixcls_2014-07-07,59
official_macro_vixcls_2014-07-08,59
official_macro_vixcls_2014-07-09,59
official_macro_vixcls_2014-07-10,59
official_macro_vixcls_2014-07-11,59
official_macro_vixcls_2014-07-14,59
official_macro_vixcls_2014-07-15,59
official_macro_vixcls_2014-07-16,59
official_macro_vixcls_2014-07-17,59
official_macro_vixcls_2014-07-18,59
official_macro_vixcls_2014-07-21,59
official_macro_vixcls_2014-07-22,59
official_macro_vixcls_2014-07-23,59
official_macro_vixcls_2014-07-24,59
official_macro_vixcls_2014-07-25,59
official_macro_vixcls_2014-07-28,59
official_macro_vixcls_2014-07-29,59
official_macro_vixcls_2014-07-30,59
official_macro_vixcls_2014-07-31,59
official_macro_vixcls_2014-08-01,59
official_macro_vixcls_2014-08-04,59
official_macro_vixcls_2014-08-05,59
official_macro_vixcls_2014-08-06,59
official_macro_vixcls_2014-08-07,59
official_macro_vixcls_2014-08-08,59
official_macro_vixcls_2014-08-11,59
official_macro_vixcls_2014-08-12,59
official_macro_vixcls_2014-08-13,59
official_macro_vixcls_2014-08-14,59
official_macro_vixcls_2014-08-15,59
official_macro_vixcls_2014-08-18,59
official_macro_vixcls_2014-08-19,59
official_macro_vixcls_2014-08-20,59
official_macro_vixcls_2014-08-21,59
official_macro_vixcls_2014-08-22,59
official_macro_vixcls_2014-08-25,59
official_macro_vixcls_2014-08-26,59
official_macro_vixcls_2014-08-27,59
official_macro_vixcls_2014-08-28,59
official_macro_vixcls_2014-08-29,59
official_macro_vixcls_2014-09-02,59
official_macro_vixcls_2014-09-03,59
official_macro_vixcls_2014-09-04,59
official_macro_vixcls_2014-09-05,59
official_macro_vixcls_2014-09-08,59
official_macro_vixcls_2014-09-09,59
official_macro_vixcls_2014-09-10,59
official_macro_vixcls_2014-09-11,59
official_macro_vixcls_2014-09-12,59
official_macro_vixcls_2014-09-15,59
official_macro_vixcls_2014-09-16,59
official_macro_vixcls_2014-09-17,59
official_macro_vixcls_2014-09-18,59
official_macro_vixcls_2014-09-19,59
official_macro_vixcls_2014-09-22,59
official_macro_vixcls_2014-09-23,59
official_macro_vixcls_2014-09-24,59
official_macro_vixcls_2014-09-25,59
official_macro_vixcls_2014-09-26,59
official_macro_vixcls_2014-09-29,59
official_macro_vixcls_2014-09-30,59
official_macro_vixcls_2014-10-01,59
official_macro_vixcls_2014-10-02,59
official_macro_vixcls_2014-10-03,59
official_macro_vixcls_2014-10-06,59
official_macro_vixcls_2014-10-07,59
official_macro_vixcls_2014-10-08,59
official_macro_vixcls_2014-10-09,59
official_macro_vixcls_2014-10-10,59
official_macro_vixcls_2014-10-13,59
official_macro_vixcls_2014-10-14,59
official_macro_vixcls_2014-10-15,59
official_macro_vixcls_2014-10-16,59
official_macro_vixcls_2014-10-17,59
official_macro_vixcls_2014-10-20,59
official_macro_vixcls_2014-10-21,59
official_macro_vixcls_2014-10-22,59
official_macro_vixcls_2014-10-23,59
official_macro_vixcls_2014-10-24,59
official_macro_vixcls_2014-10-27,59
official_macro_vixcls_2014-10-28,59
official_macro_vixcls_2014-10-29,59
official_macro_vixcls_2014-10-30,59
official_macro_vixcls_2014-10-31,59
official_macro_vixcls_2014-11-03,59
official_macro_vixcls_2014-11-04,59
official_macro_vixcls_2014-11-05,59
official_macro_vixcls_2014-11-06,59
official_macro_vixcls_2014-11-07,59
official_macro_vixcls_2014-11-10,59
official_macro_vixcls_2014-11-11,59
official_macro_vixcls_2014-11-12,59
official_macro_vixcls_2014-11-13,59
official_macro_vixcls_2014-11-14,59
official_macro_vixcls_2014-11-17,59
official_macro_vixcls_2014-11-18,59
official_macro_vixcls_2014-11-19,59
official_macro_vixcls_2014-11-20,59
official_macro_vixcls_2014-11-21,59
official_macro_vixcls_2014-11-24,59
official_macro_vixcls_2014-11-25,59
official_macro_vixcls_2014-11-26,59
official_macro_vixcls_2014-11-28,59
official_macro_vixcls_2014-12-01,59
official_macro_vixcls_2014-12-02,59
official_macro_vixcls_2014-12-03,59
official_macro_vixcls_2014-12-04,59
official_macro_vixcls_2014-12-05,59
official_macro_vixcls_2014-12-08,59
official_macro_vixcls_2014-12-09,59
official_macro_vixcls_2014-12-10,59
official_macro_vixcls_2014-12-11,59
official_macro_vixcls_2014-12-12,59
official_macro_vixcls_2014-12-15,59
official_macro_vixcls_2014-12-16,59
official_macro_vixcls_2014-12-17,59
official_macro_vixcls_2014-12-18,59
official_macro_vixcls_2014-12-19,59
official_macro_vixcls_2014-12-22,59
official_macro_vixcls_2014-12-23,59
official_macro_vixcls_2014-12-24,59
official_macro_vixcls_2014-12-26,59
official_macro_vixcls_2014-12-29,59
official_macro_vixcls_2014-12-30,59
official_macro_vixcls_2014-12-31,59
official_macro_vixcls_2015-01-02,59
official_macro_vixcls_2015-01-05,59
official_macro_vixcls_2015-01-06,59
official_macro_vixcls_2015-01-07,59
official_macro_vixcls_2015-01-08,59
official_macro_vixcls_2015-01-09,59
official_macro_vixcls_2015-01-12,59
official_macro_vixcls_2015-01-13,59
official_macro_vixcls_2015-01-14,59
official_macro_vixcls_2015-01-15,59
official_macro_vixcls_2015-01-16,59
official_macro_vixcls_2015-01-20,59
official_macro_vixcls_2015-01-21,59
official_macro_vixcls_2015-01-22,59
official_macro_vixcls_2015-01-23,59
official_macro_vixcls_2015-01-26,59
official_macro_vixcls_2015-01-27,59
official_macro_vixcls_2015-01-28,59
official_macro_vixcls_2015-01-29,59
official_macro_vixcls_2015-01-30,59
official_macro_vixcls_2015-02-02,59
official_macro_vixcls_2015-02-03,59
official_macro_vixcls_2015-02-04,59
official_macro_vixcls_2015-02-05,59
official_macro_vixcls_2015-02-06,59
official_macro_vixcls_2015-02-09,59
official_macro_vixcls_2015-02-10,59
official_macro_vixcls_2015-02-11,59
official_macro_vixcls_2015-02-12,59
official_macro_vixcls_2015-02-13,59
official_macro_vixcls_2015-02-17,59
official_macro_vixcls_2015-02-18,59
official_macro_vixcls_2015-02-19,59
official_macro_vixcls_2015-02-20,59
official_macro_vixcls_2015-02-23,59
official_macro_vixcls_2015-02-24,59
official_macro_vixcls_2015-02-25,59
official_macro_vixcls_2015-02-26,59
official_macro_vixcls_2015-02-27,59
official_macro_vixcls_2015-03-02,59
official_macro_vixcls_2015-03-03,59
official_macro_vixcls_2015-03-04,59
official_macro_vixcls_2015-03-05,59
official_macro_vixcls_2015-03-06,59
official_macro_vixcls_2015-03-09,59
official_macro_vixcls_2015-03-10,59
official_macro_vixcls_2015-03-11,59
official_macro_vixcls_2015-03-12,59
official_macro_vixcls_2015-03-13,59
official_macro_vixcls_2015-03-16,59
official_macro_vixcls_2015-03-17,59
official_macro_vixcls_2015-03-18,59
official_macro_vixcls_2015-03-19,59
official_macro_vixcls_2015-03-20,59
official_macro_vixcls_2015-03-23,59
official_macro_vixcls_2015-03-24,59
official_macro_vixcls_2015-03-25,59
official_macro_vixcls_2015-03-26,59
official_macro_vixcls_2015-03-27,59
official_macro_vixcls_2015-03-30,59
official_macro_vixcls_2015-03-31,59
official_macro_vixcls_2015-04-01,59
official_macro_vixcls_2015-04-02,59
official_macro_vixcls_2015-04-06,59
official_macro_vixcls_2015-04-07,59
official_macro_vixcls_2015-04-08,59
official_macro_vixcls_2015-04-09,59
official_macro_vixcls_2015-04-10,59
official_macro_vixcls_2015-04-13,59
official_macro_vixcls_2015-04-14,59
official_macro_vixcls_2015-04-15,59
official_macro_vixcls_2015-04-16,59
official_macro_vixcls_2015-04-17,59
official_macro_vixcls_2015-04-20,59
official_macro_vixcls_2015-04-21,59
official_macro_vixcls_2015-04-22,59
official_macro_vixcls_2015-04-23,59
official_macro_vixcls_2015-04-24,59
official_macro_vixcls_2015-04-27,59
official_macro_vixcls_2015-04-28,59
official_macro_vixcls_2015-04-29,59
official_macro_vixcls_2015-04-30,59
official_macro_vixcls_2015-05-01,59
official_macro_vixcls_2015-05-04,59
official_macro_vixcls_2015-05-05,59
official_macro_vixcls_2015-05-06,59
official_macro_vixcls_2015-05-07,59
official_macro_vixcls_2015-05-08,59
official_macro_vixcls_2015-05-11,59
official_macro_vixcls_2015-05-12,59
official_macro_vixcls_2015-05-13,59
official_macro_vixcls_2015-05-14,59
official_macro_vixcls_2015-05-15,59
official_macro_vixcls_2015-05-18,59
official_macro_vixcls_2015-05-19,59
official_macro_vixcls_2015-05-20,59
official_macro_vixcls_2015-05-21,59
official_macro_vixcls_2015-05-22,59
official_macro_vixcls_2015-05-26,59
official_macro_vixcls_2015-05-27,59
official_macro_vixcls_2015-05-28,59
official_macro_vixcls_2015-05-29,59
official_macro_vixcls_2015-06-01,59
official_macro_vixcls_2015-06-02,59
official_macro_vixcls_2015-06-03,59
official_macro_vixcls_2015-06-04,59
official_macro_vixcls_2015-06-05,59
official_macro_vixcls_2015-06-08,59
official_macro_vixcls_2015-06-09,59
official_macro_vixcls_2015-06-10,59
official_macro_vixcls_2015-06-11,59
official_macro_vixcls_2015-06-12,59
official_macro_vixcls_2015-06-15,59
official_macro_vixcls_2015-06-16,59
official_macro_vixcls_2015-06-17,59
official_macro_vixcls_2015-06-18,59
official_macro_vixcls_2015-06-19,59
official_macro_vixcls_2015-06-22,59
official_macro_vixcls_2015-06-23,59
official_macro_vixcls_2015-06-24,59
official_macro_vixcls_2015-06-25,59
official_macro_vixcls_2015-06-26,59
official_macro_vixcls_2015-06-29,59
official_macro_vixcls_2015-06-30,59
official_macro_vixcls_2015-07-01,59
official_macro_vixcls_2015-07-02,59
official_macro_vixcls_2015-07-06,59
official_macro_vixcls_2015-07-07,59
official_macro_vixcls_2015-07-08,59
official_macro_vixcls_2015-07-09,59
official_macro_vixcls_2015-07-10,59
official_macro_vixcls_2015-07-13,59
official_macro_vixcls_2015-07-14,59
official_macro_vixcls_2015-07-15,59
official_macro_vixcls_2015-07-16,59
official_macro_vixcls_2015-07-17,59
official_macro_vixcls_2015-07-20,59
official_macro_vixcls_2015-07-21,59
official_macro_vixcls_2015-07-22,59
official_macro_vixcls_2015-07-23,59
official_macro_vixcls_2015-07-24,59
official_macro_vixcls_2015-07-27,59
official_macro_vixcls_2015-07-28,59
official_macro_vixcls_2015-07-29,59
official_macro_vixcls_2015-07-30,59
official_macro_vixcls_2015-07-31,59
official_macro_vixcls_2015-08-03,59
official_macro_vixcls_2015-08-04,59
official_macro_vixcls_2015-08-05,59
official_macro_vixcls_2015-08-06,59
official_macro_vixcls_2015-08-07,59
official_macro_vixcls_2015-08-10,59
official_macro_vixcls_2015-08-11,59
official_macro_vixcls_2015-08-12,59
official_macro_vixcls_2015-08-13,59
official_macro_vixcls_2015-08-14,59
official_macro_vixcls_2015-08-17,59
official_macro_vixcls_2015-08-18,59
official_macro_vixcls_2015-08-19,59
official_macro_vixcls_2015-08-20,59
official_macro_vixcls_2015-08-21,59
official_macro_vixcls_2015-08-24,59
official_macro_vixcls_2015-08-25,59
official_macro_vixcls_2015-08-26,59
official_macro_vixcls_2015-08-27,59
official_macro_vixcls_2015-08-28,59
official_macro_vixcls_2015-08-31,59
official_macro_vixcls_2015-09-01,59
official_macro_vixcls_2015-09-02,59
official_macro_vixcls_2015-09-03,59
official_macro_vixcls_2015-09-04,59
official_macro_vixcls_2015-09-08,59
official_macro_vixcls_2015-09-09,59
official_macro_vixcls_2015-09-10,59
official_macro_vixcls_2015-09-11,59
official_macro_vixcls_2015-09-14,59
official_macro_vixcls_2015-09-15,59
official_macro_vixcls_2015-09-16,59
official_macro_vixcls_2015-09-17,59
official_macro_vixcls_2015-09-18,59
official_macro_vixcls_2015-09-21,59
official_macro_vixcls_2015-09-22,59
official_macro_vixcls_2015-09-23,59
official_macro_vixcls_2015-09-24,59
official_macro_vixcls_2015-09-25,59
official_macro_vixcls_2015-09-28,59
official_macro_vixcls_2015-09-29,59
official_macro_vixcls_2015-09-30,59
official_macro_vixcls_2015-10-01,59
official_macro_vixcls_2015-10-02,59
official_macro_vixcls_2015-10-05,59
official_macro_vixcls_2015-10-06,59
official_macro_vixcls_2015-10-07,59
official_macro_vixcls_2015-10-08,59
official_macro_vixcls_2015-10-09,59
official_macro_vixcls_2015-10-12,59
official_macro_vixcls_2015-10-13,59
official_macro_vixcls_2015-10-14,59
official_macro_vixcls_2015-10-15,59
official_macro_vixcls_2015-10-16,59
official_macro_vixcls_2015-10-19,59
official_macro_vixcls_2015-10-20,59
official_macro_vixcls_2015-10-21,59
official_macro_vixcls_2015-10-22,59
official_macro_vixcls_2015-10-23,59
official_macro_vixcls_2015-10-26,59
official_macro_vixcls_2015-10-27,59
official_macro_vixcls_2015-10-28,59
official_macro_vixcls_2015-10-29,59
official_macro_vixcls_2015-10-30,59
official_macro_vixcls_2015-11-02,59
official_macro_vixcls_2015-11-03,59
official_macro_vixcls_2015-11-04,59
official_macro_vixcls_2015-11-05,59
official_macro_vixcls_2015-11-06,59
official_macro_vixcls_2015-11-09,59
official_macro_vixcls_2015-11-10,59
official_macro_vixcls_2015-11-11,59
official_macro_vixcls_2015-11-12,59
official_macro_vixcls_2015-11-13,59
official_macro_vixcls_2015-11-16,59
official_macro_vixcls_2015-11-17,59
official_macro_vixcls_2015-11-18,59
official_macro_vixcls_2015-11-19,59
official_macro_vixcls_2015-11-20,59
official_macro_vixcls_2015-11-23,59
official_macro_vixcls_2015-11-24,59
official_macro_vixcls_2015-11-25,59
official_macro_vixcls_2015-11-27,59
official_macro_vixcls_2015-11-30,59
official_macro_vixcls_2015-12-01,59
official_macro_vixcls_2015-12-02,59
official_macro_vixcls_2015-12-03,59
official_macro_vixcls_2015-12-04,59
official_macro_vixcls_2015-12-07,59
official_macro_vixcls_2015-12-08,59
official_macro_vixcls_2015-12-09,59
official_macro_vixcls_2015-12-10,59
official_macro_vixcls_2015-12-11,59
official_macro_vixcls_2015-12-14,59
official_macro_vixcls_2015-12-15,59
official_macro_vixcls_2015-12-16,59
official_macro_vixcls_2015-12-17,59
official_macro_vixcls_2015-12-18,59
official_macro_vixcls_2015-12-21,59
official_macro_vixcls_2015-12-22,59
official_macro_vixcls_2015-12-23,59
official_macro_vixcls_2015-12-24,59
official_macro_vixcls_2015-12-28,59
official_macro_vixcls_2015-12-29,59
official_macro_vixcls_2015-12-30,59
official_macro_vixcls_2015-12-31,59
official_macro_vixcls_2016-01-04,59
official_macro_vixcls_2016-01-05,59
official_macro_vixcls_2016-01-06,59
official_macro_vixcls_2016-01-07,59
official_macro_vixcls_2016-01-08,59
official_macro_vixcls_2016-01-11,59
official_macro_vixcls_2016-01-12,59
official_macro_vixcls_2016-01-13,59
official_macro_vixcls_2016-01-14,59
official_macro_vixcls_2016-01-15,59
official_macro_vixcls_2016-01-19,59
official_macro_vixcls_2016-01-20,59
official_macro_vixcls_2016-01-21,59
official_macro_vixcls_2016-01-22,59
official_macro_vixcls_2016-01-25,59
official_macro_vixcls_2016-01-26,59
official_macro_vixcls_2016-01-27,59
official_macro_vixcls_2016-01-28,59
official_macro_vixcls_2016-01-29,59
official_macro_vixcls_2016-02-01,59
official_macro_vixcls_2016-02-02,59
official_macro_vixcls_2016-02-03,59
official_macro_vixcls_2016-02-04,59
official_macro_vixcls_2016-02-05,59
official_macro_vixcls_2016-02-08,59
official_macro_vixcls_2016-02-09,59
official_macro_vixcls_2016-02-10,59
official_macro_vixcls_2016-02-11,59
official_macro_vixcls_2016-02-12,59
official_macro_vixcls_2016-02-16,59
official_macro_vixcls_2016-02-17,59
official_macro_vixcls_2016-02-18,59
official_macro_vixcls_2016-02-19,59
official_macro_vixcls_2016-02-22,59
official_macro_vixcls_2016-02-23,59
official_macro_vixcls_2016-02-24,59
official_macro_vixcls_2016-02-25,59
official_macro_vixcls_2016-02-26,59
official_macro_vixcls_2016-02-29,59
official_macro_vixcls_2016-03-01,59
official_macro_vixcls_2016-03-02,59
official_macro_vixcls_2016-03-03,59
official_macro_vixcls_2016-03-04,59
official_macro_vixcls_2016-03-07,59
official_macro_vixcls_2016-03-08,59
official_macro_vixcls_2016-03-09,59
official_macro_vixcls_2016-03-10,59
official_macro_vixcls_2016-03-11,59
official_macro_vixcls_2016-03-14,59
official_macro_vixcls_2016-03-15,59
official_macro_vixcls_2016-03-16,59
official_macro_vixcls_2016-03-17,59
official_macro_vixcls_2016-03-18,59
official_macro_vixcls_2016-03-21,59
official_macro_vixcls_2016-03-22,59
official_macro_vixcls_2016-03-23,59
official_macro_vixcls_2016-03-24,59
official_macro_vixcls_2016-03-28,59
official_macro_vixcls_2016-03-29,59
official_macro_vixcls_2016-03-30,59
official_macro_vixcls_2016-03-31,59
official_macro_vixcls_2016-04-01,59
official_macro_vixcls_2016-04-04,59
official_macro_vixcls_2016-04-05,59
official_macro_vixcls_2016-04-06,59
official_macro_vixcls_2016-04-07,59
official_macro_vixcls_2016-04-08,59
official_macro_vixcls_2016-04-11,59
official_macro_vixcls_2016-04-12,59
official_macro_vixcls_2016-04-13,59
official_macro_vixcls_2016-04-14,59
official_macro_vixcls_2016-04-15,59
official_macro_vixcls_2016-04-18,59
official_macro_vixcls_2016-04-19,59
official_macro_vixcls_2016-04-20,59
official_macro_vixcls_2016-04-21,59
official_macro_vixcls_2016-04-22,59
official_macro_vixcls_2016-04-25,59
official_macro_vixcls_2016-04-26,59
official_macro_vixcls_2016-04-27,59
official_macro_vixcls_2016-04-28,59
official_macro_vixcls_2016-04-29,59
official_macro_vixcls_2016-05-02,59
official_macro_vixcls_2016-05-03,59
official_macro_vixcls_2016-05-04,59
official_macro_vixcls_2016-05-05,59
official_macro_vixcls_2016-05-06,59
official_macro_vixcls_2016-05-09,59
official_macro_vixcls_2016-05-10,59
official_macro_vixcls_2016-05-11,59
official_macro_vixcls_2016-05-12,59
official_macro_vixcls_2016-05-13,59
official_macro_vixcls_2016-05-16,59
official_macro_vixcls_2016-05-17,59
official_macro_vixcls_2016-05-18,59
official_macro_vixcls_2016-05-19,59
official_macro_vixcls_2016-05-20,59
official_macro_vixcls_2016-05-23,59
official_macro_vixcls_2016-05-24,59
official_macro_vixcls_2016-05-25,59
official_macro_vixcls_2016-05-26,59
official_macro_vixcls_2016-05-27,59
official_macro_vixcls_2016-05-31,59
official_macro_vixcls_2016-06-01,59
official_macro_vixcls_2016-06-02,59
official_macro_vixcls_2016-06-03,59
official_macro_vixcls_2016-06-06,59
official_macro_vixcls_2016-06-07,59
official_macro_vixcls_2016-06-08,59
official_macro_vixcls_2016-06-09,59
official_macro_vixcls_2016-06-10,59
official_macro_vixcls_2016-06-13,59
official_macro_vixcls_2016-06-14,59
official_macro_vixcls_2016-06-15,59
official_macro_vixcls_2016-06-16,59
official_macro_vixcls_2016-06-17,59
official_macro_vixcls_2016-06-20,59
official_macro_vixcls_2016-06-21,59
official_macro_vixcls_2016-06-22,59
official_macro_vixcls_2016-06-23,59
official_macro_vixcls_2016-06-24,59
official_macro_vixcls_2016-06-27,59
official_macro_vixcls_2016-06-28,59
official_macro_vixcls_2016-06-29,59
official_macro_vixcls_2016-06-30,59
official_macro_vixcls_2016-07-01,59
official_macro_vixcls_2016-07-05,59
official_macro_vixcls_2016-07-06,59
official_macro_vixcls_2016-07-07,59
official_macro_vixcls_2016-07-08,59
official_macro_vixcls_2016-07-11,59
official_macro_vixcls_2016-07-12,59
official_macro_vixcls_2016-07-13,59
official_macro_vixcls_2016-07-14,59
official_macro_vixcls_2016-07-15,59
official_macro_vixcls_2016-07-18,59
official_macro_vixcls_2016-07-19,59
official_macro_vixcls_2016-07-20,59
official_macro_vixcls_2016-07-21,59
official_macro_vixcls_2016-07-22,59
official_macro_vixcls_2016-07-25,59
official_macro_vixcls_2016-07-26,59
official_macro_vixcls_2016-07-27,59
official_macro_vixcls_2016-07-28,59
official_macro_vixcls_2016-07-29,59
official_macro_vixcls_2016-08-01,59
official_macro_vixcls_2016-08-02,59
official_macro_vixcls_2016-08-03,59
official_macro_vixcls_2016-08-04,59
official_macro_vixcls_2016-08-05,59
official_macro_vixcls_2016-08-08,59
official_macro_vixcls_2016-08-09,59
official_macro_vixcls_2016-08-10,59
official_macro_vixcls_2016-08-11,59
official_macro_vixcls_2016-08-12,59
official_macro_vixcls_2016-08-15,59
official_macro_vixcls_2016-08-16,59
official_macro_vixcls_2016-08-17,59
official_macro_vixcls_2016-08-18,59
official_macro_vixcls_2016-08-19,59
official_macro_vixcls_2016-08-22,59
official_macro_vixcls_2016-08-23,59
official_macro_vixcls_2016-08-24,59
official_macro_vixcls_2016-08-25,59
official_macro_vixcls_2016-08-26,59
official_macro_vixcls_2016-08-29,59
official_macro_vixcls_2016-08-30,59
official_macro_vixcls_2016-08-31,59
official_macro_vixcls_2016-09-01,59
official_macro_vixcls_2016-09-02,59
official_macro_vixcls_2016-09-06,59
official_macro_vixcls_2016-09-07,59
official_macro_vixcls_2016-09-08,59
official_macro_vixcls_2016-09-09,59
official_macro_vixcls_2016-09-12,59
official_macro_vixcls_2016-09-13,59
official_macro_vixcls_2016-09-14,59
official_macro_vixcls_2016-09-15,59
official_macro_vixcls_2016-09-16,59
official_macro_vixcls_2016-09-19,59
official_macro_vixcls_2016-09-20,59
official_macro_vixcls_2016-09-21,59
official_macro_vixcls_2016-09-22,59
official_macro_vixcls_2016-09-23,59
official_macro_vixcls_2016-09-26,59
official_macro_vixcls_2016-09-27,59
official_macro_vixcls_2016-09-28,59
official_macro_vixcls_2016-09-29,59
official_macro_vixcls_2016-09-30,59
official_macro_vixcls_2016-10-03,59
official_macro_vixcls_2016-10-04,59
official_macro_vixcls_2016-10-05,59
official_macro_vixcls_2016-10-06,59
official_macro_vixcls_2016-10-07,59
official_macro_vixcls_2016-10-10,59
official_macro_vixcls_2016-10-11,59
official_macro_vixcls_2016-10-12,59
official_macro_vixcls_2016-10-13,59
official_macro_vixcls_2016-10-14,59
official_macro_vixcls_2016-10-17,59
official_macro_vixcls_2016-10-18,59
official_macro_vixcls_2016-10-19,59
official_macro_vixcls_2016-10-20,59
official_macro_vixcls_2016-10-21,59
official_macro_vixcls_2016-10-24,59
official_macro_vixcls_2016-10-25,59
official_macro_vixcls_2016-10-26,59
official_macro_vixcls_2016-10-27,59
official_macro_vixcls_2016-10-28,59
official_macro_vixcls_2016-10-31,59
official_macro_vixcls_2016-11-01,59
official_macro_vixcls_2016-11-02,59
official_macro_vixcls_2016-11-03,59
official_macro_vixcls_2016-11-04,59
official_macro_vixcls_2016-11-07,59
official_macro_vixcls_2016-11-08,59
official_macro_vixcls_2016-11-09,59
official_macro_vixcls_2016-11-10,59
official_macro_vixcls_2016-11-11,59
official_macro_vixcls_2016-11-14,59
official_macro_vixcls_2016-11-15,59
official_macro_vixcls_2016-11-16,59
official_macro_vixcls_2016-11-17,59
official_macro_vixcls_2016-11-18,59
official_macro_vixcls_2016-11-21,59
official_macro_vixcls_2016-11-22,59
official_macro_vixcls_2016-11-23,59
official_macro_vixcls_2016-11-25,59
official_macro_vixcls_2016-11-28,59
official_macro_vixcls_2016-11-29,59
official_macro_vixcls_2016-11-30,59
official_macro_vixcls_2016-12-01,59
official_macro_vixcls_2016-12-02,59
official_macro_vixcls_2016-12-05,59
official_macro_vixcls_2016-12-06,59
official_macro_vixcls_2016-12-07,59
official_macro_vixcls_2016-12-08,59
official_macro_vixcls_2016-12-09,59
official_macro_vixcls_2016-12-12,59
official_macro_vixcls_2016-12-13,59
official_macro_vixcls_2016-12-14,59
official_macro_vixcls_2016-12-15,59
official_macro_vixcls_2016-12-16,59
official_macro_vixcls_2016-12-19,59
official_macro_vixcls_2016-12-20,59
official_macro_vixcls_2016-12-21,59
official_macro_vixcls_2016-12-22,59
official_macro_vixcls_2016-12-23,59
official_macro_vixcls_2016-12-27,59
official_macro_vixcls_2016-12-28,59
official_macro_vixcls_2016-12-29,59
official_macro_vixcls_2016-12-30,59
official_macro_vixcls_2017-01-03,59
official_macro_vixcls_2017-01-04,59
official_macro_vixcls_2017-01-05,59
official_macro_vixcls_2017-01-06,59
official_macro_vixcls_2017-01-09,59
official_macro_vixcls_2017-01-10,59
official_macro_vixcls_2017-01-11,59
official_macro_vixcls_2017-01-12,59
official_macro_vixcls_2017-01-13,59
official_macro_vixcls_2017-01-17,59
official_macro_vixcls_2017-01-18,59
official_macro_vixcls_2017-01-19,59
official_macro_vixcls_2017-01-20,59
official_macro_vixcls_2017-01-23,59
official_macro_vixcls_2017-01-24,59
official_macro_vixcls_2017-01-25,59
official_macro_vixcls_2017-01-26,59
official_macro_vixcls_2017-01-27,59
official_macro_vixcls_2017-01-30,59
official_macro_vixcls_2017-01-31,59
official_macro_vixcls_2017-02-01,59
official_macro_vixcls_2017-02-02,59
official_macro_vixcls_2017-02-03,59
official_macro_vixcls_2017-02-06,59
official_macro_vixcls_2017-02-07,59
official_macro_vixcls_2017-02-08,59
official_macro_vixcls_2017-02-09,59
official_macro_vixcls_2017-02-10,59
official_macro_vixcls_2017-02-13,59
official_macro_vixcls_2017-02-14,59
official_macro_vixcls_2017-02-15,59
official_macro_vixcls_2017-02-16,59
official_macro_vixcls_2017-02-17,59
official_macro_vixcls_2017-02-21,59
official_macro_vixcls_2017-02-22,59
official_macro_vixcls_2017-02-23,59
official_macro_vixcls_2017-02-24,59
official_macro_vixcls_2017-02-27,59
official_macro_vixcls_2017-02-28,59
official_macro_vixcls_2017-03-01,59
official_macro_vixcls_2017-03-02,59
official_macro_vixcls_2017-03-03,59
official_macro_vixcls_2017-03-06,59
official_macro_vixcls_2017-03-07,59
official_macro_vixcls_2017-03-08,59
official_macro_vixcls_2017-03-09,59
official_macro_vixcls_2017-03-10,59
official_macro_vixcls_2017-03-13,59
official_macro_vixcls_2017-03-14,59
official_macro_vixcls_2017-03-15,59
official_macro_vixcls_2017-03-16,59
official_macro_vixcls_2017-03-17,59
official_macro_vixcls_2017-03-20,59
official_macro_vixcls_2017-03-21,59
official_macro_vixcls_2017-03-22,59
official_macro_vixcls_2017-03-23,59
official_macro_vixcls_2017-03-24,59
official_macro_vixcls_2017-03-27,59
official_macro_vixcls_2017-03-28,59
official_macro_vixcls_2017-03-29,59
official_macro_vixcls_2017-03-30,59
official_macro_vixcls_2017-03-31,59
official_macro_vixcls_2017-04-03,59
official_macro_vixcls_2017-04-04,59
official_macro_vixcls_2017-04-05,59
official_macro_vixcls_2017-04-06,59
official_macro_vixcls_2017-04-07,59
official_macro_vixcls_2017-04-10,59
official_macro_vixcls_2017-04-11,59
official_macro_vixcls_2017-04-12,59
official_macro_vixcls_2017-04-13,59
official_macro_vixcls_2017-04-17,59
official_macro_vixcls_2017-04-18,59
official_macro_vixcls_2017-04-19,59
official_macro_vixcls_2017-04-20,59
official_macro_vixcls_2017-04-21,59
official_macro_vixcls_2017-04-24,59
official_macro_vixcls_2017-04-25,59
official_macro_vixcls_2017-04-26,59
official_macro_vixcls_2017-04-27,59
official_macro_vixcls_2017-04-28,59
official_macro_vixcls_2017-05-01,59
official_macro_vixcls_2017-05-02,59
official_macro_vixcls_2017-05-03,59
official_macro_vixcls_2017-05-04,59
official_macro_vixcls_2017-05-05,59
official_macro_vixcls_2017-05-08,59
official_macro_vixcls_2017-05-09,59
official_macro_vixcls_2017-05-10,59
official_macro_vixcls_2017-05-11,59
official_macro_vixcls_2017-05-12,59
official_macro_vixcls_2017-05-15,59
official_macro_vixcls_2017-05-16,59
official_macro_vixcls_2017-05-17,59
official_macro_vixcls_2017-05-18,59
official_macro_vixcls_2017-05-19,59
official_macro_vixcls_2017-05-22,59
official_macro_vixcls_2017-05-23,59
official_macro_vixcls_2017-05-24,59
official_macro_vixcls_2017-05-25,59
official_macro_vixcls_2017-05-26,59
official_macro_vixcls_2017-05-30,59
official_macro_vixcls_2017-05-31,59
official_macro_vixcls_2017-06-01,59
official_macro_vixcls_2017-06-02,59
official_macro_vixcls_2017-06-05,59
official_macro_vixcls_2017-06-06,59
official_macro_vixcls_2017-06-07,59
official_macro_vixcls_2017-06-08,59
official_macro_vixcls_2017-06-09,59
official_macro_vixcls_2017-06-12,59
official_macro_vixcls_2017-06-13,59
official_macro_vixcls_2017-06-14,59
official_macro_vixcls_2017-06-15,59
official_macro_vixcls_2017-06-16,59
official_macro_vixcls_2017-06-19,59
official_macro_vixcls_2017-06-20,59
official_macro_vixcls_2017-06-21,59
official_macro_vixcls_2017-06-22,59
official_macro_vixcls_2017-06-23,59
official_macro_vixcls_2017-06-26,59
official_macro_vixcls_2017-06-27,59
official_macro_vixcls_2017-06-28,59
official_macro_vixcls_2017-06-29,59
official_macro_vixcls_2017-06-30,59
official_macro_vixcls_2017-07-03,59
official_macro_vixcls_2017-07-05,59
official_macro_vixcls_2017-07-06,59
official_macro_vixcls_2017-07-07,59
official_macro_vixcls_2017-07-10,59
official_macro_vixcls_2017-07-11,59
official_macro_vixcls_2017-07-12,59
official_macro_vixcls_2017-07-13,59
official_macro_vixcls_2017-07-14,59
official_macro_vixcls_2017-07-17,59
official_macro_vixcls_2017-07-18,59
official_macro_vixcls_2017-07-19,59
official_macro_vixcls_2017-07-20,59
official_macro_vixcls_2017-07-21,59
official_macro_vixcls_2017-07-24,59
official_macro_vixcls_2017-07-25,59
official_macro_vixcls_2017-07-26,59
official_macro_vixcls_2017-07-27,59
official_macro_vixcls_2017-07-28,59
official_macro_vixcls_2017-07-31,59
official_macro_vixcls_2017-08-01,59
official_macro_vixcls_2017-08-02,59
official_macro_vixcls_2017-08-03,59
official_macro_vixcls_2017-08-04,59
official_macro_vixcls_2017-08-07,59
official_macro_vixcls_2017-08-08,59
official_macro_vixcls_2017-08-09,59
official_macro_vixcls_2017-08-10,59
official_macro_vixcls_2017-08-11,59
official_macro_vixcls_2017-08-14,59
official_macro_vixcls_2017-08-15,59
official_macro_vixcls_2017-08-16,59
official_macro_vixcls_2017-08-17,59
official_macro_vixcls_2017-08-18,59
official_macro_vixcls_2017-08-21,59
official_macro_vixcls_2017-08-22,59
official_macro_vixcls_2017-08-23,59
official_macro_vixcls_2017-08-24,59
official_macro_vixcls_2017-08-25,59
official_macro_vixcls_2017-08-28,59
official_macro_vixcls_2017-08-29,59
official_macro_vixcls_2017-08-30,59
official_macro_vixcls_2017-08-31,59
official_macro_vixcls_2017-09-01,59
official_macro_vixcls_2017-09-05,59
official_macro_vixcls_2017-09-06,59
official_macro_vixcls_2017-09-07,59
official_macro_vixcls_2017-09-08,59
official_macro_vixcls_2017-09-11,59
official_macro_vixcls_2017-09-12,59
official_macro_vixcls_2017-09-13,59
official_macro_vixcls_2017-09-14,59
official_macro_vixcls_2017-09-15,59
official_macro_vixcls_2017-09-18,59
official_macro_vixcls_2017-09-19,59
official_macro_vixcls_2017-09-20,59
official_macro_vixcls_2017-09-21,59
official_macro_vixcls_2017-09-22,59
official_macro_vixcls_2017-09-25,59
official_macro_vixcls_2017-09-26,59
official_macro_vixcls_2017-09-27,59
official_macro_vixcls_2017-09-28,59
official_macro_vixcls_2017-09-29,59
official_macro_vixcls_2017-10-02,59
official_macro_vixcls_2017-10-03,59
official_macro_vixcls_2017-10-04,59
official_macro_vixcls_2017-10-05,59
official_macro_vixcls_2017-10-06,59
official_macro_vixcls_2017-10-09,59
official_macro_vixcls_2017-10-10,59
official_macro_vixcls_2017-10-11,59
official_macro_vixcls_2017-10-12,59
official_macro_vixcls_2017-10-13,59
official_macro_vixcls_2017-10-16,59
official_macro_vixcls_2017-10-17,59
official_macro_vixcls_2017-10-18,59
official_macro_vixcls_2017-10-19,59
official_macro_vixcls_2017-10-20,59
official_macro_vixcls_2017-10-23,59
official_macro_vixcls_2017-10-24,59
official_macro_vixcls_2017-10-25,59
official_macro_vixcls_2017-10-26,59
official_macro_vixcls_2017-10-27,59
official_macro_vixcls_2017-10-30,59
official_macro_vixcls_2017-10-31,59
official_macro_vixcls_2017-11-01,59
official_macro_vixcls_2017-11-02,59
official_macro_vixcls_2017-11-03,59
official_macro_vixcls_2017-11-06,59
official_macro_vixcls_2017-11-07,59
official_macro_vixcls_2017-11-08,59
official_macro_vixcls_2017-11-09,59
official_macro_vixcls_2017-11-10,59
official_macro_vixcls_2017-11-13,59
official_macro_vixcls_2017-11-14,59
official_macro_vixcls_2017-11-15,59
official_macro_vixcls_2017-11-16,59
official_macro_vixcls_2017-11-17,59
official_macro_vixcls_2017-11-20,59
official_macro_vixcls_2017-11-21,59
official_macro_vixcls_2017-11-22,59
official_macro_vixcls_2017-11-24,59
official_macro_vixcls_2017-11-27,59
official_macro_vixcls_2017-11-28,59
official_macro_vixcls_2017-11-29,59
official_macro_vixcls_2017-11-30,59
official_macro_vixcls_2017-12-01,59
official_macro_vixcls_2017-12-04,59
official_macro_vixcls_2017-12-05,59
official_macro_vixcls_2017-12-06,59
official_macro_vixcls_2017-12-07,59
official_macro_vixcls_2017-12-08,59
official_macro_vixcls_2017-12-11,59
official_macro_vixcls_2017-12-12,59
official_macro_vixcls_2017-12-13,59
official_macro_vixcls_2017-12-14,59
official_macro_vixcls_2017-12-15,59
official_macro_vixcls_2017-12-18,59
official_macro_vixcls_2017-12-19,59
official_macro_vixcls_2017-12-20,59
official_macro_vixcls_2017-12-21,59
official_macro_vixcls_2017-12-22,59
official_macro_vixcls_2017-12-26,59
official_macro_vixcls_2017-12-27,59
official_macro_vixcls_2017-12-28,59
official_macro_vixcls_2017-12-29,59
official_macro_vixcls_2018-01-02,59
official_macro_vixcls_2018-01-03,59
official_macro_vixcls_2018-01-04,59
official_macro_vixcls_2018-01-05,59
official_macro_vixcls_2018-01-08,59
official_macro_vixcls_2018-01-09,59
official_macro_vixcls_2018-01-10,59
official_macro_vixcls_2018-01-11,59
official_macro_vixcls_2018-01-12,59
official_macro_vixcls_2018-01-16,59
official_macro_vixcls_2018-01-17,59
official_macro_vixcls_2018-01-18,59
official_macro_vixcls_2018-01-19,59
official_macro_vixcls_2018-01-22,59
official_macro_vixcls_2018-01-23,59
official_macro_vixcls_2018-01-24,59
official_macro_vixcls_2018-01-25,59
official_macro_vixcls_2018-01-26,59
official_macro_vixcls_2018-01-29,59
official_macro_vixcls_2018-01-30,59
official_macro_vixcls_2018-01-31,59
official_macro_vixcls_2018-02-01,59
official_macro_vixcls_2018-02-02,59
official_macro_vixcls_2018-02-05,59
official_macro_vixcls_2018-02-06,59
official_macro_vixcls_2018-02-07,59
official_macro_vixcls_2018-02-08,59
official_macro_vixcls_2018-02-09,59
official_macro_vixcls_2018-02-12,59
official_macro_vixcls_2018-02-13,59
official_macro_vixcls_2018-02-14,59
official_macro_vixcls_2018-02-15,59
official_macro_vixcls_2018-02-16,59
official_macro_vixcls_2018-02-20,59
official_macro_vixcls_2018-02-21,59
official_macro_vixcls_2018-02-22,59
official_macro_vixcls_2018-02-23,59
official_macro_vixcls_2018-02-26,59
official_macro_vixcls_2018-02-27,59
official_macro_vixcls_2018-02-28,59
official_macro_vixcls_2018-03-01,59
official_macro_vixcls_2018-03-02,59
official_macro_vixcls_2018-03-05,59
official_macro_vixcls_2018-03-06,59
official_macro_vixcls_2018-03-07,59
official_macro_vixcls_2018-03-08,59
official_macro_vixcls_2018-03-09,59
official_macro_vixcls_2018-03-12,59
official_macro_vixcls_2018-03-13,59
official_macro_vixcls_2018-03-14,59
official_macro_vixcls_2018-03-15,59
official_macro_vixcls_2018-03-16,59
official_macro_vixcls_2018-03-19,59
official_macro_vixcls_2018-03-20,59
official_macro_vixcls_2018-03-21,59
official_macro_vixcls_2018-03-22,59
official_macro_vixcls_2018-03-23,59
official_macro_vixcls_2018-03-26,59
official_macro_vixcls_2018-03-27,59
official_macro_vixcls_2018-03-28,59
official_macro_vixcls_2018-03-29,59
official_macro_vixcls_2018-04-02,59
official_macro_vixcls_2018-04-03,59
official_macro_vixcls_2018-04-04,59
official_macro_vixcls_2018-04-05,59
official_macro_vixcls_2018-04-06,59
official_macro_vixcls_2018-04-09,59
official_macro_vixcls_2018-04-10,59
official_macro_vixcls_2018-04-11,59
official_macro_vixcls_2018-04-12,59
official_macro_vixcls_2018-04-13,59
official_macro_vixcls_2018-04-16,59
official_macro_vixcls_2018-04-17,59
official_macro_vixcls_2018-04-18,59
official_macro_vixcls_2018-04-19,59
official_macro_vixcls_2018-04-20,59
official_macro_vixcls_2018-04-23,59
official_macro_vixcls_2018-04-24,59
official_macro_vixcls_2018-04-25,59
official_macro_vixcls_2018-04-26,59
official_macro_vixcls_2018-04-27,59
official_macro_vixcls_2018-04-30,59
official_macro_vixcls_2018-05-01,59
official_macro_vixcls_2018-05-02,59
official_macro_vixcls_2018-05-03,59
official_macro_vixcls_2018-05-04,59
official_macro_vixcls_2018-05-07,59
official_macro_vixcls_2018-05-08,59
official_macro_vixcls_2018-05-09,59
official_macro_vixcls_2018-05-10,59
official_macro_vixcls_2018-05-11,59
official_macro_vixcls_2018-05-14,59
official_macro_vixcls_2018-05-15,59
official_macro_vixcls_2018-05-16,59
official_macro_vixcls_2018-05-17,59
official_macro_vixcls_2018-05-18,59
official_macro_vixcls_2018-05-21,59
official_macro_vixcls_2018-05-22,59
official_macro_vixcls_2018-05-23,59
official_macro_vixcls_2018-05-24,59
official_macro_vixcls_2018-05-25,59
official_macro_vixcls_2018-05-29,59
official_macro_vixcls_2018-05-30,59
official_macro_vixcls_2018-05-31,59
official_macro_vixcls_2018-06-01,59
official_macro_vixcls_2018-06-04,59
official_macro_vixcls_2018-06-05,59
official_macro_vixcls_2018-06-06,59
official_macro_vixcls_2018-06-07,59
official_macro_vixcls_2018-06-08,59
official_macro_vixcls_2018-06-11,59
official_macro_vixcls_2018-06-12,59
official_macro_vixcls_2018-06-13,59
official_macro_vixcls_2018-06-14,59
official_macro_vixcls_2018-06-15,59
official_macro_vixcls_2018-06-18,59
official_macro_vixcls_2018-06-19,59
official_macro_vixcls_2018-06-20,59
official_macro_vixcls_2018-06-21,59
official_macro_vixcls_2018-06-22,59
official_macro_vixcls_2018-06-25,59
official_macro_vixcls_2018-06-26,59
official_macro_vixcls_2018-06-27,59
official_macro_vixcls_2018-06-28,59
official_macro_vixcls_2018-06-29,59
official_macro_vixcls_2018-07-02,59
official_macro_vixcls_2018-07-03,59
official_macro_vixcls_2018-07-05,59
official_macro_vixcls_2018-07-06,59
official_macro_vixcls_2018-07-09,59
official_macro_vixcls_2018-07-10,59
official_macro_vixcls_2018-07-11,59
official_macro_vixcls_2018-07-12,59
official_macro_vixcls_2018-07-13,59
official_macro_vixcls_2018-07-16,59
official_macro_vixcls_2018-07-17,59
official_macro_vixcls_2018-07-18,59
official_macro_vixcls_2018-07-19,59
official_macro_vixcls_2018-07-20,59
official_macro_vixcls_2018-07-23,59
official_macro_vixcls_2018-07-24,59
official_macro_vixcls_2018-07-25,59
official_macro_vixcls_2018-07-26,59
official_macro_vixcls_2018-07-27,59
official_macro_vixcls_2018-07-30,59
official_macro_vixcls_2018-07-31,59
official_macro_vixcls_2018-08-01,59
official_macro_vixcls_2018-08-02,59
official_macro_vixcls_2018-08-03,59
official_macro_vixcls_2018-08-06,59
official_macro_vixcls_2018-08-07,59
official_macro_vixcls_2018-08-08,59
official_macro_vixcls_2018-08-09,59
official_macro_vixcls_2018-08-10,59
official_macro_vixcls_2018-08-13,59
official_macro_vixcls_2018-08-14,59
official_macro_vixcls_2018-08-15,59
official_macro_vixcls_2018-08-16,59
official_macro_vixcls_2018-08-17,59
official_macro_vixcls_2018-08-20,59
official_macro_vixcls_2018-08-21,59
official_macro_vixcls_2018-08-22,59
official_macro_vixcls_2018-08-23,59
official_macro_vixcls_2018-08-24,59
official_macro_vixcls_2018-08-27,59
official_macro_vixcls_2018-08-28,59
official_macro_vixcls_2018-08-29,59
official_macro_vixcls_2018-08-30,59
official_macro_vixcls_2018-08-31,59
official_macro_vixcls_2018-09-04,59
official_macro_vixcls_2018-09-05,59
official_macro_vixcls_2018-09-06,59
official_macro_vixcls_2018-09-07,59
official_macro_vixcls_2018-09-10,59
official_macro_vixcls_2018-09-11,59
official_macro_vixcls_2018-09-12,59
official_macro_vixcls_2018-09-13,59
official_macro_vixcls_2018-09-14,59
official_macro_vixcls_2018-09-17,59
official_macro_vixcls_2018-09-18,59
official_macro_vixcls_2018-09-19,59
official_macro_vixcls_2018-09-20,59
official_macro_vixcls_2018-09-21,59
official_macro_vixcls_2018-09-24,59
official_macro_vixcls_2018-09-25,59
official_macro_vixcls_2018-09-26,59
official_macro_vixcls_2018-09-27,59
official_macro_vixcls_2018-09-28,59
official_macro_vixcls_2018-10-01,59
official_macro_vixcls_2018-10-02,59
official_macro_vixcls_2018-10-03,59
official_macro_vixcls_2018-10-04,59
official_macro_vixcls_2018-10-05,59
official_macro_vixcls_2018-10-08,59
official_macro_vixcls_2018-10-09,59
official_macro_vixcls_2018-10-10,59
official_macro_vixcls_2018-10-11,59
official_macro_vixcls_2018-10-12,59
official_macro_vixcls_2018-10-15,59
official_macro_vixcls_2018-10-16,59
official_macro_vixcls_2018-10-17,59
official_macro_vixcls_2018-10-18,59
official_macro_vixcls_2018-10-19,59
official_macro_vixcls_2018-10-22,59
official_macro_vixcls_2018-10-23,59
official_macro_vixcls_2018-10-24,59
official_macro_vixcls_2018-10-25,59
official_macro_vixcls_2018-10-26,59
official_macro_vixcls_2018-10-29,59
official_macro_vixcls_2018-10-30,59
official_macro_vixcls_2018-10-31,59
official_macro_vixcls_2018-11-01,59
official_macro_vixcls_2018-11-02,59
official_macro_vixcls_2018-11-05,59
official_macro_vixcls_2018-11-06,59
official_macro_vixcls_2018-11-07,59
official_macro_vixcls_2018-11-08,59
official_macro_vixcls_2018-11-09,59
official_macro_vixcls_2018-11-12,59
official_macro_vixcls_2018-11-13,59
official_macro_vixcls_2018-11-14,59
official_macro_vixcls_2018-11-15,59
official_macro_vixcls_2018-11-16,59
official_macro_vixcls_2018-11-19,59
official_macro_vixcls_2018-11-20,59
official_macro_vixcls_2018-11-21,59
official_macro_vixcls_2018-11-23,59
official_macro_vixcls_2018-11-26,59
official_macro_vixcls_2018-11-27,59
official_macro_vixcls_2018-11-28,59
official_macro_vixcls_2018-11-29,59
official_macro_vixcls_2018-11-30,59
official_macro_vixcls_2018-12-03,59
official_macro_vixcls_2018-12-04,59
official_macro_vixcls_2018-12-06,59
official_macro_vixcls_2018-12-07,59
official_macro_vixcls_2018-12-10,59
official_macro_vixcls_2018-12-11,59
official_macro_vixcls_2018-12-12,59
official_macro_vixcls_2018-12-13,59
official_macro_vixcls_2018-12-14,59
official_macro_vixcls_2018-12-17,59
official_macro_vixcls_2018-12-18,59
official_macro_vixcls_2018-12-19,59
official_macro_vixcls_2018-12-20,59
official_macro_vixcls_2018-12-21,59
official_macro_vixcls_2018-12-24,59
official_macro_vixcls_2018-12-26,59
official_macro_vixcls_2018-12-27,59
official_macro_vixcls_2018-12-28,59
official_macro_vixcls_2018-12-31,59
official_macro_vixcls_2019-01-02,59
official_macro_vixcls_2019-01-03,59
official_macro_vixcls_2019-01-04,59
official_macro_vixcls_2019-01-07,59
official_macro_vixcls_2019-01-08,59
official_macro_vixcls_2019-01-09,59
official_macro_vixcls_2019-01-10,59
official_macro_vixcls_2019-01-11,59
official_macro_vixcls_2019-01-14,59
official_macro_vixcls_2019-01-15,59
official_macro_vixcls_2019-01-16,59
official_macro_vixcls_2019-01-17,59
official_macro_vixcls_2019-01-18,59
official_macro_vixcls_2019-01-22,59
official_macro_vixcls_2019-01-23,59
official_macro_vixcls_2019-01-24,59
official_macro_vixcls_2019-01-25,59
official_macro_vixcls_2019-01-28,59
official_macro_vixcls_2019-01-29,59
official_macro_vixcls_2019-01-30,59
official_macro_vixcls_2019-01-31,59
official_macro_vixcls_2019-02-01,59
official_macro_vixcls_2019-02-04,59
official_macro_vixcls_2019-02-05,59
official_macro_vixcls_2019-02-06,59
official_macro_vixcls_2019-02-07,59
official_macro_vixcls_2019-02-08,59
official_macro_vixcls_2019-02-11,59
official_macro_vixcls_2019-02-12,59
official_macro_vixcls_2019-02-13,59
official_macro_vixcls_2019-02-14,59
official_macro_vixcls_2019-02-15,59
official_macro_vixcls_2019-02-19,59
official_macro_vixcls_2019-02-20,59
official_macro_vixcls_2019-02-21,59
official_macro_vixcls_2019-02-22,59
official_macro_vixcls_2019-02-25,59
official_macro_vixcls_2019-02-26,59
official_macro_vixcls_2019-02-27,59
official_macro_vixcls_2019-02-28,59
official_macro_vixcls_2019-03-01,59
official_macro_vixcls_2019-03-04,59
official_macro_vixcls_2019-03-05,59
official_macro_vixcls_2019-03-06,59
official_macro_vixcls_2019-03-07,59
official_macro_vixcls_2019-03-08,59
official_macro_vixcls_2019-03-11,59
official_macro_vixcls_2019-03-12,59
official_macro_vixcls_2019-03-13,59
official_macro_vixcls_2019-03-14,59
official_macro_vixcls_2019-03-15,59
official_macro_vixcls_2019-03-18,59
official_macro_vixcls_2019-03-19,59
official_macro_vixcls_2019-03-20,59
official_macro_vixcls_2019-03-21,59
official_macro_vixcls_2019-03-22,59
official_macro_vixcls_2019-03-25,59
official_macro_vixcls_2019-03-26,59
official_macro_vixcls_2019-03-27,59
official_macro_vixcls_2019-03-28,59
official_macro_vixcls_2019-03-29,59
official_macro_vixcls_2019-04-01,59
official_macro_vixcls_2019-04-02,59
official_macro_vixcls_2019-04-03,59
official_macro_vixcls_2019-04-04,59
official_macro_vixcls_2019-04-05,59
official_macro_vixcls_2019-04-08,59
official_macro_vixcls_2019-04-09,59
official_macro_vixcls_2019-04-10,59
official_macro_vixcls_2019-04-11,59
official_macro_vixcls_2019-04-12,59
official_macro_vixcls_2019-04-15,59
official_macro_vixcls_2019-04-16,59
official_macro_vixcls_2019-04-17,59
official_macro_vixcls_2019-04-18,59
official_macro_vixcls_2019-04-22,59
official_macro_vixcls_2019-04-23,59
official_macro_vixcls_2019-04-24,59
official_macro_vixcls_2019-04-25,59
official_macro_vixcls_2019-04-26,59
official_macro_vixcls_2019-04-29,59
official_macro_vixcls_2019-04-30,59
official_macro_vixcls_2019-05-01,59
official_macro_vixcls_2019-05-02,59
official_macro_vixcls_2019-05-03,59
official_macro_vixcls_2019-05-06,59
official_macro_vixcls_2019-05-07,59
official_macro_vixcls_2019-05-08,59
official_macro_vixcls_2019-05-09,59
official_macro_vixcls_2019-05-10,59
official_macro_vixcls_2019-05-13,59
official_macro_vixcls_2019-05-14,59
official_macro_vixcls_2019-05-15,59
official_macro_vixcls_2019-05-16,59
official_macro_vixcls_2019-05-17,59
official_macro_vixcls_2019-05-20,59
official_macro_vixcls_2019-05-21,59
official_macro_vixcls_2019-05-22,59
official_macro_vixcls_2019-05-23,59
official_macro_vixcls_2019-05-24,59
official_macro_vixcls_2019-05-28,59
official_macro_vixcls_2019-05-29,59
official_macro_vixcls_2019-05-30,59
official_macro_vixcls_2019-05-31,59
official_macro_vixcls_2019-06-03,59
official_macro_vixcls_2019-06-04,59
official_macro_vixcls_2019-06-05,59
official_macro_vixcls_2019-06-06,59
official_macro_vixcls_2019-06-07,59
official_macro_vixcls_2019-06-10,59
official_macro_vixcls_2019-06-11,59
official_macro_vixcls_2019-06-12,59
official_macro_vixcls_2019-06-13,59
official_macro_vixcls_2019-06-14,59
official_macro_vixcls_2019-06-17,59
official_macro_vixcls_2019-06-18,59
official_macro_vixcls_2019-06-19,59
official_macro_vixcls_2019-06-20,59
official_macro_vixcls_2019-06-21,59
official_macro_vixcls_2019-06-24,59
official_macro_vixcls_2019-06-25,59
official_macro_vixcls_2019-06-26,59
official_macro_vixcls_2019-06-27,59
official_macro_vixcls_2019-06-28,59
official_macro_vixcls_2019-07-01,59
official_macro_vixcls_2019-07-02,59
official_macro_vixcls_2019-07-03,59
official_macro_vixcls_2019-07-05,59
official_macro_vixcls_2019-07-08,59
official_macro_vixcls_2019-07-09,59
official_macro_vixcls_2019-07-10,59
official_macro_vixcls_2019-07-11,59
official_macro_vixcls_2019-07-12,59
official_macro_vixcls_2019-07-15,59
official_macro_vixcls_2019-07-16,59
official_macro_vixcls_2019-07-17,59
official_macro_vixcls_2019-07-18,59
official_macro_vixcls_2019-07-19,59
official_macro_vixcls_2019-07-22,59
official_macro_vixcls_2019-07-23,59
official_macro_vixcls_2019-07-24,59
official_macro_vixcls_2019-07-25,59
official_macro_vixcls_2019-07-26,59
official_macro_vixcls_2019-07-29,59
official_macro_vixcls_2019-07-30,59
official_macro_vixcls_2019-07-31,59
official_macro_vixcls_2019-08-01,59
official_macro_vixcls_2019-08-02,59
official_macro_vixcls_2019-08-05,59
official_macro_vixcls_2019-08-06,59
official_macro_vixcls_2019-08-07,59
official_macro_vixcls_2019-08-08,59
official_macro_vixcls_2019-08-09,59
official_macro_vixcls_2019-08-12,59
official_macro_vixcls_2019-08-13,59
official_macro_vixcls_2019-08-14,59
official_macro_vixcls_2019-08-15,59
official_macro_vixcls_2019-08-16,59
official_macro_vixcls_2019-08-19,59
official_macro_vixcls_2019-08-20,59
official_macro_vixcls_2019-08-21,59
official_macro_vixcls_2019-08-22,59
official_macro_vixcls_2019-08-23,59
official_macro_vixcls_2019-08-26,59
official_macro_vixcls_2019-08-27,59
official_macro_vixcls_2019-08-28,59
official_macro_vixcls_2019-08-29,59
official_macro_vixcls_2019-08-30,59
official_macro_vixcls_2019-09-03,59
official_macro_vixcls_2019-09-04,59
official_macro_vixcls_2019-09-05,59
official_macro_vixcls_2019-09-06,59
official_macro_vixcls_2019-09-09,59
official_macro_vixcls_2019-09-10,59
official_macro_vixcls_2019-09-11,59
official_macro_vixcls_2019-09-12,59
official_macro_vixcls_2019-09-13,59
official_macro_vixcls_2019-09-16,59
official_macro_vixcls_2019-09-17,59
official_macro_vixcls_2019-09-18,59
official_macro_vixcls_2019-09-19,59
official_macro_vixcls_2019-09-20,59
official_macro_vixcls_2019-09-23,59
official_macro_vixcls_2019-09-24,59
official_macro_vixcls_2019-09-25,59
official_macro_vixcls_2019-09-26,59
official_macro_vixcls_2019-09-27,59
official_macro_vixcls_2019-09-30,59
official_macro_vixcls_2019-10-01,59
official_macro_vixcls_2019-10-02,59
official_macro_vixcls_2019-10-03,59
official_macro_vixcls_2019-10-04,59
official_macro_vixcls_2019-10-07,59
official_macro_vixcls_2019-10-08,59
official_macro_vixcls_2019-10-09,59
official_macro_vixcls_2019-10-10,59
official_macro_vixcls_2019-10-11,59
official_macro_vixcls_2019-10-14,59
official_macro_vixcls_2019-10-15,59
official_macro_vixcls_2019-10-16,59
official_macro_vixcls_2019-10-17,59
official_macro_vixcls_2019-10-18,59
official_macro_vixcls_2019-10-21,59
official_macro_vixcls_2019-10-22,59
official_macro_vixcls_2019-10-23,59
official_macro_vixcls_2019-10-24,59
official_macro_vixcls_2019-10-25,59
official_macro_vixcls_2019-10-28,59
official_macro_vixcls_2019-10-29,59
official_macro_vixcls_2019-10-30,59
official_macro_vixcls_2019-10-31,59
official_macro_vixcls_2019-11-01,59
official_macro_vixcls_2019-11-04,59
official_macro_vixcls_2019-11-05,59
official_macro_vixcls_2019-11-06,59
official_macro_vixcls_2019-11-07,59
official_macro_vixcls_2019-11-08,59
official_macro_vixcls_2019-11-11,59
official_macro_vixcls_2019-11-12,59
official_macro_vixcls_2019-11-13,59
official_macro_vixcls_2019-11-14,59
official_macro_vixcls_2019-11-15,59
official_macro_vixcls_2019-11-18,59
official_macro_vixcls_2019-11-19,59
official_macro_vixcls_2019-11-20,59
official_macro_vixcls_2019-11-21,59
official_macro_vixcls_2019-11-22,59
official_macro_vixcls_2019-11-25,59
official_macro_vixcls_2019-11-26,59
official_macro_vixcls_2019-11-27,59
official_macro_vixcls_2019-11-29,59
official_macro_vixcls_2019-12-02,59
official_macro_vixcls_2019-12-03,59
official_macro_vixcls_2019-12-04,59
official_macro_vixcls_2019-12-05,59
official_macro_vixcls_2019-12-06,59
official_macro_vixcls_2019-12-09,59
official_macro_vixcls_2019-12-10,59
official_macro_vixcls_2019-12-11,59
official_macro_vixcls_2019-12-12,59
official_macro_vixcls_2019-12-13,59
official_macro_vixcls_2019-12-16,59
official_macro_vixcls_2019-12-17,59
official_macro_vixcls_2019-12-18,59
official_macro_vixcls_2019-12-19,59
official_macro_vixcls_2019-12-20,59
official_macro_vixcls_2019-12-23,59
official_macro_vixcls_2019-12-24,59
official_macro_vixcls_2019-12-26,59
official_macro_vixcls_2019-12-27,59
official_macro_vixcls_2019-12-30,59
official_macro_vixcls_2019-12-31,59
official_macro_vixcls_2020-01-02,59
official_macro_vixcls_2020-01-03,59
official_macro_vixcls_2020-01-06,59
official_macro_vixcls_2020-01-07,59
official_macro_vixcls_2020-01-08,59
official_macro_vixcls_2020-01-09,59
official_macro_vixcls_2020-01-10,59
official_macro_vixcls_2020-01-13,59
official_macro_vixcls_2020-01-14,59
official_macro_vixcls_2020-01-15,59
official_macro_vixcls_2020-01-16,59
official_macro_vixcls_2020-01-17,59
official_macro_vixcls_2020-01-21,59
official_macro_vixcls_2020-01-22,59
official_macro_vixcls_2020-01-23,59
official_macro_vixcls_2020-01-24,59
official_macro_vixcls_2020-01-27,59
official_macro_vixcls_2020-01-28,59
official_macro_vixcls_2020-01-29,59
official_macro_vixcls_2020-01-30,59
official_macro_vixcls_2020-01-31,59
official_macro_vixcls_2020-02-03,59
official_macro_vixcls_2020-02-04,59
official_macro_vixcls_2020-02-05,59
official_macro_vixcls_2020-02-06,59
official_macro_vixcls_2020-02-07,59
official_macro_vixcls_2020-02-10,59
official_macro_vixcls_2020-02-11,59
official_macro_vixcls_2020-02-12,59
official_macro_vixcls_2020-02-13,59
official_macro_vixcls_2020-02-14,59
official_macro_vixcls_2020-02-18,59
official_macro_vixcls_2020-02-19,59
official_macro_vixcls_2020-02-20,59
official_macro_vixcls_2020-02-21,59
official_macro_vixcls_2020-02-24,59
official_macro_vixcls_2020-02-25,59
official_macro_vixcls_2020-02-26,59
official_macro_vixcls_2020-02-27,59
official_macro_vixcls_2020-02-28,59
official_macro_vixcls_2020-03-02,59
official_macro_vixcls_2020-03-03,59
official_macro_vixcls_2020-03-04,59
official_macro_vixcls_2020-03-05,59
official_macro_vixcls_2020-03-06,59
official_macro_vixcls_2020-03-09,59
official_macro_vixcls_2020-03-10,59
official_macro_vixcls_2020-03-11,59
official_macro_vixcls_2020-03-12,59
official_macro_vixcls_2020-03-13,59
official_macro_vixcls_2020-03-16,59
official_macro_vixcls_2020-03-17,59
official_macro_vixcls_2020-03-18,59
official_macro_vixcls_2020-03-19,59
official_macro_vixcls_2020-03-20,59
official_macro_vixcls_2020-03-23,59
official_macro_vixcls_2020-03-24,59
official_macro_vixcls_2020-03-25,59
official_macro_vixcls_2020-03-26,59
official_macro_vixcls_2020-03-27,59
official_macro_vixcls_2020-03-30,59
official_macro_vixcls_2020-03-31,59
official_macro_vixcls_2020-04-01,59
official_macro_vixcls_2020-04-02,59
official_macro_vixcls_2020-04-03,59
official_macro_vixcls_2020-04-06,59
official_macro_vixcls_2020-04-07,59
official_macro_vixcls_2020-04-08,59
official_macro_vixcls_2020-04-09,59
official_macro_vixcls_2020-04-13,59
official_macro_vixcls_2020-04-14,59
official_macro_vixcls_2020-04-15,59
official_macro_vixcls_2020-04-16,59
official_macro_vixcls_2020-04-17,59
official_macro_vixcls_2020-04-20,59
official_macro_vixcls_2020-04-21,59
official_macro_vixcls_2020-04-22,59
official_macro_vixcls_2020-04-23,59
official_macro_vixcls_2020-04-24,59
official_macro_vixcls_2020-04-27,59
official_macro_vixcls_2020-04-28,59
official_macro_vixcls_2020-04-29,59
official_macro_vixcls_2020-04-30,59
official_macro_vixcls_2020-05-01,59
official_macro_vixcls_2020-05-04,59
official_macro_vixcls_2020-05-05,59
official_macro_vixcls_2020-05-06,59
official_macro_vixcls_2020-05-07,59
official_macro_vixcls_2020-05-08,59
official_macro_vixcls_2020-05-11,59
official_macro_vixcls_2020-05-12,59
official_macro_vixcls_2020-05-13,59
official_macro_vixcls_2020-05-14,59
official_macro_vixcls_2020-05-15,59
official_macro_vixcls_2020-05-18,59
official_macro_vixcls_2020-05-19,59
official_macro_vixcls_2020-05-20,59
official_macro_vixcls_2020-05-21,59
official_macro_vixcls_2020-05-22,59
official_macro_vixcls_2020-05-26,59
official_macro_vixcls_2020-05-27,59
official_macro_vixcls_2020-05-28,59
official_macro_vixcls_2020-05-29,59
official_macro_vixcls_2020-06-01,59
official_macro_vixcls_2020-06-02,59
official_macro_vixcls_2020-06-03,59
official_macro_vixcls_2020-06-04,59
official_macro_vixcls_2020-06-05,59
official_macro_vixcls_2020-06-08,59
official_macro_vixcls_2020-06-09,59
official_macro_vixcls_2020-06-10,59
official_macro_vixcls_2020-06-11,59
official_macro_vixcls_2020-06-12,59
official_macro_vixcls_2020-06-15,59
official_macro_vixcls_2020-06-16,59
official_macro_vixcls_2020-06-17,59
official_macro_vixcls_2020-06-18,59
official_macro_vixcls_2020-06-19,59
official_macro_vixcls_2020-06-22,59
official_macro_vixcls_2020-06-23,59
official_macro_vixcls_2020-06-24,59
official_macro_vixcls_2020-06-25,59
official_macro_vixcls_2020-06-26,59
official_macro_vixcls_2020-06-29,59
official_macro_vixcls_2020-06-30,59
official_macro_vixcls_2020-07-01,59
official_macro_vixcls_2020-07-02,59
official_macro_vixcls_2020-07-06,59
official_macro_vixcls_2020-07-07,59
official_macro_vixcls_2020-07-08,59
official_macro_vixcls_2020-07-09,59
official_macro_vixcls_2020-07-10,59
official_macro_vixcls_2020-07-13,59
official_macro_vixcls_2020-07-14,59
official_macro_vixcls_2020-07-15,59
official_macro_vixcls_2020-07-16,59
official_macro_vixcls_2020-07-17,59
official_macro_vixcls_2020-07-20,59
official_macro_vixcls_2020-07-21,59
official_macro_vixcls_2020-07-22,59
official_macro_vixcls_2020-07-23,59
official_macro_vixcls_2020-07-24,59
official_macro_vixcls_2020-07-27,59
official_macro_vixcls_2020-07-28,59
official_macro_vixcls_2020-07-29,59
official_macro_vixcls_2020-07-30,59
official_macro_vixcls_2020-07-31,59
official_macro_vixcls_2020-08-03,59
official_macro_vixcls_2020-08-04,59
official_macro_vixcls_2020-08-05,59
official_macro_vixcls_2020-08-06,59
official_macro_vixcls_2020-08-07,59
official_macro_vixcls_2020-08-10,59
official_macro_vixcls_2020-08-11,59
official_macro_vixcls_2020-08-12,59
official_macro_vixcls_2020-08-13,59
official_macro_vixcls_2020-08-14,59
official_macro_vixcls_2020-08-17,59
official_macro_vixcls_2020-08-18,59
official_macro_vixcls_2020-08-19,59
official_macro_vixcls_2020-08-20,59
official_macro_vixcls_2020-08-21,59
official_macro_vixcls_2020-08-24,59
official_macro_vixcls_2020-08-25,59
official_macro_vixcls_2020-08-26,59
official_macro_vixcls_2020-08-27,59
official_macro_vixcls_2020-08-28,59
official_macro_vixcls_2020-08-31,59
official_macro_vixcls_2020-09-01,59
official_macro_vixcls_2020-09-02,59
official_macro_vixcls_2020-09-03,59
official_macro_vixcls_2020-09-04,59
official_macro_vixcls_2020-09-08,59
official_macro_vixcls_2020-09-09,59
official_macro_vixcls_2020-09-10,59
official_macro_vixcls_2020-09-11,59
official_macro_vixcls_2020-09-14,59
official_macro_vixcls_2020-09-15,59
official_macro_vixcls_2020-09-16,59
official_macro_vixcls_2020-09-17,59
official_macro_vixcls_2020-09-18,59
official_macro_vixcls_2020-09-21,59
official_macro_vixcls_2020-09-22,59
official_macro_vixcls_2020-09-23,59
official_macro_vixcls_2020-09-24,59
official_macro_vixcls_2020-09-25,59
official_macro_vixcls_2020-09-28,59
official_macro_vixcls_2020-09-29,59
official_macro_vixcls_2020-09-30,59
official_macro_vixcls_2020-10-01,59
official_macro_vixcls_2020-10-02,59
official_macro_vixcls_2020-10-05,59
official_macro_vixcls_2020-10-06,59
official_macro_vixcls_2020-10-07,59
official_macro_vixcls_2020-10-08,59
official_macro_vixcls_2020-10-09,59
official_macro_vixcls_2020-10-12,59
official_macro_vixcls_2020-10-13,59
official_macro_vixcls_2020-10-14,59
official_macro_vixcls_2020-10-15,59
official_macro_vixcls_2020-10-16,59
official_macro_vixcls_2020-10-19,59
official_macro_vixcls_2020-10-20,59
official_macro_vixcls_2020-10-21,59
official_macro_vixcls_2020-10-22,59
official_macro_vixcls_2020-10-23,59
official_macro_vixcls_2020-10-26,59
official_macro_vixcls_2020-10-27,59
official_macro_vixcls_2020-10-28,59
official_macro_vixcls_2020-10-29,59
official_macro_vixcls_2020-10-30,59
official_macro_vixcls_2020-11-02,59
official_macro_vixcls_2020-11-03,59
official_macro_vixcls_2020-11-04,59
official_macro_vixcls_2020-11-05,59
official_macro_vixcls_2020-11-06,59
official_macro_vixcls_2020-11-09,59
official_macro_vixcls_2020-11-10,59
official_macro_vixcls_2020-11-11,59
official_macro_vixcls_2020-11-12,59
official_macro_vixcls_2020-11-13,59
official_macro_vixcls_2020-11-16,59
official_macro_vixcls_2020-11-17,59
official_macro_vixcls_2020-11-18,59
official_macro_vixcls_2020-11-19,59
official_macro_vixcls_2020-11-20,59
official_macro_vixcls_2020-11-23,59
official_macro_vixcls_2020-11-24,59
official_macro_vixcls_2020-11-25,59
official_macro_vixcls_2020-11-27,59
official_macro_vixcls_2020-11-30,59
official_macro_vixcls_2020-12-01,59
official_macro_vixcls_2020-12-02,59
official_macro_vixcls_2020-12-03,59
official_macro_vixcls_2020-12-04,59
official_macro_vixcls_2020-12-07,59
official_macro_vixcls_2020-12-08,59
official_macro_vixcls_2020-12-09,59
official_macro_vixcls_2020-12-10,59
official_macro_vixcls_2020-12-11,59
official_macro_vixcls_2020-12-14,59
official_macro_vixcls_2020-12-15,59
official_macro_vixcls_2020-12-16,59
official_macro_vixcls_2020-12-17,59
official_macro_vixcls_2020-12-18,59
official_macro_vixcls_2020-12-21,59
official_macro_vixcls_2020-12-22,59
official_macro_vixcls_2020-12-23,59
official_macro_vixcls_2020-12-24,59
official_macro_vixcls_2020-12-28,59
official_macro_vixcls_2020-12-29,59
official_macro_vixcls_2020-12-30,59
official_macro_vixcls_2020-12-31,59
official_macro_vixcls_2021-01-04,59
official_macro_vixcls_2021-01-05,59
official_macro_vixcls_2021-01-06,59
official_macro_vixcls_2021-01-07,59
official_macro_vixcls_2021-01-08,59
official_macro_vixcls_2021-01-11,59
official_macro_vixcls_2021-01-12,59
official_macro_vixcls_2021-01-13,59
official_macro_vixcls_2021-01-14,59
official_macro_vixcls_2021-01-15,59
official_macro_vixcls_2021-01-19,59
official_macro_vixcls_2021-01-20,59
official_macro_vixcls_2021-01-21,59
official_macro_vixcls_2021-01-22,59
official_macro_vixcls_2021-01-25,59
official_macro_vixcls_2021-01-26,59
official_macro_vixcls_2021-01-27,59
official_macro_vixcls_2021-01-28,59
official_macro_vixcls_2021-01-29,59
official_macro_vixcls_2021-02-01,59
official_macro_vixcls_2021-02-02,59
official_macro_vixcls_2021-02-03,59
official_macro_vixcls_2021-02-04,59
official_macro_vixcls_2021-02-05,59
official_macro_vixcls_2021-02-08,59
official_macro_vixcls_2021-02-09,59
official_macro_vixcls_2021-02-10,59
official_macro_vixcls_2021-02-11,59
official_macro_vixcls_2021-02-12,59
official_macro_vixcls_2021-02-16,59
official_macro_vixcls_2021-02-17,59
official_macro_vixcls_2021-02-18,59
official_macro_vixcls_2021-02-19,59
official_macro_vixcls_2021-02-22,59
official_macro_vixcls_2021-02-23,59
official_macro_vixcls_2021-02-24,59
official_macro_vixcls_2021-02-25,59
official_macro_vixcls_2021-02-26,59
official_macro_vixcls_2021-03-01,59
official_macro_vixcls_2021-03-02,59
official_macro_vixcls_2021-03-03,59
official_macro_vixcls_2021-03-04,59
official_macro_vixcls_2021-03-05,59
official_macro_vixcls_2021-03-08,59
official_macro_vixcls_2021-03-09,59
official_macro_vixcls_2021-03-10,59
official_macro_vixcls_2021-03-11,59
official_macro_vixcls_2021-03-12,59
official_macro_vixcls_2021-03-15,59
official_macro_vixcls_2021-03-16,59
official_macro_vixcls_2021-03-17,59
official_macro_vixcls_2021-03-18,59
official_macro_vixcls_2021-03-19,59
official_macro_vixcls_2021-03-22,59
official_macro_vixcls_2021-03-23,59
official_macro_vixcls_2021-03-24,59
official_macro_vixcls_2021-03-25,59
official_macro_vixcls_2021-03-26,59
official_macro_vixcls_2021-03-29,59
official_macro_vixcls_2021-03-30,59
official_macro_vixcls_2021-03-31,59
official_macro_vixcls_2021-04-01,59
official_macro_vixcls_2021-04-05,59
official_macro_vixcls_2021-04-06,59
official_macro_vixcls_2021-04-07,59
official_macro_vixcls_2021-04-08,59
official_macro_vixcls_2021-04-09,59
official_macro_vixcls_2021-04-12,59
official_macro_vixcls_2021-04-13,59
official_macro_vixcls_2021-04-14,59
official_macro_vixcls_2021-04-15,59
official_macro_vixcls_2021-04-16,59
official_macro_vixcls_2021-04-19,59
official_macro_vixcls_2021-04-20,59
official_macro_vixcls_2021-04-21,59
official_macro_vixcls_2021-04-22,59
official_macro_vixcls_2021-04-23,59
official_macro_vixcls_2021-04-26,59
official_macro_vixcls_2021-04-27,59
official_macro_vixcls_2021-04-28,59
official_macro_vixcls_2021-04-29,59
official_macro_vixcls_2021-04-30,59
official_macro_vixcls_2021-05-03,59
official_macro_vixcls_2021-05-04,59
official_macro_vixcls_2021-05-05,59
official_macro_vixcls_2021-05-06,59
official_macro_vixcls_2021-05-07,59
official_macro_vixcls_2021-05-10,59
official_macro_vixcls_2021-05-11,59
official_macro_vixcls_2021-05-12,59
official_macro_vixcls_2021-05-13,59
official_macro_vixcls_2021-05-14,59
official_macro_vixcls_2021-05-17,59
official_macro_vixcls_2021-05-18,59
official_macro_vixcls_2021-05-19,59
official_macro_vixcls_2021-05-20,59
official_macro_vixcls_2021-05-21,59
official_macro_vixcls_2021-05-24,59
official_macro_vixcls_2021-05-25,59
official_macro_vixcls_2021-05-26,59
official_macro_vixcls_2021-05-27,59
official_macro_vixcls_2021-05-28,59
official_macro_vixcls_2021-06-01,59
official_macro_vixcls_2021-06-02,59
official_macro_vixcls_2021-06-03,59
official_macro_vixcls_2021-06-04,59
official_macro_vixcls_2021-06-07,59
official_macro_vixcls_2021-06-08,59
official_macro_vixcls_2021-06-09,59
official_macro_vixcls_2021-06-10,59
official_macro_vixcls_2021-06-11,59
official_macro_vixcls_2021-06-14,59
official_macro_vixcls_2021-06-15,59
official_macro_vixcls_2021-06-16,59
official_macro_vixcls_2021-06-17,59
official_macro_vixcls_2021-06-18,59
official_macro_vixcls_2021-06-21,59
official_macro_vixcls_2021-06-22,59
official_macro_vixcls_2021-06-23,59
official_macro_vixcls_2021-06-24,59
official_macro_vixcls_2021-06-25,59
official_macro_vixcls_2021-06-28,59
official_macro_vixcls_2021-06-29,59
official_macro_vixcls_2021-06-30,59
official_macro_vixcls_2021-07-01,59
official_macro_vixcls_2021-07-02,59
official_macro_vixcls_2021-07-06,59
official_macro_vixcls_2021-07-07,59
official_macro_vixcls_2021-07-08,59
official_macro_vixcls_2021-07-09,59
official_macro_vixcls_2021-07-12,59
official_macro_vixcls_2021-07-13,59
official_macro_vixcls_2021-07-14,59
official_macro_vixcls_2021-07-15,59
official_macro_vixcls_2021-07-16,59
official_macro_vixcls_2021-07-19,59
official_macro_vixcls_2021-07-20,59
official_macro_vixcls_2021-07-21,59
official_macro_vixcls_2021-07-22,59
official_macro_vixcls_2021-07-23,59
official_macro_vixcls_2021-07-26,59
official_macro_vixcls_2021-07-27,59
official_macro_vixcls_2021-07-28,59
official_macro_vixcls_2021-07-29,59
official_macro_vixcls_2021-07-30,59
official_macro_vixcls_2021-08-02,59
official_macro_vixcls_2021-08-03,59
official_macro_vixcls_2021-08-04,59
official_macro_vixcls_2021-08-05,59
official_macro_vixcls_2021-08-06,59
official_macro_vixcls_2021-08-09,59
official_macro_vixcls_2021-08-10,59
official_macro_vixcls_2021-08-11,59
official_macro_vixcls_2021-08-12,59
official_macro_vixcls_2021-08-13,59
official_macro_vixcls_2021-08-16,59
official_macro_vixcls_2021-08-17,59
official_macro_vixcls_2021-08-18,59
official_macro_vixcls_2021-08-19,59
official_macro_vixcls_2021-08-20,59
official_macro_vixcls_2021-08-23,59
official_macro_vixcls_2021-08-24,59
official_macro_vixcls_2021-08-25,59
official_macro_vixcls_2021-08-26,59
official_macro_vixcls_2021-08-27,59
official_macro_vixcls_2021-08-30,59
official_macro_vixcls_2021-08-31,59
official_macro_vixcls_2021-09-01,59
official_macro_vixcls_2021-09-02,59
official_macro_vixcls_2021-09-03,59
official_macro_vixcls_2021-09-07,59
official_macro_vixcls_2021-09-08,59
official_macro_vixcls_2021-09-09,59
official_macro_vixcls_2021-09-10,59
official_macro_vixcls_2021-09-13,59
official_macro_vixcls_2021-09-14,59
official_macro_vixcls_2021-09-15,59
official_macro_vixcls_2021-09-16,59
official_macro_vixcls_2021-09-17,59
official_macro_vixcls_2021-09-20,59
official_macro_vixcls_2021-09-21,59
official_macro_vixcls_2021-09-22,59
official_macro_vixcls_2021-09-23,59
official_macro_vixcls_2021-09-24,59
official_macro_vixcls_2021-09-27,59
official_macro_vixcls_2021-09-28,59
official_macro_vixcls_2021-09-29,59
official_macro_vixcls_2021-09-30,59
official_macro_vixcls_2021-10-01,59
official_macro_vixcls_2021-10-04,59
official_macro_vixcls_2021-10-05,59
official_macro_vixcls_2021-10-06,59
official_macro_vixcls_2021-10-07,59
official_macro_vixcls_2021-10-08,59
official_macro_vixcls_2021-10-11,59
official_macro_vixcls_2021-10-12,59
official_macro_vixcls_2021-10-13,59
official_macro_vixcls_2021-10-14,59
official_macro_vixcls_2021-10-15,59
official_macro_vixcls_2021-10-18,59
official_macro_vixcls_2021-10-19,59
official_macro_vixcls_2021-10-20,59
official_macro_vixcls_2021-10-21,59
official_macro_vixcls_2021-10-22,59
official_macro_vixcls_2021-10-25,59
official_macro_vixcls_2021-10-26,59
official_macro_vixcls_2021-10-27,59
official_macro_vixcls_2021-10-28,59
official_macro_vixcls_2021-10-29,59
official_macro_vixcls_2021-11-01,59
official_macro_vixcls_2021-11-02,59
official_macro_vixcls_2021-11-03,59
official_macro_vixcls_2021-11-04,59
official_macro_vixcls_2021-11-05,59
official_macro_vixcls_2021-11-08,59
official_macro_vixcls_2021-11-09,59
official_macro_vixcls_2021-11-10,59
official_macro_vixcls_2021-11-11,59
official_macro_vixcls_2021-11-12,59
official_macro_vixcls_2021-11-15,59
official_macro_vixcls_2021-11-16,59
official_macro_vixcls_2021-11-17,59
official_macro_vixcls_2021-11-18,59
official_macro_vixcls_2021-11-19,59
official_macro_vixcls_2021-11-22,59
official_macro_vixcls_2021-11-23,59
official_macro_vixcls_2021-11-24,59
official_macro_vixcls_2021-11-26,59
official_macro_vixcls_2021-11-29,59
official_macro_vixcls_2021-11-30,59
official_macro_vixcls_2021-12-01,59
official_macro_vixcls_2021-12-02,59
official_macro_vixcls_2021-12-03,59
official_macro_vixcls_2021-12-06,59
official_macro_vixcls_2021-12-07,59
official_macro_vixcls_2021-12-08,59
official_macro_vixcls_2021-12-09,59
official_macro_vixcls_2021-12-10,59
official_macro_vixcls_2021-12-13,59
official_macro_vixcls_2021-12-14,59
official_macro_vixcls_2021-12-15,59
official_macro_vixcls_2021-12-16,59
official_macro_vixcls_2021-12-17,59
official_macro_vixcls_2021-12-20,59
official_macro_vixcls_2021-12-21,59
official_macro_vixcls_2021-12-22,59
official_macro_vixcls_2021-12-23,59
official_macro_vixcls_2021-12-27,59
official_macro_vixcls_2021-12-28,59
official_macro_vixcls_2021-12-29,59
official_macro_vixcls_2021-12-30,59
official_macro_vixcls_2021-12-31,59
official_macro_vixcls_2022-01-03,59
official_macro_vixcls_2022-01-04,59
official_macro_vixcls_2022-01-05,59
official_macro_vixcls_2022-01-06,59
official_macro_vixcls_2022-01-07,59
official_macro_vixcls_2022-01-10,59
official_macro_vixcls_2022-01-11,59
official_macro_vixcls_2022-01-12,59
official_macro_vixcls_2022-01-13,59
official_macro_vixcls_2022-01-14,59
official_macro_vixcls_2022-01-18,59
official_macro_vixcls_2022-01-19,59
official_macro_vixcls_2022-01-20,59
official_macro_vixcls_2022-01-21,59
official_macro_vixcls_2022-01-24,59
official_macro_vixcls_2022-01-25,59
official_macro_vixcls_2022-01-26,59
official_macro_vixcls_2022-01-27,59
official_macro_vixcls_2022-01-28,59
official_macro_vixcls_2022-01-31,59
official_macro_vixcls_2022-02-01,59
official_macro_vixcls_2022-02-02,59
official_macro_vixcls_2022-02-03,59
official_macro_vixcls_2022-02-04,59
official_macro_vixcls_2022-02-07,59
official_macro_vixcls_2022-02-08,59
official_macro_vixcls_2022-02-09,59
official_macro_vixcls_2022-02-10,59
official_macro_vixcls_2022-02-11,59
official_macro_vixcls_2022-02-14,59
official_macro_vixcls_2022-02-15,59
official_macro_vixcls_2022-02-16,59
official_macro_vixcls_2022-02-17,59
official_macro_vixcls_2022-02-18,59
official_macro_vixcls_2022-02-22,59
official_macro_vixcls_2022-02-23,59
official_macro_vixcls_2022-02-24,59
official_macro_vixcls_2022-02-25,59
official_macro_vixcls_2022-02-28,59
official_macro_vixcls_2022-03-01,59
official_macro_vixcls_2022-03-02,59
official_macro_vixcls_2022-03-03,59
official_macro_vixcls_2022-03-04,59
official_macro_vixcls_2022-03-07,59
official_macro_vixcls_2022-03-08,59
official_macro_vixcls_2022-03-09,59
official_macro_vixcls_2022-03-10,59
official_macro_vixcls_2022-03-11,59
official_macro_vixcls_2022-03-14,59
official_macro_vixcls_2022-03-15,59
official_macro_vixcls_2022-03-16,59
official_macro_vixcls_2022-03-17,59
official_macro_vixcls_2022-03-18,59
official_macro_vixcls_2022-03-21,59
official_macro_vixcls_2022-03-22,59
official_macro_vixcls_2022-03-23,59
official_macro_vixcls_2022-03-24,59
official_macro_vixcls_2022-03-25,59
official_macro_vixcls_2022-03-28,59
official_macro_vixcls_2022-03-29,59
official_macro_vixcls_2022-03-30,59
official_macro_vixcls_2022-03-31,59
official_macro_vixcls_2022-04-01,59
official_macro_vixcls_2022-04-04,59
official_macro_vixcls_2022-04-05,59
official_macro_vixcls_2022-04-06,59
official_macro_vixcls_2022-04-07,59
official_macro_vixcls_2022-04-08,59
official_macro_vixcls_2022-04-11,59
official_macro_vixcls_2022-04-12,59
official_macro_vixcls_2022-04-13,59
official_macro_vixcls_2022-04-14,59
official_macro_vixcls_2022-04-18,59
official_macro_vixcls_2022-04-19,59
official_macro_vixcls_2022-04-20,59
official_macro_vixcls_2022-04-21,59
official_macro_vixcls_2022-04-22,59
official_macro_vixcls_2022-04-25,59
official_macro_vixcls_2022-04-26,59
official_macro_vixcls_2022-04-27,59
official_macro_vixcls_2022-04-28,59
official_macro_vixcls_2022-04-29,59
official_macro_vixcls_2022-05-02,59
official_macro_vixcls_2022-05-03,59
official_macro_vixcls_2022-05-04,59
official_macro_vixcls_2022-05-05,59
official_macro_vixcls_2022-05-06,59
official_macro_vixcls_2022-05-09,59
official_macro_vixcls_2022-05-10,59
official_macro_vixcls_2022-05-11,59
official_macro_vixcls_2022-05-12,59
official_macro_vixcls_2022-05-13,59
official_macro_vixcls_2022-05-16,59
official_macro_vixcls_2022-05-17,59
official_macro_vixcls_2022-05-18,59
official_macro_vixcls_2022-05-19,59
official_macro_vixcls_2022-05-20,59
official_macro_vixcls_2022-05-23,59
official_macro_vixcls_2022-05-24,59
official_macro_vixcls_2022-05-25,59
official_macro_vixcls_2022-05-26,59
official_macro_vixcls_2022-05-27,59
official_macro_vixcls_2022-05-30,59
official_macro_vixcls_2022-05-31,59
official_macro_vixcls_2022-06-01,59
official_macro_vixcls_2022-06-02,59
official_macro_vixcls_2022-06-03,59
official_macro_vixcls_2022-06-06,59
official_macro_vixcls_2022-06-07,59
official_macro_vixcls_2022-06-08,59
official_macro_vixcls_2022-06-09,59
official_macro_vixcls_2022-06-10,59
official_macro_vixcls_2022-06-13,59
official_macro_vixcls_2022-06-14,59
official_macro_vixcls_2022-06-15,59
official_macro_vixcls_2022-06-16,59
official_macro_vixcls_2022-06-17,59
official_macro_vixcls_2022-06-20,59
official_macro_vixcls_2022-06-21,59
official_macro_vixcls_2022-06-22,59
official_macro_vixcls_2022-06-23,59
official_macro_vixcls_2022-06-24,59
official_macro_vixcls_2022-06-27,59
official_macro_vixcls_2022-06-28,59
official_macro_vixcls_2022-06-29,59
official_macro_vixcls_2022-06-30,59
official_macro_vixcls_2022-07-01,59
official_macro_vixcls_2022-07-04,59
official_macro_vixcls_2022-07-05,59
official_macro_vixcls_2022-07-06,59
official_macro_vixcls_2022-07-07,59
official_macro_vixcls_2022-07-08,59
official_macro_vixcls_2022-07-11,59
official_macro_vixcls_2022-07-12,59
official_macro_vixcls_2022-07-13,59
official_macro_vixcls_2022-07-14,59
official_macro_vixcls_2022-07-15,59
official_macro_vixcls_2022-07-18,59
official_macro_vixcls_2022-07-19,59
official_macro_vixcls_2022-07-20,59
official_macro_vixcls_2022-07-21,59
official_macro_vixcls_2022-07-22,59
official_macro_vixcls_2022-07-25,59
official_macro_vixcls_2022-07-26,59
official_macro_vixcls_2022-07-27,59
official_macro_vixcls_2022-07-28,59
official_macro_vixcls_2022-07-29,59
official_macro_vixcls_2022-08-01,59
official_macro_vixcls_2022-08-02,59
official_macro_vixcls_2022-08-03,59
official_macro_vixcls_2022-08-04,59
official_macro_vixcls_2022-08-05,59
official_macro_vixcls_2022-08-08,59
official_macro_vixcls_2022-08-09,59
official_macro_vixcls_2022-08-10,59
official_macro_vixcls_2022-08-11,59
official_macro_vixcls_2022-08-12,59
official_macro_vixcls_2022-08-15,59
official_macro_vixcls_2022-08-16,59
official_macro_vixcls_2022-08-17,59
official_macro_vixcls_2022-08-18,59
official_macro_vixcls_2022-08-19,59
official_macro_vixcls_2022-08-22,59
official_macro_vixcls_2022-08-23,59
official_macro_vixcls_2022-08-24,59
official_macro_vixcls_2022-08-25,59
official_macro_vixcls_2022-08-26,59
official_macro_vixcls_2022-08-29,59
official_macro_vixcls_2022-08-30,59
official_macro_vixcls_2022-08-31,59
official_macro_vixcls_2022-09-01,59
official_macro_vixcls_2022-09-02,59
official_macro_vixcls_2022-09-05,59
official_macro_vixcls_2022-09-06,59
official_macro_vixcls_2022-09-07,59
official_macro_vixcls_2022-09-08,59
official_macro_vixcls_2022-09-09,59
official_macro_vixcls_2022-09-12,59
official_macro_vixcls_2022-09-13,59
official_macro_vixcls_2022-09-14,59
official_macro_vixcls_2022-09-15,59
official_macro_vixcls_2022-09-16,59
official_macro_vixcls_2022-09-19,59
official_macro_vixcls_2022-09-20,59
official_macro_vixcls_2022-09-21,59
official_macro_vixcls_2022-09-22,59
official_macro_vixcls_2022-09-23,59
official_macro_vixcls_2022-09-26,59
official_macro_vixcls_2022-09-27,59
official_macro_vixcls_2022-09-28,59
official_macro_vixcls_2022-09-29,59
official_macro_vixcls_2022-09-30,59
official_macro_vixcls_2022-10-03,59
official_macro_vixcls_2022-10-04,59
official_macro_vixcls_2022-10-05,59
official_macro_vixcls_2022-10-06,59
official_macro_vixcls_2022-10-07,59
official_macro_vixcls_2022-10-10,59
official_macro_vixcls_2022-10-11,59
official_macro_vixcls_2022-10-12,59
official_macro_vixcls_2022-10-13,59
official_macro_vixcls_2022-10-14,59
official_macro_vixcls_2022-10-17,59
official_macro_vixcls_2022-10-18,59
official_macro_vixcls_2022-10-19,59
official_macro_vixcls_2022-10-20,59
official_macro_vixcls_2022-10-21,59
official_macro_vixcls_2022-10-24,59
official_macro_vixcls_2022-10-25,59
official_macro_vixcls_2022-10-26,59
official_macro_vixcls_2022-10-27,59
official_macro_vixcls_2022-10-28,59
official_macro_vixcls_2022-10-31,59
official_macro_vixcls_2022-11-01,59
official_macro_vixcls_2022-11-02,59
official_macro_vixcls_2022-11-03,59
official_macro_vixcls_2022-11-04,59
official_macro_vixcls_2022-11-07,59
official_macro_vixcls_2022-11-08,59
official_macro_vixcls_2022-11-09,59
official_macro_vixcls_2022-11-10,59
official_macro_vixcls_2022-11-11,59
official_macro_vixcls_2022-11-14,59
official_macro_vixcls_2022-11-15,59
official_macro_vixcls_2022-11-16,59
official_macro_vixcls_2022-11-17,59
official_macro_vixcls_2022-11-18,59
official_macro_vixcls_2022-11-21,59
official_macro_vixcls_2022-11-22,59
official_macro_vixcls_2022-11-23,59
official_macro_vixcls_2022-11-24,59
official_macro_vixcls_2022-11-25,59
official_macro_vixcls_2022-11-28,59
official_macro_vixcls_2022-11-29,59
official_macro_vixcls_2022-11-30,59
official_macro_vixcls_2022-12-01,59
official_macro_vixcls_2022-12-02,59
official_macro_vixcls_2022-12-05,59
official_macro_vixcls_2022-12-06,59
official_macro_vixcls_2022-12-07,59
official_macro_vixcls_2022-12-08,59
official_macro_vixcls_2022-12-09,59
official_macro_vixcls_2022-12-12,59
official_macro_vixcls_2022-12-13,59
official_macro_vixcls_2022-12-14,59
official_macro_vixcls_2022-12-15,59
official_macro_vixcls_2022-12-16,59
official_macro_vixcls_2022-12-19,59
official_macro_vixcls_2022-12-20,59
official_macro_vixcls_2022-12-21,59
official_macro_vixcls_2022-12-22,59
official_macro_vixcls_2022-12-23,59
official_macro_vixcls_2022-12-27,59
official_macro_vixcls_2022-12-28,59
official_macro_vixcls_2022-12-29,59
official_macro_vixcls_2022-12-30,59
official_macro_vixcls_2023-01-03,59
official_macro_vixcls_2023-01-04,59
official_macro_vixcls_2023-01-05,59
official_macro_vixcls_2023-01-06,59
official_macro_vixcls_2023-01-09,59
official_macro_vixcls_2023-01-10,59
official_macro_vixcls_2023-01-11,59
official_macro_vixcls_2023-01-12,59
official_macro_vixcls_2023-01-13,59
official_macro_vixcls_2023-01-16,59
official_macro_vixcls_2023-01-17,59
official_macro_vixcls_2023-01-18,59
official_macro_vixcls_2023-01-19,59
official_macro_vixcls_2023-01-20,59
official_macro_vixcls_2023-01-23,59
official_macro_vixcls_2023-01-24,59
official_macro_vixcls_2023-01-25,59
official_macro_vixcls_2023-01-26,59
official_macro_vixcls_2023-01-27,59
official_macro_vixcls_2023-01-30,59
official_macro_vixcls_2023-01-31,59
official_macro_vixcls_2023-02-01,59
official_macro_vixcls_2023-02-02,59
official_macro_vixcls_2023-02-03,59
official_macro_vixcls_2023-02-06,59
official_macro_vixcls_2023-02-07,59
official_macro_vixcls_2023-02-08,59
official_macro_vixcls_2023-02-09,59
official_macro_vixcls_2023-02-10,59
official_macro_vixcls_2023-02-13,59
official_macro_vixcls_2023-02-14,59
official_macro_vixcls_2023-02-15,59
official_macro_vixcls_2023-02-16,59
official_macro_vixcls_2023-02-17,59
official_macro_vixcls_2023-02-20,59
official_macro_vixcls_2023-02-21,59
official_macro_vixcls_2023-02-22,59
official_macro_vixcls_2023-02-23,59
official_macro_vixcls_2023-02-24,59
official_macro_vixcls_2023-02-27,59
official_macro_vixcls_2023-02-28,59
official_macro_vixcls_2023-03-01,59
