term,document_frequency
on,25758
for,24761
market,22718
risk,22621
value,22276
date,22148
use,22114
us,21455
release,20624
relevant,20262
series,19575
evidence,19269
family,18970
00,18671
official,18599
equities,18578
z,18423
macro,18414
conservative,18390
concepts,18387
observation,18263
retrieval,18253
portfolio-level,18242
available_at,18240
t14,18240
10,14800
year,14244
yield,11981
treasury,11847
2,10857
interest,10736
rates,10637
percent,9481
the,8066
of,8048
and,8043
to,7912
credit,7508
in,7374
filed,7167
price,7103
filing,7069
by,7038
a,6956
costs,6954
as,6892
is,6873
financial,6818
equity,6817
official_macro_rates,6743
this,6661
item,6657
information,6563
s,6562
be,6546
that,6522
per,6503
with,6383
are,6375
11,6322
or,6308
prices,6308
12,6220
funding,6010
k,5928
other,5920
company,5896
its,5866
exchange,5840
inc,5681
not,5560
has,5540
from,5506
report,5501
1,5498
securities,5490
policy,5468
an,5466
including,5464
at,5455
have,5428
percentage,5399
volatility,5341
business,5294
30,5251
which,5231
no,5181
will,5170
management,5167
under,5158
8,5061
results,5016
may,5014
our,5012
such,5007
13,4961
based,4953
energy,4934
real,4933
these,4929
15,4921
spread,4913
changes,4900
statements,4900
points,4881
any,4877
part,4822
certain,4743
duration,4742
all,4727
form,4702
inflation,4689
more,4689
01,4677
also,4659
31,4657
been,4644
operations,4614
new,4588
time,4585
we,4572
index,4547
their,4547
over,4536
18,4534
20,4514
act,4506
about,4467
22,4450
q,4448
related,4442
were,4439
3,4430
u.s,4428
during,4420
14,4418
pressure,4406
through,4403
it,4393
future,4385
than,4360
stress,4355
4,4346
19,4332
effective,4324
02,4318
material,4309
services,4297
21,4289
there,4287
within,4279
25,4277
quarter,4263
change,4260
impact,4260
include,4241
those,4238
was,4234
subject,4232
16,4225
period,4211
additional,4205
24,4177
17,4160
rate,4151
08,4145
28,4132
into,4123
technology,4123
current,4115
23,4108
27,4106
annual,4087
official_macro_credit,4076
global,4059
general,4058
well,4044
products,4042
consumer,4031
following,4016
could,4008
factors,4003
addition,3998
operating,3992
26,3978
yields,3974
can,3970
affect,3962
result,3962
due,3960
oil,3937
cash,3934
29,3924
7,3923
consolidated,3899
increase,3882
available,3870
ended,3853
provide,3850
number,3844
required,3834
materially,3827
regarding,3827
sales,3826
data,3820
significant,3815
table,3815
income,3800
earnings,3773
2021,3754
performance,3753
2020,3746
curve,3745
one,3736
basis,3734
capital,3734
investment,3734
risks,3719
minus,3692
each,3674
cost,3663
if,3662
total,3660
most,3653
conditions,3652
net,3649
assets,3643
2019,3640
foreign,3639
made,3634
2016,3632
december,3626
2022,3623
included,3619
2017,3618
markets,3617
07,3616
2018,3615
do,3614
requirements,3599
04,3589
international,3584
customers,3581
used,3579
corporate,3573
billion,3572
amount,3571
05,3570
5,3559
companies,3559
but,3557
investments,3554
they,3551
activities,3550
debt,3535
between,3532
upon,3525
stock,3518
share,3507
economic,3504
recession,3501
first,3498
would,3497
only,3494
condition,3491
crude,3481
effect,3479
2015,3478
businesses,3478
2014,3474
fed,3471
when,3469
control,3467
periods,3467
reporting,3462
service,3448
various,3442
both,3441
usd,3441
generally,3437
legal,3436
accounting,3434
events,3433
expected,3432
prior,3431
barrel,3424
product,3416
currency,3415
tax,3406
appetite,3396
approximately,3385
expenses,3384
primarily,3384
provided,3380
loss,3369
million,3365
amounts,3360
includes,3357
affected,3356
6,3352
09,3350
common,3345
potential,3345
wti,3345
vix,3344
03,3342
further,3342
liabilities,3339
2013,3334
make,3323
end,3322
cboe,3320
growth,3319
market_volatility,3319
official_macro_market_volatility,3319
vixcls,3319
while,3319
terms,3310
dcoilwtico,3307
official_macro_energy,3307
years,3306
issued,3304
continue,3303
associated,3300
9,3298
below,3296
note,3293
see,3293
dgs10,3292
dgs2,3292
t10y2y,3292
months,3290
2012,3285
reported,3283
does,3282
transactions,3281
long-term,3272
notes,3272
increased,3264
expense,3251
had,3251
states,3251
demand,3246
losses,3243
ii,3241
2011,3240
should,3238
three,3238
similar,3237
2010,3226
actual,3226
development,3219
united,3207
revenue,3206
against,3198
benefits,3190
third,3189
litigation,3181
internal,3179
some,3177
where,3164
commercial,3138
among,3123
currently,3113
property,3108
payments,3107
plans,3107
outstanding,3104
ability,3097
before,3076
matters,3073
less,3066
applicable,3049
100,3047
existing,3047
position,3042
quarterly,3041
using,3038
except,3037
customer,3035
limited,3026
adverse,3023
financing,3022
defined,3020
flows,3019
above,3018
after,3008
decrease,3002
taxes,3002
recorded,3001
06,2999
analysis,2999
benefit,2998
however,2998
government,2995
board,2993
january,2992
contents,2990
program,2987
obligations,2986
fiscal,2985
believe,2983
portion,2978
plan,2974
respect,2961
relating,2960
average,2954
because,2949
resulting,2949
federal,2947
segment,2947
principal,2945
payment,2943
balance,2935
set,2930
purposes,2928
differ,2927
march,2927
revenues,2918
support,2917
june,2912
provides,2906
many,2898
up,2895
executive,2890
across,2889
purchase,2889
same,2886
estimates,2883
september,2876
high,2870
shares,2869
agreements,2861
level,2853
commission,2844
industry,2841
portfolio,2841
public,2827
employees,2822
discussion,2821
compensation,2820
i,2820
paid,2820
sale,2820
described,2818
acquisitions,2816
liability,2816
subsidiaries,2816
fair,2808
laws,2806
security,2801
directors,2799
co,2794
pricing,2792
lower,2782
pay,2782
equipment,2779
connection,2774
being,2767
policies,2766
pursuant,2763
timing,2763
acquisition,2759
millions,2759
health,2758
reasonably,2757
access,2754
actions,2751
higher,2748
programs,2744
resources,2740
whether,2737
state,2725
likely,2724
world,2722
000,2720
statement,2714
authorized,2712
segments,2712
announced,2708
offset,2704
reduce,2696
require,2695
continued,2692
previously,2690
countries,2682
accounts,2680
otherwise,2680
either,2674
possible,2673
several,2673
greater,2667
contracts,2666
appropriate,2665
liquidity,2660
held,2659
meet,2658
systems,2657
claims,2653
flow,2645
50,2640
rights,2639
reports,2634
disclosure,2629
exposure,2629
regulations,2625
order,2621
assumptions,2619
activity,2614
agreement,2614
ongoing,2614
outside,2613
fluctuations,2612
administrative,2610
necessary,2607
determined,2606
funds,2606
items,2603
two,2603
sold,2602
adjustments,2597
manage,2595
respectively,2595
directly,2593
increases,2592
arrangements,2586
gains,2580
compared,2571
process,2570
acquired,2568
beginning,2565
effects,2562
extent,2562
local,2561
received,2557
term,2556
expect,2555
employee,2551
recognized,2544
accordance,2543
variety,2540
regulatory,2535
full,2533
second,2533
levels,2531
maintain,2530
aggregate,2518
key,2518
experience,2514
transaction,2514
primary,2511
therefore,2510
proceedings,2505
chief,2502
asset,2501
october,2496
law,2488
investing,2484
marketing,2483
since,2481
recent,2480
dividends,2478
reflect,2477
equivalents,2470
provision,2470
purchases,2466
parties,2461
without,2459
uncertainties,2457
who,2457
strategic,2455
overall,2453
amortization,2451
payable,2451
officer,2450
estimated,2444
measures,2444
standards,2444
them,2444
distribution,2443
individual,2443
nature,2443
estimate,2441
third-party,2437
july,2436
deferred,2435
providing,2431
range,2419
shareholders,2413
40,2409
follows,2408
charges,2404
excess,2397
short-term,2394
disclosures,2392
major,2388
specific,2388
event,2386
senior,2386
35,2383
principles,2383
proceeds,2381
presented,2378
system,2372
sell,2371
group,2369
values,2367
significantly,2358
34,2350
considered,2348
different,2348
circumstances,2346
return,2346
32,2344
worldwide,2344
issues,2339
private,2338
instruments,2337
d,2336
commitments,2334
february,2333
april,2331
fixed,2331
environment,2328
incurred,2325
gross,2322
reduction,2319
33,2318
compliance,2316
remaining,2316
additionally,2315
particular,2307
investors,2304
selling,2294
record,2292
provisions,2291
gain,2290
rules,2290
source,2289
historical,2287
insurance,2284
receive,2284
discussed,2283
review,2279
quality,2278
36,2274
comprehensive,2274
dollar,2274
completed,2273
charge,2271
entered,2269
caused,2266
direct,2261
designed,2260
requires,2260
how,2259
next,2258
entities,2257
facilities,2256
established,2249
impairment,2249
strategy,2249
anticipated,2239
america,2228
procedures,2226
reduced,2226
amended,2225
underlying,2224
decisions,2222
sec,2218
section,2218
positions,2217
present,2213
options,2211
settlement,2211
accumulated,2209
impacted,2204
37,2198
determine,2196
forth,2194
cause,2192
given,2190
occur,2189
competitive,2188
substantially,2188
38,2186
multiple,2184
obligation,2184
trade,2181
although,2180
excluding,2180
others,2180
39,2177
500,2177
depreciation,2165
expectations,2164
dollars,2155
controls,2151
operate,2151
update,2145
60,2144
1934,2139
45,2139
accrued,2137
expenditures,2131
availability,2130
default,2130
forward,2130
trends,2130
components,2125
repurchase,2121
2023,2118
subsequent,2116
believes,2115
model,2112
option,2110
balances,2108
fees,2101
contractual,2100
case,2099
continues,2099
highly,2099
issuance,2099
corporation,2098
adversely,2095
sheet,2095
consistent,2094
represent,2092
substantial,2091
party,2089
42,2088
work,2088
past,2086
supply,2084
41,2083
goodwill,2082
currencies,2081
out,2081
uses,2081
intangible,2080
reflected,2078
reasonable,2077
maturities,2074
mix,2074
reference,2074
diluted,2070
become,2068
europe,2067
majority,2066
course,2065
disclosed,2063
accepted,2060
resulted,2057
network,2055
remain,2055
fund,2054
media,2054
44,2049
represents,2046
transfer,2045
practices,2043
own,2042
48,2041
method,2041
contract,2040
operational,2039
contingencies,2038
together,2038
dividend,2037
allow,2035
areas,2035
until,2034
things,2030
43,2028
effectiveness,2028
independent,2028
impacts,2026
working,2025
consider,2024
continuing,2020
guidance,2020
sources,2019
address,2016
receivable,2015
take,2011
fully,2009
fourth,2007
able,2002
jurisdictions,2002
inventory,1999
action,1998
partially,1996
plus,1995
arising,1992
final,1990
protection,1990
46,1987
calculated,1984
e,1983
47,1981
49,1981
developments,1980
specified,1979
standard,1978
competition,1976
55,1973
presentation,1972
refer,1972
cases,1971
delivery,1971
margin,1971
needs,1971
uncertain,1971
adjusted,1970
did,1969
attributable,1966
90,1965
account,1964
making,1964
returns,1963
uncertainty,1962
derivative,1960
recognition,1959
carrying,1957
offer,1956
sufficient,1950
200,1949
accordingly,1948
labor,1947
decline,1946
geographic,1944
relationships,1944
develop,1943
relative,1943
typically,1943
behalf,1942
taken,1942
important,1940
five,1939
forward-looking,1939
component,1938
application,1937
initiatives,1936
gaap,1935
70,1933
paper,1933
place,1930
contain,1929
generated,1929
care,1928
line,1928
right,1927
51,1924
focus,1924
52,1923
adjustment,1923
incorporated,1922
materials,1922
around,1920
authorities,1916
measure,1916
receivables,1916
judgment,1911
exhibit,1910
four,1909
obtain,1908
types,1907
days,1903
enter,1903
natural,1903
decreased,1899
53,1898
november,1897
summary,1897
54,1893
purchased,1891
august,1890
efforts,1890
large,1887
adoption,1886
driven,1885
issue,1883
ratings,1883
borrowings,1880
reflects,1875
cannot,1874
environmental,1873
life,1873
decision,1871
offerings,1871
normal,1870
65,1869
intended,1866
capacity,1865
design,1863
evaluate,1860
valuation,1860
strong,1856
respective,1853
combination,1852
open,1849
technologies,1848
intellectual,1844
56,1842
units,1841
beyond,1837
research,1834
interests,1833
increasing,1831
regulation,1830
single,1829
awards,1828
so,1827
spending,1826
critical,1824
improve,1822
vary,1822
volume,1822
help,1821
depending,1820
occurred,1819
original,1819
corp,1812
leading,1812
structure,1812
throughout,1812
partners,1811
opportunities,1804
150,1803
b,1802
conjunction,1802
early,1802
solutions,1802
assessment,1801
evaluation,1801
better,1800
57,1798
production,1798
outcome,1797
coverage,1794
institutions,1794
resolution,1793
comparable,1792
adopted,1790
initial,1789
ensure,1787
minimum,1787
known,1781
predict,1780
discretionary,1778
software,1778
59,1774
covered,1774
favorable,1774
hedging,1774
goods,1772
deliver,1769
accounted,1765
effectively,1765
complete,1763
80,1762
involve,1762
conduct,1759
58,1758
power,1755
investor,1753
example,1752
infrastructure,1749
retail,1747
agencies,1746
best,1746
determination,1743
must,1742
relate,1740
along,1739
corresponding,1736
suppliers,1735
pension,1734
failure,1733
unable,1729
involved,1727
least,1727
timely,1727
achieve,1726
class,1726
64,1722
manufacturing,1722
translation,1720
62,1719
63,1713
concluded,1713
unit,1712
response,1710
consideration,1708
description,1708
limit,1707
manner,1707
75,1706
home,1705
reform,1704
joint,1703
finance,1698
restrictions,1697
then,1695
approach,1694
president,1692
assess,1688
longer,1688
national,1686
processes,1685
restricted,1682
measured,1681
six,1680
subsidiary,1678
domestic,1677
matter,1677
supplemental,1677
consist,1674
approval,1673
committed,1673
identify,1673
lease,1670
repurchases,1670
developed,1666
61,1664
acquire,1663
negative,1663
penalties,1663
strategies,1663
expects,1662
discount,1659
free,1659
maturity,1659
unfavorable,1659
inventories,1657
operation,1656
day,1654
forms,1654
measurement,1654
now,1652
pending,1652
rating,1652
herein,1651
profit,1651
bank,1649
financials,1649
advertising,1647
external,1647
realized,1647
67,1646
borrowing,1646
basic,1644
involving,1644
ownership,1643
protect,1643
anticipate,1642
evaluating,1642
seek,1641
250,1640
hedge,1638
approved,1636
base,1635
identified,1635
apply,1634
66,1631
referred,1630
success,1628
derivatives,1626
unless,1626
experienced,1625
separate,1625
designated,1624
need,1621
china,1620
settlements,1620
enable,1619
categories,1617
active,1615
consists,1611
equal,1609
particularly,1609
personal,1609
digital,1605
lead,1601
qualitative,1601
denominated,1600
allocated,1596
69,1595
statutory,1588
european,1587
create,1586
agency,1585
press,1582
models,1580
improvements,1579
classified,1578
facility,1576
collectively,1575
1.0,1574
assumed,1572
managed,1571
political,1566
recovery,1566
1.5,1564
cover,1562
offering,1561
termination,1561
recently,1560
68,1559
delivered,1559
often,1559
opinion,1558
trading,1557
read,1556
court,1554
1.1,1553
determining,1553
ultimate,1553
offered,1552
complex,1548
quantitative,1548
71,1547
enterprise,1547
communications,1545
applications,1544
view,1541
assurance,1540
accompanying,1538
granted,1538
reconciliation,1536
canada,1534
hold,1534
potentially,1534
sheets,1534
unaudited,1532
difficult,1531
office,1530
point,1530
recognize,1528
challenges,1526
mitigate,1526
consumers,1525
limitations,1523
104,1522
governmental,1522
company's,1521
exposures,1521
72,1519
maximum,1518
guarantees,1515
developing,1509
focused,1509
74,1507
perform,1505
restructuring,1505
globally,1504
300,1503
declared,1502
owned,1502
found,1501
money,1500
difference,1499
times,1498
brand,1497
derived,1497
generate,1497
excluded,1494
combined,1493
entity,1488
participants,1484
73,1483
ending,1483
wide,1483
85,1479
dates,1479
advance,1478
affecting,1478
120,1477
arise,1477
maintenance,1475
101,1474
incentive,1474
exposed,1472
lives,1472
useful,1472
95,1471
presents,1467
invest,1464
leases,1464
110,1463
last,1463
leverage,1463
1.2,1461
deemed,1461
400,1457
negatively,1457
applied,1455
audit,1454
differences,1453
communication,1452
iii,1451
damages,1447
judgments,1447
exercise,1445
76,1442
asia,1442
decreases,1442
face,1441
japan,1440
1.3,1439
country,1439
month,1438
organizations,1438
contingent,1437
dependent,1437
size,1435
105,1433
vice,1433
outcomes,1432
retained,1432
claim,1431
contained,1430
periodic,1430
comply,1428
81,1427
even,1426
expand,1426
type,1425
84,1424
loans,1423
alternative,1422
preferred,1422
variable,1422
inherent,1421
file,1419
reflecting,1418
selected,1417
77,1416
capitalized,1416
intercompany,1416
non-u.s,1416
expansion,1414
innovation,1411
principally,1411
safety,1411
participation,1410
remains,1410
monetary,1408
objectives,1407
providers,1407
organization,1406
advanced,1404
probable,1403
weighted,1403
lines,1402
qualified,1402
close,1401
103,1398
managing,1398
content,1396
unrealized,1396
firm,1395
2.0,1394
margins,1394
commitment,1393
competitors,1393
proposed,1392
serve,1392
83,1390
calculation,1390
signed,1390
changing,1387
ordinary,1387
reductions,1387
category,1384
exceed,1384
quarters,1384
79,1383
88,1383
small,1383
consolidation,1381
responsible,1380
78,1379
reserves,1379
relationship,1377
130,1376
build,1376
core,1375
patents,1375
regularly,1375
scope,1374
cumulative,1373
102,1372
technical,1372
yet,1371
low,1370
positive,1370
industries,1369
82,1367
99,1367
numerous,1366
93,1362
officers,1362
allocation,1361
what,1361
87,1359
extended,1359
obtained,1359
understanding,1359
historically,1358
integrated,1358
expiration,1357
collateral,1354
111,1352
way,1352
1.4,1351
contains,1351
broad,1350
another,1348
evaluated,1347
incur,1347
page,1347
2009,1346
projects,1345
impairments,1344
112,1343
investigations,1343
125,1341
professional,1341
adequate,1340
106,1339
2.5,1337
800,1337
license,1337
115,1335
94,1335
closing,1334
employment,1333
equivalent,1333
construction,1332
marketable,1332
individuals,1331
long,1330
excludes,1329
testing,1329
1.6,1328
89,1328
stated,1326
v,1326
monitor,1325
written,1325
filings,1324
hedges,1324
requiring,1322
116,1321
allowance,1318
108,1317
86,1317
invested,1317
performed,1316
114,1315
entire,1315
profitability,1315
reviewed,1314
107,1313
channels,1313
having,1312
109,1311
chain,1310
locations,1310
projected,1310
dated,1308
savings,1308
contributions,1307
conducted,1306
declines,1306
every,1306
earned,1304
implementation,1304
recurring,1304
adjust,1303
119,1301
capabilities,1301
guarantee,1301
retain,1301
140,1300
completion,1299
92,1298
c,1298
depend,1298
members,1297
maintaining,1296
previous,1296
121,1293
commodity,1292
today,1292
180,1291
innovative,1291
reportable,1291
600,1290
enhance,1289
inputs,1289
145,1288
largest,1288
covenants,1284
91,1283
prepared,1283
location,1282
concerning,1281
1.7,1280
135,1280
ultimately,1278
129,1276
networks,1276
california,1275
building,1274
extend,1274
comprised,1273
fee,1272
largely,1272
temporary,1272
incremental,1269
disruptions,1268
transfers,1268
3.0,1267
audits,1267
122,1266
orders,1266
registered,1266
objective,1265
1.9,1264
intend,1264
118,1263
call,1263
integration,1263
purpose,1263
spreads,1263
144,1261
exclude,1261
status,1261
area,1260
113,1259
96,1258
agreed,1258
133,1257
permitted,1257
productivity,1257
117,1256
reviews,1256
grow,1255
consisting,1254
prevent,1254
rule,1254
stockholders,1253
interim,1252
repurchased,1251
centers,1249
seeking,1249
prepaid,1248
internet,1247
social,1247
successful,1247
350,1246
750,1246
assessing,1245
97,1244
details,1244
127,1243
responsibility,1243
platform,1242
reserve,1242
170,1241
160,1240
offers,1238
totaled,1238
131,1237
139,1237
142,1234
committee,1234
project,1234
secure,1234
separately,1234
non-cash,1233
reclassified,1233
relates,1233
indicative,1231
eligible,1230
tables,1230
136,1228
1.8,1227
forecasted,1227
limits,1227
planning,1227
york,1227
whole,1226
par,1225
126,1224
successfully,1224
implement,1223
128,1221
partner,1221
premium,1221
department,1219
test,1219
authorization,1218
quoted,1217
132,1216
123,1215
124,1215
available-for-sale,1214
nine,1214
north,1214
projections,1213
met,1211
amortized,1210
1995,1208
target,1208
134,1207
141,1206
brands,1204
outlook,1204
necessarily,1203
proprietary,1203
expanded,1201
transition,1201
banks,1200
special,1200
half,1199
divestitures,1198
relations,1197
165,1196
summarized,1196
website,1196
137,1195
164,1195
center,1195
credits,1195
issuances,1194
meaning,1193
trust,1193
summarizes,1192
swaps,1192
utilize,1191
industrial,1190
later,1190
affiliates,1189
operates,1188
ratio,1188
98,1187
allows,1186
legislation,1186
retirement,1186
scheduled,1186
plant,1185
155,1184
medical,1184
reducing,1184
168,1183
governments,1183
licensing,1183
taking,1183
becomes,1182
methods,1182
efficiency,1181
observable,1181
whose,1181
entitled,1180
publicly,1180
annually,1179
impaired,1179
online,1179
212,1177
fact,1176
establish,1175
transferred,1175
2024,1173
360,1173
collection,1173
enacted,1173
175,1172
alleged,1171
platforms,1171
degree,1169
emerging,1169
estate,1168
regions,1168
means,1166
llc,1165
assessments,1164
138,1163
loan,1163
discounts,1162
190,1161
american,1161
might,1161
147,1160
158,1160
2.2,1160
down,1160
provider,1160
162,1158
186,1157
instrument,1157
counterparties,1156
patterns,1156
rather,1156
postretirement,1153
203,1152
settled,1152
enhanced,1151
159,1150
grant,1149
satisfy,1149
deposits,1147
individually,1147
pacific,1147
people,1147
2.4,1145
149,1144
2008,1144
vendors,1143
2.1,1142
2.6,1142
230,1142
notice,1142
industrials,1141
2007,1140
disruption,1140
located,1140
middle,1140
r,1140
183,1139
225,1139
364,1139
148,1138
represented,1137
central,1136
discounted,1136
measurements,1136
meeting,1136
processing,1136
specifically,1136
utilized,1136
146,1134
holders,1134
jurisdiction,1134
criteria,1133
representing,1133
154,1132
2.3,1132
changed,1132
163,1131
devices,1131
strength,1131
unrecognized,1131
evolving,1129
191,1128
condensed,1128
holding,1128
notional,1128
amendments,1127
groups,1127
expressed,1126
participate,1126
151,1125
152,1125
3.5,1124
unsecured,1123
234,1122
nor,1122
variability,1122
182,1121
drive,1121
161,1120
features,1120
improved,1120
contributed,1119
weighted-average,1117
immediately,1116
licenses,1115
210,1114
172,1113
143,1110
rely,1110
instances,1109
192,1108
156,1107
counsel,1107
produce,1107
166,1106
202,1105
185,1104
thereafter,1104
considering,1103
personnel,1102
167,1101
174,1101
179,1101
193,1101
nyse,1101
transportation,1101
conversion,1100
functional,1100
accruals,1099
220,1097
acceptance,1097
makes,1097
450,1096
700,1096
manufacture,1095
treatment,1094
expanding,1093
experiences,1092
lawsuits,1092
enforcement,1091
f,1091
patent,1090
progress,1089
administration,1088
depends,1088
occurs,1088
171,1087
153,1086
157,1086
damage,1085
noncontrolling,1084
africa,1083
arrangement,1081
still,1081
0.3,1080
applying,1080
consisted,1080
human,1080
176,1079
m,1079
issuer,1078
preparation,1078
records,1078
stock-based,1078
civil,1076
improvement,1076
201,1075
former,1075
197,1074
2.9,1074
share-based,1074
184,1073
supporting,1072
177,1071
region,1071
shareholder,1071
regard,1070
trademarks,1070
240,1069
implemented,1069
marketplace,1069
identical,1067
meaningful,1067
remainder,1067
205,1066
900,1066
2.8,1065
twelve,1065
188,1064
compete,1064
movements,1064
realize,1063
district,1062
venture,1062
assigned,1061
detail,1059
examination,1059
raw,1059
efficient,1058
light,1058
280,1057
evaluates,1057
methodology,1057
181,1056
accelerated,1054
euro,1054
hedged,1054
maintains,1054
173,1053
intent,1053
updated,1053
195,1052
178,1051
aspects,1051
releases,1051
208,1050
3.2,1050
said,1050
0.2,1049
206,1049
223,1049
0.7,1048
physical,1048
2.7,1046
0.5,1045
209,1045
documents,1045
241,1044
facts,1044
modified,1044
overview,1044
169,1043
214,1043
fixed-rate,1042
periodically,1042
unique,1042
224,1041
elected,1041
execution,1041
implied,1041
traded,1040
authority,1039
facilitate,1039
hierarchy,1039
pre-tax,1039
profits,1039
216,1037
undertake,1035
conform,1034
name,1034
189,1033
204,1033
offsetting,1033
2025,1032
charged,1032
thousands,1031
considers,1030
daily,1030
213,1029
relief,1029
exceeds,1028
199,1027
298,1027
targeted,1027
disasters,1026
233,1025
imposed,1025
mobile,1025
revised,1025
stores,1025
volumes,1025
0,1024
215,1024
inherently,1024
words,1024
232,1023
270,1023
regional,1023
expire,1020
217,1019
260,1019
0.8,1017
99.1,1017
assuming,1017
247,1016
began,1016
310,1015
196,1014
266,1014
187,1013
3.1,1013
earlier,1013
221,1012
incentives,1012
challenging,1011
290,1010
dilutive,1010
forecasts,1010
store,1010
283,1009
kingdom,1009
east,1007
indicate,1007
valued,1007
198,1006
technological,1006
sum,1005
219,1004
4.0,1004
none,1004
brazil,1003
express,1003
introduction,1003
255,1002
365,1002
breach,1002
member,1002
preceding,1002
231,1001
likelihood,1001
0.4,1000
194,1000
235,1000
allowances,1000
framework,1000
indicated,1000
320,999
closed,999
space,999
242,998
add,996
delays,996
subsequently,996
terminated,995
228,994
exist,994
funded,994
bonds,993
236,992
275,992
291,992
317,990
immaterial,990
initially,990
229,989
union,989
251,988
333,988
606,988
news,988
340,987
contribution,987
covid-19,987
237,986
249,986
227,985
238,985
244,985
growing,985
swap,984
245,983
248,982
fail,982
japanese,982
metrics,982
settle,982
207,981
5.0,981
receipt,980
executed,978
indirect,978
ways,978
277,977
supplier,977
222,976
considerations,976
pandemic,973
reasons,973
added,972
0.1,971
tools,971
265,969
325,968
techniques,968
226,967
monitoring,967
defense,965
implementing,965
reconcile,965
usage,965
211,964
climate,964
unobservable,964
became,962
flexibility,962
0.6,961
218,961
4.5,961
lack,961
261,960
g,960
returned,960
650,959
economy,959
279,958
you,957
252,955
326,955
advances,955
discussions,955
271,954
256,953
privacy,953
302,952
computer,952
scale,952
respond,951
304,950
india,950
short,950
sites,949
263,948
chairman,948
led,948
workforce,948
repayments,947
3.6,946
299,945
british,945
3.3,944
n,944
targets,944
according,943
0.9,942
278,942
281,942
430,942
additions,942
consequences,941
registration,941
resolved,941
253,940
269,939
4.1,939
brought,939
counterparty,939
like,939
intends,938
terminate,938
273,937
375,937
non-gaap,937
obtaining,937
239,936
4.2,935
distributors,935
effort,935
needed,935
once,935
ventures,935
254,934
actuarial,934
force,934
recover,933
313,932
268,931
401,931
execute,931
257,930
created,930
portions,930
267,928
regular,927
healthcare,926
285,925
296,925
309,925
eliminated,925
indebtedness,925
330,924
415,924
award,924
305,923
calendar,923
registrant,921
288,920
placed,920
258,919
determines,919
highest,919
resource,919
yen,919
site,918
272,917
336,917
delaware,917
jobs,917
holdings,916
276,915
grade,915
maintained,915
approximate,914
code,914
307,913
327,913
similarly,913
duly,912
sustained,912
association,911
delay,911
impacting,911
246,910
284,910
card,910
conformity,910
manufacturers,910
shift,909
264,908
274,908
manages,908
342,907
404,907
deposit,907
exceeded,907
550,906
distributed,906
served,906
weather,906
282,905
assessed,905
goals,905
lesser,905
293,904
295,904
303,904
397,904
carried,904
named,904
economies,903
312,901
select,900
versus,900
380,899
acceptable,899
electronic,899
latin,899
292,898
3.4,898
opportunity,898
reach,896
remained,896
262,895
324,894
occurrence,894
permit,894
306,893
detailed,893
329,892
disputes,892
331,891
fall,891
fuel,891
poor,891
trend,891
turn,891
346,890
475,890
259,889
exclusive,888
qualify,888
varying,888
323,887
348,887
continually,887
pressures,887
released,887
297,885
369,885
388,884
declined,884
287,883
engage,883
judicial,883
violations,883
366,882
cloud,882
leader,882
shown,882
vesting,882
316,881
370,881
diversified,881
trial,881
289,880
373,880
fasb,880
internally,880
315,879
e.g,879
give,879
live,878
243,877
inclusion,877
339,876
fraud,876
recoverable,876
395,875
reliable,875
mexico,874
361,873
412,873
investigation,873
licensed,873
practice,873
319,872
480,872
510,872
air,872
gas,872
reclassifications,872
355,871
planned,871
thereof,871
341,870
computing,870
preferences,870
385,869
425,869
diverse,869
improving,869
libor,869
345,868
470,868
rapid,868
301,867
308,867
adopt,867
increasingly,867
334,866
337,866
appeal,866
inability,866
liquid,866
noted,866
405,865
850,865
asserted,865
rise,865
secured,865
2006,864
344,864
353,864
enters,864
floating,863
partnership,863
thereby,863
311,862
321,862
332,862
499,862
reclassification,862
bofa,861
document,861
ice,861
larger,861
354,860
valuations,860
3.7,859
engaged,859
367,858
despite,858
740,857
constraints,857
disposition,857
permits,857
classification,856
readily,856
347,855
420,855
exists,855
follow,855
environments,854
reputation,854
accelerate,853
parts,853
328,852
357,852
achieving,852
enterprises,852
363,851
combinations,851
discontinued,851
percentages,851
other-than-temporary,850
3.8,849
314,849
iv,849
length,849
users,849
utilizing,849
visit,849
4.3,848
classes,848
collect,848
nearly,848
sustainable,848
502,847
very,847
352,846
410,846
allocate,846
prospects,846
286,845
anticipates,845
retailers,845
362,844
delivering,844
fines,844
mature,844
remeasurement,844
regardless,843
totaling,843
4.4,842
contact,842
inception,842
383,841
fewer,841
322,840
351,840
title,840
community,839
consent,839
indirectly,839
revolving,838
travel,838
494,837
functions,837
hardware,837
leadership,837
318,836
437,836
accrual,836
3.9,835
335,835
462,835
343,834
356,834
complexity,834
p,834
392,833
560,833
acts,833
closely,832
resolve,832
378,831
398,831
exercised,831
off,831
remediation,831
sets,831
taxing,831
4.6,830
408,830
i.e,830
priority,830
371,829
elements,829
governance,829
measuring,829
456,828
737,828
convert,828
guaranteed,828
interpretations,828
letters,827
commerce,826
listed,826
384,825
near,825
sections,825
386,824
503,824
640,824
comparison,824
history,824
455,823
appeals,822
oversight,822
already,821
426,820
423,819
adequacy,819
enables,819
input,819
382,818
406,818
440,818
indemnification,818
441,817
definition,817
processed,817
purchasing,817
434,816
485,816
294,815
513,815
foregoing,815
internationally,815
seeks,815
338,814
432,814
465,814
bring,814
residual,814
storage,814
424,813
449,813
audited,813
seasonal,813
390,812
limitation,812
pursue,811
374,810
sector,810
498,809
435,808
macroeconomic,808
participating,808
presence,808
471,807
australia,807
433,806
governing,806
request,806
379,805
501,805
505,805
constitute,805
disposal,805
372,804
377,804
403,804
416,804
ltd,804
2005,803
approvals,803
master,803
relatively,803
agents,802
414,801
taxable,801
368,800
launch,800
reached,800
unallocated,800
496,799
back,799
safe,799
thereto,799
trademark,799
477,798
601,798
updates,798
473,797
567,797
operated,797
359,796
guidelines,796
387,795
605,795
concerns,794
drug,794
receives,794
481,793
517,793
divided,793
427,792
468,792
625,792
breaches,792
ceo,792
computed,792
exit,792
intangibles,792
straight-line,792
515,791
long-lived,791
447,790
497,790
netting,790
staples,790
396,789
522,789
580,789
actively,789
advantage,789
properties,789
put,789
419,788
422,788
436,788
544,788
421,787
463,787
examinations,787
358,786
490,786
organized,786
paid-in,786
t,786
tests,786
irs,785
redemption,785
393,784
407,784
409,784
457,784
519,784
622,784
bamlh0a0hym2,784
option-adjusted,784
391,783
via,783
418,782
ten,782
442,781
453,781
supplementary,781
376,780
525,780
reliability,780
wholesale,780
417,779
530,779
561,779
posted,779
supported,779
460,778
divestiture,778
proportion,778
superior,778
402,777
512,777
supplies,777
508,776
channel,776
confidence,776
obligated,775
537,774
fluctuate,774
launched,774
sells,774
team,774
445,773
787,773
476,772
canadian,772
extensive,772
factor,772
pronouncements,772
south,772
451,771
590,771
745,771
attract,771
generation,771
identifiable,771
747,770
election,770
infringement,770
520,768
grants,768
traditional,768
349,767
493,767
536,767
556,767
antitrust,767
collaboration,767
x,767
394,766
429,766
495,766
computation,766
discretion,766
especially,766
452,765
486,765
alleging,765
469,763
commodities,763
involves,763
411,762
459,762
464,762
482,762
545,762
published,762
selection,762
thus,762
introduced,761
proceeding,761
381,760
575,760
576,760
438,759
5.1,759
647,759
lowest,759
payables,759
444,758
466,758
472,758
538,758
565,758
continuous,758
distributions,758
389,757
549,757
mortgage,757
part1_item_4_controls,757
399,756
805,756
cycle,756
562,755
842,755
part1_item_2_mda,755
431,754
446,754
523,754
566,754
estimating,754
references,754
regulators,754
severance,754
initiated,753
orderly,753
part1_item_1_financial_statements,753
territories,753
524,752
577,752
655,752
717,752
accurately,752
role,752
541,751
moody,751
474,750
521,750
551,750
597,750
favor,750
reimbursement,750
531,749
bankruptcy,749
oral,749
528,748
controlling,748
determinable,748
607,747
premiums,747
statutes,747
439,746
518,746
581,746
food,746
558,745
entering,745
steps,745
461,744
529,744
584,744
6.0,744
expressions,744
undersigned,744
687,743
expertise,743
monitors,743
507,742
599,742
book,742
recognizes,742
413,741
467,741
478,741
588,741
589,741
agent,741
requirement,741
489,740
571,740
age,740
evolve,740
achieved,739
demands,739
frequently,739
reliance,739
training,739
488,738
511,738
595,738
604,738
653,738
777,738
dispositions,738
london,738
benchmark,737
commenced,737
covering,737
509,736
conference,736
influence,736
428,735
540,735
identification,735
minimize,735
partnerships,735
qualifying,735
4.9,734
458,734
557,734
837,734
driving,734
engineering,734
finished,734
schedule,734
supervision,734
whom,734
564,733
exhibits,733
wholly-owned,733
504,732
harm,732
pound,732
unauthorized,732
443,731
454,731
483,731
553,731
610,731
613,731
810,731
623,730
allegations,730
instead,729
names,729
persons,729
4.8,728
calculate,728
516,727
693,727
718,727
performing,727
integrate,726
506,725
535,725
596,725
repayment,725
484,724
555,724
high-quality,724
monthly,724
608,723
parent,723
sensitive,723
574,722
establishing,722
germany,722
issuers,722
toward,722
448,721
479,721
758,721
submitted,721
660,720
expensed,720
integral,720
relation,720
554,719
calculating,719
wire,718
begin,717
possibility,717
579,716
636,716
710,716
pretax,716
prospective,716
ratios,716
san,716
616,715
634,715
715,715
773,715
immediate,715
post,715
revise,715
zero,715
487,714
585,714
646,714
elect,714
failures,714
methodologies,714
4.7,713
542,713
654,713
658,713
818,713
950,713
renewal,713
5.5,712
514,712
assume,712
delayed,712
elsewhere,712
please,712
treated,712
491,711
533,711
676,711
director,711
indemnify,711
603,710
rapidly,710
548,709
559,709
621,709
concentration,709
connect,709
instability,709
shared,709
617,708
689,708
760,708
866,707
taxation,707
enabling,706
ranging,705
552,704
630,704
733,704
characteristics,704
paying,704
619,703
631,703
668,703
675,703
711,703
offices,703
568,702
690,702
695,702
liable,702
voluntary,702
757,701
analyses,701
721,700
586,699
626,699
704,699
739,699
981,699
reason,699
673,698
724,698
612,697
cards,697
forecast,697
furthermore,697
knowledge,697
participant,697
write-offs,697
527,696
563,696
615,696
assist,696
commissions,696
flat,696
maker,696
010,695
620,695
648,695
656,695
667,695
furnished,695
591,694
679,694
consequently,694
difficulties,694
profile,694
understand,694
573,693
680,693
820,693
converted,693
534,692
593,692
594,692
639,692
bond,692
587,691
725,691
after-tax,691
eastern,691
modifications,691
produced,691
quickly,691
utilization,691
582,690
628,690
sought,690
undiscounted,690
version,690
569,689
706,689
796,689
526,688
539,688
570,688
684,688
telecommunications,688
592,687
624,687
629,687
699,687
801,687
895,687
choose,687
856,686
888,686
align,686
stages,686
572,685
spot,685
609,684
855,684
897,684
assumes,684
utilizes,684
5.3,683
578,683
banking,683
2026,682
543,682
614,682
709,682
746,682
670,681
730,681
860,681
carry,681
632,680
751,680
doing,680
replace,680
sanctions,680
strengthening,680
492,679
532,679
767,679
supplement,679
649,678
651,678
618,677
707,677
735,677
764,677
designs,677
merger,677
seven,677
666,676
contribute,676
547,675
701,675
731,675
buy,675
courts,675
regulated,675
598,674
642,674
788,674
customary,674
entry,674
handling,674
https,674
restrict,674
659,673
761,673
778,673
785,673
791,673
negotiations,673
824,672
846,672
995,672
division,672
restated,672
748,671
clients,671
criminal,671
helping,671
renew,671
657,670
752,670
763,670
611,669
638,669
902,669
absence,669
affiliate,669
frequency,669
royalties,669
disclose,668
732,667
749,667
830,667
develops,667
legislative,667
staff,667
top,666
665,665
686,665
714,665
825,665
deductions,665
662,664
815,664
976,664
discuss,664
627,663
637,663
671,663
762,663
880,663
convertible,663
eliminate,663
702,662
770,662
844,662
914,662
990,662
sharing,662
shipping,662
takes,662
692,661
708,661
716,661
754,661
move,661
preliminary,661
546,660
6.2,660
683,660
691,660
712,660
736,660
738,660
827,660
871,660
674,659
685,659
812,659
875,659
highlights,659
pace,659
remote,659
6.5,658
661,658
696,658
786,658
broker,658
interpretation,658
sensitivity,658
year-over-year,658
793,657
694,656
703,656
798,656
promotional,656
statute,656
withholding,656
744,655
759,655
847,655
occurring,655
plaintiffs,655
practicable,655
russia,655
5.6,654
729,654
806,654
877,654
677,653
682,653
remedies,653
018,652
795,652
876,652
920,652
922,652
985,652
negotiated,652
satisfied,652
602,651
743,651
asu,651
transformation,651
664,650
705,650
768,650
899,650
difficulty,650
vigorously,650
723,649
814,649
835,649
called,649
defendants,649
imposition,649
originally,649
privately,649
smaller,649
5.4,648
766,648
americas,648
calculations,648
pages,648
583,647
645,647
669,647
698,647
755,647
808,647
recoveries,647
th,647
941,646
980,646
deductible,646
713,645
839,645
882,645
916,645
ruling,645
stable,645
643,644
644,644
719,644
838,644
854,644
727,643
742,643
753,643
863,643
context,643
expired,643
grew,643
indicators,643
ineffective,643
retrospective,643
spend,643
776,642
857,642
attacks,642
886,641
925,641
employed,641
good,641
land,641
769,640
853,640
872,640
663,639
780,639
device,639
prescribed,639
779,638
864,638
960,638
extension,638
indefinitely,638
municipal,638
790,637
constant,637
receiving,637
severe,637
sourcing,637
warranties,637
792,636
822,636
977,636
client,636
influenced,636
sports,636
three-year,636
006,635
633,635
720,635
958,635
mergers,635
partial,635
10.0,634
772,634
774,634
942,634
952,634
a-15,634
communicated,634
llp,634
modify,634
secretary,634
672,633
726,633
781,633
809,633
852,633
859,633
955,633
998,633
behavior,633
buildings,633
issuing,633
lending,633
722,632
734,632
821,632
991,632
affects,632
certification,632
entirety,632
managers,632
royalty,632
840,631
870,631
definitive,631
receipts,631
tangible,631
027,630
681,630
allowing,630
late,630
owed,630
060,629
652,629
971,629
analytics,629
eliminations,629
6.3,628
807,628
894,628
dispute,628
management's,628
volatile,628
697,627
887,627
vested,627
040,626
044,626
7.5,626
discrete,626
giving,626
797,625
929,625
986,625
holds,625
institution,625
lawsuit,625
vehicles,625
678,624
789,624
834,624
branded,624
one-time,624
setting,624
situations,624
001,623
775,623
784,623
878,623
956,623
hereunto,623
redeemable,623
stage,623
strengthen,623
892,622
966,622
communities,622
exception,622
843,621
impose,621
representatives,621
sustainability,621
756,620
935,620
specialty,620
020,619
022,619
5.2,619
891,619
948,619
982,619
addressing,619
reduces,619
requests,619
832,618
890,618
911,618
949,618
963,618
commercially,618
embedded,617
starting,617
061,616
765,616
831,616
983,616
amendment,616
j,616
noncurrent,616
recoverability,616
violation,616
641,615
823,615
accept,615
dealer,615
person,615
alliances,614
applies,614
detect,614
012,613
804,613
829,613
962,613
828,612
896,612
910,612
acquiring,612
few,612
suffer,612
741,611
structures,611
unemployment,611
year-end,611
035,610
841,610
931,610
965,610
prevention,610
warranty,610
manufacturer,609
994,608
permanent,608
7.0,607
816,607
927,607
eps,607
submit,607
862,606
discovery,606
893,605
broader,605
certificates,605
phase,605
shortages,605
889,604
898,604
953,604
allowed,604
collateralized,604
consecutive,604
dilution,604
906,603
974,603
composition,603
insufficient,603
raise,603
635,602
688,602
capitalization,602
084,601
851,601
917,601
cautionary,601
defend,601
930,600
binding,600
geopolitical,600
satisfaction,600
095,599
939,599
essential,599
leased,599
014,598
926,598
975,598
merits,598
miscellaneous,598
034,597
088,597
905,597
973,597
entirely,597
multi-year,597
neither,597
representative,597
053,596
075,596
783,596
881,596
883,596
937,596
efficiencies,596
properly,596
quantities,596
782,595
833,595
924,595
creating,595
subscription,595
056,594
077,594
903,594
907,594
978,594
city,594
cuts,594
836,593
expires,593
lenders,593
serving,593
049,592
923,592
goal,592
promotion,592
073,591
869,591
915,591
comparing,591
identifying,591
respects,591
016,590
803,590
incorporate,590
indicates,590
086,589
5.9,589
794,589
904,589
957,589
970,589
allocations,589
asset-backed,589
fundamental,589
promote,589
008,588
017,588
026,588
5.8,588
6.1,588
845,588
879,588
adequately,588
intense,588
861,587
868,587
954,587
justice,587
moreover,587
seasonality,587
005,586
033,586
076,586
817,586
earn,586
integrity,586
manufactured,586
025,585
849,585
964,585
968,585
999,585
profitable,585
ratably,585
004,584
884,584
919,584
967,584
996,584
field,584
undistributed,584
whenever,584
workers,584
908,583
934,583
011,582
728,582
826,582
901,582
933,582
cancellation,582
overhead,582
shall,582
6.6,581
approximates,581
controlled,581
education,581
exercisable,581
motion,581
vendor,581
video,581
865,580
885,580
987,580
accrue,580
cycles,580
distribute,580
find,580
002,579
074,579
848,579
little,579
terrorism,579
vest,579
813,578
819,578
947,578
997,578
advisory,578
corroborated,578
023,577
051,577
936,577
989,577
993,577
though,577
070,576
771,576
959,576
circuit,576
dedicated,576
determinations,576
unpredictable,576
variations,576
042,575
082,575
799,575
938,575
portfolios,575
restrictive,575
television,575
085,574
921,574
943,574
deterioration,574
prevailing,574
pro,574
2003,573
867,573
940,573
legally,573
067,572
099,571
beneficiary,571
disease,571
five-year,571
keep,571
synergies,571
028,570
092,570
918,570
confidential,570
varies,570
045,569
946,569
retaining,569
6.8,568
802,568
874,568
932,568
945,568
list,568
enhancements,567
reinvested,567
038,566
083,566
diversity,566
his,566
shorter,566
961,565
infringe,565
021,564
969,564
estimable,564
interbank,564
lost,564
mainly,564
upgrade,564
050,563
055,563
achievement,563
003,562
072,562
beneficial,562
commonly,561
exceptions,561
organizational,561
046,560
adding,560
consulting,560
finalized,559
089,558
988,558
bases,558
complaint,558
duties,558
mutual,558
renewed,558
unearned,558
087,557
appropriately,557
catastrophic,557
disrupt,557
059,556
064,556
failed,556
nonrecurring,556
refers,556
weakness,556
071,555
creation,555
rated,555
057,554
928,554
944,554
absolute,554
bear,554
incorporation,554
inquiries,554
payroll,554
015,553
024,553
031,553
912,553
bringing,553
containing,553
impair,553
tariffs,553
user,553
039,552
challenge,552
challenged,552
solely,552
underwriting,552
047,551
097,551
098,551
faster,551
intelligence,551
track,551
6.7,550
fairly,550
problems,550
solution,550
019,549
037,549
873,549
export,549
france,549
inclusive,549
liquidation,549
practical,549
street,549
030,548
065,548
066,548
expose,548
speed,548
979,547
come,547
contributing,547
divested,547
logistics,547
probability,547
8.0,546
811,546
always,546
909,545
assumption,545
contractors,545
non-operating,545
presently,545
repatriation,545
sole,545
029,544
094,544
858,544
972,544
owners,544
1933,543
suspended,543
093,542
retention,542
2004,541
984,541
collected,541
attention,540
limiting,540
culture,539
investee,539
repay,539
096,538
992,538
consumption,538
enforce,538
finding,538
initiative,538
078,537
analyze,537
dis,537
employ,537
military,537
much,537
newly,537
membership,536
063,535
041,534
043,534
creditworthiness,534
curves,534
water,534
6.4,533
a.m,533
drivers,533
heavily,533
packaging,533
prescription,533
rounding,533
serves,532
websites,532
080,531
modification,531
ranges,531
091,530
executing,530
governed,530
036,529
letter,529
merchandise,529
non-current,529
slightly,529
8.5,528
attorneys,528
conducting,528
maturing,528
048,527
054,527
079,527
closure,527
perspective,527
090,526
2001,526
9.01,526
helps,525
injunctive,525
stay,525
cease,524
holder,524
sometimes,524
washington,524
058,523
enforceable,523
unanticipated,523
913,522
assesses,522
attempt,522
competing,522
creates,522
feature,522
indefinite-lived,522
signature,522
unrelated,522
5.7,521
introduce,521
collections,520
foundation,520
hand,520
soon,520
013,519
aoci,519
expensive,519
franchise,519
part2_item_1a_risk_factors,519
severity,519
eight,518
unamortized,518
visa,518
009,517
10.1,517
billions,517
unknown,517
valid,517
vs,517
062,516
convenience,516
off-balance,516
refunds,516
068,515
affiliated,515
causes,515
copy,515
prime,515
007,514
951,514
bodies,514
defending,514
numbers,514
topic,514
defendant,513
inconsistent,513
interruption,513
movement,513
transparency,513
company_earnings_release,512
comparative,511
re,511
unpaid,511
7.2,510
replacement,510
0.01,509
hours,509
learn,509
restructurings,509
teams,509
requested,508
shows,508
texas,508
unconsolidated,508
insights,507
rulings,507
signatures,507
6.9,506
elimination,506
appreciation,505
http,505
069,504
081,504
northern,504
separation,504
supports,504
voting,504
western,504
inadequate,503
priorities,503
step,503
thresholds,503
052,502
benefited,502
corporations,502
disney,502
owns,502
recording,502
u.k,502
unused,502
import,501
parameters,501
rent,501
brazilian,500
terrorist,500
entertainment,499
formed,499
item_9_01_financial_statements_exhibits,499
optimize,499
designation,498
downward,498
enhancing,498
institutional,498
routinely,498
surrounding,498
threats,498
match,497
aware,496
error,495
run,495
sovereign,495
networking,494
pipeline,494
stronger,494
usa,494
advantages,493
headquarters,493
speak,493
substitute,493
volatilities,493
carefully,492
desired,492
independently,492
population,492
prospectively,492
matured,491
function,490
involvement,490
jointly,490
marketed,490
recognizing,490
7.1,489
approaches,489
continuously,489
eu,489
fulfill,489
quotes,489
ends,488
he,488
schedules,488
experiencing,487
hong,487
patient,487
assert,486
comparisons,486
consistently,486
ireland,486
leveraging,486
short-,486
towards,486
consolidate,485
deduction,485
doubtful,485
kong,485
mortgage-backed,485
defenses,484
deteriorate,484
032,483
certificate,483
denied,483
engagement,483
interruptions,483
stability,483
reserved,482
avoid,481
employer,481
merit,481
reputational,481
titled,481
interactive,480
landscape,480
non-recurring,480
pledged,480
recommendations,480
shifts,480
supreme,480
7.4,479
acquisition-related,479
futures,479
week,479
wholly,479
7.3,478
finally,478
merchant,478
telephone,478
travelers,478
war,478
formerly,477
integrating,477
uncollectible,477
administered,476
authorizations,476
lose,476
realization,476
rental,475
webcast,475
collective,474
indication,474
insured,474
waste,474
alter,473
announcement,473
conducts,473
files,473
mandatory,473
procurement,473
australian,472
novel,472
7.9,471
assistance,471
dividing,471
et,471
exercises,471
mission,471
southern,471
attractive,470
examples,470
injury,470
ordered,470
10.5,469
rsus,469
2027,468
geographies,468
johnson,468
shipments,468
2002,467
aligned,467
clinical,467
9.0,466
9.5,466
cyber,466
floating-rate,466
indices,466
rendered,466
2000,465
characterized,465
estimation,465
latest,465
manager,464
raised,464
talent,464
appealed,463
categorized,463
define,463
downgrade,463
pharmaceutical,463
prepare,463
repaid,463
variables,463
walt,463
8.4,462
occupancy,462
prove,462
proxy,462
rebates,462
repair,462
views,462
appointed,461
carriers,461
concentrations,461
therein,461
7.6,460
costly,460
detection,460
electronics,460
emissions,460
innovations,460
redeemed,460
unchanged,460
7.7,459
penalty,459
predominantly,459
succeed,459
hypothetical,458
near-term,458
reverse,458
start,458
unusual,458
alternatives,457
becoming,456
indefinite,456
representations,456
notified,455
retrospectively,455
2028,454
accuracy,454
allege,454
declaration,454
maximize,454
1.25,453
8.6,453
awarded,453
formal,453
go,453
indemnity,453
asc,452
definitions,452
forfeited,452
housing,452
looking,452
8.1,451
existence,451
validity,451
asserting,450
commencement,450
priced,450
analysts,449
dealers,449
dismissed,449
subjective,449
unexpected,449
8.9,448
l,448
translated,448
withdrawal,448
built,447
capability,447
enabled,447
outsourcing,447
risk-free,447
conversely,446
italy,446
0.25,445
7.8,445
apple,445
complementary,445
fiduciary,445
retired,445
8.2,443
8.3,443
derive,443
direction,443
implications,443
insurers,443
market-based,443
8.8,442
attached,442
importance,442
optimization,442
relies,442
tested,442
traffic,442
responsibilities,441
sectors,441
suit,441
utilities,441
auto,440
borrowed,440
dynamic,440
establishes,440
medicare,440
pertaining,440
perceived,439
removed,439
solid,439
structured,439
vision,439
billings,438
certainty,438
rewards,438
chinese,437
debentures,437
deploy,437
extending,437
shipment,437
singapore,437
threshold,437
great,436
in-process,436
invests,436
jury,436
renewals,436
web,436
acting,435
defaults,435
cybersecurity,434
de,434
leveraged,434
your,434
defects,433
investees,433
unspecified,433
aggregated,432
annualized,432
addresses,431
count,431
efficiently,431
inactive,431
leasehold,431
concentrated,430
establishment,430
owner,430
took,430
transform,430
ago,429
array,429
corrupt,429
p.m,429
proposals,429
sterling,429
differing,428
ensuring,428
focusing,428
insolvency,428
attorney,427
billed,427
comparability,427
exchanged,427
forfeiture,427
hearing,426
ineffectiveness,426
legacy,426
milestones,426
documentation,425
informed,425
automation,424
one-year,424
over-the-counter,424
speculative,424
wireless,424
women,424
1.00,423
improper,423
suspension,423
upgrades,423
actually,422
headcount,422
prepayment,422
wholesalers,422
11.0,421
compares,421
enactment,421
oci,421
referenced,421
connected,420
contracted,420
footprint,420
minimal,420
outflows,420
servicing,420
backed,419
broadcast,419
creditors,419
defines,419
forfeitures,419
heading,419
leasing,419
manufactures,419
petition,419
substances,419
books,418
choice,418
merchants,418
show,418
typical,418
discover,417
indicator,417
mentioned,417
rico,417
indemnifications,416
requisite,416
triggering,416
unrest,416
affordable,415
residential,415
10.2,414
billing,414
delivers,414
12.5,413
plaintiff,413
asbestos,412
replaced,412
whereby,412
alleges,411
extensions,411
fire,411
cancellations,410
en,410
patients,410
placement,410
accelerating,409
cross-border,409
demonstrate,409
facing,409
statistical,409
versions,409
contingency,408
dismiss,408
goldman,408
sachs,408
treat,408
agree,407
alliance,407
allocating,407
injunction,407
leave,407
moved,407
notwithstanding,407
2030,406
contractually,406
engaging,406
going,406
standalone,406
9.4,405
check,405
county,405
covenant,405
distributor,405
salesforce,405
facilitates,404
full-year,404
granting,404
opinions,404
reversal,404
salaries,404
supplemented,404
temporarily,404
2040,403
9.8,403
compare,403
download,403
focuses,403
installments,403
principle,403
shelf,403
revision,402
accessories,401
affirmed,401
argentina,401
deployment,401
divisions,401
gives,401
unvested,401
utility,401
discontinue,400
faces,400
launches,400
studies,400
transport,400
again,399
anti-dilutive,399
cable,399
fulfillment,399
performance-based,399
pursuing,399
sophisticated,399
trustee,399
8.7,398
look,398
redeem,398
west,398
budget,397
opening,397
scrutiny,397
subordinated,397
trusts,397
upfront,397
voluntarily,397
conflict,396
copyrights,396
encourage,396
firms,396
microsoft,396
trades,396
unadjusted,396
adjusting,395
aggressive,395
inflationary,395
part1_item_3_market_risk,395
0.05,394
12.0,394
designate,394
mean,394
remeasured,394
right-of-use,394
st,394
amend,393
backlog,393
claimed,393
extreme,393
heightened,393
host,393
uk,393
10.4,392
borrowers,392
capture,392
confidentiality,392
distinct,392
exceeding,392
generating,392
mitigation,392
opened,392
willingness,392
acceleration,391
caption,391
hire,391
certified,390
introductions,390
warrant,390
functionality,389
preparing,389
producing,389
protecting,389
anti-corruption,388
euros,388
fitch,388
contemplated,387
economically,387
h,387
reorganization,387
seen,387
seller,387
contrary,386
foreseeable,386
commencing,385
comprise,385
works,385
adopting,384
com,384
electronically,384
obtains,384
reviewing,384
9.6,383
borrow,383
gift,383
head,383
puerto,383
coupon,382
absorb,381
frequent,381
stand-alone,381
subscriptions,381
9.1,380
announces,380
calls,380
demographic,380
downturn,380
lieu,380
prohibit,380
value-added,380
15.0,379
completing,379
eligibility,379
investment-grade,379
mr,379
notices,379
tier,379
vi,379
weeks,379
widely,379
11.5,378
sg,378
virtually,378
9.2,377
attributed,377
departments,377
fleet,377
permitting,377
brokers,376
expressly,376
reinvestment,376
venezuela,376
9.9,375
play,375
weakening,375
crm,374
executives,374
insignificant,374
monitored,374
semi-annually,374
workplace,374
a-1,373
aimed,373
nasdaq,373
remedial,373
routine,373
unconditional,373
e-commerce,372
fixed-income,372
plc,372
protected,372
rest,372
streams,372
trv,372
almost,371
amazon,371
app,371
appear,371
club,371
hereto,371
places,371
study,371
submission,371
compensatory,370
competitiveness,370
copyright,370
cross-currency,370
prolonged,370
promotions,370
10.8,369
followed,369
machines,369
taxed,369
containment,368
directed,368
professionals,368
responding,368
causing,367
crisis,367
questions,367
violate,367
warrants,367
contacts,366
resellers,366
writing,366
automatically,365
magnitude,365
purchasers,365
trigger,365
unfunded,365
widespread,365
broadly,364
cisco,364
continuity,364
expiring,364
fda,364
non-financial,364
secondary,364
shifting,364
11.3,363
awareness,363
developers,363
holiday,363
programming,363
reinvest,363
scenarios,363
addressed,362
attempts,362
incidents,362
robust,362
tender,362
tv,362
canceled,361
classify,361
consultation,361
positively,361
appointment,360
excellence,360
cross,359
emphasis,359
isolation,359
milestone,359
realizable,359
2.02,358
9.3,358
clear,358
complexities,358
mechanisms,358
normally,358
recovered,358
simplify,358
stayed,358
write-downs,358
bid,357
item_1_business,357
licensees,356
mark-to-market,356
optional,356
10.9,355
9.7,355
combine,355
fraudulent,355
publicity,355
violated,355
carryforwards,354
council,354
email,354
installation,354
refinance,354
visibility,354
deem,353
driver,353
just,353
learning,353
skills,353
slower,353
suits,353
summarize,353
transmission,353
10.3,352
breached,352
revisions,352
stringent,352
transactional,352
virtual,352
world's,352
0.02,351
0.75,351
d-15,351
descriptions,351
hd,351
intrinsic,351
korea,351
shopping,351
weaker,351
14.0,350
aerospace,350
buying,350
dynamics,350
serious,350
item_1a_risk_factors,349
passed,349
reforms,349
0.50,348
10.6,348
element,348
emea,348
equally,348
favorably,348
formula,348
generates,348
punitive,348
waiver,348
complying,347
financings,347
francisco,347
netherlands,347
operators,347
10.7,346
copies,346
prohibiting,345
reader,345
wage,345
candidates,344
indenture,344
john,344
never,344
package,344
undue,344
11.4,343
assistant,343
congress,343
csco,343
curtailments,343
infringed,343
supplied,343
theories,343
1999,342
expectation,342
illinois,342
language,342
pool,342
situation,342
13.4,341
assign,341
disposals,341
motions,341
responses,341
sponsored,341
www.sec.gov,341
correlation,340
generic,340
phone,340
protective,340
readers,340
cloud-based,339
intention,339
medicaid,339
misstatements,339
absent,338
chase,338
contamination,338
declining,338
financed,338
gs,338
indications,338
pharmaceuticals,338
syndicate,338
vote,338
14.3,337
ba,337
comprising,337
identity,337
reversed,337
vies,337
antidilutive,336
associates,336
beverage,336
clearing,336
complaints,336
curtailment,336
deployed,336
factual,336
forecasting,336
freight,336
injuries,336
instance,336
medium,336
overnight,336
real-time,336
12.4,335
claimants,335
computers,335
electric,335
exchanges,335
md,335
pandemics,335
successor,335
territory,335
write,335
adapt,334
apparel,334
collectability,334
engines,334
mass,334
affairs,332
committees,332
composed,332
compromise,332
flexible,332
minority,332
pattern,332
11.7,331
differs,331
inaccurate,331
inflows,331
spectrum,331
13.5,330
14.6,330
cat,330
cooperating,330
employs,330
organic,330
provisional,330
true,330
11.1,329
13.1,329
connectivity,329
diseases,329
examined,329
hybrid,329
incorporates,329
marks,329
negotiate,329
sizes,329
sufficiently,329
unforeseen,329
boeing,328
contracting,328
electrical,328
hospitals,328
meets,328
remove,328
themselves,328
transforming,328
ecosystem,327
ever,327
incorporating,327
resolutions,327
20.0,326
casualty,326
closures,326
computations,326
decide,326
formally,326
proper,326
scientific,326
whereas,326
11.6,325
13.0,325
cap,325
custom,325
examining,325
exposes,325
her,325
item_7_mda,325
paragraph,325
spain,325
vulnerable,325
0.10,324
21.0,324
cancer,324
equitable,324
errors,324
historic,324
skilled,324
write-down,324
12.1,323
automatic,323
conclusion,323
deep,323
exclusively,323
fast,323
forwards,323
matching,323
secrets,323
sponsoring,323
mining,322
nm,322
reconciliations,322
unavailable,322
undertaken,322
viruses,322
approve,321
everyone,321
part2_item_1_legal_proceedings,321
treatments,321
trials,321
11.2,320
anniversary,320
arbitration,320
efficacy,320
jersey,320
positioned,320
remedy,320
body,319
david,319
innovate,319
jpmorgan,319
preserve,319
threat,319
three-month,319
write-off,319
aircraft,318
caterpillar,318
death,318
disruptive,318
divest,318
longer-term,318
momentum,318
mostly,318
official_macro_labor,318
outages,318
republic,318
resale,318
theft,318
abroad,317
accurate,317
elects,317
end-user,317
incident,317
label,317
specify,317
spent,317
twdc,317
vii,317
12.9,316
join,316
merchandising,316
authorize,315
believed,315
harbor,315
hazardous,315
machinery,315
mark,315
promptly,315
adjusts,314
ag,314
axp,314
competes,314
controller,314
findings,314
morgan,314
permanently,314
reaching,314
substance,314
usually,314
12.8,313
deferral,313
infringing,313
leaders,313
prnewswire,313
recourse,313
risk-based,313
salary,313
search,313
tablets,313
upcoming,313
walmart,313
15.5,312
advantageous,312
aim,312
done,312
leverages,312
numerator,312
resolving,312
staffing,312
14.8,311
2.25,311
arrears,311
netted,311
news-releases,311
o,311
physicians,311
pledge,311
www.prnewswire.com,311
deliveries,310
fails,310
installment,310
main,310
outbreak,310
performs,310
stockholder,310
anticipation,309
promulgated,309
repatriate,309
wall,309
11.8,308
16.0,308
acquirer,308
broad-based,308
dec,308
denominator,308
exclusivity,308
reimbursements,308
12.7,307
agrees,307
aid,307
dodd-frank,307
hour,307
intersegment,307
issuable,307
print,307
representation,307
1.15,306
13.7,306
amgen,306
first-out,306
willing,306
artificial,305
bankruptcies,305
cancelled,305
competitor,305
consolidating,305
harmed,305
imposing,305
s.a,305
simplifying,305
12.3,304
2037,304
diesel,304
drugs,304
earthquakes,304
ip,304
pass,304
pharmacy,304
prejudice,304
reclassify,304
structural,304
thereunder,304
triggered,304
viewed,304
virus,304
domestically,303
double,303
drawn,303
geography,303
hereby,303
matures,303
nonfinancial,303
satisfactory,303
season,303
significance,303
suite,303
switzerland,303
y,303
aapl,302
complement,302
debit,302
defer,302
depreciated,302
retirees,302
unfair,302
carbon,301
columbia,301
hiring,301
metals,301
nonperformance,301
observed,301
pounds,301
stop,301
11.9,300
14.2,300
2029,300
ahead,300
amgn,300
consistency,300
dependence,300
virginia,300
13.8,299
agreed-upon,299
codification,299
degrees,299
headquartered,299
acute,298
appears,298
associate,298
block,298
cancel,298
credit-related,298
false,298
mail,298
sourced,298
strengthens,298
100.0,297
14.5,297
15.6,297
campaigns,297
confirmed,297
deficit,297
games,297
impede,297
non-,297
putative,297
radio,297
tort,297
vehicle,297
beneficiaries,296
depository,296
eliminating,296
expenditure,296
loyalty,296
nke,296
ourselves,296
panel,296
ruled,296
succeeding,296
vaccines,296
13.2,295
compounds,295
ease,295
enough,295
film,295
linked,295
medicines,295
nike,295
prudent,295
quantity,295
ship,295
sustain,295
withheld,295
accessible,294
commence,294
communicate,294
conflicts,294
initiate,294
non-employee,294
reconciles,294
14.9,293
allocates,293
disclosing,293
industry-wide,293
item_8_financial_statements,293
job,293
notification,293
reimbursed,293
tool,293
99.2,292
compute,292
converting,292
ex-99.1,292
proportionate,292
retiree,292
simultaneously,292
subscribers,292
0.03,291
amzn,291
annum,291
ceased,291
discharge,291
end-to-end,291
starts,291
2039,290
horizon,290
insight,290
obsolete,290
omitted,290
optimizing,290
rising,290
sponsors,290
vast,290
away,289
black-scholes,289
differentiate,289
disaster,289
moving,289
multinational,289
oncology,289
protections,289
renewable,289
12.2,288
accessing,288
attributes,288
decided,288
diversification,288
extends,288
multimedia,288
arises,287
attrition,287
chemical,287
dismissal,287
eliminates,287
essentially,287
optimal,287
standardized,287
transact,287
translating,287
23.1,286
barriers,286
children,286
decreasing,286
get,286
mortgages,286
pertain,286
room,286
unlawful,286
aggregation,285
automated,285
correct,285
differentiated,285
encounter,285
lifetime,285
materialize,285
pays,285
reward,285
12.6,284
15.1,284
amends,284
coordination,284
itself,284
metric,284
music,284
13.9,283
approximated,283
covers,283
differently,283
footwear,283
hereof,283
prepay,283
purported,283
submits,283
bearing,282
demonstrated,282
feasibility,282
officials,282
older,282
13.6,281
14.1,281
amortizable,281
consultants,281
inside,281
regulate,281
0.0,280
continuation,280
duty,280
easily,280
exclusion,280
nationally,280
stocks,280
variation,280
2041,279
ko,279
nationwide,279
replay,279
14.4,278
coca,278
cola,278
escrow,278
grown,278
interest-bearing,278
internal-use,278
pools,278
substantive,278
13.3,277
accessed,277
assignment,277
factory,277
failing,277
merck,277
peak,277
raising,277
register,277
rsu,277
specialized,277
stakeholders,277
subjects,277
vie,277
want,277
year-to-date,277
15.4,276
audio,276
checks,276
depot,276
designing,276
effected,276
emerge,276
expands,276
florida,276
footnotes,276
mandated,276
medium-term,276
question,276
rebate,276
respiratory,276
subtotal,276
0.16,275
14.7,275
16.6,275
applicability,275
diversify,275
evolution,275
experts,275
satellite,275
segregated,275
slowdown,275
wmt,275
automotive,274
correlations,274
fashion,274
square,274
company_press_release,273
participated,273
payout,273
phased,273
targeting,273
tend,273
threatened,273
2036,272
35.0,272
airline,272
coronavirus,272
deficiencies,272
interactions,272
marked,272
misstatement,272
procure,272
assembly,271
belgium,271
declaratory,271
forma,271
franchises,271
item_7a_market_risk,271
removal,271
0.04,270
16.7,270
interchange,270
realignment,270
worked,270
counts,269
devote,269
furnish,269
otc,269
prohibited,269
star,269
cities,268
dealing,268
double-digit,268
escalation,268
hurricanes,268
imposes,268
machine,268
ordering,268
treadway,268
17.5,267
attachment,267
hospital,267
mandates,267
q1,267
requesting,267
sponsor,267
strategically,267
turkey,267
valuable,267
17.4,266
18.4,266
2043,266
budgets,266
cardiovascular,266
company_official_archive,266
cost-effective,266
dow,266
first-in,266
identifies,266
labeling,266
robert,266
ukraine,266
15.7,265
advice,265
clauses,265
msft,265
non-marketable,265
pennsylvania,265
perpetual,265
refinancing,265
reimburse,265
summer,265
warehouse,265
15.8,264
cell,264
families,264
insolvent,264
prioritizes,264
proceed,264
strike,264
xbrl,264
15.3,263
15.9,263
lists,263
oem,263
procedural,263
profiles,263
recommendation,263
retire,263
securitization,263
cautioned,262
centrally,262
chevron,262
powers,262
technique,262
terminations,262
thereon,262
too,262
undertaking,262
alternatively,261
bargaining,261
classifies,261
disaggregated,261
earliest,261
institute,261
rank,261
science,261
text,261
unified,261
18.8,260
lifestyle,260
mmm,260
purchaser,260
transitions,260
comprises,259
gasoline,259
junior,259
p-1,259
phones,259
recommended,259
rounded,259
strive,259
therapeutic,259
viii,259
20.3,258
21.3,258
aviation,258
collaborate,258
discounting,258
expedient,258
overseas,258
perception,258
produces,258
thousand,258
al,257
bill,257
considerable,257
cooperative,257
globe,257
govern,257
packaged,257
sellers,257
shanghai,257
tied,257
unbilled,257
accountability,256
aforementioned,256
announcing,256
hosting,256
meetings,256
modeling,256
n.a,256
remediate,256
roles,256
stations,256
voice,256
well-being,256
arisen,255
chart,255
conversions,255
describe,255
floods,255
instructions,255
mid-sized,255
packages,255
securing,255
wages,255
16.5,254
assured,254
backup,254
engine,254
intel,254
jpm,254
malicious,254
massachusetts,254
migration,254
presenting,254
reinsurance,254
turnover,254
16.2,253
18.7,253
21.5,253
arrive,253
calif,253
dispose,253
dollar-denominated,253
emergence,253
jnj,253
lowering,253
mitigated,253
penetration,253
prior-year,253
repurchasing,253
1.75,252
aa,252
advisors,252
bylaws,252
compensate,252
honeywell,252
ix,252
outlets,252
proposal,252
www.businesswire.com,252
19.1,251
20.4,251
20.5,251
amounted,251
bad,251
businesswire.com,251
clean,251
deal,251
edge,251
forced,251
slow,251
automobile,250
borrower,250
capable,250
customized,250
downturns,250
upward,250
0.14,249
22.5,249
agricultural,249
bonus,249
choices,249
commercialization,249
indeterminate,249
indexed,249
jones,249
non-functional,249
noncash,249
nonvested,249
offsets,249
ones,249
opposed,249
smart,249
0.28,248
attracting,248
coming,248
constitutes,248
custodian,248
enforceability,248
eventual,248
greatest,248
pg,248
consumed,247
earns,247
misconduct,247
multiplied,247
shipped,247
six-month,247
unh,247
unitedhealth,247
cooperation,246
non-deductible,246
16.1,245
aaa,245
brings,245
capitalize,245
compelling,245
deposited,245
displays,245
elevated,245
ipr,245
multiples,245
ohio,245
studio,245
suffered,245
verification,245
verizon,245
2035,244
alternate,244
concentrate,244
enhances,244
hard,244
illegal,244
petroleum,244
standing,244
unlimited,244
vulnerabilities,244
chemicals,243
departure,243
disrupted,243
f1,243
facilitating,243
format,243
invalid,243
locally,243
mobility,243
reliably,243
seamless,243
unsuccessful,243
weighting,243
0.07,242
0.17,242
19.5,242
19.7,242
2031,242
beliefs,242
breadth,242
concern,242
cyclical,242
gamble,242
grocery,242
modernization,242
predetermined,242
premises,242
promised,242
wind,242
0.08,241
24.5,241
accepting,241
airlines,241
analyzing,241
brokerage,241
inline,241
judge,241
motivate,241
parks,241
producers,241
recalls,241
remanded,241
resell,241
restaurants,241
scenario,241
unqualified,241
0.09,240
19.0,240
2.00,240
20.7,240
college,240
denial,240
paragraphs,240
possession,240
procter,240
q2,240
saturday,240
unissued,240
0.06,239
alignment,239
authentication,239
bilateral,239
builds,239
concept,239
cooperate,239
evidenced,239
existed,239
grounds,239
jet,239
listing,239
mandate,239
rigorous,239
0.20,238
15.2,238
collaborations,238
expedients,238
link,238
realizing,238
reassess,238
segment's,238
servers,238
2.50,237
2038,237
architecture,237
attack,237
destruction,237
lapse,237
redemptions,237
rejected,237
surplus,237
swiss,237
venezuelan,237
windows,237
17.0,236
athletic,236
beauty,236
chicago,236
conditional,236
coordinated,236
cvx,236
direct-to-consumer,236
doj,236
fulfilled,236
marine,236
on-going,236
prepayments,236
running,236
time-consuming,236
totals,236
w,236
withdrawn,236
16.3,235
16.8,235
distributing,235
earthquake,235
exhibit_99_1,235
faced,235
georgia,235
impossible,235
point-of-sale,235
qualification,235
22.0,234
23.5,234
confident,234
damaged,234
emergency,234
falls,234
furniture,234
road,234
vaccine,234
0.13,233
allegedly,233
disposed,233
downgrades,233
exceptional,233
floor,233
founded,233
nominal,233
restitution,233
secret,233
undrawn,233
1.01,232
19.2,232
1997,232
21.1,232
adult,232
exemption,232
fdic,232
geographical,232
hundreds,232
park,232
quantify,232
surface,232
unlikely,232
19.4,231
a1,231
ai,231
bbb,231
breakdown,231
delinquency,231
engages,231
financially,231
instituted,231
predictable,231
presentations,231
shareowners,231
specifications,231
two-step,231
0.11,230
18.3,230
amortize,230
database,230
deliverables,230
indian,230
mechanism,230
predicted,230
severely,230
bundled,229
calculates,229
connections,229
display,229
mcd,229
mcdonalds,229
outlined,229
sciences,229
skin,229
somewhat,229
verdict,229
1.85,228
a2,228
centralized,228
creditor,228
distributes,228
films,228
non-public,228
shortfall,228
strict,228
therapy,228
0.27,227
17.2,227
accretion,227
baby,227
concurrent,227
contributes,227
disproportionate,227
formation,227
here,227
origination,227
perceptions,227
personalized,227
replaces,227
18.9,226
anything,226
greenhouse,226
hon,226
18.6,225
25.0,225
accruing,225
aftermarket,225
convenient,225
extinguishment,225
finite-lived,225
gathering,225
living,225
noncancelable,225
protocols,225
shutdowns,225
statistics,225
university,225
0.22,224
5.50,224
a-,224
completely,224
constrained,224
extraordinary,224
helped,224
precedent,224
signing,224
0.12,223
0.23,223
16.9,223
17.6,223
20.2,223
21.7,223
diminish,223
infection,223
mac,223
mrk,223
operator,223
refine,223
scalable,223
separated,223
strengths,223
unsettled,223
weak,223
17.3,222
21.8,222
chronic,222
exercising,222
hackers,222
involuntary,222
iot,222
paris,222
payers,222
prevail,222
quotations,222
ranged,222
routing,222
so-called,222
started,222
vz,222
aa-,221
cellular,221
disciplined,221
examine,221
german,221
image,221
joined,221
sublease,221
17.7,220
apps,220
corruption,220
incurrence,220
invoice,220
minor,220
nations,220
preference,220
resume,220
retains,220
split,220
susceptible,220
18.2,219
20.8,219
3.75,219
analyzed,219
bridge,219
complied,219
enhancement,219
enrollment,219
lowered,219
obligor,219
physician,219
prompt,219
sued,219
22.1,218
commit,218
compound,218
feasible,218
l.p,218
loaned,218
multidistrict,218
pensions,218
quotas,218
regimes,218
remicade,218
server,218
speeds,218
subpoenas,218
0.26,217
17.9,217
2.75,217
decade,217
differential,217
euro-denominated,217
far,217
intensely,217
next-generation,217
resort,217
1.03,216
1.65,216
17.1,216
bps,216
conventional,216
correspond,216
currency-denominated,216
footnote,216
grouped,216
19.3,215
acquires,215
dramatically,215
excise,215
precise,215
protocol,215
q3,215
reconciling,215
winter,215
18.5,214
2.20,214
2033,214
aggressively,214
appearing,214
carolina,214
employers,214
fix,214
hub,214
moderate,214
reasonableness,214
render,214
three-level,214
treasurer,214
unresolved,214
18.0,213
21.4,213
aws,213
biotechnology,213
chains,213
collaborative,213
deficiency,213
exempt,213
fifth,213
firmly,213
mutually,213
restoration,213
retroactive,213
safeguard,213
1.10,212
appellate,212
articles,212
basel,212
big,212
calling,212
chapter,212
defaulted,212
divert,212
easier,212
excessive,212
falling,212
restricting,212
risky,212
saw,212
securitizations,212
settings,212
sign,212
coca-cola,211
comes,211
consequence,211
ground,211
lag,211
leisure,211
negotiation,211
outflow,211
participates,211
publish,211
resorts,211
semi-annual,211
train,211
caps,210
diversion,210
drove,210
hostilities,210
misuse,210
oregon,210
peer,210
powered,210
purport,210
refund,210
responded,210
restructure,210
theatrical,210
19.6,209
assurances,209
carryforward,209
deductibility,209
figures,209
fixtures,209
held-to-maturity,209
incorrect,209
item_2_02_results_operations_financial_condition,209
misleading,209
tax-related,209
wells,209
aging,208
conclude,208
consolidations,208
crime,208
ebitda,208
investigative,208
non-qualified,208
processors,208
proportional,208
replacing,208
stipulated,208
18.1,207
announcements,207
disability,207
discovered,207
evaluations,207
israel,207
managerial,207
sales-type,207
school,207
stored,207
streaming,207
sufficiency,207
unprecedented,207
worth,207
consolidates,206
deems,206
empower,206
erisa,206
handle,206
in-store,206
joining,206
leads,206
recruit,206
rolling,206
yuan,206
am,205
analytical,205
b5-1,205
connecting,205
defect,205
delinquencies,205
everywhere,205
highlight,205
lessees,205
surety,205
treaty,205
underwriters,205
0.18,204
17.8,204
20.9,204
adults,204
brief,204
deferrals,204
erosion,204
guided,204
house,204
ingredients,204
licensee,204
returning,204
turbines,204
1.36,203
4.50,203
beverages,203
carrier,203
combines,203
commonwealth,203
conflicting,203
consummation,203
designates,203
equals,203
etc,203
exiting,203
guest,203
hosted,203
ibm,203
nonqualified,203
specialists,203
supportable,203
thrive,203
trailing,203
viable,203
20.6,202
2045,202
3.15,202
3.25,202
accident,202
airplanes,202
asr,202
bureau,202
convergence,202
coupled,202
dr,202
guide,202
introducing,202
locomotives,202
monte,202
notably,202
plants,202
regulator,202
society,202
therapeutics,202
why,202
assertions,201
carlo,201
commensurate,201
correlated,201
derives,201
exert,201
noncompliance,201
passenger,201
phases,201
shortage,201
therapies,201
weighted-,201
19.8,200
21.2,200
22.4,200
downgraded,200
enterprise-wide,200
exact,200
mdl,200
other-than-temporarily,200
publishing,200
welfare,200
2.45,199
24.3,199
candidate,199
comments,199
concessions,199
delaying,199
encompasses,199
healthy,199
indemnities,199
installed,199
intc,199
j.p,199
misappropriation,199
preventive,199
proposition,199
ready,199
russian,199
tailored,199
undesignated,199
0.40,198
1.05,198
21.9,198
adds,198
amazon.com,198
complicated,198
coso,198
employee-related,198
ethics,198
everything,198
indemnified,198
infectious,198
laboratories,198
lessee,198
minimizing,198
non-cancelable,198
option-pricing,198
resumed,198
revoked,198
slight,198
twitter,198
unfavorably,198
withdraw,198
1.30,197
asian,197
authorizes,197
conservation,197
electricity,197
extremely,197
simply,197
theme,197
twelve-month,197
1.13,196
2.60,196
23.6,196
commercialize,196
concurrently,196
cultural,196
invalidated,196
laundering,196
liquidated,196
mcdonald,196
medicine,196
modest,196
pose,196
publication,196
0.24,195
1.06,195
19.9,195
1996,195
23.4,195
biosimilar,195
chosen,195
diesel-electric,195
discipline,195
james,195
promoting,195
q4,195
simponi,195
trucks,195
animal,194
buyer,194
deducting,194
epidemics,194
expert,194
feet,194
incurring,194
moves,194
persistent,194
propose,194
surgical,194
treaties,194
valuing,194
0.15,193
1.63,193
2.35,193
20.1,193
22.3,193
entrants,193
equity-method,193
grant-date,193
heart,193
satisfying,193
unwilling,193
1998,192
affordability,192
begun,192
converse,192
disneyland,192
four-year,192
government-sponsored,192
illness,192
mortality,192
non-controlling,192
obsolescence,192
ours,192
powerful,192
responsive,192
scores,192
touch,192
transferring,192
usual,192
22.8,191
3.00,191
a3,191
assigns,191
begins,191
improperly,191
memory,191
optical,191
proven,191
rata,191
verify,191
alone,190
arm,190
article,190
asia-pacific,190
bulk,190
credited,190
defining,190
draw,190
endeavor,190
explore,190
fields,190
fires,190
football,190
period-to-period,190
preclude,190
pt,190
shutdown,190
titles,190
wealth,190
weight,190
0.52,189
1.21,189
2.15,189
23.7,189
24.1,189
accrues,189
associations,189
finite,189
in-house,189
jurisdictional,189
one-month,189
retailer,189
selective,189
she,189
streamline,189
ticket,189
unaffiliated,189
variances,189
wider,189
1.42,188
22.2,188
25.2,188
biologics,188
branch,188
fine,188
pollution,188
reflective,188
suspend,188
trillion,188
assists,187
certify,187
cfo,187
constructed,187
detected,187
engineers,187
exchange-traded,187
intra-entity,187
long-standing,187
newer,187
rd,187
renamed,187
rentals,187
catalyst,186
cents,186
predicting,186
preventing,186
relied,186
simple,186
unavailability,186
validation,186
0.21,185
1.45,185
23.3,185
26.5,185
31.1,185
career,185
expansions,185
incomplete,185
informal,185
intensify,185
know,185
precious,185
transacted,185
visits,185
0.19,184
0.65,184
2.95,184
4.00,184
5.00,184
abbreviated,184
analyzes,184
composite,184
drives,184
fluctuates,184
foundational,184
game,184
investigating,184
modifying,184
municipalities,184
nonetheless,184
possibly,184
roll,184
simulation,184
topics,184
1.35,183
2.90,183
aggregating,183
buyers,183
diabetes,183
disgorgement,183
distance,183
fluctuation,183
insurer,183
intelligent,183
ms,183
output,183
seasons,183
shortly,183
subsidies,183
syndicated,183
tendered,183
uniform,183
vacation,183
ve,183
16.4,182
2050,182
24.9,182
5.02,182
accompanied,182
additives,182
agility,182
attractions,182
chair,182
clarifies,182
enrolled,182
feedback,182
female,182
immunology,182
lp,182
minnesota,182
posting,182
pricewaterhousecoopers,182
proposing,182
signs,182
upgrading,182
young,182
0.61,181
26.3,181
asked,181
broadcasting,181
burdens,181
connects,181
costa,181
deflation,181
devaluation,181
digitally,181
diligence,181
ec,181
economics,181
fcpa,181
imputed,181
likewise,181
linear,181
make-whole,181
positioning,181
revaluation,181
transmit,181
24.0,180
advised,180
analyst,180
glossary,180
lender,180
obligate,180
pharmacies,180
players,180
progressed,180
progression,180
semiconductor,180
surgery,180
transitioning,180
undertakes,180
underway,180
varied,180
0.41,179
1.60,179
2042,179
24.8,179
anywhere,179
biological,179
chile,179
counties,179
hotels,179
minutes,179
mitigating,179
motor,179
pre-trial,179
start-up,179
taiwan,179
troubled,179
variable-rate,179
wellness,179
1.12,178
1.52,178
1.56,178
24.6,178
aims,178
argument,178
behaviors,178
century,178
column,178
combining,178
construed,178
contraction,178
crises,178
day-to-day,178
grand,178
heard,178
inform,178
invoices,178
irrevocable,178
lengthy,178
maximizing,178
outlays,178
paul,178
popular,178
qualifies,178
sudden,178
supervisory,178
unconditionally,178
undelivered,178
0.33,177
1.11,177
1.22,177
full-time,177
inspection,177
kind,177
notify,177
nuclear,177
seamlessly,177
securitized,177
sent,177
subjected,177
0.00,176
approving,176
conclusive,176
consortium,176
coupons,176
describes,176
exploration,176
friday,176
infringes,176
integrators,176
recall,176
settling,176
side,176
standby,176
stream,176
tracking,176
transparent,176
26.0,175
bonuses,175
imply,175
interact,175
logo,175
model-derived,175
moody's,175
opposite,175
predictability,175
prioritize,175
projecting,175
salesforce.com,175
transitional,175
two-thirds,175
win,175
0.29,174
1.48,174
2.08,174
2034,174
22.6,174
22.7,174
24.4,174
accidents,174
answer,174
appliances,174
before-tax,174
compounding,174
contested,174
enforcing,174
liquidate,174
nonoperating,174
outlines,174
parallel,174
per-share,174
repatriated,174
self-insured,174
sound,174
tennessee,174
1.04,173
1.37,173
1.50,173
2.70,173
2047,173
22.9,173
8.01,173
captioned,173
ceases,173
cleaning,173
convention,173
diminished,173
encryption,173
faith,173
formulas,173
investigate,173
investigational,173
qualifications,173
restriction,173
self-insurance,173
solvency,173
strives,173
surveillance,173
unlike,173
0.84,172
25.3,172
bills,172
broker-dealers,172
clause,172
commentary,172
configuration,172
disposable,172
links,172
luxembourg,172
minerals,172
promise,172
repairs,172
sentence,172
subscriber,172
supplements,172
variance,172
0.48,171
2032,171
25.7,171
belief,171
developer,171
exactly,171
governors,171
illiquid,171
interpreted,171
manual,171
marketer,171
productive,171
spin-off,171
sponsorship,171
waived,171
0.63,170
1.51,170
1.64,170
21.6,170
26.6,170
29.6,170
appraisals,170
bears,170
deliverable,170
enrich,170
explanation,170
homes,170
hurricane,170
populations,170
repeal,170
retroactively,170
save,170
substitution,170
systemic,170
unions,170
visanet,170
23.0,169
annuity,169
categorization,169
customs,169
deducted,169
deductibles,169
dual,169
espn,169
forces,169
industry-specific,169
languages,169
nondeductible,169
plays,169
stoppages,169
talents,169
0.45,168
1.17,168
4.95,168
aside,168
balanced,168
earning,168
fox,168
grows,168
infections,168
median,168
non-derivative,168
s-3,168
simplifies,168
submissions,168
two-year,168
u.s.-based,168
1.26,167
2.05,167
acted,167
afforded,167
allocable,167
charitable,167
clinics,167
decades,167
educational,167
fitness,167
guarantor,167
guaranty,167
holidays,167
incidence,167
investigated,167
invoiced,167
liens,167
old,167
pcs,167
procedure,167
realign,167
solar,167
turmoil,167
0.55,166
1.20,166
1.40,166
25.1,166
30.0,166
30.4,166
aligns,166
codm,166
derecognition,166
directive,166
dtc,166
gdp,166
internet-based,166
malware,166
ninth,166
payrolls,166
policyholders,166
refined,166
shortened,166
whichever,166
0.35,165
1.27,165
1980,165
1986,165
24.2,165
black,165
border,165
claiming,165
concession,165
exacerbated,165
go-to-market,165
illustrates,165
mastercard,165
messaging,165
soft,165
transit,165
1.16,164
advancing,164
co-branded,164
coffee,164
collectibility,164
conditioned,164
declare,164
disaggregation,164
fee-based,164
heavy,164
meritorious,164
mexican,164
partnering,164
score,164
securely,164
24.7,163
26.1,163
32.1,163
continual,163
cruise,163
depositary,163
depth,163
industry-leading,163
iphone,163
lapses,163
poland,163
relevance,163
severally,163
undergoing,163
zealand,163
2.11,162
adjacent,162
box,162
cargo,162
cms,162
confirm,162
counterclaims,162
credible,162
discontinuation,162
hereinafter,162
indicating,162
prescribe,162
river,162
silicon,162
tranches,162
updating,162
0.37,161
0.51,161
1.07,161
2.13,161
hurt,161
interfere,161
large-scale,161
launching,161
thailand,161
worsen,161
year-on-year,161
0.47,160
1.32,160
1.41,160
27.0,160
29.5,160
avenue,160
contest,160
court's,160
d.c,160
delta,160
enforced,160
fedfunds,160
finalize,160
fullest,160
illnesses,160
improves,160
incidental,160
long-,160
michael,160
mini,160
permissible,160
persuasive,160
refining,160
showing,160
tablet,160
upper,160
variants,160
0.69,159
1.19,159
1.28,159
1.77,159
burbank,159
cpiaucsl,159
dependents,159
diagnostics,159
disputed,159
easy,159
finalization,159
foot,159
francisco--,159
houst,159
indpro,159
los,159
navigate,159
nonfarm,159
official_macro_growth,159
official_macro_housing,159
official_macro_inflation,159
passage,159
payems,159
prioritizing,159
putting,159
re-measurement,159
reseller,159
runs,159
sea,159
surrender,159
unrate,159
year-to-year,159
0.31,158
1.90,158
28.2,158
advancement,158
hotel,158
interested,158
intermediaries,158
libor-based,158
matches,158
meanings,158
movies,158
narrow,158
non-interest,158
non-traditional,158
offshore,158
recast,158
refinement,158
spring,158
suspending,158
wal-mart,158
0.43,157
1.02,157
1.08,157
1.47,157
angeles,157
contractor,157
fill,157
forum,157
greatly,157
personally,157
regulates,157
selecting,157
successors,157
tokyo,157
u.s.a,157
1.95,156
accepts,156
adherence,156
asserts,156
benchmarks,156
brexit,156
cyber-attacks,156
facilitation,156
man-made,156
nominee,156
norway,156
one-third,156
placing,156
promises,156
stating,156
strongest,156
tastes,156
0.82,155
1.29,155
2.54,155
2046,155
adjudicated,155
appropriateness,155
capped,155
company-owned,155
demographics,155
desktop,155
exclusions,155
frameworks,155
fundamentals,155
leaving,155
optimized,155
prospectus,155
red,155
residents,155
scaling,155
talented,155
throughput,155
watch,155
winning,155
word,155
0.34,154
0.79,154
25.6,154
acquirers,154
captions,154
catastrophe,154
consents,154
delinquent,154
deputy,154
empowering,154
french,154
hulu,154
indonesia,154
lifo,154
modifies,154
pediatric,154
premier,154
projection,154
tenor,154
treble,154
1.38,153
1.43,153
1.44,153
2.55,153
25.5,153
31.5,153
4.25,153
bottling,153
broadband,153
careers,153
cessation,153
clearance,153
constantly,153
definite,153
flight,153
greece,153
left,153
manufacturing-related,153
me,153
pre-existing,153
subdivisions,153
subpoena,153
viability,153
withholdings,153
0.60,152
23.2,152
26.2,152
3.50,152
aaa-rated,152
aligning,152
charter,152
disadvantage,152
enrichment,152
equity-based,152
fargo,152
injunctions,152
lake,152
non-compliance,152
outsourced,152
payouts,152
suggest,152
tighter,152
window,152
0.58,151
2.12,151
25.4,151
29.0,151
aa2,151
assignments,151
branches,151
captive,151
clarify,151
cold,151
conclusions,151
congressional,151
corrective,151
desire,151
enjoy,151
everyday,151
front,151
lot,151
raises,151
regulating,151
remeasure,151
risk-weighted,151
studios,151
successive,151
survey,151
voted,151
0.39,150
0.77,150
0.85,150
31.3,150
airplane,150
alerts,150
chip,150
consummated,150
deploying,150
deteriorates,150
ecommerce,150
fuels,150
green,150
interrupted,150
makers,150
medications,150
nation,150
off-highway,150
outdoor,150
owe,150
philippines,150
prevalent,150
processor,150
reset,150
station,150
thorough,150
validly,150
0.32,149
0.71,149
1.31,149
1.49,149
auditor,149
basket,149
blood,149
boards,149
connecticut,149
dental,149
harmless,149
interaction,149
intervals,149
introduces,149
market-making,149
matched,149
nevertheless,149
privileges,149
recycling,149
serviced,149
solicitation,149
stanley,149
survival,149
translate,149
waive,149
weakened,149
0.30,148
26.7,148
7.01,148
advancements,148
coal,148
creative,148
discloses,148
horizons,148
item_8_01_other_events,148
nonalcoholic,148
pcaob,148
persist,148
portugal,148
realizability,148
universal,148
0.86,147
1.88,147
23.9,147
29.3,147
3.625,147
belonging,147
compact,147
discrimination,147
elections,147
herewith,147
imported,147
injection,147
interconnected,147
messages,147
nigeria,147
non-performance,147
pleased,147
post-retirement,147
relocation,147
sell-through,147
semiannually,147
tanker,147
unjust,147
utah,147
warranted,147
wish,147
xi,147
0.74,146
1.66,146
2.27,146
2.53,146
27.3,146
accommodate,146
affirmative,146
astrazeneca,146
auction,146
behind,146
buys,146
colombia,146
dissolution,146
distress,146
factories,146
him,146
inbound,146
juice,146
lawful,146
lessen,146
max,146
men,146
restaurant,146
soil,146
story,146
transitioned,146
u,146
white,146
0.88,145
1.23,145
approves,145
attribute,145
character,145
developmental,145
differentiation,145
empowers,145
habits,145
inhibitor,145
ios,145
league,145
narrative,145
ny,145
occasionally,145
poor's,145
promissory,145
reinstatement,145
scheduling,145
separations,145
slowdowns,145
switching,145
underwriter,145
unreasonable,145
upgraded,145
visa.com,145
weather-related,145
workloads,145
0.42,144
1.53,144
1.62,144
1.80,144
2.10,144
27.5,144
30.9,144
advisor,144
buffer,144
circuits,144
cleanup,144
companion,144
compromised,144
debts,144
insurance-related,144
prohibits,144
reaches,144
seriously,144
standardization,144
startup,144
strengthened,144
tariff,144
wound,144
0.64,143
1.55,143
1.68,143
aluminum,143
capitalizes,143
corroborate,143
defective,143
extinguished,143
intensity,143
latter,143
predecessor,143
sharp,143
southeast,143
speaks,143
trustees,143
well-known,143
0.38,142
0.72,142
1.18,142
2.30,142
2044,142
29.1,142
31.2,142
african,142
amending,142
attendance,142
averaged,142
coast,142
constituting,142
consult,142
cost-benefit,142
draft,142
employing,142
entail,142
exports,142
os,142
preservation,142
prevented,142
resilience,142
shifted,142
stake,142
strongly,142
timeliness,142
var,142
warning,142
1.58,141
2.16,141
27.7,141
29.8,141
agile,141
bound,141
break-ins,141
citizens,141
codes,141
concentrates,141
cusip,141
denying,141
endpoint,141
formulation,141
hypertension,141
innovating,141
interoperability,141
lend,141
lessor,141
lived,141
male,141
modern,141
originated,141
owning,141
prostate,141
s-k,141
ships,141
streamlining,141
synthetic,141
therewith,141
visiting,141
writ,141
0.46,140
28.1,140
assure,140
cyberattacks,140
dedicate,140
desirable,140
deutsche,140
immigration,140
importation,140
islands,140
migrate,140
pulmonary,140
subcontractors,140
unenforceable,140
vendor-specific,140
weaken,140
0.68,139
1.09,139
1994,139
2.85,139
29.2,139
attained,139
attempting,139
bar,139
clarifying,139
communicating,139
curtail,139
fixed-price,139
fraudulently,139
invalidity,139
item_5_02_director_or_officer_changes,139
microprocessors,139
outbreaks,139
rebalancing,139
redundancy,139
renegotiate,139
subscribe,139
terminating,139
trusted,139
waters,139
withhold,139
xii,139
0.001,138
1.46,138
1.57,138
1.67,138
2.01,138
23.8,138
26.4,138
26.8,138
3.05,138
30.5,138
30.8,138
atlanta,138
denominations,138
directives,138
fixed-to-floating,138
follow-on,138
gap,138
hostile,138
inc.'s,138
interface,138
kentucky,138
lawyers,138
path,138
rica,138
tribunal,138
undermine,138
vacated,138
1.14,137
1.24,137
1.76,137
1.92,137
1.98,137
2.03,137
2.07,137
2.66,137
28.3,137
28.6,137
clarity,137
cleared,137
cumulative-effect,137
customer-related,137
endpoints,137
fabric,137
freely,137
frozen,137
fulfilling,137
household,137
influencing,137
integrates,137
keeping,137
merge,137
mg,137
non-accrual,137
pain,137
productions,137
shop,137
spanning,137
succession,137
superfund,137
toxic,137
upheld,137
validate,137
0.36,136
2.09,136
2.73,136
andrew,136
arizona,136
austerity,136
closer,136
counterfeit,136
cup,136
definite-lived,136
downstream,136
fcc,136
foster,136
gmbh,136
held-for-sale,136
intermediary,136
island,136
mailed,136
neuroscience,136
non-lease,136
occasion,136
omissions,136
realigned,136
sporting,136
warehousing,136
0.56,135
0.70,135
0.95,135
1.71,135
25.8,135
27.2,135
30.6,135
assertion,135
broker-dealer,135
clean-up,135
counterclaim,135
dispensing,135
esg,135
evolved,135
fluid,135
graphics,135
intentions,135
irrespective,135
listen,135
nd,135
non-service,135
pet,135
planet,135
zone,135
1.61,134
1.78,134
26.9,134
31.0,134
administering,134
aspect,134
campaign,134
careful,134
carries,134
coalition,134
endeavors,134
erp,134
fragmented,134
ideas,134
inquiry,134
negotiating,134
oecd,134
pertinent,134
prosecution,134
witness,134
2.14,133
31.7,133
advocacy,133
caribbean,133
catch-up,133
colorado,133
dealings,133
emergencies,133
glass,133
high-yield,133
id,133
inflow,133
inspections,133
linearity,133
nav,133
negligence,133
post-trial,133
precision,133
predictive,133
probabilities,133
slowed,133
supersede,133
truly,133
0.44,132
0.66,132
1990,132
2.84,132
27.4,132
abuse,132
ask,132
engagements,132
excited,132
flooding,132
install,132
intervention,132
lung,132
missouri,132
peso,132
react,132
reliant,132
revises,132
switches,132
unsafe,132
weakens,132
wildfires,132
0.78,131
0.81,131
1.33,131
1.39,131
aa3,131
actuarially,131
armed,131
ceded,131
clubs,131
compression,131
deciding,131
decision-making,131
encouraging,131
epa,131
flood,131
ingredient,131
malfeasance,131
my,131
receiver,131
reconsideration,131
step-up,131
thursday,131
tooling,131
0.57,130
29.9,130
abc,130
announce,130
awarding,130
battery,130
coverages,130
demonstrating,130
digits,130
england,130
fluctuating,130
hereunder,130
integrations,130
liquidations,130
n.v,130
non-vested,130
nos,130
openings,130
philosophy,130
publicly-traded,130
santa,130
storms,130
twenty,130
unit's,130
virtualization,130
world-class,130
2.56,129
32.4,129
a-2,129
anti-money,129
appoint,129
bids,129
circumvented,129
completeness,129
contrast,129
domain,129
franc,129
gender,129
hurley,129
inflammatory,129
inhibit,129
jose,129
layer,129
macro-economic,129
policyholder,129
predictions,129
remediated,129
restricts,129
rose,129
scientists,129
steer,129
travel-related,129
web-based,129
written-off,129
0.53,128
1.84,128
2.80,128
27.1,128
actors,128
continent,128
debarment,128
exploratory,128
gold,128
headings,128
intermediate,128
late-stage,128
refractory,128
rollforward,128
strictly,128
twitter.com,128
underperforming,128
unreliable,128
verified,128
wednesday,128
0.73,127
1.83,127
1991,127
2.26,127
2.32,127
25.9,127
3.875,127
31.9,127
accountable,127
actionable,127
blended,127
bottlers,127
c.v,127
ca,127
click,127
color,127
digit,127
empowered,127
fd,127
implicit,127
jeffrey,127
localization,127
metastatic,127
popularity,127
producer,127
ramp,127
recruiting,127
reissued,127
reversing,127
strain,127
sub-assemblies,127
0.67,126
0.93,126
3.70,126
aids,126
austria,126
by-laws,126
commingled,126
credit-risk-related,126
deadline,126
distancing,126
fidelity,126
government-mandated,126
helpful,126
high-risk,126
indentures,126
litigations,126
miles,126
newsroom,126
non-monetary,126
passive,126
proactive,126
risk-adjusted,126
s-x,126
sequential,126
smith,126
subsidy,126
survive,126
terminal,126
traditionally,126
underwritten,126
unencumbered,126
wars,126
worse,126
xiv,126
1992,125
2.40,125
adhere,125
archived,125
authenticated,125
biosimilars,125
car,125
company-operated,125
early-stage,125
homeowners,125
ontario,125
overcome,125
oversee,125
pharma,125
philadelphia,125
plastic,125
provisioning,125
quarter-end,125
ransomware,125
satisfies,125
smartphones,125
specifies,125
stewardship,125
stimulus,125
tea,125
tenth,125
territorial,125
viewership,125
xiii,125
1.74,124
28.4,124
administrator,124
administrators,124
arguments,124
briefing,124
burden,124
cancers,124
commissioner,124
discourage,124
disposing,124
entrance,124
flash,124
hiv,124
illiquidity,124
inspector,124
judged,124
knowledgeable,124
mine,124
non-income,124
off-balance-sheet,124
orange,124
pass-through,124
ranking,124
reinsurers,124
reschedule,124
restore,124
rows,124
2.04,123
2.68,123
28.5,123
antibody,123
architectures,123
baseline,123
biggest,123
chance,123
depreciable,123
featuring,123
high-performance,123
imports,123
irrevocably,123
lifted,123
markdowns,123
mixed,123
nine-month,123
oct,123
oems,123
pts,123
remeasurements,123
seasoned,123
sherman,123
steady,123
systemically,123
wholesaler,123
1.73,122
1.97,122
2.33,122
2.61,122
28.8,122
avoidance,122
biopharmaceutical,122
catastrophes,122
certifications,122
certiorari,122
conventions,122
drinks,122
entity's,122
exhaustion,122
gilti,122
induce,122
infliximab,122
infrastructures,122
leaseback,122
lifecycle,122
litigate,122
micro,122
non-infringement,122
nothing,122
rail,122
remitted,122
systematic,122
tightening,122
wrongful,122
0.87,121
1.34,121
1.81,121
30.3,121
assortment,121
blue,121
breast,121
combat,121
deconsolidation,121
externally,121
gaps,121
mcdonald's,121
observability,121
originate,121
port,121
postpone,121
proactively,121
reject,121
satellites,121
svod,121
uninterrupted,121
unmet,121
0.54,120
1.87,120
2.48,120
27.8,120
30.7,120
adjudication,120
anti-bribery,120
arose,120
authorizing,120
citibank,120
contesting,120
conversation,120
cor,120
durable,120
foresee,120
hired,120
hourly,120
interpret,120
low-taxed,120
multi-channel,120
opposition,120
out-of-pocket,120
paint,120
phishing,120
posture,120
proud,120
receptor,120
saving,120
sept,120
surcharge,120
symbol,120
tax-exempt,120
tuesday,120
understood,120
unitedhealthcare,120
validated,120
5.75,119
5.90,119
anticipating,119
assembled,119
back-up,119
depict,119
expression,119
frame,119
in-depth,119
moratorium,119
objections,119
on-premises,119
pre-acquisition,119
preexisting,119
promising,119
rehearing,119
saudi,119
slowing,119
smartphone,119
syrups,119
tcja,119
timeframe,119
unlocking,119
0.62,118
0.94,118
1.86,118
28.0,118
31.4,118
33.3,118
attempted,118
benefiting,118
cut,118
decree,118
first-quarter,118
health-related,118
heat,118
infrequent,118
kansas,118
levied,118
nonbinding,118
occupied,118
pronounced,118
readiness,118
recalculate,118
seattle,118
secrecy,118
sugar,118
tenant,118
toll,118
vsoe,118
weekly,118
wheel,118
xvi,118
1.72,117
29.4,117
30.2,117
32.5,117
34.1,117
abandoned,117
alfa,117
autonomous,117
caterpillar's,117
cure,117
facsimile,117
fault,117
fifo,117
financial's,117
fit,117
ipad,117
minimizes,117
oklahoma,117
ready-to-drink,117
stelara,117
sweden,117
theory,117
tornadoes,117
twice,117
versa,117
wireline,117
1.59,116
1.69,116
2.88,116
answered,116
appealing,116
asbestos-related,116
automate,116
captured,116
charging,116
conferences,116
constituted,116
contingently,116
correlate,116
counted,116
counterparts,116
cultures,116
disagree,116
ernst,116
facebook,116
hear,116
hydraulic,116
isda,116
louisiana,116
malignancies,116
mesothelioma,116
non-binding,116
organize,116
permission,116
postemployment,116
pr,116
prohibition,116
recipients,116
row,116
seeing,116
selectively,116
storm,116
taxpayer,116
1.54,115
2.77,115
27.9,115
30.1,115
4.10,115
4.15,115
balancing,115
biologic,115
collar,115
collars,115
competitively,115
deceptive,115
fiber,115
gaining,115
in-line,115
ineligible,115
item_7_01_regulation_fd_disclosure,115
lean,115
onto,115
recur,115
sunday,115
systemwide,115
tm,115
umbrella,115
unpredictability,115
unremitted,115
upstream,115
venue,115
vertical,115
vital,115
weaknesses,115
wherever,115
xv,115
1.79,114
1.89,114
2.19,114
2.89,114
3.375,114
31.6,114
abandonment,114
accomplish,114
accountants,114
allowable,114
bds,114
dilute,114
dismissing,114
downtime,114
franchised,114
gardasil,114
inefficiencies,114
januvia,114
majority-owned,114
maximizes,114
memberships,114
nonfunctional,114
occupational,114
pfizer,114
private-label,114
recommend,114
registrations,114
shorten,114
temperature,114
xvii,114
0.49,113
0.89,113
0.92,113
0.96,113
2.39,113
2.52,113
2049,113
20549,113
ad,113
amplified,113
authentic,113
borders,113
brian,113
bribery,113
correctly,113
dairy,113
ebit,113
formats,113
franchisees,113
fremont,113
fx,113
janumet,113
know-how,113
nationalization,113
neutral,113
non-operational,113
pioneer,113
showed,113
tech,113
tenure,113
tpe,113
unsubordinated,113
valley,113
value-at-risk,113
wastewater,113
whereof,113
willful,113
36.0,112
37.5,112
articulated,112
attribution,112
background,112
bulletin,112
carryback,112
citigroup,112
company-specific,112
compliant,112
discontinuance,112
encompass,112
foreign-denominated,112
indoor,112
intentional,112
journey,112
litigation-related,112
mandating,112
michigan,112
modestly,112
non-infringing,112
non-strategic,112
object,112
placements,112
pre-,112
set-off,112
simultaneous,112
single-digit,112
steel,112
surviving,112
telecommunication,112
two-class,112
viewing,112
0.98,111
2.23,111
4.30,111
4.375,111
capacities,111
caution,111
confirming,111
counter,111
endorsed,111
foam,111
foods,111
harmful,111
hemisphere,111
inappropriate,111
lighting,111
magnify,111
minimis,111
nfl,111
overseeing,111
payer,111
privately-held,111
profitably,111
ring,111
sessions,111
skill,111
sofr,111
technology-related,111
tensions,111
thermal,111
thirteen,111
went,111
york--,111
0.97,110
1.93,110
2.17,110
2.47,110
2.82,110
6601,110
admission,110
bay,110
bone,110
cancellable,110
clara,110
clearly,110
container,110
containers,110
councils,110
customer's,110
domiciled,110
ecuador,110
evolves,110
gdpr,110
incumbent,110
informational,110
marvel,110
paulo,110
proposes,110
remotely,110
reversals,110
satisfactorily,110
tsunamis,110
unexpectedly,110
william,110
xx,110
0.76,109
2.51,109
28.9,109
arthritis,109
barred,109
classifications,109
coding,109
collecting,109
designations,109
devaluations,109
dose,109
ema,109
healthier,109
incurs,109
interrupt,109
isentress,109
leading-edge,109
maryland,109
mike,109
modeled,109
niche,109
non,109
prescriptions,109
realignments,109
sanofi,109
soccer,109
youth,109
0.80,108
2.28,108
2.49,108
2.59,108
27.6,108
35.3,108
36.4,108
acetate,108
bodily,108
cet1,108
compel,108
credit-rating,108
derecognized,108
discusses,108
filled,108
marked-to-market,108
marking,108
period's,108
petitioned,108
refranchising,108
relentless,108
replacements,108
revising,108
stabilize,108
surrendered,108
therefor,108
unclear,108
virgin,108
virtue,108
xviii,108
2.62,107
31.8,107
33.2,107
as-converted,107
barclays,107
build-to-suit,107
chancery,107
concluding,107
consuming,107
counseling,107
creditworthy,107
disbursements,107
doubt,107
electing,107
gases,107
laboratory,107
menu,107
preserving,107
protein,107
publishers,107
reaction,107
remediating,107
repositioning,107
resiliency,107
shape,107
stimulate,107
supervised,107
terminals,107
teva,107
then-current,107
translational,107
writes,107
xix,107
2.86,106
3.90,106
34.2,106
34.7,106
36.5,106
achievements,106
aged,106
aired,106
authoritative,106
caterpillar.com,106
comment,106
corresponds,106
cosmetic,106
demonstrates,106
deployments,106
editions,106
enbrel,106
equity-related,106
exacerbate,106
generator,106
geographically,106
gradually,106
hair,106
ill,106
indiana,106
intensive,106
jordan,106
labs,106
last-in,106
lessors,106
multiplying,106
objectively,106
opeb,106
pre-set,106
preventative,106
reinstated,106
remit,106
sa,106
seventh,106
spare,106
speculation,106
strikes,106
travelers.com,106
unlock,106
volcker,106
we've,106
wisconsin,106
1.96,105
2.65,105
32.0,105
bcc,105
beneficially,105
budgetary,105
catalog,105
ceiling,105
conformance,105
google,105
intentionally,105
ipod,105
linking,105
merged,105
modernize,105
non-reportable,105
regarded,105
samsung,105
self-service,105
sensitivities,105
sparkling,105
suggested,105
tenors,105
trace,105
two-tier,105
vulnerability,105
0.90,104
1.82,104
1987,104
2.34,104
3.01,104
5.25,104
api,104
bayer,104
behavioral,104
biology,104
bridion,104
combustion,104
compatible,104
degradation,104
enjoin,104
ethical,104
exchangeable,104
fostering,104
furnishing,104
gained,104
gns,104
immune,104
library,104
mellon,104
minute,104
nights,104
origin,104
partnered,104
philanthropic,104
pre-established,104
recipient,104
recoverables,104
reinforce,104
simplified,104
sixth,104
staying,104
stephen,104
student,104
tendering,104
third-quarter,104
undergo,104
vaccination,104
1.94,103
2.06,103
2.18,103
2048,103
3.10,103
32.7,103
35.2,103
36.6,103
admissions,103
aranesp,103
bb,103
best-in-class,103
borne,103
closings,103
databases,103
forming,103
hazards,103
neulasta,103
nonaccrual,103
optum,103
part-time,103
ppt,103
proquad,103
reacquired,103
refundable,103
scoring,103
simplification,103
special-purpose,103
triggers,103
varivax,103
worker,103
wrongdoing,103
zip,103
2.31,102
2.58,102
altogether,102
attractiveness,102
beaverton,102
breakthrough,102
co-operation,102
dod,102
durations,102
e-mail,102
endorsement,102
hepatitis,102
honor,102
inter-segment,102
m-m-r,102
matrix,102
monday,102
patented,102
pc,102
petrochemicals,102
roe,102
s.a.b,102
shops,102
timelines,102
transferable,102
1.70,101
2.41,101
apache,101
awaiting,101
capita,101
comparables,101
consensus,101
contributors,101
customer-centric,101
dc,101
de-designated,101
designer,101
emission,101
exited,101
formatted,101
guideline,101
miners,101
mortgage-related,101
non-forfeitable,101
nonprofit,101
passion,101
petitions,101
pneumovax,101
preliminarily,101
prudential,101
reciprocating,101
regime,101
rulemaking,101
seal,101
segregation,101
sentiment,101
shut-down,101
solicit,101
straight,101
sweep,101
trade-in,101
try,101
tumors,101
two-notch,101
vessels,101
xxi,101
2.37,100
2.63,100
2.87,100
2.98,100
33.1,100
33.4,100
33.8,100
36.1,100
advise,100
custody,100
discovering,100
dissemination,100
ensures,100
evidentiary,100
excellent,100
expiry,100
explicit,100
eye,100
fluids,100
freeze,100
garden,100
hawaii,100
korean,100
non-designated,100
outbound,100
patriot,100
pilot,100
policymakers,100
proximity,100
sophistication,100
statistically,100
third-parties,100
withdrawals,100
won,100
www.salesforce.com,100
0.59,99
2.36,99
3.30,99
32.2,99
33.5,99
34.5,99
adhesives,99
amplify,99
architectural,99
auditors,99
chemotherapy,99
compensated,99
complimentary,99
continental,99
deals,99
dictated,99
docket,99
gradual,99
hail,99
invalidate,99
itunes,99
mississippi,99
month-end,99
nba,99
originating,99
pervasive,99
portable,99
posts,99
pre-pandemic,99
purification,99
reassessment,99
safely,99
schizophrenia,99
shut,99
signatory,99
subtopic,99
3.45,98
35.7,98
51.0,98
appropriations,98
banc,98
brasil,98
charters,98
deteriorating,98
disorders,98
distressed,98
entitle,98
exemptions,98
fourth-quarter,98
golf,98
inter,98
invasive,98
jim,98
kc-46a,98
kelly,98
mitigates,98
nonexclusive,98
northeast,98
notebook,98
oversees,98
powders,98
reality,98
remanufacturing,98
removes,98
route,98
sense,98
simulations,98
stationery,98
uneven,98
xxii,98
xxiii,98
xxiv,98
xxv,98
zetia,98
1984,97
2.29,97
2.44,97
28.7,97
3.67,97
32.9,97
35.5,97
37.8,97
animals,97
apart,97
audiences,97
casual,97
closest,97
debt-to-equity,97
districts,97
earth,97
embrace,97
factored,97
fleets,97
formulating,97
groundwater,97
high-end,97
implements,97
investors.nike.com,97
more-likely-than-not,97
multi-peril,97
naming,97
nonrecourse,97
nutrition,97
obesity,97
one-day,97
parentheses,97
pay-floating,97
prolia,97
psus,97
pursuit,97
recombinant,97
reconciled,97
rotateq,97
screen,97
stipulation,97
subset,97
sweeteners,97
therefrom,97
tried,97
votes,97
williams,97
xxvi,97
2.72,96
3.20,96
33.7,96
4.75,96
advertisements,96
assemble,96
cisco's,96
compounded,96
cutting-edge,96
dating,96
demanding,96
describing,96
fosters,96
hereafter,96
hyperinflationary,96
innovator,96
jan,96
lead-time,96
lowell,96
nuisance,96
optumhealth,96
pretrial,96
proliferation,96
reallocation,96
refunded,96
reopening,96
repudiation,96
retentions,96
revocation,96
roofing,96
saas,96
scott,96
seismic,96
sky,96
slides,96
startups,96
state-of-the-art,96
steering,96
supersedes,96
surge,96
task,96
tenants,96
tolerance,96
trajectory,96
vacant,96
venues,96
www.cisco.com,96
0.83,95
2.81,95
29.7,95
3.11,95
3.80,95
7.00,95
administer,95
biotech,95
capitalizing,95
cecl,95
cfpb,95
clinically,95
consume,95
deloitte,95
dry,95
duplicate,95
independence,95
mapping,95
marketers,95
multi-employer,95
neupogen,95
objects,95
participations,95
provincial,95
reclaim,95
relinquished,95
removing,95
runoff,95
setoff,95
span,95
transmitted,95
treating,95
u.s.c,95
vytorin,95
1989,94
3.03,94
35.9,94
4.01,94
accertify,94
accreted,94
amplifies,94
ccar,94
chargebacks,94
concludes,94
dell,94
diagnostic,94
divestiture-related,94
epogen,94
incontinence,94
initiating,94
meant,94
migrating,94
msd,94
naturally,94
night,94
nominees,94
prohibitions,94
reach-forward,94
rebuilding,94
recommending,94
repeat,94
suffering,94
twenty-first,94
warner,94
workflows,94
2.91,93
2051,93
34.0,93
5.95,93
asus,93
atlantic,93
bottler,93
buyout,93
claimant,93
concerta,93
coordinate,93
diversifying,93
economical,93
epoetin,93
fca,93
featured,93
filters,93
insure,93
landlord,93
maine,93
medium-sized,93
melanoma,93
period-end,93
prezista,93
prioritization,93
procrit,93
purporting,93
pursued,93
risperdal,93
s-length,93
sars,93
sensipar,93
sequestration,93
sooner,93
sortation,93
submitting,93
successes,93
tight,93
timeline,93
truck,93
tsunami,93
unrestricted,93
visual,93
xxvii,93
2.69,92
2.83,92
4.40,92
4.45,92
5.375,92
americanexpress.com,92
asset-liability,92
bifurcated,92
cf,92
charts,92
confirmation,92
debtor,92
del,92
discontinuing,92
distinctive,92
exploit,92
gaming,92
guests,92
high-net-worth,92
high-technology,92
histories,92
incredible,92
insofar,92
intrusion,92
invanz,92
judgmental,92
kids,92
low-cost,92
mainland,92
mechanical,92
mid,92
moderately,92
necessitate,92
noxafil,92
partly,92
pathway,92
pivotal,92
reopen,92
resilient,92
session,92
singer,92
spc,92
spin-offs,92
students,92
subtracting,92
tiers,92
unregistered,92
vietnam,92
0.91,91
2.125,91
4.20,91
a-18,91
appraised,91
backhoe,91
bhc,91
cancidas,91
cans,91
clarification,91
collects,91
contemplates,91
deadlines,91
erode,91
explanations,91
forestry,91
ftc,91
hartford,91
hewlett-packard,91
intermediate-term,91
invega,91
isin,91
janssen,91
legitimate,91
mailing,91
ministry,91
mortgage-,91
multi-district,91
oaks,91
objection,91
physically,91
registrar,91
safeguards,91
standard-setting,91
tdr,91
tdrs,91
tenders,91
thereunto,91
thinking,91
vacations,91
1.625,90
2.38,90
2.43,90
33.9,90
34.6,90
36.8,90
39.8,90
5.15,90
accompany,90
accord,90
adapting,90
apjc,90
army,90
arrange,90
art,90
blank,90
cede,90
chips,90
dialysis,90
excavators,90
exporter,90
fastest,90
feminine,90
gave,90
justified,90
king,90
loaders,90
long-acting,90
martin,90
mm,90
nearest,90
olympics,90
on-site,90
outpatient,90
paper-based,90
parker,90
parking,90
pci,90
reply,90
resistance,90
second-quarter,90
skid,90
sprite,90
tampering,90
tractors,90
unmatched,90
1.99,89
1974,89
2.76,89
3.06,89
3.19,89
3.40,89
3.42,89
34.4,89
37.6,89
ab,89
add-on,89
andy,89
annex,89
apotex,89
asphalt,89
boston,89
burdensome,89
cardholders,89
cds,89
championship,89
chartered,89
console,89
contributor,89
crew,89
delegated,89
demonstration,89
deny,89
disciplines,89
divisional,89
drilling,89
ecosystems,89
eleven,89
era,89
exhaustive,89
extra,89
facebook.com,89
fanta,89
fifteen,89
fresh,89
gastrointestinal,89
golimumab,89
grooming,89
intensified,89
keytruda,89
layers,89
memorandum,89
molecules,89
myeloma,89
partes,89
pronouncement,89
psoriasis,89
quarter-to-quarter,89
rail-related,89
ratified,89
receive-fixed,89
reengineering,89
rupee,89
sabotage,89
sensing,89
sensors,89
shareowner,89
spares,89
stabilization,89
stand,89
syndication,89
uncollateralized,89
volume-based,89
worst-case,89
32.3,88
33.0,88
4.02,88
5.70,88
aarp,88
augment,88
basketball,88
blocks,88
boeing.com,88
campus,88
charge-offs,88
cobrand,88
colleagues,88
comfort,88
commences,88
complies,88
consultant,88
deconsolidated,88
discussing,88
displayed,88
enroll,88
evasion,88
finalizing,88
hole,88
infrequently,88
instagram.com,88
instruction,88
intervene,88
lloyd,88
loan-to-value,88
monotherapy,88
peers,88
pillars,88
preclinical,88
primaxin,88
programmable,88
refinery,88
relapsed,88
resins,88
rou,88
servings,88
situated,88
stakeholder,88
stolen,88
sumitomo,88
transferee,88
vocational,88
1.91,87
3.35,87
administers,87
advertisers,87
apparent,87
averages,87
bolivars,87
cells,87
cost-type,87
disorder,87
evident,87
exaggerated,87
exploring,87
interference,87
interrelated,87
iron,87
jefferson,87
laundry,87
legality,87
on-demand,87
originations,87
orthopaedics,87
postings,87
pp,87
presidents,87
prior-period,87
refinancings,87
relieve,87
salt,87
shortfalls,87
sport,87
subsection,87
tankers,87
terminates,87
thomas,87
tracked,87
tractor,87
unnecessary,87
vicinity,87
2.79,86
38.5,86
4.750,86
abiraterone,86
americans,86
arabia,86
baa3,86
buyouts,86
cholesterol,86
columns,86
competent,86
destructive,86
discharged,86
dozers,86
electron,86
f-15,86
in-orbit,86
in-stock,86
lacks,86
lawfully,86
mid-single,86
non-fixed,86
omit,86
outputs,86
pickup,86
pooled,86
renewing,86
repaying,86
sandoz,86
scrapers,86
slowly,86
soundness,86
surcharging,86
tapes,86
track-type,86
unimpaired,86
vermont,86
youtube.com,86
1.875,85
2.21,85
2.24,85
2.42,85
32.8,85
americanexpress,85
assignee,85
auditing,85
b-cell,85
cars,85
circumstance,85
class-action,85
comptroller,85
conformed,85
disallowed,85
disproportionately,85
domicile,85
douglas,85
duplicative,85
endorsements,85
enjoining,85
generations,85
gsib,85
highly-rated,85
importer,85
indemnifying,85
interfaces,85
kindle,85
lenses,85
linkedin.com,85
liquids,85
localized,85
matthew,85
merchandisers,85
metabolism,85
molecule,85
peter,85
product-specific,85
rbc,85
reactions,85
referral,85
remarketing,85
risk-related,85
rope,85
rubber,85
samples,85
stranded,85
substitutes,85
sun,85
switch,85
systematically,85
technology-based,85
tfcf,85
time-based,85
undetected,85
unexercised,85
uninsured,85
unsatisfied,85
up-front,85
videos,85
waivers,85
watson,85
webex,85
xgeva,85
0.125,84
1993,84
2.22,84
2.57,84
2.93,84
2.96,84
39.5,84
5.85,84
6.00,84
acid,84
acknowledges,84
aexp.com,84
affirming,84
airport,84
arterial,84
auctions,84
bundle,84
chemistry,84
desist,84
divesting,84
donations,84
encouraged,84
encourages,84
formulations,84
founder,84
gcs,84
ltda,84
mask,84
multiple-element,84
nominations,84
non-profit,84
nuvaring,84
payors,84
pm,84
postponed,84
publications,84
relying,84
renal,84
repossessions,84
rock,84
roughly,84
simpler,84
southwest,84
tam,84
then-existing,84
volume-weighted,84
webcasts,84
well-positioned,84
withdrew,84
zytiga,84
3.36,83
32.6,83
37.4,83
6.75,83
admitted,83
agreeing,83
american-express,83
bottles,83
briefs,83
characterizations,83
choosing,83
collaborating,83
command,83
counting,83
dress,83
edition,83
emend,83
end-users,83
expensing,83
fabrication,83
fracture,83
fusion,83
invoicing,83
kazakhstan,83
legislatures,83
multi-terrain,83
non-trade,83
occurrences,83
protracted,83
reassessed,83
redesign,83
reinsurer,83
responsibly,83
restructured,83
sample,83
tasks,83
three-tier,83
trained,83
uplift,83
2.67,82
2.78,82
35.8,82
43.5,82
alabama,82
alteration,82
animated,82
bankrupt,82
baskets,82
boeing's,82
brokered,82
cautions,82
cercla,82
climate-related,82
collateralization,82
company-wide,82
denmark,82
draws,82
drills,82
emerged,82
fosamax,82
fsb,82
grace,82
hip,82
implementations,82
inducement,82
insolvencies,82
jr,82
landfill,82
lock,82
lynch,82
mental,82
metro,82
navigation,82
nplate,82
optumrx,82
ovarian,82
platinum,82
precautions,82
preferential,82
procured,82
propositions,82
psu,82
ramp-up,82
rare,82
retaliatory,82
sab,82
sao,82
settles,82
solvent,82
super,82
supportive,82
thereupon,82
touche,82
tradenames,82
unintended,82
usaf,82
validating,82
2.74,81
3.12,81
33.6,81
38.7,81
ace,81
amid,81
anticompetitive,81
arkansas,81
commissioners,81
density,81
depress,81
disney.com,81
dominated,81
draglines,81
elapse,81
explosions,81
foodservice,81
fortune,81
gather,81
iger,81
initiation,81
inspires,81
intrusions,81
licensors,81
linkedin,81
malaysia,81
nevada,81
non-cumulative,81
non-recourse,81
on-premise,81
perspectives,81
phrases,81
pro-rata,81
propulsion,81
quarry,81
rationalization,81
reassesses,81
refuse,81
reserving,81
send,81
shovels,81
specifics,81
specifying,81
sponsorships,81
sustenna,81
two-month,81
uncommitted,81
unhedged,81
universities,81
vectibix,81
welcome,81
3.73,80
38.3,80
41.7,80
43.7,80
4832,80
5300,80
aca,80
airing,80
anti-competitive,80
asda,80
bezos,80
contractholder,80
corridor,80
cost-effectively,80
darzalex,80
declares,80
discovers,80
do-it-yourself,80
drink,80
explicitly,80
extensively,80
feel,80
fight,80
foreign-derived,80
fountain,80
gentlemen,80
iconic,80
mar,80
mismatch,80
mode,80
non-redeemable,80
ocean,80
orally,80
passwords,80
performances,80
peripheral,80
petrochemical,80
phased-in,80
posed,80
related-party,80
sinking,80
tax-free,80
unredeemed,80
untrue,80
vests,80
warehouses,80
women's,80
3.17,79
3.55,79
36.7,79
38.8,79
40.9,79
abatement,79
aggregates,79
analog,79
appraisal,79
bla,79
cardholder,79
clarified,79
conveys,79
cost-effectiveness,79
cutting,79
deduct,79
deter,79
documented,79
emotional,79
es,79
fdic-insured,79
femsa,79
fios,79
houses,79
instrument-specific,79
mucha,79
nasa,79
nasonex,79
ofac,79
on-highway,79
opt,79
organisation,79
passes,79
pipelayers,79
plant-based,79
played,79
possess,79
prilosec,79
probability-weighted,79
qui,79
redundant,79
remand,79
responsiveness,79
sporadic,79
suffers,79
tabular,79
tissues,79
toll-free,79
transcript,79
visa-branded,79
xarelto,79
1869,78
2.46,78
3.49,78
3.59,78
34.9,78
36.3,78
38.1,78
59.4,78
academic,78
academy,78
actuaries,78
airports,78
ancillary,78
assigning,78
automating,78
beta,78
bloomberg,78
cast,78
compactors,78
consta,78
construct,78
cost-reduction,78
declarations,78
dialing,78
enact,78
espp,78
functioning,78
furtherance,78
gets,78
graders,78
gulf,78
high-speed,78
hsbc,78
implanon,78
impressions,78
infants,78
initiations,78
internet-related,78
inventions,78
ir,78
irish,78
kpmg,78
labels,78
lubricants,78
lump,78
merrill,78
off-site,78
opt-out,78
pre-refunded,78
printing,78
re-evaluate,78
rio,78
safer,78
sap,78
screening,78
shelter-in-place,78
singulair,78
smarter,78
stressed,78
suspicious,78
turbine-related,78
uniquely,78
velcade,78
vmware,78
withstand,78
yours,78
zenia,78
1977,77
2.94,77
3.04,77
47.3,77
approaching,77
arms,77
capturing,77
charles,77
chinook,77
classic,77
coke,77
competencies,77
complications,77
conferencing,77
consented,77
conspired,77
el,77
empirical,77
exporting,77
fell,77
filtration,77
firmwide,77
golden,77
high-frequency,77
high-profile,77
interpretive,77
legislators,77
lte,77
malpractice,77
marketplaces,77
monetize,77
nonconsolidated,77
nonderivative,77
nonmarketable,77
on-,77
onerous,77
ordinarily,77
overhaul,77
phillips,77
pre-closing,77
procuring,77
purely,77
radiological,77
recapitalization,77
reevaluate,77
relocations,77
rendering,77
replenishment,77
resignation,77
resumption,77
software-as-a-service,77
spite,77
ssp,77
tape,77
transporting,77
1.375,76
35.1,76
4.90,76
40.6,76
42.6,76
6.50,76
accredited,76
acknowledge,76
advisable,76
ah-64,76
backgrounds,76
ch-47,76
colorectal,76
denial-of-service,76
disaggregate,76
dominion,76
eame,76
edt,76
entails,76
eurasia,76
footage,76
formulary,76
frank,76
friction,76
headwinds,76
insulation,76
jack,76
juices,76
kyprolis,76
ladies,76
lenovo,76
lien,76
marc,76
methylphenidate,76
moderated,76
ne,76
non-practicing,76
offense,76
passing,76
protects,76
respirator,76
restatement,76
sailings,76
sam's,76
schering-plough,76
species,76
subsidiary's,76
thank,76
top-line,76
unmanned,76
ustekinumab,76
workflow,76
2.71,75
3.26,75
3.38,75
35.6,75
37.1,75
50.0,75
accomplished,75
altered,75
anti-kickback,75
antiretroviral,75
assisted,75
bench,75
blog,75
boycotts,75
cftc,75
chat,75
clouds,75
cognitive,75
contacting,75
czech,75
devoted,75
diet,75
dining,75
egypt,75
emails,75
episodes,75
foreclosure,75
formularies,75
fueled,75
il,75
indemnifies,75
insert,75
lumber,75
market-related,75
mid-market,75
misrepresentation,75
monetization,75
news.nike.com,75
noise,75
optuminsight,75
portal,75
prejudgment,75
prominent,75
ranked,75
ratable,75
regimen,75
releasing,75
renminbi,75
resident,75
share-diluted,75
solve,75
stays,75
sub-caption,75
subcontractor,75
surcharges,75
tremendous,75
underground,75
unsound,75
uptake,75
wastes,75
zero-coupon,75
2.64,74
2.92,74
3.22,74
40.4,74
42.0,74
47.2,74
57.5,74
abandon,74
acres,74
adolescent,74
basis-point,74
broaden,74
concerned,74
conn.--,74
consumable,74
copper,74
country-specific,74
customization,74
defers,74
deficits,74
dermatology,74
disagrees,74
dissatisfaction,74
donation,74
first-line,74
foundations,74
granules,74
impracticable,74
interdependent,74
invention,74
kitchen,74
lcr,74
long-dated,74
market-clearing,74
monoclonal,74
mylan,74
nand,74
nov,74
objected,74
overdue,74
pendency,74
pioneered,74
premise,74
reorganized,74
reshape,74
router,74
self-regulatory,74
sequentially,74
suitable,74
today's,74
totality,74
tranche,74
underwrite,74
uruguay,74
violates,74
volcanic,74
we're,74
38.6,73
39.4,73
4.70,73
40.1,73
42.4,73
43.0,73
49.5,73
5.07,73
abrasives,73
accidental,73
ach,73
anyone,73
applecare,73
asp,73
assisting,73
atm,73
beef,73
braun,73
bugs,73
ccr,73
complemented,73
constructive,73
counteract,73
cozaar,73
cultivating,73
detriment,73
drafts,73
emd,73
eprex,73
esop,73
facilitated,73
fans,73
guilty,73
hyzaar,73
isolated,73
lapsed,73
lasting,73
mimpara,73
moment,73
mulesoft,73
not-for-profit,73
notifications,73
personalization,73
post-closing,73
presiding,73
provinces,73
puts,73
quote,73
rebuild,73
refineries,73
refines,73
responds,73
sales-based,73
seating,73
slack,73
slope,73
sportswear,73
stroke,73
subrogation,73
tableau,73
texaco,73
underserved,73
vista,73
xeplion,73
0.375,72
1.125,72
2.875,72
34.8,72
35.4,72
37.7,72
6.15,72
accused,72
activated,72
alongside,72
amatil,72
andas,72
anti-pd-1,72
appliance,72
blockchain,72
bnp,72
broadcasts,72
cautious,72
certifying,72
chris,72
citizen,72
consummate,72
cost-efficient,72
customize,72
destinations,72
detrimental,72
devalued,72
dish,72
euribor,72
expend,72
faulty,72
fico,72
genetics,72
hampshire,72
handled,72
heighten,72
high-value,72
immunotherapy,72
liquefied,72
materiality,72
medium-,72
metformin,72
nsclc,72
omission,72
opioid,72
p-2,72
paribas,72
pasteur,72
pdf,72
plumbing,72
possibilities,72
presume,72
recapitalizations,72
reevaluates,72
reservation,72
reside,72
retirement-related,72
sec's,72
sec-0330,72
sitagliptin,72
subcutaneous,72
subdivision,72
understandings,72
unidentified,72
year-by-year,72
3.24,71
3.27,71
3.28,71
4.875,71
5.03,71
aria,71
book-entry,71
cce,71
compulsory,71
cough,71
covid-19-related,71
deeper,71
degrade,71
denomination,71
dial,71
dialogue,71
digitize,71
dioxide,71
discharges,71
echo,71
eruptions,71
est,71
feed,71
headcount-related,71
hygiene,71
internationally-focused,71
knowing,71
local-currency,71
locate,71
marketing-related,71
multiple-deliverable,71
otti,71
p1,71
picture,71
plastics,71
postpaid,71
potassium,71
prediction,71
prefer,71
problem,71
prospect,71
regression,71
respirators,71
resultant,71
se,71
securitizes,71
specials,71
succeeded,71
takeover,71
tim,71
tours,71
underfunded,71
understands,71
uniformly,71
wave,71
windstorms,71
0.0001,70
0.99,70
3.85,70
4.62,70
6.625,70
accumulation,70
antibodies,70
appointments,70
appoints,70
arcoxia,70
at-risk,70
audience,70
blades,70
causation,70
claims-paying,70
cleansing,70
constrain,70
cook,70
counterparty's,70
current-year,70
cybersource,70
damaging,70
daniel,70
distinction,70
donated,70
doses,70
eighth,70
equality,70
exhausted,70
expedite,70
follistim,70
generics,70
groupings,70
hearings,70
hereon,70
inconsistencies,70
jonathan,70
kidney,70
longwall,70
metal,70
mlb,70
modules,70
moore,70
multinationals,70
non-amortizable,70
ports,70
pra,70
preferable,70
recessionary,70
recruitment,70
reinvesting,70
repealed,70
reputable,70
skip,70
speaking,70
spine,70
survivor,70
tens,70
tickets,70
tumor,70
uncollected,70
unsealed,70
verdicts,70
waives,70
well-capitalized,70
2.99,69
2061,69
3.07,69
3.23,69
3.43,69
3.74,69
4.000,69
6.25,69
anda,69
andrew.r.johnson,69
asics,69
buffers,69
carol,69
convey,69
deviations,69
dust,69
ethnic,69
extinguish,69
ezetimibe,69
franchisee,69
guam,69
holistic,69
hosts,69
humans,69
ibnr,69
inhalation,69
interrelationship,69
ir.americanexpress.com,69
leakage,69
learned,69
maid,69
near-,69
non-investment,69
occ,69
on-balance,69
open-market,69
opportunistic,69
ortho,69
portrayal,69
precautionary,69
price-focused,69
price-performance,69
regionally,69
relocate,69
repayable,69
sexual,69
shave,69
sole-source,69
spirit,69
subjectivity,69
tsr,69
undercarriage,69
veterans,69
warnings,69
whatever,69
yes,69
3.08,68
3.18,68
34.3,68
4.48,68
5.80,68
99.3,68
abate,68
above-mentioned,68
agenda,68
algorithms,68
b2b,68
bladder,68
brand-building,68
c-17,68
capital-intensive,68
cheques,68
company-sponsored,68
contacted,68
dvd,68
eight-ounce,68
escalate,68
explain,68
fairness,68
filgrastim,68
founding,68
gillette,68
group's,68
handheld,68
imbruvica,68
incentive-based,68
injured,68
inland,68
innocent,68
instant,68
investor.travelers.com,68
locks,68
lubricant,68
magic,68
malfunctions,68
medication,68
native,68
non-bank,68
non-cancellable,68
omnibus,68
on-line,68
one-for-one,68
operative,68
opioids,68
overdrafts,68
prescribing,68
product-related,68
prohibitive,68
proof,68
purportedly,68
rar,68
recovering,68
reimagine,68
seizure,68
shingles,68
signals,68
temodar,68
textual,68
titanium,68
trauma,68
underestimate,68
uspto,68
weapons,68
widening,68
worsening,68
3.02,67
3.13,67
3.32,67
3.65,67
3.91,67
37.9,67
39.6,67
49.6,67
50.9,67
59.2,67
7.50,67
analogous,67
asset-related,67
avengers,67
bath,67
batteries,67
blocking,67
bold,67
checkout,67
co-development,67
coffees,67
contraceptive,67
data-driven,67
dedication,67
desires,67
disabled,67
dosing,67
edurant,67
esp,67
exits,67
filers,67
first-to-market,67
globalization,67
grateful,67
hcl,67
hinder,67
hiv-1,67
impairing,67
initiates,67
interpreting,67
iran,67
kevin,67
lower-priced,67
masks,67
mcafee,67
medicinal,67
nonperforming,67
northeastern,67
occasional,67
prepares,67
razors,67
refranchised,67
remeasuring,67
renegotiated,67
rhode,67
risk-management,67
sales-related,67
sampling,67
structuring,67
telehandlers,67
uop,67
upholding,67
vintage,67
wearables,67
wipes,67
www.disney.com,67
zostavax,67
1983,66
3.77,66
3.94,66
37.3,66
39.1,66
4.14,66
4.85,66
41.3,66
44.4,66
46.2,66
46.8,66
49.9,66
61.0,66
admit,66
agency-issued,66
asbestos-containing,66
baa1,66
confirms,66
contaminated,66
currency-neutral,66
detergents,66
ear,66
endorsers,66
exciting,66
exposing,66
gbp,66
george,66
grove,66
in-person,66
intravenous,66
inure,66
investigators,66
invokana,66
jennifer,66
kenneth,66
licensure,66
lng,66
lots,66
mary,66
minneapolis,66
monster,66
networked,66
nominating,66
non-credit,66
non-payment,66
notation,66
one-half,66
one-notch,66
onset,66
ore.--,66
otc-cleared,66
overturned,66
practitioners,66
proved,66
receivership,66
refrain,66
remittance,66
repatha,66
residing,66
sam,66
slide,66
sneakers,66
tracks,66
unduly,66
wi-fi,66
4.23,65
44.9,65
51.1,65
53.8,65
64.5,65
abilities,65
aeronautics,65
amortizing,65
android,65
arriving,65
cent,65
completes,65
contaminants,65
coordinating,65
costco,65
courses,65
daratumumab,65
deeply,65
engineer,65
enrollees,65
entitlement,65
extrapolated,65
fha,65
forthwith,65
getting,65
high-performing,65
highlighting,65
hips,65
inaction,65
jessica,65
kinds,65
lifestyles,65
messrs,65
metropolitan,65
non-contributory,65
obligates,65
omni-channel,65
osteoporosis,65
ounces,65
pants,65
payor,65
predefined,65
presentment,65
primetime,65
property-casualty,65
reduced-carbon,65
remedied,65
repledged,65
replicated,65
rheumatoid,65
shield,65
soc,65
stopped,65
suisse,65
testimony,65
toilet,65
tour,65
tpc,65
transplant,65
ula,65
unanimously,65
veterinarians,65
warn,65
1925,64
3.31,64
3.60,64
36.9,64
37.0,64
38.9,64
39.7,64
4.80,64
42.9,64
45.4,64
63.0,64
63.6,64
7.75,64
750.0,64
aa1,64
alaska,64
appendix,64
applicant,64
aq,64
bonding,64
breakaway,64
card-related,64
churn,64
closed-loop,64
cohort,64
csa,64
cva,64
david.j.jefferson,64
deerfield,64
depletion,64
depuy,64
desk,64
diapers,64
disappears,64
embargoes,64
english,64
fda-approved,64
fee-for-service,64
fraction,64
gastric,64
ge,64
icloud,64
landlords,64
le,64
let,64
linux,64
lucasfilm,64
manipulation,64
marcus,64
marginal,64
morris,64
multi-tenant,64
mumps,64
naic,64
nationals,64
non-defaulting,64
notifying,64
observations,64
occasions,64
peripherals,64
preceded,64
printed,64
rationale,64
referring,64
reimburses,64
resurgence,64
revoke,64
seniority,64
sprint,64
stricter,64
tail,64
teas,64
tiered,64
towels,64
trs,64
umpleby,64
unguaranteed,64
unsold,64
urban,64
vandalism,64
velocity,64
veteran,64
visanews,64
1956,63
2060,63
3.14,63
3.44,63
3.69,63
36.2,63
45.9,63
adempas,63
apple-branded,63
blend,63
characterization,63
collateralize,63
compatibility,63
concert,63
controllers,63
cricket,63
crucial,63
dbrs,63
devotes,63
enhancers,63
exhibit_99_2,63
expectancy,63
factoring,63
fiber-optic,63
finances,63
finland,63
franchising,63
gateway,63
hhs,63
illegitimate,63
latency,63
lion,63
ll,63
longstanding,63
love,63
maps,63
non-convertible,63
non-manufacturing,63
non-software,63
non-statutory,63
nonpublic,63
normalized,63
oldest,63
parliament,63
pembrolizumab,63
perfectly,63
price-to-earnings,63
progressive,63
quarantines,63
quotation,63
recurrence,63
rescinded,63
resold,63
retirements,63
rich,63
routes,63
semiconductors,63
sovereigns,63
staggered,63
syndrome,63
threaten,63
trebled,63
turbine,63
unaffected,63
vitamins,63
wind-down,63
yr,63
3.16,62
3.47,62
38.0,62
4.05,62
40.2,62
41.0,62
41.1,62
50.3,62
60.5,62
64.4,62
alt-a,62
angola,62
arithmetic,62
asthma,62
authenticate,62
b.v,62
baseball,62
bbb-,62
broken,62
centocor,62
circumvent,62
commercializing,62
deaths,62
diego,62
disregarded,62
eating,62
emv,62
escalating,62
fish,62
gauge,62
girls,62
harder,62
hundred,62
implants,62
insulin,62
kinase,62
lab,62
leagues,62
lump-sum,62
man,62
manhattan,62
medically,62
misappropriating,62
molecular,62
nike-owned,62
nonrefillable,62
notifies,62
opec,62
opposing,62
p-8,62
pixar,62
polyethylene,62
post-marketing,62
prime-1,62
promoted,62
province,62
recycled,62
refranchise,62
refreshments,62
refunding,62
religious,62
roadmap,62
salaried,62
schools,62
seals,62
senate,62
signal,62
stack,62
ten-year,62
tengizchevroil,62
theaters,62
three-,62
trinza,62
unprofitable,62
waiting,62
whatsoever,62
within-mentioned,62
ww,62
xr,62
3.46,61
3.52,61
40.0,61
41.4,61
41.6,61
43.4,61
46.0,61
54.3,61
57.4,61
6.11,61
6.40,61
67.3,61
70.0,61
8.00,61
advocate,61
athletes,61
au,61
bob,61
bowl,61
budgeting,61
carriage,61
certificated,61
commits,61
conservator,61
conserve,61
controversy,61
dave,61
defined-benefit,61
destination,61
elevate,61
embed,61
equity-linked,61
eurocurrency,61
europe's,61
explains,61
follow-up,61
generators,61
gifts,61
ieo,61
importantly,61
interior,61
interviews,61
invokamet,61
jv,61
loop,61
malignant,61
mediation,61
mezzanine,61
morale,61
net-by-counterparty,61
nexium,61
non-card,61
nonpayment,61
ore,61
originates,61
overlapping,61
pancreatic,61
pipelines,61
playing,61
push,61
quantified,61
quantifying,61
random,61
reconsider,61
rilpivirine,61
run-off,61
service-related,61
shortcut,61
start-ups,61
subtract,61
sugammadex,61
taylor,61
transmissions,61
transported,61
tying,61
u.s.-dollar,61
visa's,61
youtube,61
0.000,60
1985,60
2.97,60
3.33,60
3.63,60
3.99,60
39.0,60
40.7,60
41.5,60
42.2,60
42.3,60
43.6,60
43.8,60
43.9,60
46.7,60
5.01,60
5.55,60
57.0,60
6.95,60
advising,60
aearo,60
amg,60
apis,60
appointing,60
arab,60
beijing,60
came,60
campbell,60
categorize,60
chipset,60
cmo,60
darunavir,60
decimal,60
deepen,60
defaulting,60
distraction,60
doubled,60
dream,60
elastic,60
emirates,60
epidemic,60
ethernet,60
ex-99.2,60
ficc,60
fractures,60
galaxy,60
hospitality,60
imprudent,60
industrialized,60
inflammation,60
inspired,60
insureds,60
jeff,60
kabbage,60
livestock,60
logic,60
masking,60
mind,60
multifamily,60
non-small,60
noting,60
overdraft,60
overturn,60
poses,60
power-related,60
prescribes,60
prioritized,60
publishes,60
recurrent,60
remodeling,60
reopened,60
restructuring-type,60
rotary,60
rwas,60
s-t,60
sewer,60
state-owned,60
stories,60
superseded,60
surveys,60
swing,60
syria,60
syrup,60
talk,60
think,60
tolling,60
tower,60
wherein,60
withdrawing,60
1988,59
3.37,59
3.48,59
3.98,59
41.9,59
44.2,59
48.6,59
5.20,59
5.40,59
6.30,59
7.25,59
abs,59
administratively,59
agriculture,59
apex,59
bgs,59
bipolar,59
boundaries,59
closes,59
co-founder,59
coincide,59
contend,59
corporate-level,59
court-appointed,59
creators,59
daypart,59
dayparts,59
deviation,59
disallowance,59
dramatic,59
dynamically,59
encountered,59
evidencing,59
floating-,59
flooring,59
gramm-leach-bliley,59
horizontal,59
hpv,59
impractical,59
imprecision,59
in-substance,59
kept,59
labeled,59
lymphoma,59
mae,59
market-leading,59
michelle,59
mitigants,59
modular,59
non-investment-grade,59
optblue,59
owing,59
paliperidone,59
papers,59
papillomavirus,59
placebo,59
practicing,59
prevailed,59
prezcobix,59
quebec,59
reflection,59
revenue-producing,59
routers,59
samsclub.com,59
scarcity,59
secures,59
self-insure,59
severities,59
softness,59
solicitations,59
stem,59
sub-prime,59
surpassed,59
telematics,59
thirty,59
tobacco,59
tons,59
undeveloped,59
urged,59
vaginal,59
year-ago,59
3.62,58
37.2,58
4.37,58
40.3,58
44.6,58
45.7,58
5.65,58
57.8,58
59.7,58
6.375,58
afford,58
ages,58
appreciate,58
arranges,58
attainment,58
barrels,58
bottom,58
browser,58
cards-in-force,58
carfilzomib,58
cas,58
centered,58
checking,58
chicken,58
collaboratively,58
constructively,58
contemporaneously,58
converging,58
daytime,58
debt-to-total,58
differentials,58
discriminate,58
drew,58
easing,58
episode,58
exhibit_99,58
farm,58
favoring,58
fibers,58
fixing,58
fort,58
francs,58
guard,58
inferred,58
israeli,58
litigants,58
live-action,58
logistical,58
low-,58
missile,58
namely,58
non-discrimination,58
pfas,58
plan's,58
post-judgment,58
powerade,58
presidential,58
program-level,58
pure,58
quantifiable,58
quick,58
quick-service,58
refusal,58
reissuance,58
sealing,58
single-name,58
small-,58
softening,58
stamp,58
stemming,58
styling,58
sublicense,58
subordination,58
swaziland,58
system's,58
technologically,58
thanks,58
timothy,58
turns,58
undisclosed,58
zerbaxa,58
10.50,57
2.375,57
3.000,57
3.61,57
3.86,57
39.2,57
4.11,57
4.47,57
44.7,57
44.8,57
45.8,57
46.1,57
47.0,57
48.3,57
62.0,57
62.5,57
65.0,57
accretive,57
allergy,57
alpha,57
anytime,57
apla,57
arranged,57
as-reported,57
asking,57
back-office,57
bankers,57
bca,57
beats,57
belgian,57
cade,57
centurion,57
certifies,57
clayton,57
co-brand,57
comfortable,57
considerably,57
convened,57
cost-sharing,57
counterpart,57
davis,57
debt-related,57
defeasance,57
designers,57
disparate,57
dispositive,57
familiar,57
fannie,57
firm-sponsored,57
gbs,57
glucose,57
graphic,57
hellenic,57
highlighted,57
hungary,57
inspected,57
las,57
lodging,57
meaningfully,57
mickey,57
mid-term,57
narrowly,57
non-insurance,57
observe,57
obsession,57
originators,57
out-licensing,57
overcapacity,57
pd-l1,57
powering,57
precursor,57
protests,57
r-1,57
randomized,57
re-lease,57
re-measured,57
recoup,57
recreational,57
remittances,57
repledge,57
rezolsta,57
rounds,57
segregate,57
sending,57
shrink,57
standardize,57
static,57
streamlined,57
style,57
substituted,57
tags,57
tax-qualified,57
tom,57
toothpaste,57
true-up,57
truth,57
underpayment,57
underrepresented,57
well-funded,57
ytd,57
4.03,56
45.1,56
5.67,56
59.1,56
62.4,56
alexa,56
annuities,56
apr,56
averaging,56
baa2,56
bamtech,56
bankcard,56
benchmarking,56
blocked,56
bona,56
cce's,56
chances,56
cubic,56
debarred,56
debtors,56
decides,56
denosumab,56
direct-financing,56
directing,56
dispersed,56
dulera,56
e-book,56
establishments,56
express-branded,56
fairlife,56
fide,56
fixed-,56
freddie,56
friendly,56
gbt,56
general-purpose,56
guiding,56
high-growth,56
imft,56
immunities,56
in-home,56
inappropriately,56
incorrectly,56
knees,56
manchester,56
manually,56
mckesson,56
measles,56
mutations,56
mvpds,56
naturally-occurring,56
neuromuscular,56
non-consolidated,56
non-governmental,56
nonpension,56
opiate,56
originals,56
overtime,56
palmitate,56
pay-per-view,56
persuade,56
plaque,56
precedents,56
proration,56
prsus,56
quantum,56
race,56
rebalanced,56
redeeming,56
referendum,56
reimaging,56
remanufactured,56
remarketed,56
remodels,56
reproduction,56
revolve,56
sarbanes-oxley,56
self,56
severability,56
signage,56
smooth,56
social-media,56
spot-forward,56
sterilization,56
summarizing,56
swings,56
town,56
transmittal,56
underperformance,56
underutilized,56
unfamiliar,56
unreasonably,56
varicella,56
viewers,56
voip,56
weekend,56
welding,56
year's,56
3.39,55
3.78,55
3.79,55
3.89,55
38.2,55
39.9,55
43.3,55
46.4,55
55.6,55
58.8,55
61.6,55
8.75,55
accelerates,55
airborne,55
amounting,55
anaheim,55
bandwidth,55
bifurcate,55
cardinal,55
cinacalcet,55
clarifications,55
closed-end,55
cmos,55
confirmatory,55
corporates,55
credit-linked,55
detecting,55
disclaims,55
distracting,55
easy-to-use,55
embracing,55
emissions-related,55
engineered,55
episodic,55
etanercept,55
finds,55
ford,55
greenwich,55
import-export,55
infused,55
insurable,55
interpolated,55
jon,55
lags,55
lends,55
lengthening,55
lower-cost,55
magazines,55
munich,55
nsfr,55
obligatory,55
oils,55
ortho-clinical,55
patrick,55
pegfilgrastim,55
perceive,55
privacy-related,55
pty,55
rand,55
redeploy,55
referrals,55
refillable,55
refreshed,55
replays,55
rescission,55
retaliation,55
sale-leaseback,55
sanctioned,55
say,55
scalability,55
scheme,55
sole-sourced,55
soliciting,55
ss,55
sure,55
tap,55
technology-enabled,55
towers,55
unassigned,55
underlier,55
underwritings,55
violating,55
wake,55
work-from-home,55
wrong,55
3.700,54
4.42,54
4.52,54
45.5,54
61.3,54
64.0,54
abusive,54
acknowledged,54
aerosol,54
aided,54
antiviral,54
appeared,54
at-once,54
attaining,54
audiobook,54
ba1,54
bacterial,54
bangladesh,54
banners,54
bans,54
buena,54
captain,54
carryovers,54
chandler,54
citrus,54
colitis,54
configurations,54
consumables,54
convertibility,54
conveyance,54
cumulatively,54
debate,54
differentiating,54
e.u,54
eea,54
enablement,54
er,54
farmers,54
firm-specific,54
flu,54
full-service,54
ground-based,54
grouping,54
guides,54
hires,54
im,54
jewelry,54
knowingly,54
lynparza,54
mercantile,54
missed,54
mitsui,54
month-to-month,54
nda,54
non-catastrophe,54
non-interest-bearing,54
oracle,54
outreach,54
panitumumab,54
pdufa,54
photo,54
pleasure,54
post-shave,54
prescriptive,54
programmed,54
pte,54
registers,54
reimagining,54
resolves,54
rotavirus,54
rubella,54
rural,54
solicited,54
standpoint,54
supplementing,54
sustaining,54
take-or-pay,54
to-1,54
tone,54
toy,54
transaction-related,54
transformational,54
ulcerative,54
unresectable,54
unrounded,54
uscs,54
willfully,54
writers,54
3.21,53
3.34,53
3.56,53
3.83,53
3.95,53
3.97,53
4.16,53
47.4,53
48.2,53
5.13,53
5.30,53
54.9,53
55.1,53
60.6,53
60.7,53
63.1,53
66.2,53
9.00,53
abbreviations,53
above-referenced,53
accessibility,53
activate,53
arbitrations,53
band,53
bands,53
blackout,53
bolivar,53
borough,53
briefed,53
chickenpox,53
chipsets,53
coastal,53
collectible,53
contemplating,53
cra,53
customer-facing,53
declaring,53
decrees,53
discriminatory,53
epidemiological,53
excess-of-loss,53
expirations,53
feb,53
freighter,53
fumes,53
fy,53
gate,53
grounded,53
hksar,53
hope,53
hopes,53
hurdles,53
inconsistency,53
industrywide,53
insider,53
instrument-by-instrument,53
interconnect,53
intuitive,53
iphones,53
kingdom's,53
kit,53
knows,53
lawn,53
measurable,53
mentorship,53
merchant-related,53
microelectronics,53
mid-tier,53
midcourse,53
multilateral,53
needing,53
neutrogena,53
nominated,53
non-delivery,53
offline,53
ophthalmic,53
optimizations,53
outsource,53
oversupply,53
past-due,53
pathways,53
pledges,53
progression-free,53
prominence,53
refinanced,53
reinsured,53
reloadable,53
resy,53
richard,53
royal,53
scripts,53
seats,53
showcase,53
snapshot,53
subprime,53
sue,53
telepresence,53
unconventional,53
undertakings,53
unenforceability,53
usage-based,53
vending,53
viral,53
volunteer,53
waves,53
weigh,53
worthiness,53
1916,52
1940,52
1960,52
3.76,52
3.81,52
4.13,52
4.250,52
4.950,52
42.5,52
5.11,52
57.2,52
57.9,52
63.9,52
64.3,52
accessory,52
alan,52
antagonist,52
belarus,52
builders,52
calibration,52
carcinoma,52
cashless,52
chevron's,52
compromising,52
consumer-facing,52
curtailed,52
dasani,52
destroyed,52
diligently,52
disk,52
dozens,52
dropped,52
energy-related,52
enforces,52
entitles,52
entrepreneurs,52
environmental-related,52
federally,52
fhlmc,52
fifa,52
fnma,52
gen,52
gnma,52
gordon,52
harms,52
iceland,52
idaho,52
inspire,52
instagram,52
interventional,52
it-related,52
joseph,52
judiciary,52
labor-intensive,52
lockheed,52
manifestation,52
marketability,52
matt,52
mission-critical,52
mitsubishi,52
moderation,52
movie,52
nephrology,52
newest,52
non-asbestos,52
non-compensation,52
non-core,52
non-exclusive,52
non-guaranteed,52
non-product,52
non-retail,52
non-u.s.-based,52
nongovernmental,52
nutritional,52
once-daily,52
optics,52
outweighs,52
paydowns,52
phase-in,52
portability,52
post-employment,52
powder,52
pre,52
predicts,52
presumption,52
principal-protected,52
prudently,52
pslra,52
reading,52
refreshing,52
remarks,52
rheumatology,52
scaled,52
share-basic,52
squamous,52
striving,52
subjecting,52
supervisors,52
synthes,52
tentative,52
thrilled,52
toys,52
trevicta,52
turkish,52
tyrosine,52
valent,52
valle,52
vericiguat,52
visually,52
vitaminwater,52
www.amazon.ca,52
zones,52
0.625,51
0.875,51
1939,51
3.09,51
3.53,51
3.66,51
38.4,51
4.04,51
4.08,51
4.12,51
4.32,51
40.5,51
44.0,51
47.5,51
49.1,51
51.2,51
51.7,51
52.1,51
62.3,51
advises,51
aerial,51
amd,51
arms-length,51
asps,51
attestation,51
awp,51
barring,51
beach,51
bio,51
bookings,51
breakage,51
broadening,51
calibrating,51
captives,51
cash-based,51
chaired,51
chg,51
contactless,51
copper-based,51
cordis,51
couple,51
cubicin,51
currency-based,51
desktops,51
diagnosed,51
direct-to-video,51
disney-branded,51
disqualification,51
doctrines,51
egfr,51
espps,51
ethicon,51
eurozone,51
eventually,51
executes,51
exploitation,51
faa,51
finish,51
first-party,51
fluctuated,51
fluorine,51
furnishes,51
headwind,51
inegy,51
infusion,51
integrase,51
jets,51
lacked,51
lloyd's,51
macbook,51
mathematical,51
measurement-period,51
mid-,51
mid-1980s,51
mizuho,51
neck,51
nexus,51
numerical,51
on-the-ground,51
optimistic,51
paramount,51
paypal,51
perfluorinated,51
phase-out,51
philip,51
predominately,51
rain,51
reaffirmed,51
remanding,51
residence,51
same-day,51
semiannual,51
sensor,51
shoppers,51
simvastatin,51
spider-man,51
stoppage,51
subordinate,51
svp,51
toolsets,51
tremfya,51
unaccreted,51
unparalleled,51
unstable,51
unveiled,51
uphold,51
vat,51
void,51
1.000,50
1950,50
3.87,50
3.88,50
3.92,50
39.3,50
4.06,50
4.07,50
4.24,50
4.26,50
4.60,50
42.7,50
42.8,50
46.5,50
48.0,50
50.6,50
53.0,50
53.4,50
575.0,50
6.01,50
60.4,50
61.2,50
62.7,50
62.8,50
62.9,50
65.4,50
65.6,50
66.8,50
ac,50
activation,50
aggregators,50
alto,50
america's,50
arvind,50
as-a-service,50
avg,50
blincyto,50
breakfast,50
business-to-business,50
castle,50
ccc,50
chamber,50
chemotherapy-induced,50
co-defendants,50
co-promotion,50
coin,50
cole,50
collusion,50
computes,50
congo,50
consulted,50
corps,50
dakota,50
dallas,50
denials,50
deodorant,50
depicts,50
depositors,50
dimensions,50
don,50
ec2,50
extraction,50
foreign-currency,50
foreign-currency-denominated,50
germane,50
harming,50
highly-skilled,50
honored,50
hospira,50
huawei,50
imperatives,50
incredibly,50
lockdowns,50
lows,50
maria,50
market-driven,50
match-funding,50
multitude,50
myanmar,50
neighborhood,50
neutrality,50
nike's,50
non-disney,50
non-proprietary,50
ntc,50
occupy,50
off-label,50
oil-equivalent,50
opsumit,50
organon,50
pair,50
palo,50
perfluorooctane,50
perils,50
pfoa,50
pfos,50
player,50
plaza,50
pneumococcal,50
propecia,50
protectionist,50
proxies,50
ramps,50
rational,50
realizes,50
recyclable,50
referencing,50
reimbursable,50
retiring,50
rework,50
rooms,50
sarl,50
seizures,50
shortcomings,50
silica,50
sodium,50
straightforward,50
styles,50
sul,50
sulfonate,50
symptoms,50
tax-deferred,50
theater,50
unilaterally,50
unobligated,50
viewpoints,50
www.amazon.com,50
165.0,49
2096,49
4.33,49
4.88,49
44.3,49
5.04,49
56.0,49
62.2,49
64.1,49
65.3,49
8.500,49
9000,49
absorption,49
acoustic,49
adjuvant,49
advertisement,49
airings,49
amongst,49
animation,49
anti-terrorism,49
antiperspirant,49
auxiliary,49
aveeno,49
bellwether,49
blogs,49
borrows,49
bottom-up,49
boxes,49
brent,49
build-out,49
cambodia,49
cayman,49
collision,49
conspiracy,49
consumer-oriented,49
contiguous,49
covid-related,49
customarily,49
cyberattack,49
cyprus,49
darbepoetin,49
diagnosis,49
doctors,49
dohme,49
early-winter,49
educate,49
eisai,49
epidermal,49
eventualities,49
flares,49
forefront,49
franklin,49
frb,49
gilead,49
ginnie,49
graphically,49
handset,49
harness,49
hat,49
hbc,49
hematology,49
holdco,49
homeland,49
houston,49
imaging,49
impending,49
incentivize,49
infinity,49
investor-relations,49
invited,49
johnson's,49
journal,49
l.l.c,49
la,49
lastly,49
lenvima,49
liftings,49
liquefaction,49
market-wide,49
migraine,49
minimums,49
mountain,49
nexplanon,49
non-aws,49
non-environmental,49
noncancellable,49
once-monthly,49
opted,49
over-absorbed,49
overheads,49
paving,49
pbms,49
percentage-of-completion,49
period-over-period,49
phoenix,49
plate,49
postage,49
precluded,49
psoriatic,49
pulp,49
radar,49
radv,49
refund-type,49
regasification,49
resign,49
revert,49
risk-taking,49
romiplostim,49
safeguarding,49
scb,49
securitize,49
segmentation,49
shell,49
shocks,49
sigma,49
superiority,49
surgeries,49
susan,49
switched,49
symptomatic,49
taste,49
tighten,49
tourism,49
transferees,49
transformations,49
transformative,49
uaw,49
unanimous,49
under-,49
unfairly,49
uptravi,49
verizon's,49
vioxx,49
virology,49
wafer,49
well-diversified,49
wired,49
www.facebook.com,49
x86,49
1.500,48
1000,48
3.125,48
3.29,48
45.3,48
45.6,48
46.6,48
50.1,48
5000,48
54.8,48
59.3,48
6.73,48
61.8,48
ambiguity,48
amortizes,48
anchored,48
anti-abuse,48
appearance,48
astra,48
azlp,48
b-2,48
basin,48
bit,48
blu-ray,48
built-in,48
cameras,48
cares,48
chooses,48
clears,48
co-pay,48
collateral-dependent,48
conforming,48
contradictory,48
controversies,48
cooling,48
cooperated,48
coordinates,48
cross-functional,48
depended,48
directory,48
ent,48
extensible,48
extract,48
ezetrol,48
fallen,48
feedstock,48
firewall,48
flying,48
forbearance,48
friend,48
fundamentally,48
governs,48
grid,48
gsi,48
happening,48
henry,48
hubs,48
illustrate,48
immunity,48
in-the-money,48
interacting,48
invalidating,48
iraq,48
kb,48
kuwait,48
lengths,48
lowers,48
mid-atlantic,48
minister,48
nacional,48
navigating,48
objectivity,48
organically,48
overestimate,48
pepsico,48
percent-owned,48
picked,48
pleadings,48
pleas,48
premature,48
proportionally,48
proviso,48
realistic,48
recreation,48
rents,48
restaurants-occupancy,48
roll-forward,48
sars-cov-2,48
servi,48
speakers,48
specific-identification,48
spring-holiday,48
spur,48
squeri,48
sundry,48
tailor,48
tel,48
terminology,48
then-outstanding,48
thoughtful,48
transacts,48
transdermal,48
ultra,48
unfilled,48
urinary,48
usable,48
va,48
walmart's,48
www.boeing.com,48
zocor,48
1.212,47
1886,47
1968,47
3.82,47
4.29,47
4.35,47
40.8,47
5.16,47
52.8,47
57.7,47
61.4,47
63.4,47
additive,47
affinity,47
ao,47
applicants,47
application-specific,47
argentine,47
arguably,47
attorney's,47
bifurcation,47
boost,47
boys,47
bravecto,47
britain,47
bruce,47
calibrate,47
circumvention,47
cis,47
cited,47
control-integrated,47
corn,47
coronary,47
critically,47
dcg,47
dutch,47
empowerment,47
endorse,47
entity-specific,47
eurobond,47
expecting,47
for-profit,47
gastroenteritis,47
guatemala,47
haan,47
implant,47
inadvertent,47
inasmuch,47
instruct,47
interlink,47
investee's,47
investor.relations,47
investor.visa.com,47
joint-venture,47
jun,47
lapsing,47
load,47
loss-absorbing,47
lowell.singer,47
lupin,47
mark-up,47
micron,47
misappropriated,47
mrl,47
multi-national,47
myocardial,47
na,47
narco,47
nokia,47
non-refundable,47
non-tax,47
non-volatile,47
nurses,47
outdated,47
override,47
photos,47
pick-up,47
poultry,47
rationing,47
re-designated,47
recordkeeping,47
refresh,47
refueling,47
remarketers,47
renegotiation,47
restating,47
richmond,47
robotics,47
rolled,47
routed,47
sanitation,47
schemes,47
spaces,47
subsidized,47
succeeds,47
supermarkets,47
theoretical,47
tide,47
transferor,47
ttm,47
unutilized,47
urls,47
wallet,47
walmart.com,47
warming,47
workplaces,47
xbox,47
yielding,47
1.750,46
2.750,46
3.51,46
3.68,46
4.22,46
4.58,46
44.5,46
49.8,46
5.35,46
51.8,46
55.0,46
58.7,46
64.7,46
69.0,46
abnormal,46
agribusiness,46
amy,46
annexes,46
anti-steering,46
ariel,46
audit-related,46
automobiles,46
backdrop,46
booking,46
boulevard,46
broadway,46
capping,46
castration-resistant,46
ccep,46
ccpa,46
child,46
christopher,46
codified,46
cooking,46
countercyclical,46
creditable,46
crediting,46
current-period,46
dawn,46
debt-to-capital,46
demanded,46
denotes,46
des,46
dozen,46
drinking,46
duplication,46
dupont,46
duragesic,46
eleventh,46
esas,46
ethnicity,46
expansive,46
expressing,46
expropriation,46
fas,46
faults,46
filling,46
gcp,46
in-kind,46
in-production,46
inadvertently,46
inflated,46
instituting,46
interest-earning,46
interlocutory,46
intervening,46
item_5_07_shareholder_vote,46
jt,46
landing,46
lane,46
licensor,46
lift,46
literature,46
mandamus,46
nomination,46
noncompetitive,46
orphan,46
otezla,46
out-of-production,46
over-the-top,46
pampers,46
pantene,46
partitioned,46
passengers,46
patents-in-suit,46
pharmacovigilance,46
polyurethane,46
prc,46
presettlement,46
probability-adjusted,46
progressing,46
prophylaxis,46
prosecutions,46
pst,46
pursues,46
quorum,46
reacquisition,46
redirected,46
reinterpreted,46
relieved,46
repudiate,46
returnable,46
roic,46
rpo,46
screens,46
shortening,46
societal,46
specially,46
spin,46
squibb,46
stocking,46
strains,46
subdivided,46
subscription-based,46
suitability,46
symtuza,46
tertiary,46
trespass,46
tropical,46
tuition,46
twentieth,46
v-22,46
violence,46
volume-related,46
windows-based,46
writer,46
www.amgen.com,46
3.71,45
3.950,45
41.8,45
49.2,45
52.6,45
58.4,45
59.5,45
60.0,45
60.8,45
64.9,45
66.1,45
860.277,45
97.5,45
actavis,45
adaptive,45
adhesive,45
adopts,45
advocates,45
answers,45
apportionment,45
aquatic,45
aqueous,45
aspirations,45
asset-based,45
authors,45
bermuda,45
bortezomib,45
briefings,45
byproducts,45
characteristic,45
co-invests,45
constituencies,45
consumes,45
continuum,45
creator,45
currency-related,45
deconsolidations,45
deed,45
designating,45
enclosed,45
enduring,45
environmentally,45
espionage,45
ex,45
exchange-based,45
exit-related,45
floating-to-fixed,45
gastroesophageal,45
herefor,45
inadequacy,45
inch,45
inefficient,45
inspect,45
intermediation,45
invasion,45
ipo,45
kbi,45
kits,45
landline,45
lawmakers,45
lincoln,45
litigating,45
madison,45
meraki,45
message,45
microprocessor,45
minnie,45
mn,45
montana,45
motorola,45
nausea,45
necessity,45
non-3m,45
non-network,45
nonpublicly,45
one-,45
packing,45
pairs,45
pavers,45
people's,45
perfluorooctanoate,45
peru,45
pill,45
planers,45
pre-specified,45
qualities,45
reallocated,45
reclaimers,45
respecting,45
restate,45
revalued,45
rumors,45
rx,45
seniors,45
separating,45
sicad,45
slate,45
smartwater,45
spanish,45
sri,45
state-chartered,45
steadily,45
steven,45
storytelling,45
talc,45
tissue,45
tlac,45
tomorrow,45
toothbrushes,45
transacting,45
unpatentable,45
unravel,45
unsupported,45
verifiable,45
walk,45
winding,45
work-in-process,45
zeneca,45
zepatier,45
10013,44
2.625,44
4.09,44
4.17,44
4.55,44
4.89,44
44.1,44
48.9,44
52.5,44
52.7,44
55.3,44
60.3,44
63.3,44
63.7,44
64.2,44
64.6,44
66.5,44
7644,44
8.50,44
accusing,44
alberta,44
algorithm,44
all-new,44
altera,44
amex,44
anemia,44
apparatus,44
beigene,44
bma,44
bounty,44
break,44
camera,44
card-issuing,44
case-by-case,44
cba,44
cellco,44
cheque,44
comcast,44
commercialized,44
consequential,44
constituents,44
criticized,44
deceleration,44
dependency,44
diamond,44
doors,44
electrophysiology,44
emvco,44
enumerated,44
esa,44
expedited,44
financiers,44
flagship,44
food-borne,44
foundry,44
gm,44
goldstein,44
hospitalization,44
ibrutinib,44
industry's,44
infuse,44
insiders,44
instrument's,44
irregularities,44
joaquin,44
jpml,44
junction,44
libel,44
losing,44
memorialized,44
minors,44
misrepresented,44
missions,44
mometasone,44
monohydrate,44
motivating,44
nasal,44
navy,44
nil,44
norwegian,44
overseen,44
pay-fixed,44
payments-related,44
pegintron,44
pictures,44
pre-judgment,44
quadrivalent,44
r.l,44
racketeer,44
radiation,44
ransom,44
recommends,44
reddy,44
rehabilitation,44
responders,44
resubmission,44
security-specific,44
shorter-term,44
sixty,44
specialization,44
standardizing,44
standstill,44
sums,44
supplying,44
survivorship,44
swedish,44
telecom,44
turning,44
underliers,44
urgent,44
vacancies,44
variant,44
vomiting,44
www.jnj.com,44
younger,44
3.500,43
4.200,43
4.61,43
4.69,43
47.1,43
49.0,43
50.8,43
51.4,43
52.0,43
56.8,43
58.5,43
61.1,43
61.5,43
63.5,43
67.2,43
76.0,43
abp,43
absorbed,43
accountant,43
achieves,43
activations,43
addressable,43
ades,43
ads,43
alex,43
aml,43
andina,43
antenna,43
anti-competition,43
antibiotic,43
anticoagulant,43
apmea,43
appreciated,43
asml,43
authenticity,43
b.2,43
benioff,43
brunswick,43
butyl,43
buyback,43
centralize,43
chose,43
coaching,43
collateralizing,43
committing,43
complexes,43
compressed,43
conduit,43
conferred,43
correspondingly,43
criminally,43
dan,43
deepening,43
dependable,43
deposit-taking,43
deviate,43
directional,43
diverting,43
dogs,43
drawing,43
eagle,43
entireties,43
ether,43
experimentation,43
explained,43
fintech,43
franchisor,43
fringe,43
furoate,43
g-sib,43
gathered,43
glac,43
government-related,43
harbors,43
households,43
icbc,43
immunization,43
infarction,43
instructed,43
investigatory,43
irving,43
jaw,43
ledger,43
lengthen,43
life-cycle,43
lineup,43
m's,43
mandatorily,43
mediations,43
memo,43
methyl,43
moments,43
motors,43
mtbe,43
multichannel,43
nestl,43
officially,43
olay,43
overfunded,43
pads,43
palm,43
pdt,43
pharmaceutica,43
playoff,43
pleading,43
precisely,43
programmability,43
progresses,43
pulse,43
punctually,43
re-estimation,43
recessions,43
reexamination,43
reinforced,43
reinsure,43
reluctant,43
renews,43
renovation,43
rhodes,43
rivaroxaban,43
roaming,43
rollout,43
round,43
sands,43
scales,43
security-based,43
sheeting,43
slovakia,43
soci,43
software-defined,43
sojitz,43
sort,43
spans,43
spyware,43
substandard,43
t-mobile,43
tell,43
testament,43
untested,43
value-based,43
vicks,43
vigorous,43
wide-ranging,43
xl,43
1.900,42
10282,42
4.21,42
4.44,42
4.500,42
43.2,42
48.8,42
49.7,42
50.4,42
53.3,42
56.6,42
57.6,42
58.0,42
58.3,42
6.04,42
65.2,42
66.0,42
80.0,42
81.6,42
82.5,42
advisories,42
anniversaries,42
appropriation,42
arista,42
ascertain,42
ascribed,42
asean,42
attend,42
await,42
bendix,42
brakes,42
canning,42
carryover,42
cfa,42
characters,42
charge-off,42
charlotte,42
clarinex,42
co-developed,42
co-promote,42
colleges,42
commodities-related,42
congestion,42
conjugate,42
consumer-driven,42
consumer-focused,42
converts,42
crest,42
cross-license,42
cyber-attack,42
diane,42
discontinues,42
downy,42
drawdowns,42
drought,42
dues,42
effecting,42
embotelladora,42
endeavoring,42
escalated,42
essentials,42
executable,42
eyewear,42
f-1,42
freeform,42
globemaster,42
gmd,42
gte,42
gts,42
hardship,42
hotstar,42
idc,42
illustrative,42
imitate,42
inclined,42
induced,42
inhibitors,42
internet-connected,42
invents,42
irregular,42
it's,42
jolene,42
lambert,42
lanham,42
lens,42
lets,42
life-threatening,42
listen-only,42
louis,42
low-tax,42
macos,42
magazine,42
markit,42
merely,42
migrations,42
mile,42
millwork,42
n.j,42
narrower,42
negre,42
non-sovereign,42
nucynta,42
oral-b,42
organ,42
oriented,42
parsabiv,42
password,42
pay-variable,42
pbo,42
perpetuity,42
po,42
pre-determined,42
predecessors,42
preemption,42
proscar,42
ptab,42
ran,42
realizations,42
refractories,42
repatriations,42
restraints,42
retiree-eligible,42
risperidone,42
roche,42
ryan,42
sediments,42
seized,42
set-top,42
shoulders,42
signings,42
similarity,42
sizable,42
suddenly,42
surf,42
toxicity,42
treasuries,42
umbro,42
unbundled,42
unrated,42
vars,42
vodafone,42
wait,42
wallets,42
wildfire,42
3.54,41
4.46,41
42.1,41
43.1,41
45.0,41
48.7,41
51.5,41
56.2,41
58.9,41
59.8,41
6.10,41
6.750,41
6.90,41
640.5574,41
7.625,41
8877,41
adhering,41
adjourned,41
aearo-related,41
aforesaid,41
airpods,41
allergic,41
anti-fraud,41
antibacterial,41
appexchange,41
aus,41
azure,41
belong,41
bottle,41
branding,41
cabot,41
callable,41
cancelable,41
captures,41
cardmember,41
cash-back,41
cervical,41
charmin,41
chf,41
chmp,41
chuck,41
cleaners,41
constraint,41
conversations,41
convexity,41
correction,41
csarl,41
curated,41
cured,41
cust,41
dark,41
debated,41
decatur,41
decentralized,41
derivation,41
deteriorated,41
dictate,41
disagreements,41
discontinuances,41
discriminating,41
dislocation,41
disseminated,41
dva,41
elevating,41
embedding,41
end-of-period,41
estimations,41
evp,41
exhaust,41
fair-value,41
farmland,41
favorite,41
fear,41
feedstocks,41
festival,41
forgoing,41
fractional,41
friends,41
fungal,41
genuine,41
government-approved,41
hbv,41
heirs,41
hicksville,41
hmo,41
homogeneous,41
interconnection,41
interrelationships,41
locally-relevant,41
mainframe,41
manifest,41
map,41
millennium,41
multi-disciplinary,41
ndas,41
nol,41
northwest,41
obama,41
pakistan,41
parp,41
pepper,41
perhaps,41
pfas-related,41
pre-july,41
precluding,41
preset,41
professions,41
promotes,41
prosecuting,41
purports,41
purpose-built,41
quantifies,41
racial,41
reborrowed,41
recurs,41
regimens,41
remits,41
residuals,41
resist,41
rival,41
rods,41
ruble,41
sep,41
simadi,41
simplicity,41
single-source,41
spam,41
spoilage,41
super-premium,41
swine,41
sylvania,41
tends,41
tennis,41
thriving,41
uncleared,41
unconstrained,41
uncured,41
undercapitalized,41
unilateral,41
unincorporated,41
unlicensed,41
unregulated,41
unusually,41
urgency,41
well-established,41
worlds,41
www.amazon.in,41
www.coca-colacompany.com,41
xeon,41
yahoo,41
zoning,41
1.650,40
1970,40
3.150,40
3.58,40
4.36,40
4.51,40
4.53,40
4.65,40
46.3,40
5.60,40
5.77,40
500.0,40
51.3,40
54.7,40
55.4,40
56.5,40
58.1,40
6.20,40
62.1,40
67.8,40
68.1,40
68.3,40
8.25,40
adventure,40
ai-powered,40
all-time,40
altering,40
approximations,40
arca,40
atrial,40
aug,40
award-winning,40
bodyarmor,40
boilers,40
boss,40
brothers,40
bucyrus,40
callers,40
canagliflozin,40
conforms,40
continuance,40
cooperatives,40
correspondence,40
costlier,40
covid,40
cpchem,40
croatia,40
default.aspx,40
delegate,40
desks,40
directions,40
disaffirm,40
dol,40
domains,40
door,40
downs,40
dreamforce,40
entitlements,40
entrusted,40
eric,40
erleada,40
event-driven,40
exported,40
febreze,40
fifty,40
forums,40
fruit,40
furlough,40
goes,40
grande,40
hacking,40
halted,40
handsets,40
herpes,40
high-temperature,40
hilton,40
hot,40
humanity,40
hydrochloride,40
i.r.s,40
investorrelations,40
jul,40
laherparepvec,40
laptop,40
lock-up,40
low-end,40
management-related,40
manned,40
mesh,40
midrange,40
millimeter,40
mines,40
mirror,40
misappropriate,40
modernizing,40
mq-25,40
netbook,40
network-based,40
nigerian,40
non-small-cell,40
nonvoting,40
novartis,40
oak,40
olympic,40
one-quarter,40
overage,40
overstated,40
overstock,40
pa,40
parents,40
peoria,40
pfs,40
philosophies,40
pillar,40
poison,40
polymer,40
poseidon,40
post-1986,40
predominant,40
preparedness,40
production-related,40
profession,40
profit-dependent,40
prospectuses,40
reallocate,40
recasting,40
registry,40
rehypothecation,40
repositioned,40
resubmit,40
revolution,40
roi,40
romania,40
separates,40
shendi,40
shoes,40
spikes,40
stabilized,40
stock-settled,40
stockpile,40
storing,40
studied,40
supply-constrained,40
talimogene,40
tandem,40
teens,40
thought,40
tornado,40
tournament,40
transformed,40
translations,40
triple,40
tulsa,40
tvs,40
underscored,40
unplanned,40
unrealistic,40
unreported,40
upturns,40
warner-lambert,40
wilson,40
www.amazon.cn,40
yielded,40
2.500,39
2097,39
3.93,39
4.86,39
5.44,39
5.46,39
5.59,39
5.79,39
50.7,39
52.4,39
53.9,39
54.4,39
57.1,39
59.9,39
6.12,39
6.200,39
6.47,39
6.500,39
61.7,39
6267,39
63.8,39
65.1,39
65.8,39
660.6,39
68.0,39
73.3,39
80.1,39
acclarent,39
adem,39
aew,39
amgevita,39
amidst,39
arbitrage,39
asset's,39
at-home,39
authenticating,39
azerbaijan,39
bartlett,39
belsomra,39
besp,39
bifurcatable,39
bipartisan,39
bolster,39
bondholders,39
bottler's,39
breakdowns,39
breaks,39
brick,39
browse,39
calibrated,39
catalysts,39
ccba,39
ci,39
co-sourcers,39
commissioned,39
competitions,39
computershare,39
concierge,39
corrections,39
cross-default,39
debt-plus-shareholders,39
decrement,39
deepwater,39
defeased,39
directs,39
dispute-related,39
dmed,39
donahoe,39
doravirine,39
dusts,39
employer-sponsored,39
equip,39
ericsson,39
estradiol,39
ex-10.1,39
fabrics,39
farms,39
favors,39
fertility,39
fibrillation,39
fighter,39
floating-to-floating,39
fourth-generation,39
gas-to-liquids,39
gcla,39
gespp,39
gmns,39
hence,39
heritage,39
homepod,39
hydrogen,39
identities,39
index-based,39
inspiring,39
interest-rate,39
interfering,39
internet-friendly,39
interoperable,39
isaac,39
keurig,39
latitude,39
leukemia,39
long-zone,39
ltip,39
magnified,39
mcalester,39
mid-teens,39
mk-7264,39
mortar,39
mpca,39
multilayer,39
ncia,39
nebraska,39
negligible,39
negotiates,39
new-build,39
non-economic,39
non-segment,39
nondisclosure,39
nonlinear,39
nonlinearity,39
nv,39
nylon,39
overstocking,39
paydown,39
per-claim,39
perfect,39
piracy,39
pledging,39
populated,39
pressured,39
publicized,39
rarely,39
re-ramping,39
rebalance,39
recovers,39
remanufactures,39
respondents,39
restart,39
restock,39
retirement-,39
reusable,39
rivers,39
robbins,39
rocketdyne,39
roger,39
rogers,39
rotorcraft,39
salvage,39
shale,39
silica-related,39
slovenia,39
slr,39
split-shipments,39
stars,39
state-based,39
surrendering,39
unascertainable,39
underpinned,39
understocking,39
underwrites,39
unexpired,39
unlawfully,39
unmeritorious,39
unrivaled,39
unsubstantiated,39
utbs,39
v114,39
vacate,39
vessel,39
voters,39
wage-related,39
whole-dollar,39
wichita,39
woodbury,39
www.apple.com,39
year-round,39
1.150,38
10.04,38
10036,38
2.000,38
2052,38
2804,38
3.57,38
3.72,38
4.19,38
4.38,38
4.39,38
4.78,38
48.5,38
5.08,38
5.10,38
53.6,38
55.9,38
6.70,38
80.2,38
a2z,38
adenocarcinoma,38
aimovig,38
alerting,38
all-cash,38
allen,38
amerisourcebergen,38
anthony,38
anti-fungal,38
assignment-of-income,38
bidding,38
biennial,38
biometric,38
birth,38
booked,38
bounded,38
brand's,38
bundling,38
carry-forwards,38
catastrophe-prone,38
chi,38
cmbx,38
co-location,38
coalition-related,38
coefficient,38
comprehensively,38
configured,38
constitutional,38
conversational,38
cottage,38
credibility,38
cross-level,38
daikin,38
defended,38
disadvantages,38
disclaimers,38
distinguished,38
documentary,38
doubling,38
droughts,38
ease-of-use,38
emc,38
emphasize,38
encumbrance,38
enrolling,38
entries,38
erroneous,38
escalations,38
extinguishments,38
eyes,38
fdia,38
filer,38
filter,38
fixed-dose,38
flipkart,38
for-sale,38
forthcoming,38
frequencies,38
fungible,38
furnishings,38
garrett,38
generative,38
glasses,38
hfcs,38
hit,38
honor-all-cards,38
hyper-inflationary,38
images,38
inactivated,38
incidence-based,38
jeopardize,38
joan,38
juniper,38
kras,38
lan,38
lawrence,38
linehan,38
logos,38
low-carbon,38
meal,38
meals,38
middleware,38
moeller,38
mold,38
mro,38
multi-party,38
mvasi,38
negligent,38
ngn,38
nhl,38
nike.com,38
non-inventory,38
non-u.s.-dollar,38
northland,38
nrd,38
nvidia,38
olaparib,38
omnichannel,38
open-source,38
opt-in,38
option-implied,38
owes,38
per-occurrence,38
pollutants,38
poly,38
polymerase,38
pre-fund,38
preserved,38
provisionally,38
pump,38
real-world,38
recap,38
regards,38
riociguat,38
rios,38
russia-ukraine,38
saleable,38
scientifically,38
seasonally,38
seguros,38
sgc,38
siemens,38
sixteen,38
soluble,38
someone,38
something,38
southeastern,38
stockpiles,38
substance-over-form,38
suited,38
supervise,38
tco,38
threatening,38
ticker,38
turbo,38
unionpay,38
up-to-date,38
vaccinations,38
volume-driven,38
watchos,38
whistleblower,38
wide-body,38
zhou,38
zoster,38
0.500,37
1.250,37
1978,37
1979,37
2.950,37
2056,37
3.64,37
3.84,37
4.18,37
4.625,37
4.81,37
47.6,37
48.4,37
49.4,37
5.12,37
5.63,37
5.73,37
53.7,37
54.5,37
57.3,37
62.6,37
65.9,37
7.125,37
8.250,37
98.3,37
acuvue,37
adp-ribose,37
aladdin,37
alendronate,37
alzheimer,37
amazon-pr,37
attn,37
attracted,37
awps,37
banker,37
bevacizumab,37
blinatumomab,37
bolstering,37
bonded,37
brain,37
brussels,37
caltex,37
carolyn,37
chapek,37
charity,37
china's,37
cilastatin,37
circular,37
clusters,37
co-chief,37
co-head,37
coated,37
compensating,37
complements,37
constitution,37
contract-based,37
courier,37
cyclase,37
de-designation,37
dedesignated,37
dedesignation,37
designee,37
differentiator,37
disregard,37
easter,37
edlp,37
elective,37
enacting,37
enlargement,37
enrollments,37
equally-owned,37
esps,37
fax,37
fears,37
federation,37
first-in-class,37
fluorochemicals,37
fortinet,37
full-price,37
geo-political,37
gsjcl,37
guanylate,37
hennepin,37
hockey,37
hormone,37
hrl,37
hypercholesterolemia,37
imipenem,37
industry-standard,37
inhaled,37
inter-bank,37
interline,37
ipods,37
italics,37
janeiro,37
kiosks,37
knee,37
leap,37
massive,37
medallion,37
mid-year,37
middlesex,37
misrepresentations,37
modifier,37
monies,37
msp,37
nc,37
newspapers,37
nicaragua,37
no-fault,37
non-nutritive,37
non-votes,37
notable,37
null,37
oakdale,37
odwalla,37
onyx,37
osprey,37
outplacement,37
permian,37
personalize,37
philanthropy,37
philippine,37
pinnacle,37
pneumoconiosis,37
post-sale,37
precontract,37
propensity,37
provisioned,37
prsu,37
publicly-filed,37
pulpy,37
questioned,37
ratification,37
rationalizations,37
remarket,37
repeated,37
repel,37
resistant,37
restates,37
rocket,37
salesforce.org,37
scientific-atlanta,37
second-line,37
selections,37
selumetinib,37
simpson,37
sk-ii,37
sludge,37
small-cell,37
spa,37
superseding,37
supply-related,37
suspected,37
synthetically,37
t-7a,37
terephthalate,37
tightened,37
timeframes,37
trees,37
turnaround,37
ukrainian,37
unapproved,37
undivided,37
unix,37
urr,37
vc-25b,37
vegas,37
vivian,37
vivian.y.zhou,37
volume-adjusted,37
www.caterpillar.com,37
www.twitter.com,37
zero-based,37
0.250,36
1982,36
3.750,36
3900,36
4.71,36
4.83,36
45.2,36
5.200,36
5.700,36
52.9,36
53.5,36
55.2,36
60.2,36
64.8,36
66.7,36
67.1,36
7.300,36
93.3,36
96.0,36
accelerator,36
acquisition-,36
activists,36
advertiser,36
airways,36
alert,36
amenities,36
arguing,36
arlington,36
asbestos-,36
asset-specific,36
autoimmune,36
available-,36
ayataka,36
b-5,36
berkshire,36
biopharma,36
biopharmaceuticals,36
bondholder,36
botswana,36
bristol-myers,36
broadest,36
brotherhood,36
card-based,36
cdx,36
cid,36
cincinnati,36
cio,36
claritin,36
co-branding,36
companywide,36
correlative,36
cosmetics,36
cosopt,36
counterclaimed,36
cromwell,36
davita,36
dear,36
debenture,36
detailing,36
diners,36
directories,36
do-it-for-me,36
donut,36
draftkings,36
dyneon,36
ecek,36
else,36
end-markets,36
evolocumab,36
f5,36
fighting,36
fixes,36
freezing,36
fresenius,36
gary,36
gosselies,36
h2,36
harassment,36
hathaway,36
healing,36
hematopoietic,36
hepatocellular,36
high-grade,36
highwall,36
highway,36
honest,36
ia,36
ids,36
ihc,36
imac,36
immersive,36
in-force,36
industry-focused,36
insures,36
jbi,36
journeys,36
judges,36
keith,36
kraft,36
lightning,36
listerine,36
lrip,36
luca,36
macs,36
manic,36
maxalt,36
microsatellite,36
mk-3475,36
mk-number,36
modulators,36
morning,36
mtm,36
nation-state,36
nbc,36
non-exempt,36
non-woven,36
nonbank,36
nonredeemable,36
olysio,36
orthodontic,36
pentavalent,36
perfluorochemicals,36
pin,36
plead,36
polyfluoroalkyl,36
polyvalent,36
prefilled,36
presumed,36
price-to-book,36
prompted,36
protest,36
remuneration,36
renders,36
renumbered,36
reorganize,36
resurgences,36
risk-adjustment,36
roll-out,36
russell,36
sar,36
secondarily,36
shekel,36
singular,36
sometime,36
spill,36
state-sponsored,36
subleases,36
surveyed,36
synergistic,36
tcfd,36
teleconference,36
thor,36
trusopt,36
turbochargers,36
unleaded,36
v-number,36
vef,36
visitors,36
www.chevron.com,36
www.travelers.com,36
2069,35
2200,35
3774,35
4.73,35
4.92,35
5.54,35
55.5,35
59.0,35
7.05,35
70.3,35
7000,35
81.3,35
82.1,35
84.4,35
8610,35
abetted,35
accenture,35
adaptable,35
arpa,35
atozet,35
atypical,35
autonomy,35
avoided,35
backtesting,35
ballot,35
benefitted,35
biosense,35
black-scholes-merton,35
brick-and-mortar,35
brown,35
canceling,35
cardiac,35
cardmembers,35
census,35
centre,35
chico,35
cloud-native,35
coating,35
coatings,35
commission's,35
comp,35
cross-appeal,35
danger,35
denies,35
depositor,35
dicom,35
digestive,35
diminution,35
divestment,35
dna,35
don't,35
dosage,35
ecotaxes,35
edgar,35
einstein,35
employment-related,35
engine-powered,35
ethylene,35
evan,35
evenity,35
fantasy,35
fenner,35
fifth-generation,35
first-ever,35
flavors,35
fluralaner,35
fuze,35
genuineness,35
government-funded,35
happy,35
hetero,35
hill,35
hispanic,35
ibm's,35
ics,35
idea,35
if-converted,35
imlygic,35
impediments,35
inaugural,35
injectable,35
intel's,35
internally-developed,35
international's,35
kanjinti,35
lifting,35
lira,35
long-haul,35
looks,35
lori,35
lounge,35
low-income,35
lower-than-anticipated,35
maestri,35
materialized,35
mccaf,35
mid-single-digit,35
middle-market,35
modem,35
monopolize,35
multi-cloud,35
municipality,35
negatives,35
ninety,35
non-essential,35
non-hodgkin,35
non-us,35
nonemployee,35
nutritive,35
on-the-go,35
organizing,35
pandemic-related,35
parental,35
peace,35
pelvic,35
pierce,35
post-approval,35
preempted,35
prevalence,35
privilege,35
reassigned,35
redefining,35
redesigned,35
registrable,35
replicate,35
reuters,35
revalue,35
roa,35
ronald,35
servicer,35
shoe,35
single-rod,35
six-year,35
skype,35
sonia,35
spmsd,35
spots,35
stands,35
stick,35
struck,35
subdermal,35
summaries,35
summit,35
supervisor,35
swapping,35
syncytial,35
tolerability,35
tooth,35
tricare,35
triple-negative,35
twenty-five,35
tx,35
underfunding,35
unethical,35
unite,35
unwind,35
utv,35
value-tier,35
viewer,35
vp,35
webster,35
witnesses,35
workforces,35
www.jpmorganchase.com,35
zambia,35
2055,34
2067,34
48.1,34
5.51,34
5.875,34
51.6,34
54.0,34
60.9,34
61.9,34
640.8610,34
65.5,34
65.7,34
67.0,34
67.5,34
69.7,34
accelerators,34
acesulfame,34
acronyms,34
actelion,34
adapted,34
adobe,34
airbus,34
alza,34
amazing,34
amazon-ir,34
amazonnews,34
antidumping,34
arbitrator,34
arrangers,34
aspartame,34
augmenting,34
autism,34
ayco,34
bail-in,34
bio-accumulative,34
bovine,34
brake,34
broadened,34
c.f.r,34
cb,34
cdc,34
celebration,34
cfp,34
cherry,34
christine,34
ckd,34
claims-made,34
coinsurance,34
comedy,34
communications-based,34
company-provided,34
compositions,34
concealment,34
converged,34
corlanor,34
curvature,34
democratic,34
desirability,34
disrupting,34
distort,34
dreamliner,34
duo,34
embraer,34
emphasizes,34
endo-surgery,34
equipamentos,34
erythropoiesis-stimulating,34
eur,34
exhibit_10_1,34
extended-release,34
femur,34
ferrovi,34
flex,34
grounding,34
guselkumab,34
handles,34
hands,34
harnessing,34
harris,34
haul,34
hcv,34
headphones,34
hexavalent,34
hodgkin,34
humanitarian,34
ib,34
immunogenicity,34
insurer's,34
intelligently,34
interchangeable,34
intersection,34
ldl,34
ldl-c,34
learnings,34
leaves,34
letermovir,34
lifescan,34
litigated,34
magistrate,34
mbpd,34
medtech,34
mellitus,34
merchandiser,34
mge,34
michelle.a.scianni,34
mineral,34
ml,34
mmcfpd,34
msrs,34
multi-brand,34
multiyear,34
narrowed,34
nemours,34
nodes,34
non-principal-protected,34
nonconvertible,34
nullified,34
objectors,34
observing,34
onboarding,34
one-hour,34
overriding,34
overruns,34
p.o,34
parity,34
per-subscriber,34
pipe,34
pneumonia,34
poised,34
pre-patent,34
prevymis,34
prime-2,34
profit-sharing,34
program-related,34
prosperity,34
qs,34
quake-related,34
raltegravir,34
registrants,34
resuming,34
resurfacing,34
revalidations,34
risk-specific,34
rollover,34
saccharin,34
salon,34
scianni,34
science-based,34
secretaria,34
selects,34
self-directed,34
self-explanatory,34
seven-year,34
shrinking,34
smbs,34
softer,34
software-defined-networking,34
specialist,34
spike,34
statin,34
steve,34
stockholm,34
sub-total,34
sucralose,34
sucrose,34
thyroid,34
time-to-time,34
trastuzumab,34
unbranded,34
unilever,34
unknowable,34
unsuitable,34
upsell,34
urothelial,34
value-driver,34
value-drivers,34
vibrant,34
whereupon,34
woodward,34
workload,34
www.ibm.com,34
zoom,34
0.00001,33
0.750,33
1060,33
1471,33
1474,33
1981,33
4.31,33
4.72,33
4.76,33
4.97,33
47.7,33
47.8,33
5.76,33
50.5,33
56.7,33
6.35,33
60.1,33
6000,33
67.9,33
6825,33
69.9,33
7.38,33
71.1,33
73.7,33
88.1,33
88.9,33
abbe,33
aberrations,33
acelity,33
acetabular,33
airline-related,33
alice,33
all-in,33
amil,33
amneal,33
argued,33
asset-repackaged,33
athlete,33
atmosphere,33
attending,33
attest,33
aud,33
ba2,33
biovex,33
bms,33
boiler,33
bradway,33
brook,33
cadence,33
cadivi,33
cascade,33
caspofungin,33
cbas,33
ccg,33
cdi,33
classical,33
co-generation,33
coaches,33
comic,33
computational,33
conditionally,33
conditioner,33
conservatively,33
corporate's,33
corticosteroid,33
cost-to-cost,33
credit-,33
cultivate,33
curtailing,33
customer-imposed,33
deconsolidate,33
deferring,33
deficient,33
dexamethasone,33
dfast,33
dispensed,33
dissatisfied,33
dominant,33
donald,33
durability,33
e-privacy,33
ebola,33
ed,33
endocrine,33
epic,33
equipment-related,33
esophageal,33
fiber-based,33
frontier,33
fumarate,33
generality,33
glba,33
god,33
gorsky,33
government-owned,33
graded,33
harvesting,33
hatch-waxman,33
hawk,33
hematologic,33
higher-value,33
hoc,33
hornet,33
importing,33
income-based,33
inconvenient,33
innovators,33
insieme,33
inspiration,33
instability-high,33
italian,33
kavanaugh,33
lattice-based,33
laying,33
lenvatinib,33
lobbying,33
mechanics,33
melanie,33
meshes,33
mhz,33
michel,33
misused,33
modernized,33
monetized,33
nitesh,33
non-performing,33
non-recoverability,33
nonrefundable,33
nurturing,33
obstacles,33
one-percentage-point,33
orthopaedic,33
out-of-store,33
outlooks,33
overexploitation,33
p-8i,33
panama,33
pharmacists,33
pick,33
picking,33
post-effective,33
pre-covid-19,33
pre-establishes,33
pressurized,33
profoundly,33
prone,33
pudong,33
re-opened,33
receptor-1,33
recognizable,33
rejecting,33
researchers,33
segundo,33
sharan,33
sitme,33
slow-down,33
sluggish,33
spinal,33
standards-setting,33
strained,33
supermarket,33
sustainably,33
swoosh,33
symantec,33
temperatures,33
thing,33
three-party,33
tough,33
tylenol,33
uncertificated,33
unclaimed,33
undesirable,33
unto,33
usefulness,33
vaqta,33
veba,33
victrelis,33
webinar,33
wheatstone,33
wheels,33
when-and-if-available,33
xxviii,33
200.0,32
25.01,32
2828,32
3.41,32
300.0,32
4.300,32
4.63,32
46.9,32
5.18,32
5.800,32
5.93,32
5.96,32
50.2,32
51.9,32
52.2,32
52.3,32
54.6,32
56.1,32
6.000,32
6.550,32
69.3,32
69.6,32
7.430,32
7.93,32
8.875,32
81.5,32
81.7,32
81.9,32
82.0,32
96.1,32
abstain,32
adviser,32
aenb,32
alcatel-lucent,32
ambition,32
america-focused,32
anti-dilution,32
asmanex,32
aspire,32
attendant,32
aulani,32
bachelor,32
bandages,32
beast,32
bright,32
build-outs,32
buildup,32
buy-back,32
calamity,32
catalytic,32
clinical-stage,32
co-develop,32
co-pays,32
commoditized,32
company-run,32
constructing,32
contemplation,32
contemporary,32
cost-competitiveness,32
cpu,32
creativity,32
ct,32
debt-like,32
dedesignate,32
dedicating,32
depicted,32
deprioritized,32
deriving,32
difficile,32
disabilities,32
distinguish,32
dog,32
e-related,32
e.i,32
electronics-related,32
embraces,32
encapsulated,32
end-market,32
entry-level,32
etonogestrel,32
fixed-term,32
flights,32
for-one,32
gaskets,32
gcsg,32
gloves,32
government-imposed,32
graduates,32
guardians,32
hipaa,32
ibooks,32
implicitly,32
ingenuity,32
inhibits,32
intake,32
interstate,32
inventor,32
investor.cisco.com,32
ipads,32
iris,32
laptops,32
laser,32
leaks,32
lee,32
localize,32
locking,32
lower-than-expected,32
manipulate,32
manuals,32
masters,32
md-80,32
mdh,32
melanie.l.michel,32
men's,32
mentoring,32
milk,32
millennial,32
mined,32
motrin,32
multi-strategy,32
n.y,32
narcotics,32
node,32
non-caterpillar,32
non-publicly,32
nontaxable,32
noteworthy,32
oasys,32
onpro,32
opens,32
oper,32
outage,32
participa,32
patches,32
petropiar,32
pfcs,32
plural,32
portals,32
post-acquisition,32
pre-defined,32
pre-payments,32
proportions,32
quantification,32
quarantine,32
ramping,32
recoupment,32
reincorporated,32
relaxation,32
remeron,32
repatriating,32
reprice,32
rescheduled,32
resides,32
rivian,32
same-store,32
saphris,32
schnitzer,32
scripted,32
secular,32
sediment,32
self-assessment,32
sequence,32
shampoo,32
short-duration,32
signatories,32
single-aisle,32
skywalker,32
songs,32
spills,32
substantively,32
suggestions,32
sullivan,32
suppress,32
surfaces,32
t-1,32
tactical,32
takeda,32
theretofore,32
tokenization,32
unites,32
unliquidated,32
vacancy,32
vce,32
verticals,32
victoria,32
volcano,32
width,32
wins,32
writings,32
www.intc.com,32
10.01,31
10017,31
2057,31
232.405,31
2990,31
49.3,31
5.33,31
5.62,31
5.86,31
59.6,31
6.150,31
6.875,31
7.04,31
7.900,31
70.5,31
74.4,31
76.1,31
78.0,31
82.6,31
90.8,31
a-12,31
adaptation,31
advent,31
advisers,31
afs,31
alcohol,31
ambitions,31
anti-trust,31
azar,31
banco,31
bidder,31
biliary,31
billboards,31
blockade,31
bopis,31
bottom-line,31
budgeted,31
bypass,31
cal,31
cambridge,31
cartwright,31
celebrated,31
chairs,31
cisco.com,31
clearer,31
cliff,31
cmv,31
company_financial_report,31
completions,31
conflicted,31
converge,31
cores,31
counterfeiters,31
cox,31
credco,31
criminals,31
crohn's,31
dealogic,31
denise,31
deploys,31
dermatitis,31
digitizing,31
discretely,31
dislocations,31
dispense,31
dividends-received,31
doctrine,31
drop,31
early-to-late,31
em,31
emphasized,31
encompassing,31
ensuing,31
enthusiast,31
enzyme,31
equipped,31
ex-1.1,31
examiner,31
executory,31
expectancies,31
expresses,31
factually,31
fintechs,31
foreclosed,31
formulae,31
free-standing,31
fsoc,31
gamble's,31
garage,31
genetic,31
glue,31
graded-vesting,31
graduated,31
greater-than-expected,31
holdback,31
hr,31
iberia,31
imputation,31
inadvisable,31
inauth,31
inclement,31
insured's,31
integrilin,31
investment-,31
jackson,31
jd.com,31
jpi,31
kci,31
labo,31
lattice-binomial,31
long-duration,31
machinists,31
mcneil,31
mediastinal,31
mid-cap,31
midwest,31
mufg,31
multi-element,31
multi-use,31
musical,31
neighborhoods,31
non-taxable,31
nonprofits,31
not-yet-quantified,31
off-price,31
once-weekly,31
ophthalmology,31
osteonecrosis,31
outweigh,31
p-8a,31
paths,31
peptide,31
platinum-based,31
policy-making,31
posaconazole,31
post-tdr,31
postmenopausal,31
postponement,31
pre-tdr,31
prestige,31
prosecuted,31
quota,31
refusing,31
relocated,31
replenished,31
resin,31
rewarding,31
rig,31
sanofi-aventis,31
santander,31
santos,31
sdn,31
shaping,31
siloed,31
siri,31
smallest,31
snow,31
spice,31
stopping,31
strides,31
subscriber-based,31
sustainment,31
tackle,31
tapping,31
tata,31
thin,31
toronto,31
traction,31
trail,31
translates,31
tribes,31
trussell,31
typhoons,31
unfounded,31
v212,31
vale,31
vertically,31
village,31
walton,31
wide-area,31
withholds,31
www.amazon.com.mx,31
yards,31
you're,31
yoy,31
10179,30
2.600,30
2.800,30
2059,30
3.250,30
4.82,30
5.000,30
5.14,30
5.23,30
5.48,30
5.52,30
5.650,30
5.71,30
5.88,30
55.8,30
56.4,30
56.9,30
66.9,30
67.4,30
68.9,30
71.3,30
73.6,30
77.0,30
78.3,30
81.0,30
81.4,30
87.4,30
9.065,30
917.778,30
93.2,30
93.5,30
94.9,30
99.5,30
abated,30
adjustments-net,30
agrio,30
amazon-branded,30
appdynamics,30
aprepitant,30
asynchronous,30
atorvastatin,30
attendees,30
augmented,30
austrian,30
avionics,30
aviv,30
beets,30
benefitting,30
billable,30
bioepis,30
bombardier,30
brca,30
brett,30
bridges,30
caffeine,30
ccb,30
ceasing,30
celebrate,30
centralization,30
change-related,30
clawback,30
close-out,30
clostridium,30
co-commercialization,30
coalitions,30
commutation,30
composites,30
connaught,30
consoles,30
conspiracies,30
contemplate,30
contributory,30
conveyed,30
corning,30
corrected,30
country's,30
credentials,30
crl,30
curbside,30
cypher,30
cytomegalovirus,30
danone,30
decorators,30
deodorants,30
destroy,30
disable,30
disagreed,30
dubai,30
ecuadorian,30
eighteen,30
embargoed,30
encounters,30
enjoyed,30
equitably,30
erm,30
ethinyl,30
ex-5.1,30
expatriate,30
extra-contractual,30
facial,30
familial,30
far-reaching,30
fast-changing,30
fildes,30
filmed,30
filmmakers,30
foreclosures,30
forego,30
forgo,30
gallons,30
gbus,30
ghz,30
glenmark,30
grasslands,30
grinding,30
groupe,30
hardships,30
hedges-net,30
hormonal,30
hp,30
influences,30
inhibiting,30
ins,30
intermediates,30
invent,30
inventoried,30
investable,30
investments-debt,30
investor.apple.com,30
invoking,30
isr,30
jmalucelli,30
kate,30
kgaa,30
lae,30
lagged,30
lagging,30
lago,30
legend,30
lesions,30
lloyds,30
lm,30
local-area,30
marion,30
medians,30
mediterranean,30
merger-related,30
mlr,30
msi-h,30
multi-state,30
mutated,30
nearer-term,30
nets,30
non-accelerated,30
non-allowability,30
non-discriminatory,30
non-securitized,30
non-t,30
non-trading,30
nondollar-denominated,30
occidental,30
occupation,30
orchestrate,30
originator,30
pack,30
paused,30
perkins,30
pertains,30
petroecuador,30
plans-net,30
possessions,30
precede,30
premiere,30
prima,30
printers,30
privately-placed,30
privileged,30
prolapse,30
pub,30
redesigning,30
rems,30
repricing,30
rhinitis,30
riverside,30
sealants,30
single-sources,30
sm,30
southwestern,30
spanned,30
specializing,30
spes,30
stimulation,30
subsections,30
sugarcane,30
supercenters,30
suppression,30
swapped,30
tandberg,30
taro,30
texpet,30
thacher,30
tibor,30
topo,30
traceability,30
tracfone,30
tract,30
trade-related,30
treats,30
tri-party,30
tvos,30
ubs,30
unconstitutional,30
unstated,30
untariffed,30
wanted,30
websphere,30
welcomed,30
widen,30
wls,30
workout,30
xaas,30
10.25,29
2.250,29
2.700,29
4.67,29
4.94,29
47.9,29
4966,29
5.05,29
5.06,29
5.22,29
5.47,29
5.49,29
5.950,29
54.1,29
58.6,29
6.18,29
6.400,29
6.900,29
63.2,29
69.4,29
7.03,29
7.750,29
7.850,29
80.9,29
81.1,29
82.3,29
83.1,29
83.3,29
83.5,29
84.0,29
87.5,29
88.8,29
91.3,29
95054,29
abbott,29
acs,29
adan,29
allison,29
allowability,29
amb-1,29
ambitious,29
antipsychotic,29
atherosclerotic,29
atopic,29
avelox,29
azar.boehm,29
bancorp,29
bind,29
binomial,29
biotherapeutics,29
boehm,29
breakthroughs,29
bulgaria,29
buybacks,29
cade's,29
campion,29
carpet,29
cater,29
cbs,29
ccba's,29
celebrity,29
chambers,29
client's,29
co-op,29
codefendant,29
cohorts,29
colleague,29
compromises,29
constant-dollar,29
contemporaneous,29
contra,29
contravention,29
counter-party,29
crd,29
cubist,29
currently-available,29
cusa,29
cyclamate,29
datacenter,29
debt-plus-equity,29
debuted,29
decommissioning,29
deforestation,29
digital-first,29
dipro,29
disparities,29
disposes,29
drafted,29
dram,29
energia,29
ertapenem,29
estoppel,29
exacttarget,29
examines,29
financially-based,29
fl,29
flavored,29
flow-matching,29
foremost,29
freedom,29
gbsc-usa.com,29
gerstner,29
gnms,29
gorgon,29
guss,29
hague,29
hard-to-grind,29
hardened,29
heating,29
hernia,29
imprisonment,29
in-building,29
ind,29
indemnitors,29
instrumental,29
intensifying,29
interdict,29
invaluable,29
jd,29
kiosk,29
koroley,29
laborers,29
landfills,29
lans,29
lapping,29
large-sized,29
leah,29
leah.m.gerstner,29
leather,29
liberalization,29
liquidating,29
long-range,29
longest,29
mashinostroitelny,29
media.relations,29
midst,29
mismatches,29
mixture,29
monopolized,29
nearby,29
net-zero,29
non-standard,29
non-substantive,29
nullity,29
numerators,29
nurse,29
oig,29
oncolytic,29
optimizes,29
organizes,29
outstanding-diluted,29
pacificare,29
pah,29
passaic,29
pd,29
petroboscan,29
pneumoconjugate,29
podcasts,29
post-remediation,29
post-sales,29
pre-funding,29
pre-shipment,29
preemptive,29
probably,29
progressively,29
ramon,29
raters,29
recapitalize,29
reconstruction,29
refused,29
reits,29
rejection,29
rentable,29
residency,29
retirement-eligible,29
reveals,29
rieux,29
rigor,29
s-8,29
s.p,29
salespersons,29
sanction,29
sandy,29
scanning,29
seat,29
self-funded,29
sentences,29
serial,29
sharpen,29
sizing,29
smb,29
sood,29
spray,29
starring,29
stents,29
sub-committees,29
subcontracting,29
supporters,29
sweetener,29
syringe,29
tethered,29
theatrically,29
threads,29
thrombosis,29
torts,29
traveled,29
tyco,29
under-performance,29
undergone,29
underlyings,29
unify,29
universe,29
vacating,29
venus,29
verifiability,29
villages,29
wans,29
wild,29
wishes,29
www.investor.mcdonalds.com,29
yuzhnoye,29
zavod,29
009.2,28
1.100,28
115.0,28
15.00,28
1580,28
2095,28
3.400,28
4.700,28
4.84,28
5.19,28
5.27,28
5.400,28
5.61,28
5.625,28
5574,28
6.650,28
66.6,28
68.8,28
7.02,28
7.280,28
7.700,28
7.81,28
70.1,28
76.7,28
79.5,28
8.13,28
8.150,28
8.450,28
82.4,28
83.7,28
83.9,28
85.0,28
85.7,28
86.3,28
9.500,28
91521,28
92.7,28
96.5,28
96.6,28
abbvie,28
acumen,28
afff,28
allergan,28
alleviate,28
allotment,28
anacetrapib,28
annotated,28
aocl,28
ar,28
ashley,28
atom,28
attitudes,28
aujan,28
b1,28
backlogs,28
ban,28
bbl,28
bernstein,28
best-selling,28
beta-lactamase,28
blair,28
boats,28
bpa,28
breakeven,28
c-band,28
capitation,28
cat.com,28
categorizes,28
cats,28
cdos,28
ceos,28
clinic,28
cloudera,28
co-chaired,28
company-authorized,28
company_presentation,28
compiled,28
consumer-to-consumer,28
corporaci,28
coty,28
credit-financing,28
credit-impaired,28
credit-sensitive,28
creek,28
cups,28
cushioning,28
daubert,28
demandware,28
denominators,28
denote,28
depiction,28
determinant,28
devalue,28
digitization,28
disbursement,28
distribution-curve-based,28
double-blind,28
downloadable,28
dps,28
emerging-market,28
entrepreneurship,28
erodes,28
ex-4.1,28
expiries,28
export-import,28
fa,28
filtrete,28
firefighters,28
flame,28
float,28
forensic,28
forgiveness,28
formalized,28
formulate,28
free-to-air,28
fx-adjusted,28
gefapixant,28
genotype,28
grazoprevir,28
grievances,28
grupo,28
hands-free,28
hardlines,28
hematological,28
hibor,28
high-credit-quality,28
hummel,28
hydrochlorothiazide,28
hypothermia,28
imea,28
immune-mediated,28
in-app,28
influenza,28
informing,28
injector,28
inpatient,28
instrumentation,28
intent-based,28
interventions,28
iotg,28
item_5_03_articles_bylaws_or_fiscal_year,28
its.jnj.com,28
jassy,28
jetliners,28
kaiser,28
kirin,28
larry,28
liberty,28
lindley,28
linkages,28
login,28
loss-sensitive,28
lunar,28
malls,28
mcf,28
megawatt,28
metabolic,28
mid-range,28
modalities,28
mother,28
mutation,28
narco-related,28
narrow-body,28
nationalism,28
non-executive,28
non-global,28
non-investment-,28
non-ready-to-drink,28
non-renewal,28
non-u.s.-dollar-denominated,28
notebooks,28
noteholders,28
nueva,28
observance,28
omits,28
one-to-one,28
ordinance,28
orientation,28
outpaced,28
patel,28
pd-1,28
pegylated,28
percentile,28
perfluorooctanyl,28
pharmacokinetics,28
pirates,28
podcast,28
post-implementation,28
post-operative,28
pre-opening,28
prep,28
psc,28
psd2,28
quiet,28
regeneron,28
reproductive,28
revaluations,28
rigs,28
roads,28
root,28
safeguarded,28
saved,28
sbla,28
serum,28
solid-state,28
spouse,28
ssg,28
state's,28
struggling,28
subclinical,28
subcontracted,28
subheading,28
subsided,28
suppressed,28
takedown,28
tcpa,28
td,28
then-pending,28
tighi,28
tips,28
transports,28
traveling,28
two-day,28
typewrite,28
u.s.'s,28
unpatented,28
untreated,28
urogynecological,28
v419,28
verifying,28
video-on-demand,28
what's,28
www.honeywell.com,28
year-five,28
yellow,28
zydus,28
1.400,27
20.00,27
25.00,27
5.26,27
5.72,27
54.2,27
6.43,27
6.53,27
6.55,27
68.2,27
68.4,27
68.6,27
7.33,27
7.90,27
71.0,27
72.3,27
72.5,27
89.6,27
89.7,27
90.2,27
90.6,27
accumulate,27
acre,27
adalimumab,27
adheres,27
advertised,27
agonist,27
aix,27
algeria,27
alphabetical,27
ambiguous,27
ameliorate,27
anti-bacterial,27
apalutamide,27
attraction,27
attune,27
auris,27
aurora,27
auto-injector,27
availabilities,27
avenues,27
ba3,27
backing,27
baht,27
billion-dollar,27
blending,27
board's,27
brodalumab,27
browsers,27
browsing,27
bsa,27
buildups,27
caring,27
cc,27
ccej,27
centrifugal,27
cerazette,27
channeling,27
charities,27
cib,27
clearances,27
clearstream,27
clothing,27
co-commercialize,27
co-payments,27
comparatively,27
competence,27
compressors,27
configure,27
continents,27
contraception,27
conviction,27
cpi,27
crimes,27
cross-reference,27
customer-focused,27
dangerous,27
dataset,27
demolition,27
demonstrations,27
densification,27
depressed,27
diminishing,27
discoveries,27
dukes,27
electro,27
enterprise-grade,27
envisaged,27
equates,27
erroneously,27
ertugliflozin,27
etelcalcetide,27
etfs,27
euroclear,27
events-presentations,27
ever-increasing,27
ex-99,27
executors,27
exhibit_51,27
fast-moving,27
ferry,27
finra,27
fixed-configuration,27
fleas,27
forfeitable,27
francis,27
frictionless,27
fueling,27
fujitsu,27
fva,27
geopolitics,27
gerais,27
great-tasting,27
greening,27
ground-up,27
happened,27
heightening,27
hk,27
hnscc,27
hydrocarbon,27
hypermarkets,27
i.d,27
ideal,27
increments,27
int,27
intergovernmental,27
investors.caterpillar.com,27
isolate,27
java,27
jcb,27
jeopardizing,27
jpy,27
kenya,27
knight,27
lands,27
lcd,27
lehman,27
listings,27
log,27
loyal,27
malucelli,27
marginable,27
minas,27
minimized,27
mk-0859,27
modems,27
monopolization,27
multi-currency,27
murray,27
mvpd,27
natively,27
neoadjuvant,27
ng,27
nj,27
non-infrastructure,27
non-primary,27
non-transferable,27
noncumulative,27
nuances,27
objector,27
ocd,27
oil-derived,27
out-licensed,27
outset,27
overrides,27
patching,27
pbm,27
pepcid,27
perlet,27
pii,27
prescribers,27
proceeded,27
prosecutor,27
puget,27
pumping,27
puregon,27
ralph,27
ramifications,27
re-price,27
recitals,27
reconnaissance,27
record-keeping,27
redeems,27
redirect,27
reevaluated,27
refurbishment,27
reit,27
reorganizations,27
reputations,27
rescue,27
reserve's,27
reservoir,27
resigned,27
restraining,27
retina,27
rna,27
rote,27
routines,27
rsas,27
salvador,27
samuel,27
sanitary,27
scotland,27
sharply,27
showrooms,27
shut-in,27
snapple,27
software-based,27
specification,27
split-adjusted,27
stabilizing,27
subassemblies,27
subplan,27
substitutions,27
super-majority,27
swanson,27
sweetened,27
synergy,27
telemarketing,27
televisions,27
terminable,27
ticks,27
tracleer,27
trainers,27
tribal,27
turnarounds,27
twitch,27
unasserted,27
unconfirmed,27
van,27
vascular,27
veterinary,27
victims,27
vzv,27
wage-and-hour,27
wednesdays,27
wilkins,27
zenia.mucha,27
15.01,26
3.850,26
4.34,26
4.41,26
4.54,26
4.56,26
4.66,26
41.2,26
5.09,26
5.56,26
53.1,26
53.2,26
58.2,26
6.02,26
6.68,26
67.7,26
68.5,26
69.2,26
69.5,26
7.08,26
7.09,26
72.0,26
73.2,26
75.4,26
8.06,26
8.10,26
88.3,26
93.0,26
93.8,26
97.9,26
a-8,26
accretable,26
adjusters,26
airworthiness,26
alk,26
all-outlet,26
allegation,26
anonyme,26
apollo,26
arbitral,26
arches,26
arris,26
aspires,26
atlas,26
attaching,26
away-from-home,26
b2,26
basins,26
bell,26
benchmarked,26
biden,26
bigger,26
biologically,26
blueprint,26
bornhuetter-ferguson,26
bpw,26
c3-1,26
camp,26
canvas,26
ccbjhi,26
ccr's,26
cedes,26
championships,26
chrysotile,26
cloud-only,26
co-defendant,26
commented,26
condominiums,26
confined,26
conveniently,26
convertibles,26
copying,26
counterfeiting,26
cps,26
cross-claims,26
cross-motions,26
cross-tenor,26
curation,26
cvs,26
debtholders,26
deceased,26
delisting,26
deprive,26
disconnected,26
disintermediation,26
disqualify,26
distributable,26
doctor,26
dollar-,26
downloads,26
drill,26
dwellings,26
eip,26
elmo,26
embezzlement,26
emmy,26
enabler,26
encrypted,26
ethicon's,26
euro-,26
ex-4.2,26
faithful,26
fdii,26
fellow,26
fireside,26
firm's,26
florham,26
floridian,26
forgings,26
frontline,26
fta,26
fy21,26
g-10,26
gene,26
general's,26
ghana,26
ghg,26
gms,26
got,26
government's,26
government-backed,26
graph,26
gregory,26
grower,26
gsec,26
happen,26
head-to-head,26
helpline,26
her2,26
higher-priced,26
highs,26
hospitalized,26
hqla,26
humira,26
hydration,26
iam,26
immunex,26
inference,26
inflation-linked,26
inordinate,26
inovant,26
installations,26
instantly,26
inter-,26
inter-affiliate,26
intraday,26
intrasegment,26
invitation,26
irritability,26
item_1_01_entry_into_material_definitive_agreement,26
japan's,26
joins,26
jp,26
jpmorganchase,26
judith,26
jungle,26
lancaster,26
leak,26
levaquin,26
levy,26
lexington,26
lines-of-credit,26
lisa,26
listeners,26
long-lead-time,26
m.d,26
ma,26
mach3,26
mboepd,26
mentor,26
miami,26
minn,26
misapplied,26
misdemeanor,26
model-based,26
moisture,26
mono-line,26
monopoly,26
monte-carlo,26
movable,26
multi-day,26
multicloud,26
murphy,26
n.j.--,26
n.m,26
nanometer,26
nationality,26
nbcu,26
nds,26
nickel,26
nielsen,26
nominate,26
non-defense,26
non-disclosure,26
non-expiring,26
nonmalignant,26
nonunion,26
nsg,26
oath,26
odanacatib,26
onshore,26
oppositions,26
out-of-network,26
packet,26
passcode,26
patterson,26
payoff,26
penny,26
performance-related,26
pharm,26
plan-by-plan,26
portland,26
positional,26
postal,26
pre-approved,26
premium-related,26
prepaids,26
prevents,26
protectionism,26
ranches,26
realigning,26
rehypothecated,26
reinsures,26
relators,26
repossession,26
resource-intensive,26
royalty-based,26
rss,26
rwa,26
s3,26
scotchgard,26
sever,26
sided,26
sized,26
snack,26
softbank,26
spouses,26
stimulating,26
strokes,26
structurally,26
sub,26
subparagraph,26
suffolk,26
supply-and-demand,26
syndications,26
system-wide,26
tanker-charter,26
taped,26
taxpayers,26
terrorists,26
top-selling,26
transcriptase,26
trending,26
truste,26
turned,26
uk-based,26
uncorrelated,26
uncovered,26
underlie,26
unintentional,26
unocal,26
unrecorded,26
urge,26
user-friendly,26
viceland,26
vorapaxar,26
wafers,26
wear,26
wherewithal,26
wonder,26
worms,26
www.investor.jnj.com,26
www.verizon.com,26
0.650,25
1.800,25
101.1,25
13.00,25
1549,25
1720,25
17200,25
1926,25
2.300,25
2.400,25
20.01,25
2062,25
3.450,25
35.00,25
4.050,25
4.27,25
4.28,25
4.68,25
4.96,25
4064,25
5.34,25
6.03,25
6.45,25
6.58,25
66.44,25
71.4,25
75.1,25
78.8,25
79.3,25
79.6,25
80.4,25
83.4,25
83.8,25
84.3,25
86.0,25
86.4,25
86.5,25
93.6,25
95.5,25
957.6,25
99.9,25
abrupt,25
absorbing,25
activism,25
adapts,25
adjourn,25
aerosystems,25
anderson,25
aquarius,25
assembling,25
astellas,25
atherosclerosis,25
back-end,25
bacteria,25
band-aid,25
bebidas,25
ben,25
beps,25
binds,25
blind,25
bluetooth,25
blur,25
brrd,25
business-as-usual,25
button,25
bv1,25
calhoun,25
carboplatin,25
cattle,25
celador,25
chang,25
chesler,25
chevrontexaco,25
chl,25
circulation,25
citizenship,25
claim-to-claim,25
commercializes,25
complementing,25
conclusively,25
confer,25
contends,25
contexts,25
copayment,25
cordova,25
countermeasures,25
credit-based,25
criterion,25
cross-functionality,25
debates,25
dietary,25
digitalization,25
diverge,25
dpp-4,25
dss,25
duato,25
emphasizing,25
endometrial,25
endorser,25
entrepreneurial,25
estonia,25
examiners,25
exhibition,25
expense-net,25
expense-to-revenue,25
explosion,25
extortion,25
familiarity,25
fatca,25
feeds,25
field-programmable,25
finals,25
five-step,25
flight-test,25
fly,25
forfeit,25
founders,25
fpga,25
fpgas,25
fuel-efficient,25
functionalities,25
fze,25
g-sibs,25
g20,25
genomic,25
gerlt,25
gone,25
grades,25
hart-scott-rodino,25
hastened,25
ifrs,25
implicated,25
in-1,25
inequitable,25
inevitably,25
informative,25
ing,25
injury-related,25
instrumentality,25
intelence,25
intercontinental,25
interval,25
intraperiod,25
iowa,25
ipl,25
irreparable,25
ischemic,25
katie,25
kc-767,25
kroger,25
latam,25
libraries,25
lilly,25
lipoprotein,25
liquidator,25
listening,25
lithuania,25
loan-level,25
loja,25
mcdonnell,25
med,25
merkel,25
merla,25
microorganisms,25
midpoint,25
mindset,25
miss,25
morbidity,25
morocco,25
motivated,25
msn,25
nectars,25
netflix,25
no-calorie,25
noble,25
non-bottling,25
non-company-owned,25
noninterest,25
nonresidential,25
ola,25
onboard,25
outstanding-basic,25
overcharges,25
panels,25
pari,25
passu,25
patricia,25
pause,25
person-to-person,25
placebo-controlled,25
plea,25
policyholder-by-policyholder,25
polypropylene,25
pop,25
poppins,25
ppp,25
production-type,25
profound,25
programmers,25
proteins,25
protested,25
rainy,25
raymond,25
re-election,25
reaffirms,25
really,25
reassign,25
rebound,25
receptivity,25
redeployment,25
rejoice,25
relebactam,25
remediations,25
repos-,25
reposition,25
repossessed,25
respected,25
resseguros,25
retainer,25
revealed,25
reverses-to-maturity,25
richer,25
ridgeback,25
robin,25
rooted,25
s-4,25
salesforce's,25
saves,25
sec-filings,25
seed,25
self-published,25
seoul,25
shine,25
shocking,25
signaled,25
skidders,25
snacks,25
soco,25
son,25
spends,25
split-off,25
sub-categories,25
subcommittee,25
suplementar,25
supply-chain,25
synchronized,25
taipei,25
thums,25
tobago,25
tokens,25
topline,25
tortious,25
travelers-institute,25
trinidad,25
ts,25
u.k.'s,25
undertook,25
unnamed,25
ur,25
urology,25
venous,25
verquvo,25
vip,25
virnetx,25
visas,25
waxes,25
weekdays,25
weightings,25
www.unitedhealthgroup.com,25
zyrtec,25
0.305,24
1.950,24
10.12,24
10019,24
118.1,24
1900,24
2.850,24
3.200,24
4.0000,24
4.125,24
4.99,24
5.32,24
5.39,24
55.7,24
6.33,24
6.60,24
6.61,24
69.8,24
7.14,24
71.5,24
71.9,24
73.4,24
74.7,24
76.4,24
77.2,24
78.4,24
79.0,24
81.2,24
81.8,24
82.8,24
89.5,24
9.06,24
9.25,24
91.4,24
92.0,24
94.2,24
97.3,24
acc,24
acceptances,24
acknowledgement,24
adam,24
adsorbents,24
advocated,24
after-market,24
aggravation,24
ai-driven,24
aisle,24
alumni,24
amazon-owned,24
animas,24
antagonists,24
anti-dumping,24
approximating,24
architects,24
armenia,24
arnold,24
artists,24
asrs,24
austin,24
author,24
awm,24
backbone,24
backstop,24
bh2,24
biofuels,24
biomechanics,24
biotechnology-derived,24
boring,24
bought,24
bpcia,24
bricm,24
bundles,24
bus,24
business's,24
cabin,24
candy,24
care-related,24
caregivers,24
ceramics,24
cigna,24
cilag,24
citing,24
clicks,24
client-specific,24
clos,24
club's,24
co-variance,24
cobicistat,24
cola-flavored,24
collaborated,24
communicates,24
como,24
company-funded,24
conditioners,24
consumer-centric,24
contra-revenue,24
contravene,24
correspondent,24
cost-of-capital,24
cross-selling,24
cushions,24
cyclones,24
dalian,24
dcma,24
defamation,24
departures,24
derecognize,24
disconnect,24
doesn't,24
donate,24
dpep,24
drama,24
du,24
dually,24
duracell,24
earnout,24
ec's,24
eight-year,24
elderly,24
employee's,24
emulating,24
equivalence,24
eroded,24
esop's,24
esrd,24
ethiopian,24
exchangeability,24
excitement,24
falsification,24
favored,24
favorites,24
fee-splitting,24
floors,24
folding,24
forward-starting,24
fructose,24
fruits,24
fuertes,24
furloughs,24
gardens,24
glycemic,24
glynn,24
governor,24
graduate,24
grey,24
guaranteed-cost,24
guarantors,24
hacktivists,24
handlers,24
heavier,24
hudson,24
ibors,24
idi,24
imminent,24
implicate,24
insomnia,24
insulate,24
interest-only,24
introductory,24
intron,24
isn't,24
ivabradine,24
jeetu,24
jjdc,24
jjvci,24
kabi,24
kejuan,24
lakes,24
latham,24
lauren,24
lending-related,24
levies,24
limited-time,24
loading,24
lodged,24
loss-based,24
loved,24
macintosh,24
madrid,24
maleficent,24
marcellus,24
mention,24
metastases,24
mild-to-moderate,24
mobileye,24
msr,24
multi-product,24
multilayered,24
multiply,24
mwpca,24
myriad,24
narrow-scope,24
nautical,24
neurosciences,24
non-active,24
non-asset-based,24
non-objection,24
novell,24
offenses,24
opec-member,24
ortho-mcneil-janssen,24
orthopedists,24
paces,24
parked,24
parte,24
pass-through-securities,24
pcsk9,24
pe,24
perfluorochemical,24
physiology,24
piece,24
platinum-containing,24
playoffs,24
playspan,24
podiatrists,24
policyholder's,24
polish,24
post-transaction,24
potent,24
ppb,24
preside,24
previously-announced,24
pride,24
princess,24
proponents,24
proves,24
pto,24
purified,24
question-and-answer,24
rebetol,24
refiners,24
regain,24
registrars,24
remodel,24
remodeled,24
rented,24
replenish,24
researching,24
restatements,24
ride,24
robyn,24
rogue,24
rojenkin,24
roman,24
rsa,24
s-3asr,24
sasb,24
saying,24
scan,24
schweppes,24
second-injury,24
security-related,24
segmented,24
selexipag,24
self-insureds,24
shock,24
showcasing,24
sk,24
slows,24
social-media.html,24
solving,24
sony,24
speaker,24
specialties,24
sql,24
stair,24
stratification,24
sutures,24
swiffer,24
taxable-equivalent,24
text-messaging,24
themed,24
therakos,24
ton,24
tony,24
trying,24
tunnel,24
ucb,24
universally,24
unoccupied,24
unpopular,24
unsolicited,24
upstream-related,24
vectors,24
versailles,24
volunteering,24
volunteers,24
wash,24
watching,24
waterfront,24
watkins,24
weddings,24
wellhead,24
widely-used,24
windstorm,24
wing,24
woman,24
work-related,24
yachts,24
10.10,23
119.6,23
13.15,23
1890,23
2098,23
252.81,23
3.350,23
3.550,23
3.900,23
3000,23
382.1,23
4.77,23
5.125,23
5.21,23
5.250,23
5.38,23
5.69,23
5.87,23
5.99,23
59.34,23
6.32,23
6.46,23
6.65,23
6.84,23
6.88,23
652478,23
652482,23
66.3,23
69.1,23
7.24,23
7.29,23
7.30,23
70.4,23
71.8,23
72.8,23
72.9,23
75.0,23
76.6,23
78.5,23
78.6,23
83.0,23
85.36,23
86.1,23
87.2,23
90.0,23
90131,23
91.9,23
92.4,23
95.3,23
99.4,23
99.8,23
abi,23
abide,23
acacia,23
adjacencies,23
adjournment,23
admired,23
aires,23
alike,23
all-inclusive,23
allergies,23
alltel,23
alternate-energy,23
apple.com,23
aqua-chem,23
ar9,23
arrival,23
asset-,23
at-will,23
au2,23
beer,23
benzene,23
bhcs,23
biosurgery,23
bispecific,23
bryant,23
bsf,23
business-critical,23
canton,23
card-not-present,23
cart,23
cartridges,23
centric,23
chemistries,23
cheque-related,23
children's,23
citrix,23
classroom,23
cleaver-brooks,23
co-ceo,23
code-named,23
coincidental,23
conditioning,23
conduits,23
consultative,23
content-based,23
correlates,23
corridors,23
cost-cutting,23
cr,23
cross-product,23
cs,23
cyber-security,23
cycling,23
da,23
datacenters,23
dean,23
debt-to-income,23
deliberate,23
deplete,23
dispensers,23
dissolved,23
dist,23
distances,23
distinctions,23
dmc,23
documenting,23
drawings,23
dvc,23
early-termination,23
eased,23
ejection,23
elbasvir,23
electrification,23
enablers,23
equation,23
events-and-presentations,23
exchange-quoted,23
excused,23
exhibit_11,23
exhibit_42,23
expended,23
experiential,23
fast-growing,23
fixed-interest,23
foresees,23
fourteen,23
fowler,23
frade,23
fragmentation,23
freighters,23
fully-diluted,23
furnaces,23
fwa,23
g's,23
genital,23
germline,23
glaxosmithkline,23
ground-engaging,23
gsbs,23
gses,23
guardian,23
h.r,23
haa3,23
hab1,23
hac9,23
hae5,23
haf2,23
hah8,23
hallmark,23
hap0,23
haq8,23
har6,23
has4,23
hat2,23
hau9,23
hav7,23
haw5,23
hax3,23
hay1,23
haz8,23
hba2,23
hbb0,23
hbc8,23
hbd6,23
hbe4,23
hbf1,23
hbg9,23
hbh7,23
hbj3,23
hbk0,23
hbl8,23
hbm6,23
hbn4,23
hbp9,23
hbq7,23
hbr5,23
hbs3,23
hbt1,23
hbw4,23
hbz7,23
hca1,23
hcb9,23
hcd5,23
hewlett,23
high-spending,23
highly-compensated,23
hindered,23
hinds,23
i.v,23
iba,23
idled,23
impartial,23
impax,23
imperative,23
influential,23
inhibited,23
insertion,23
invites,23
islatravir,23
j.d,23
janssen-cilag,23
jetblue,23
joe,23
justify,23
kennedy,23
krishna,23
lantau,23
latvia,23
leading-market,23
legending,23
lg,23
line-of-sight,23
liquors,23
location-based,23
locomotive,23
lymphoblastic,23
macitentan,23
mad,23
malfunction,23
malo,23
mans,23
mba,23
mcba,23
mcbas,23
meat,23
metropolitan-area,23
mgm,23
mifid,23
minds,23
minimally,23
miramax,23
mismanagement,23
mk-1026,23
mobilizing,23
montelukast,23
msci,23
multi-jurisdictional,23
musicians,23
n.e,23
narrows,23
newswire,23
nikkei,23
non-criticized,23
non-guarantor,23
non-inferiority,23
non-opioid,23
non-renew,23
non-usd,23
nonbillable,23
nonsquamous,23
nopas,23
noramco,23
now-settled,23
offtake,23
onsite,23
opportunistically,23
optimally,23
other-as-a-service,23
overlap,23
packard,23
packs,23
para,23
payment-related,23
pgt,23
pioneering,23
plains,23
plaintiff's,23
pmbcl,23
point-in-time,23
polymers,23
post-contract,23
prabhu,23
prefunding,23
prefunds,23
presided,23
preview,23
promulgate,23
prorated,23
qualcomm,23
quarter's,23
questionnaire,23
quincey,23
quite,23
races,23
railcar,23
ratify,23
raytheon,23
reallocating,23
rebecca,23
reclassifying,23
recused,23
reg,23
reimbursing,23
reinforces,23
reinstate,23
resales,23
resection,23
resets,23
restoring,23
retrofit,23
retrofits,23
revalues,23
ribavirin,23
risk-sharing,23
robotic,23
rule-setting,23
s.a.r.l,23
sales-driven,23
sanofi-pasteur,23
saskatchewan,23
sch,23
schering,23
sean,23
second-half,23
segment-average,23
segregates,23
spacer,23
spark,23
specialize,23
spencer,23
stan,23
stent,23
subcontracts,23
sulfur,23
talcum,23
tampax,23
tarnished,23
te,23
telemedicine,23
telephony,23
temodal,23
teneobio,23
thirty-six,23
thompson,23
thromboembolism,23
tia,23
u65249am3,23
u88803aa6,23
u88803ab4,23
u88803af5,23
underestimating,23
unforeseeable,23
unit-specific,23
untaxed,23
usdc,23
vaccinated,23
variable-interest,23
vasant,23
vedotin,23
walmex,23
wants,23
well-controlled,23
wise,23
wood,23
www.merck.com,23
10.00,22
10.30,22
126.0,22
128.8,22
161.8,22
1892,22
1919,22
2053,22
382.2,22
4.450,22
4.91,22
48.00,22
5.31,22
5.42,22
5.81,22
5.91,22
5.98,22
6.05,22
6.06,22
6.22,22
6.37,22
6.44,22
6.62,22
6.82,22
60606,22
6500,22
66.4,22
7.91,22
7.99,22
70.2,22
70.8,22
70.9,22
72.7,22
73.0,22
79.1,22
79.4,22
84.2,22
87.0,22
87.7,22
88.2,22
9.36,22
91.0,22
91320,22
92.5,22
94.3,22
94.5,22
97.8,22
abnormally,22
above-prime,22
accorded,22
acquiree,22
acquisition-date,22
activating,22
activist,22
amb-2,22
amp,22
anatomy,22
antigen,22
antihistamine,22
apartment,22
apremilast,22
architected,22
arizant,22
as-needed,22
asa,22
asco,22
asda's,22
aseptic,22
assimilate,22
aurobindo,22
awakens,22
barr,22
behind-the-scenes,22
bendix-related,22
bias,22
blends,22
blum,22
boceprevir,22
bore,22
boundary,22
btg,22
buenos,22
c4isr,22
cac,22
calendars,22
campuses,22
carter,22
cartons,22
cash-generating,22
ccbss,22
cdo,22
cdp,22
characterizes,22
chenault,22
christmas,22
circuit-based,22
clearwire,22
client-driven,22
closed-form,22
co-investment,22
collaborates,22
commercials,22
constipation,22
contended,22
contra-equity,22
contract-related,22
cost-per-claim,22
cost-saving,22
country-by-country,22
craig,22
cross-acceleration,22
crown,22
crucell,22
custodians,22
cv,22
dairy-based,22
daptomycin,22
debut,22
delegation,22
deleted,22
derecognizing,22
detroit,22
dilutables,22
diphtheria,22
diplomatic,22
disparity,22
dmcc,22
downgrading,22
downloaded,22
drum,22
dsl,22
electrified,22
elena,22
encompassed,22
encumbrances,22
enormous,22
entitling,22
ever-changing,22
evidences,22
evolutionary,22
exchanging,22
explaining,22
facie,22
fallon,22
fantastic,22
fatal,22
fdca,22
fever,22
fireeye,22
firewalls,22
fluorspar,22
formoterol,22
fosamac,22
fossil,22
fragrance,22
fragrances,22
freestanding,22
front-end,22
fy20,22
fy23,22
g.d,22
glargine,22
gores,22
gov't,22
graft,22
graham,22
grapefruit,22
grocers,22
grosso,22
grumman,22
heidi,22
her2-negative,22
heretofore,22
himself,22
hindsight,22
hmos,22
homedepot.com,22
huge,22
hyperlipidemia,22
illicit,22
imfs,22
impermissible,22
inapplicable,22
india's,22
information-based,22
installers,22
interconnectivity,22
interfered,22
intervened,22
inventing,22
ip-based,22
jjci,22
jpi's,22
julie,22
kerri,22
kerri.s.bernstein,22
km,22
kurtosis,22
lacc,22
laches,22
lessons,22
lewis,22
local-,22
localizing,22
logmein,22
lohas,22
lubricating,22
luvs,22
maa,22
macedonia,22
mcrpc,22
media-relations,22
mesa,22
mi,22
mid-a,22
mild,22
mk-0822,22
mk-1242,22
mlrs,22
moldova,22
monaco,22
montenegro,22
moot,22
motorist,22
muscle,22
nation-states,22
non-competition,22
non-rounded,22
noninfringement,22
nonstrategic,22
northrop,22
objecting,22
obstructive,22
offsite,22
ois,22
once-a-day,22
onj,22
oppenheimer,22
organisms,22
over-funded,22
paran,22
penn,22
peril,22
personal-injury,22
pfc,22
phosphate,22
pilots,22
pittsburgh,22
plano,22
platform-as-a-service,22
plethora,22
pre-approval,22
precludes,22
preempt,22
preforms,22
pressing,22
pressroom,22
principal-,22
proton,22
psg,22
quotient,22
rationally,22
readability,22
recalculated,22
reciprocal,22
recordings,22
redbox,22
refinements,22
reiterated,22
rejects,22
relay,22
relentlessly,22
remarkable,22
rembrandt,22
reshaped,22
reshaping,22
restored,22
reverts,22
rotation,22
rsns,22
rulemakings,22
s.p.a,22
salons,22
sas,22
scarcer,22
schiller,22
searle,22
sentiments,22
serbia,22
shopper,22
shower,22
sichuan,22
single-sourced,22
skewness,22
sls,22
societies,22
software-revenue,22
staffed,22
stipulate,22
store's,22
sub-processes,22
subpart,22
subs,22
subsides,22
suggesting,22
sulfate,22
swimming,22
tanabe,22
temozolomide,22
tenofovir,22
tetanus,22
thomson,22
thoughts,22
three-quarters,22
tivoli,22
topical,22
toxicology,22
tradename,22
trainer,22
twenty-four,22
twenty-one,22
two-sided,22
uc,22
ultrabook,22
understatement,22
unopposed,22
unsatisfactory,22
unwillingness,22
vaseretic,22
vasotec,22
vendor-reported,22
versatile,22
vials,22
victim,22
villas,22
wac,22
wg,22
widened,22
wing-tips,22
withdraws,22
workshops,22
world-wide,22
wraps,22
xico,22
xxix,22
1.700,21
10.56,21
109.9,21
12.25,21
126.5,21
127.1,21
137.5,21
139.8,21
1807,21
1967,21
2.450,21
2.650,21
22.68,21
4.57,21
5102,21
6.08,21
6.38,21
67.6,21
7.06,21
7.375,21
75.6,21
77.4,21
8.000,21
802.11,21
86.9,21
89.0,21
9.05,21
90.3,21
94.1,21
98.7,21
ablation,21
adulterated,21
aetna,21
alexia,21
allies,21
ample,21
analgesics,21
androgen,21
angus,21
ant-man,21
anti-takeover,21
apology,21
aqua-chem's,21
arm's-length,21
armor,21
armour,21
asbca,21
ascorbic,21
aspiration,21
assortments,21
audible,21
axitinib,21
bankable,21
bemarituzumab,21
besides,21
bing,21
blackouts,21
blinded,21
blinds.com,21
bridging,21
build-to-order,21
build-to-stock,21
bullet,21
businesspeople,21
bypassing,21
calories,21
canyon,21
capital-related,21
caramel,21
caruso,21
caspian,21
cdt,21
cease-and-desist,21
ceftolozane,21
cencoex,21
cfowler3,21
champion,21
chesleigh,21
citric,21
civilian,21
colombian,21
commoditization,21
convictions,21
corifollitropin,21
county-by-county,21
covenanted,21
coverings,21
crr,21
crudes,21
cryptocurrencies,21
cupertino,21
customer-authorized,21
cutaneous,21
dax,21
deportes,21
dev,21
devoting,21
dificid,21
directorships,21
disablement,21
discouraging,21
dishonesty,21
disincentive,21
displacements,21
distracted,21
divergent,21
dominic,21
donating,21
dot,21
double-digits,21
drapes,21
dreamliners,21
dynix,21
e-books,21
earplugs,21
ecotax,21
editors,21
ee,21
elapsed,21
embargo,21
estate-related,21
exams,21
exhibit_41,21
exogenous,21
fairy,21
feels,21
fg,21
finder,21
fixed-to-fixed,21
flavor,21
forgive,21
fracturing,21
freestyle,21
full_filing,21
fun,21
g-csf,21
grain,21
greek,21
gt,21
guaranteeing,21
guinea,21
hands-on,21
held-for-investment,21
horses,21
html,21
humidification,21
hydrogel,21
hyperparathyroidism,21
impairs,21
importers,21
impressive,21
impute,21
in-country,21
incoming,21
infineon,21
ingenix,21
inorganic,21
instantaneously,21
intas,21
inter-regional,21
internet-enabled,21
inventoriable,21
isvs,21
j.s.c,21
kc-46,21
kent,21
kftc,21
kickbacks,21
krona,21
lanka,21
lent,21
leonard,21
libor-linked,21
lingering,21
liquefy,21
livingsocial,21
low-sulfur,21
mak,21
mammalian,21
manville,21
mb,21
methoxsalen,21
mexico's,21
mid-2014,21
midland,21
milam,21
min,21
minnetonka,21
mite,21
mk-1439,21
mk-8189,21
molnupiravir,21
morgan-east,21
mrs,21
multi-platform,21
multifaceted,21
murder,21
neutralize,21
no-surcharge,21
non-accruals,21
non-qualifying,21
nursing,21
obligors,21
optane,21
orally-administered,21
organization's,21
orleans,21
out-of-sequence,21
outline,21
outperformance,21
p2p,21
pantry,21
payback,21
pccg,21
per-,21
per-unit,21
persistence,21
persistently,21
phosphoric,21
physician-administered,21
playdom,21
pmt,21
pooling,21
portables,21
powdered,21
prednisone,21
pregnancy,21
preladenant,21
preparations,21
providence,21
purcell,21
q21,21
quip,21
ranks,21
rcra,21
re-examine,21
re-insurance,21
re-open,21
recusal,21
refrigeration,21
registering,21
registries,21
replenishing,21
repudiated,21
resells,21
revenue-raising,21
revolutionary,21
rfid,21
rice,21
rings,21
risk-mitigation,21
safety-related,21
sandra,21
sarah,21
sco,21
scotch,21
sec.cfm,21
secfilings,21
self-insures,21
senior-level,21
sequent,21
shelter,21
similarities,21
sivextro,21
spurious,21
starent,21
states-ecuador,21
steviol,21
stover,21
streamed,21
styled,21
subsidize,21
suites,21
surcharged,21
suspensions,21
symposium,21
syracuse,21
t's,21
tarnish,21
tazobactam,21
technologist,21
tengiz,21
textile,21
timetable,21
toothbrush,21
torrent,21
trans-european,21
transceivers,21
transporters,21
ty,21
ubiquiti,21
ucs,21
ultrasound,21
uncontrollable,21
unixware,21
utilities-style,21
uvadex,21
uvar,21
vector,21
walking,21
watches,21
weaver,21
well-designed,21
wideband,21
wireless-enabled,21
wksi,21
xpoint,21
xts,21
xxx,21
zapolsky,21
1.447,20
10.43,20
104.3,20
108.0,20
110.0,20
112.5,20
118.5,20
1841,20
1976,20
2093,20
210.3,20
2455,20
252.82,20
30.00,20
30339,20
4.74,20
4.87,20
5.41,20
5.97,20
6.21,20
6.345,20
6.93,20
6.94,20
6.98,20
6250,20
72.1,20
72.6,20
74.9,20
75.3,20
77.1,20
77.7,20
78.7,20
8.08,20
8.14,20
83.2,20
84.1,20
85.3,20
85.6,20
8710,20
9.03,20
accomplishments,20
accreditation,20
aetn,20
affiliation,20
agendas,20
agent's,20
allergen,20
alters,20
amjevita,20
anheuser-busch,20
ankylosing,20
antihistamines,20
ap,20
arbitrary,20
arqule,20
astro,20
atsdr,20
avaya,20
back-to-school,20
backhaul,20
bctm,20
bergen,20
bermekimab,20
bfi,20
biodegradable,20
bite,20
bmw,20
bolstered,20
brigade,20
brocade,20
broke,20
broker-to-broker,20
buckminster,20
cargoes,20
catarina,20
cbp,20
cet,20
charted,20
clark,20
classifying,20
clock,20
closeout,20
cmv-seropositive,20
co-owned,20
co-payment,20
co-production,20
cogent,20
commodity-related,20
community-based,20
conscious,20
controversial,20
convicted,20
cpus,20
crop,20
ctv,20
custodial,20
datasets,20
defraud,20
delighted,20
dex991.htm,20
diagnoses,20
disadvantaged,20
displaced,20
disseminating,20
divide,20
downstream-related,20
dreamworks,20
drive-thru,20
dso,20
dublin,20
duke,20
duplicating,20
edward,20
eldon,20
elizabeth,20
energized,20
enjoined,20
entity-wide,20
epithelial,20
equate,20
erenumab-aooe,20
errata,20
exacerbating,20
executions,20
exempts,20
fa-external-link,20
fabless,20
factor-2,20
fallback,20
fan,20
fasteners,20
fire-dex,20
first-of-its-kind,20
food-grade,20
force.com,20
forgiven,20
formulates,20
fsi,20
gartner,20
gateways,20
gb,20
gear,20
genentech,20
genie,20
gigahertz,20
glycosides,20
h.15,20
h1n1,20
habit,20
haemophilus,20
happens,20
heinz,20
herceptin,20
heterozygous,20
hills,20
hollywood,20
honduras,20
honeywell.com,20
hotline,20
hpv-related,20
hta,20
hyperactivity,20
hypoxia-inducible,20
ian,20
illegality,20
imagination,20
imfinzi,20
impactful,20
incarceration,20
individualized,20
insulating,20
inter-continental,20
interchangeability,20
interconnects,20
international-based,20
internationally-based,20
internships,20
intl,20
iraqi,20
jamie,20
japa,20
jpmorganchase's,20
juarez,20
k-a,20
kathy,20
kellogg,20
kyndryl,20
layoff,20
lcds,20
lcdx,20
leith,20
line-up,20
lithography,20
localities,20
lock-in,20
losartan,20
lower-rated,20
lupus,20
luxury,20
malaysian,20
marine-,20
mateo,20
mcneil-ppc,20
mcnuggets,20
mcr,20
mealtime,20
merchantability,20
microarchitecture,20
mindful,20
mk-6482,20
moderna,20
molestation,20
multi-seller,20
multichip,20
mwm,20
myers,20
n95,20
nbsp,20
near-exclusive,20
netbooks,20
neurofibromatosis,20
newly-launched,20
no-software,20
nols,20
non-affiliated,20
non-ibm,20
non-rated,20
non-sedating,20
noncapitalizable,20
nonowner,20
nopat,20
nordics,20
northfield,20
oceania,20
odorless,20
ohio-based,20
operationally,20
orlando,20
outpace,20
outperform,20
paclitaxel,20
pascagoula,20
pay-for-performance,20
pbrsu,20
peginterferon,20
pfc-containing,20
pharmacyclics,20
pmpm,20
police,20
polycom,20
polyester,20
possessors,20
precursors,20
procure-to-pay,20
protease,20
puma,20
qatar,20
qualitatively,20
quantitatively,20
quarrying,20
quarterly-results,20
rcc,20
re-approved,20
reaffirming,20
rebounded,20
recouped,20
recuse,20
recyclability,20
reed,20
reelection,20
reinvent,20
relieva,20
repo,20
reservations,20
restrain,20
restraint,20
right-to-use,20
ringgit,20
risen,20
risk-benefit,20
risk-managed,20
risk-share,20
rituximab,20
riverbed,20
rometty,20
roofs,20
ross,20
rsv,20
scf,20
sclc,20
scrap,20
searching,20
seconds,20
self-checkout,20
service-based,20
sglt2,20
shin,20
sick,20
siding,20
single-use,20
smfg,20
smoothie,20
sotorasib,20
sovereignty,20
specializes,20
speech,20
spondylitis,20
springs,20
src,20
stadium,20
standardizes,20
standards-based,20
statutorily,20
stored-value,20
strange,20
stratus,20
studying,20
subcategories,20
sublingual,20
sugar-sweetened,20
supercenter-type,20
suvorexant,20
sync,20
t-cell,20
tasteless,20
teachers,20
textiles,20
three-months,20
transaction-by-transaction,20
transparently,20
ufc,20
unavoidable,20
uniqueness,20
unwinding,20
v937,20
ventilation,20
voluminous,20
walker,20
walmex's,20
warehouse-style,20
water-related,20
webinars,20
weighing,20
well-recognized,20
wifi,20
wigfall,20
workstation,20
www.amazon.co.jp,20
www.amazon.co.uk,20
www.amazon.de,20
www.amazon.fr,20
xbiotech,20
xiamen,20
zootopia,20
0.350,19
1.025,19
10.39,19
100.5,19
102.3,19
110.7,19
111.3,19
112.0,19
12.31,19
1350,19
155.0,19
18.00,19
2054,19
3.050,19
5.150,19
5.37,19
5.43,19
5.68,19
50.00,19
56.3,19
6.28,19
6.56,19
6.72,19
650.0,19
7.07,19
70.6,19
71.2,19
71.6,19
71.7,19
72.4,19
74.2,19
75.7,19
78.2,19
8.12,19
8.16,19
8.46,19
84.7,19
86.8,19
87.9,19
88.0,19
88.5,19
88.7,19
89.1,19
89.4,19
9.08,19
92.1,19
92.3,19
92.9,19
95.7,19
96.3,19
97.4,19
99.7,19
a.g,19
accumulator,19
adams,19
alexa-enabled,19
alios,19
ands,19
anne,19
annulled,19
anti-submarine,19
aol,19
appealable,19
asenapine,19
asymptomatic,19
atms,19
attackers,19
autologous,19
ballistic-protection,19
belongs,19
benign,19
bentonville,19
bezlotoxumab,19
blade,19
bleeding,19
bodfs,19
broadcasters,19
bunchers,19
burdened,19
cadila,19
cam,19
capsules,19
caselaw,19
cceag,19
centrality,19
chairmen,19
childhood,19
chloride,19
cipla,19
cjeu,19
clicksoftware,19
clo,19
cloud-first,19
cmbs,19
co-fund,19
co-marketing,19
co-ops,19
coca-cola.com,19
compiler,19
concomitant,19
consultations,19
coverage-in-place,19
cracker,19
cravath,19
cross-guarantee,19
cuba,19
culpability,19
cummins,19
currency-indexed,19
curriculum,19
de-designating,19
dea,19
debt-to-capitalization,19
decarbonization,19
densifying,19
departmental,19
depreciate,19
dew,19
dgcl,19
dial-in,19
die,19
dihydrate,19
dipeptidyl,19
directionally,19
directorate,19
disclaim,19
discounters,19
discreet,19
discs,19
disinfecting,19
disparagement,19
dredging,19
dry-dock,19
duty-free,19
e-1,19
ea-18g,19
editing,19
editorial,19
educators,19
electro-motive,19
embarked,19
embonor,19
enrollee,19
epo,19
erythematosus,19
erythropoietin,19
ethanolate,19
ethnicities,19
ever-cleaner,19
everett,19
evidence-based,19
exceedance,19
excel,19
exceptionally,19
explanatory,19
explores,19
f2,19
factors-we,19
feller,19
fiduciaries,19
fined,19
finger,19
finishing,19
firm-administered,19
firmware,19
first-,19
first-half,19
first-lien,19
flag,19
flawed,19
flemish,19
fluorochemical,19
flyknit,19
fosavance,19
frustration,19
ftse,19
futures-related,19
gastroenterology,19
genmab,19
geometry,19
gf,19
globalfoundries,19
government-guaranteed,19
gpus,19
granularity,19
grass,19
grids,19
gsbe,19
halt,19
harmonized,19
hazard,19
hearst,19
helicopter,19
hif-2,19
high-level,19
higher-than-expected,19
hip-related,19
howard,19
humana,19
husky,19
icann,19
idle,19
ifr,19
illustrated,19
inadequately,19
incivo,19
incomes,19
instructs,19
intelligrated,19
intervener,19
intuit,19
investor.salesforce.com,19
ixbrl,19
juan,19
keynote-158,19
know-your-customer,19
knuckleboom,19
koinvestorrelations,19
kurdistan,19
labour,19
landmark,19
lease-related,19
legends,19
lenalidomide,19
liechtenstein,19
logical,19
low-density,19
lumakras,19
majesty,19
marginally,19
mars,19
mbs,19
mcmillon,19
md-11,19
medinol,19
medinol's,19
mek,19
memoranda,19
metamucil,19
meters,19
migrant,19
mileage,19
minorities,19
mips,19
mk-3415a,19
mk-4482,19
mk-7339,19
mk-8931,19
module,19
monotherapies,19
mp3,19
multi-asset,19
multi-specialty,19
multiprotocol,19
nasopharyngeal,19
neurobion,19
newsletter,19
nextel,19
nippon,19
nn,19
non-appealable,19
non-contingent,19
non-federal,19
non-pd-l1,19
non-regulatory,19
non-squamous,19
non-steroidal,19
non-temporary,19
non-visa,19
non-wholesale,19
oh,19
oi,19
operable,19
ordinances,19
orr,19
oss,19
out-of-state,19
pemetrexed,19
peptidase-4,19
pertussis,19
pieces,19
planes,19
poliovirus,19
post-it,19
potency,19
ppe,19
practicably,19
pre-production,19
pre-release,19
preeminent,19
premiered,19
pretty,19
professor,19
profit-generating,19
prompting,19
property-related,19
prosecute,19
pull,19
pumps,19
purity,19
quadrani,19
ramirez,19
rdcs,19
re-evaluated,19
re-filed,19
reassessments,19
receita,19
redmond,19
registrant's,19
registrational,19
regulatory-related,19
reiterate,19
resecuritization,19
resumes,19
retrial,19
reveal,19
rides,19
riverkeeper,19
roadside,19
rob,19
rodney,19
rome,19
sandwiches,19
scored,19
sd-wan,19
seemingly,19
sem,19
sends,19
servicing-related,19
single-dose,19
sirna,19
site-specific,19
sleith,19
software-related,19
sour,19
spearheaded,19
spreading,19
ssd,19
standardizations,19
stationary,19
stop-loss,19
subtracted,19
suntory,19
super-senior,19
surrogate,19
sustainability-linked,19
swaine,19
swaps-related,19
swell,19
sycrest,19
system-on-chip,19
ta,19
takeaway,19
tanks,19
telecopier,19
telephonic,19
terrestrial,19
three-day,19
tilt-rotor,19
tires,19
tnbc,19
township,19
transatlantic,19
transforms,19
travis,19
tree,19
tribunal's,19
trip,19
true-ups,19
ultra-mobility,19
unbillable,19
underpins,19
unreleased,19
usa.visa.com,19
usb,19
v503,19
v920,19
validates,19
vice-chairs,19
vienna,19
vinyl,19
w-8ben,19
waiving,19
winners,19
winterthur,19
wirelessly,19
workstations,19
x1,19
yearly,19
yihaodian,19
zhengzhou,19
0.200,18
0.550,18
06217,18
0731,18
1.450,18
10.28,18
100.1,18
104.7,18
104.9,18
108.2,18
109.0,18
109.6,18
115.6,18
1300,18
14.63,18
1799,18
18.01,18
2406372,18
243.7,18
254687,18
3.100,18
3.96,18
30.01,18
40.44,18
5.17,18
5.36,18
5.66,18
5.83,18
56.49,18
58.36,18
6.79,18
62.08,18
7.22,18
7.28,18
76.3,18
76.8,18
8.02,18
8.04,18
8.05,18
8.38,18
80.6,18
82.2,18
82.7,18
85.2,18
85.4,18
87.6,18
87.8,18
89.3,18
9.04,18
9.17,18
9.28,18
90.7,18
95.1,18
95.9,18
958.9,18
96.2,18
abi's,18
aci,18
acreage,18
actor,18
ad-supported,18
adas,18
add-ons,18
addendum,18
adolescents,18
advocating,18
affidavit,18
aida,18
airline's,18
alphabet,18
amazon.in,18
amyloid,18
angela,18
antelliq,18
anticipatory,18
antidepressant,18
antifungal,18
apple-compatible,18
arabian,18
arena,18
armonk,18
arts,18
assuring,18
avoiding,18
b3,18
backlash,18
bacteremia,18
bae,18
banner,18
batch,18
bergamo,18
bevacizumab-awwb,18
biosciences,18
bluegrass,18
bluejeans,18
bolivares,18
bottlenecks,18
braking,18
brasilia,18
break-even,18
breakout,18
brierley,18
broad-spectrum,18
broadcom,18
business-related,18
bylaw,18
calcitonin,18
cape,18
carry-forward,18
cashing,18
causal,18
childcare,18
clicking,18
comp-rehensive,18
company-average,18
compensation-stock,18
conductive,18
construction-related,18
controllable,18
coppertone,18
cote,18
courtney,18
covidien,18
craft,18
curative,18
db,18
debt-rating,18
deceiving,18
dedesignates,18
deepest,18
deere,18
deleterious,18
dependants,18
depression,18
differentiates,18
diluting,18
dishwashing,18
disinfect,18
distinguishing,18
domiciliary,18
dory,18
duration-specific,18
eat,18
egregious,18
encoding,18
endemol,18
endgame,18
endowments,18
energy-efficient,18
enriching,18
eolas,18
esg-related,18
ess,18
essence,18
estrogen,18
everolimus,18
excessively,18
exploited,18
extrapolation,18
fab,18
fcc's,18
fcf,18
fentanyl,18
first-class,18
fishing,18
fluorocarbons,18
follitropin,18
forge,18
frankfurt,18
futility,18
g-20,18
geico,18
gene-related,18
geological,18
goi,18
gpu,18
grantor,18
greensky,18
gt4,18
habitat,18
harvey,18
hbvs,18
heartburn,18
hero,18
hfs,18
hotspot,18
hydrocarbons,18
hypermedia,18
impersonation,18
in-market,18
in-network,18
inbev,18
indianapolis,18
infect,18
influencers,18
influenzae,18
inheritance,18
inhibition,18
inspectors,18
installing,18
intangibles-goodwill,18
interception,18
interns,18
invalidation,18
investors.3m.com,18
io,18
jedi,18
jermeland,18
judgement,18
justin,18
kassondra,18
keyboard,18
keynote,18
kg,18
kmangion,18
koselugo,18
laura,18
li,18
libor-indexed,18
lice,18
lightsquared,18
literary,18
loads,18
lord,18
manageability,18
mangione,18
mato,18
mayer,18
mcos,18
mcrc,18
megan,18
megawatts,18
membership-only,18
merial,18
meta-analyses,18
meta-analysis,18
mhi,18
mid-2012,18
mid-band,18
mid-march,18
miller,18
mirrors,18
mishandling,18
misplaced,18
mitogen-activated,18
mk-5172,18
mk-7110,18
mk-8228,18
mk-8591,18
mo,18
modality,18
moderate-income,18
multi-category,18
multi-step,18
multiple-deliverables,18
natco,18
negotiable,18
neurodegenerative,18
newly-formed,18
newsroom.cisco.com,18
non-drowsy,18
non-ppi,18
non-residential,18
non-wholly,18
numonyx,18
nurture,18
nutanix,18
nutritionally,18
obligee,18
oman,18
oncoimmune,18
one-of-a-kind,18
onondaga,18
open-label,18
open-loop,18
outsized,18
outweighed,18
overarching,18
overprotective,18
p2x3,18
panther,18
pasadena,18
patch,18
paycheck,18
peaking,18
perdido,18
performance-enhancing,18
period-ends,18
permissive,18
pga,18
polyfoam,18
post-invoice,18
postmix,18
ppaca,18
ppg,18
pre-construction,18
pre-swap,18
precedence,18
precipitation,18
precombination,18
predictors,18
premium-priced,18
prestobarba,18
preventable,18
profiting,18
program's,18
proportionately,18
prototype,18
puffs,18
query,18
quoting,18
r-,18
ramsey,18
re-openings,18
reaffirm,18
reauthorization,18
recalled,18
recharge,18
reestablish,18
refiled,18
regents,18
relief-from-royalty,18
relinquish,18
remarketable,18
remember,18
renamings,18
resalable,18
research-based,18
resideo,18
resolute,18
retrieve,18
revisit,18
ri,18
ridaforolimus,18
ridge,18
romosozumab-aqqg,18
ruminant,18
run-rate,18
s.r.l,18
schema,18
schneider,18
scholl,18
securitization-related,18
seiyu,18
settlor,18
shavers,18
showtime,18
small-cap,18
solomon,18
sourcefire,18
sp,18
splenda,18
starz,18
state-by-state,18
stearns,18
stoxx,18
stringently,18
sub-analyses,18
subclasses,18
subleased,18
subsea,18
sunshine,18
takeovers,18
talking,18
taxonomy,18
tended,18
tenured,18
teva's,18
therapeutically,18
thrift,18
thromboembolic,18
thrombotic,18
thru,18
time-and-materials,18
tlgp,18
tomorrowland,18
toxicological,18
trade-secret,18
traffickers,18
trails,18
transistor,18
transportation's,18
tsinghua,18
twin,18
ubiquity,18
uncashed,18
underscores,18
union's,18
unknowingly,18
unwanted,18
usf,18
versatility,18
vil,18
viralytics,18
vitamin-based,18
vod,18
voices,18
vol,18
von,18
voyage,18
warm,18
warts,18
watched,18
well-defined,18
wella,18
wick,18
widebody,18
wild-type,18
wineries,18
workload-optimized,18
writedowns,18
www.amazon.es,18
www.amazon.it,18
xo,18
zilmax,18
zurich,18
1.6228,17
10.02,17
10.03,17
10.14,17
10.70,17
100.4,17
101.4,17
107.4,17
109.1,17
114.0,17
114.2,17
118.7,17
12.08,17
12.96,17
135.2,17
135.5,17
136.5,17
1401,17
152.2,17
17.85,17
189.0,17
2.550,17
24.87,17
250.0,17
3.300,17
4.43,17
4.900,17
4500,17
5.53,17
6.125,17
6.23,17
6.49,17
6.59,17
6.80,17
7.15,17
7.61,17
73.1,17
74.8,17
75.5,17
77.3,17
8.03,17
8.30,17
8.60,17
8.70,17
85.1,17
8719,17
89.8,17
9.02,17
9.15,17
9.82,17
9.93,17
90.5,17
91.7,17
91.8,17
95.0,17
95.2,17
95.6,17
abrasive,17
abstentions,17
acuity,17
affirmance,17
affixed,17
after-sales,17
aftermath,17
ags,17
ahv,17
airtran,17
alipay,17
allogeneic,17
amsterdam,17
andorra,17
anna,17
anomaly,17
anyconnect,17
appraisers,17
appropriated,17
appropriately-staffed,17
argenx,17
arranging,17
arthroplasty,17
artificially,17
ate,17
attorney-in-fact,17
audiobooks,17
auto-assigned,17
automakers,17
automates,17
avatar,17
avsola,17
barbara,17
barrier,17
bars,17
baseband,17
bayou,17
beginning-of-period,17
below-market,17
biomanufacturing,17
birds,17
bisphenol,17
blackberry,17
bloodstream,17
boehringer,17
boosted,17
brad,17
brand-name,17
breathing,17
bricks,17
brother,17
build-from-within,17
burgers,17
busy,17
cad,17
caelyx,17
caf,17
cataract,17
catastrophe-exposed,17
catch,17
caucasus,17
cca,17
ccna,17
cement,17
centrally-incurred,17
cetp,17
chad,17
charleston,17
cholesteryl,17
cie,17
cinema,17
citron,17
civic,17
classics,17
cluster,17
co-obligors,17
coloring,17
company-branded,17
comparator,17
competency,17
concerts,17
confusion,17
constraining,17
contractions,17
coolers,17
cost-efficiency,17
court-ordered,17
covington,17
cpc,17
credit-worthiness,17
critics,17
culiangwang,17
cushion,17
custom-engineered,17
customizable,17
cutrale,17
d-related,17
dac,17
dealt,17
decker,17
deeds,17
def,17
deposit-related,17
desserts,17
determinable-lived,17
devalues,17
diabetic,17
disclaimer,17
disinterested,17
dismissals,17
disseminate,17
distinguishes,17
distortion,17
dl,17
dm,17
downplayed,17
doxorubicin,17
dreams,17
drikker,17
drl,17
drop-ship,17
drop-shipping,17
drycker,17
e-reader,17
easements,17
ecb,17
edlc,17
eli,17
end-stage,17
endangerment,17
endocutter,17
engineering-type,17
eotf,17
epilators,17
equaling,17
esi,17
esomeprazole,17
ester,17
etoricoxib,17
eu-based,17
eurodollar,17
evenly,17
ex-10.2,17
f-15e,17
felony,17
fertilizer,17
figure,17
financial-information,17
finasteride,17
flaws,17
fluoroquinolone,17
forever,17
forging,17
fragility,17
frazier,17
fred,17
fsa,17
g7,17
garmin,17
garner,17
garro,17
general-use,17
geothermal,17
glacier,17
gp,17
gps,17
granular,17
greg,17
grievous,17
guidant,17
haircuts,17
harvard,17
harvesters,17
headley,17
health-care,17
heaters,17
hidden,17
high-definition,17
high-gravity,17
high-single,17
high-sulfur,17
hospital-acquired,17
hpe,17
hvac,17
hyperscale,17
idenix,17
idiosyncratic,17
iib,17
ilecs,17
imagineering,17
implies,17
improve-it,17
in-vehicle,17
inaccessible,17
income-,17
incredibles,17
infotainment,17
ingelheim,17
injectables,17
inoperable,17
inspirational,17
insurance's,17
interveners,17
intolerant,17
intra-abdominal,17
intranets,17
invagen,17
inventorship,17
itc,17
ivera,17
jason,17
k-dur,17
karen,17
kidnap,17
klein,17
layoffs,17
lcc,17
lederle,17
lending-,17
lies,17
ligand,17
lights,17
lining,17
loses,17
louisville,17
low-gravity,17
macleods,17
males,17
malt,17
marquee,17
marriott,17
maturation,17
mcl,17
medtronic,17
megahertz,17
mei,17
meltdown,17
membranes,17
methylimidazole,17
microporous,17
midnight,17
migrated,17
milan,17
millionaire,17
mills,17
mk-1654,17
mk-3102,17
mk-7655a,17
mk-8237,17
mk-8835,17
moana,17
modal,17
modes,17
mondel,17
mothers,17
mouth,17
multi-vendor,17
multiemployer,17
nasdaq-100,17
nbcuniversal,17
ncs,17
non-affiliates,17
non-cancer,17
non-linear,17
non-muscle,17
non-regulated,17
non-solicitation,17
non-voting,17
noncaloric,17
noncompete,17
noncompliant,17
noninterest-bearing,17
nonlease,17
numerically,17
obliged,17
omicron,17
one-step,17
optic,17
optimism,17
orexin,17
other's,17
outlining,17
over-collateralization,17
overlay,17
pacing,17
papua,17
parenteral,17
parkinson,17
passionate,17
patio,17
pbgc,17
peninsula,17
perfluorobutane,17
persisted,17
personalities,17
personality,17
pfas-containing,17
pfbs,17
pharmacodynamic,17
phototherapy,17
physiomesh,17
playback,17
playbook,17
pollen,17
pop-up,17
possesses,17
post-trade,17
postcombination,17
pounder,17
pre-clinical,17
precancerous,17
precipitated,17
predictor,17
pregnant,17
prescriber,17
procures,17
quest,17
quicker,17
ragweed,17
ramp-ups,17
rationalized,17
re-evaluates,17
re-examination,17
re-examines,17
re-pricing,17
reacting,17
reborrow,17
recharacterized,17
recognitions,17
recordation,17
redetermination,17
reduced-,17
refrigerants,17
rejoinder,17
relaxants,17
relic,17
replead,17
repos,17
reroute,17
resonate,17
reuse,17
reynolds,17
roc,17
rockstar,17
rocuronium,17
rod,17
roll-forwards,17
rss-feeds,17
s-1,17
safest,17
secretaries,17
separation-related,17
shaped,17
share-holders,17
short-form,17
sinclair,17
socs,17
sofr-based,17
soliris,17
southampton,17
specimen,17
spectre,17
spoe,17
sprinkler,17
state-level,17
steatohepatitis,17
strip,17
strips,17
subscribed,17
sunset,17
sverige,17
swire,17
sydney,17
tabulations,17
tailwind,17
takers,17
technologie,17
tentatively,17
that's,17
toolkit,17
top-,17
topamax,17
tps,17
treatment-na,17
trips,17
tukysa,17
turner,17
two-tiered,17
u65249as0,17
u88803ac2,17
unattractive,17
undergoes,17
underpinning,17
underwent,17
unifies,17
unigroup,17
units-of-delivery,17
upper-level,17
upsher-smith,17
upskilling,17
upwards,17
usability,17
vecuronium,17
ventilator-associated,17
virtualized,17
volkswagen,17
vte,17
walgreen,17
wantonness,17
wharf,17
wolk,17
wonderland,17
wrap,17
zarxio,17
066.4,16
1.0000,16
1.175,16
1.6483,16
10.16,16
10.63,16
10.65,16
100.9,16
102.1,16
102.8,16
105.1,16
111.5,16
112.9,16
113.1,16
113.9,16
114.5,16
118.4,16
12.11,16
12.37,16
125.4,16
136.8,16
14.49,16
14.85,16
174.6,16
187.9,16
1914,16
1929,16
1969,16
21.37,16
2140,16
255.9,16
2960,16
3.812,16
310.8,16
353.6,16
4.150,16
4.49,16
4.59,16
4.64,16
4.650,16
5.012,16
55343,16
5816,16
586.1,16
6.67,16
6.91,16
640.3174,16
68.7,16
7.20,16
7.70,16
7.72,16
70.7,16
72.2,16
74.0,16
74.1,16
76.5,16
77.6,16
77.9,16
79.8,16
8.07,16
8.19,16
8.35,16
8.625,16
8.64,16
8080,16
82.9,16
84.5,16
84.6,16
89.2,16
9.09,16
9.51,16
91.1,16
92.6,16
93.1,16
93.4,16
94.4,16
94.6,16
98.5,16
98.8,16
98.9,16
9848,16
99.0,16
9900,16
a-14,16
accommodates,16
accrete,16
aciphex,16
acknowledging,16
acquiescence,16
adamczyk,16
add-itional,16
adjustable-rate,16
adventures,16
adversary,16
afferent,16
agreeable,16
airfares,16
akopyan,16
albany,16
albumin,16
alcoholic,16
algorithmic,16
all-digital,16
alpha-2b,16
ambulatory,16
ami,16
anchor,16
annuitant,16
anti-boycott,16
apbo,16
artery,16
aruba,16
ash,16
athletics,16
auction-rate,16
audio-visual,16
b-1,16
bags,16
bair,16
bakery,16
bandage,16
bc,16
benzoate,16
bio-based,16
biosurgical,16
boscan,16
bosnia,16
brasileira,16
breckenridge,16
bren,16
buckeye,16
burke,16
burling,16
c.h.i,16
caa,16
campos,16
cannibalization,16
cassation,16
catamaran,16
catastrophe's,16
catheter,16
ccp,16
ccw,16
celebrating,16
celgene,16
celltrion,16
cgarro,16
champions,16
childbirth,16
chronically,16
citi,16
cloud-computing,16
co-invest,16
co-marketed,16
co-workers,16
coinstar,16
collegiate,16
collins,16
commodity-dependent,16
companhia,16
compensation-related,16
confronted,16
consequent,16
consumer-based,16
cont,16
contagious,16
contract-by-contract,16
coolant,16
coosa,16
cornerstone,16
cross-defaults,16
crossing,16
crowns,16
crypto,16
cryptographic,16
csc,16
culturally,16
curb,16
currencycloud,16
darius,16
dashboard,16
delicious,16
descriptive,16
devastated,16
diaper,16
differentiators,16
diffuse,16
difm,16
directors-approved,16
disappointing,16
distractions,16
dmm,16
docetaxel,16
dorzolamide,16
doubts,16
drafting,16
durbin,16
duvernay,16
dysplastic,16
e.u.-regulated,16
eculizumab,16
effectuate,16
egg,16
embotelladoras,16
eminent,16
employee-,16
end-of-term,16
euro-based,16
euv,16
evacuation,16
exemplary,16
exerting,16
exhibit_10_2,16
f-15ex,16
facultative,16
fibrin,16
financing's,16
first-year,16
fitted,16
fitting,16
flown,16
forecloses,16
four-party,16
franc-denominated,16
fronting,16
fs1,16
fundamo,16
furloughed,16
gbu,16
glioblastoma,16
graphical,16
graphs,16
habitational,16
hall,16
hang,16
hcc,16
heavy-duty,16
hemsley,16
herbal,16
herren,16
herself,16
higher-margin,16
hitech,16
hoffmann-la,16
honeywell's,16
hongkong,16
hra,16
htm,16
hugger,16
hyperflex,16
hyperlink,16
i'm,16
icns,16
idorsia,16
imbalance,16
impeding,16
imposts,16
impression,16
in-demand,16
in-scope,16
in-transit,16
inactions,16
incl,16
incom,16
income-producing,16
infrastructure-related,16
infrequency,16
insurance-linked,16
intranet,16
iomet,16
ira,16
irp,16
ivan,16
iwork,16
jake,16
jasper,16
jeppesen,16
johns-manville,16
kanawha,16
karachaganak,16
keeps,16
kill,16
lasts,16
leo,16
levers,16
linkbase,16
look-through,16
lotus,16
lower-carbon,16
ltv,16
mails,16
maintenance-related,16
maritime,16
mccarthy,16
media's,16
medicare-eligible,16
melissa,16
meninger,16
mera,16
mercury,16
michele,16
milotich,16
miralax,16
mircera,16
misalignment,16
misclassified,16
misinterpreted,16
mistrial,16
mk-2206,16
mk-4305,16
mk-7902,16
mk-8669,16
mk-8962,16
moderating,16
moneys,16
monsters,16
mtpc,16
muhtar,16
multi-purpose,16
multi-season,16
munition,16
myelosuppressive,16
nancy,16
nascar,16
nashville,16
neosporin,16
nick,16
nmpa,16
non-banking,16
non-contracted,16
non-deductibility,16
non-dollar,16
non-narcotic,16
non-restaurant,16
non-routine,16
non-transferability,16
nondesignated,16
nonforfeitable,16
nonoperated,16
nonstop,16
nyu,16
oatmeal,16
odms,16
oe,16
offs,16
oliver,16
orchestration,16
ors,16
out-of-date,16
outlet,16
over-time,16
parliamentary,16
participant's,16
partner's,16
patentable,16
pathogens,16
payoffs,16
peloton,16
persists,16
phasing,16
pierre,16
pitch,16
poll,16
polypore,16
pooh,16
post-pandemic,16
precedes,16
pro-forma,16
progestin,16
promulgation,16
prosperous,16
purdue,16
racing,16
rds,16
readily-marketable,16
reauthorized,16
recalcitrant,16
recertification,16
reconfigured,16
record-breaking,16
refractive,16
refraining,16
reinforcing,16
reinventing,16
reinvestments,16
reload,16
remanufacture,16
remedying,16
reo,16
resignations,16
restructuring-related,16
revascularization,16
revenue-based,16
revenue-related,16
revisited,16
revocable,16
riabni,16
riding,16
risk-oriented,16
risk-rated,16
rokan,16
russia's,16
s-curve,16
sacramento,16
safekeeping,16
sarcoma,16
seagen,16
seattle--,16
security's,16
seize,16
self-order,16
seng,16
servicers,16
sewell,16
share-,16
shared-based,16
shareholding,16
sharepoint,16
shelley,16
shortcoming,16
single-a,16
soft-dollar,16
solvay,16
sorafenib,16
speea,16
spend-centric,16
spreadsheets,16
spun,16
sres,16
steal,16
steep,16
stems,16
stomach,16
stretch,16
subsystems,16
synagro,16
t.c,16
tahiti,16
tax-,16
tax-equivalent,16
tax-planning,16
teaching,16
teammates,16
teamwork,16
telaprevir,16
telex,16
thermometer,16
thoroughly,16
timetables,16
todd,16
touchpoint,16
touchstone,16
tracing,16
transmitter,16
transposing,16
tripled,16
trucking,16
trustworthiness,16
u.k.-based,16
uncover,16
undesirability,16
unexplained,16
unif,16
unispreadtrum,16
unleash,16
unmatured,16
unrepatriated,16
unseasonably,16
unstayed,16
unwavering,16
unwound,16
utb,16
value-driven,16
varieties,16
vastly,16
vertically-integrated,16
vie's,16
visible,16
waldron,16
well-founded,16
westpac,16
widely-accepted,16
wills,16
wings,16
winnie,16
wisely,16
worn,16
www.amazon.com.au,16
www.amazon.com.br,16
www.amazon.nl,16
xo1,16
zappos.com,16
0.245,15
0.275,15
0.850,15
000.00,15
0009,15
0059,15
0847,15
0973,15
10.42,15
100.3,15
103.2,15
103.5,15
103.6,15
105.4,15
106.0,15
106.7,15
106.8,15
107.2,15
107.3,15
107.5,15
11.20,15
115.00,15
116.0,15
119.4,15
12.86,15
121.2,15
15.59,15
154.8,15
1672743,15
17.29,15
1800,15
1945,15
1963,15
2.200,15
20.14,15
20.64,15
202.4,15
21.03,15
225.4052,15
23.14,15
252.4,15
255.5,15
266.3,15
267.5,15
271.4,15
279.6,15
3.803,15
4.93,15
471.4,15
5.300,15
5.82,15
5.89,15
52.14,15
52.30,15
5449478,15
5500,15
585.1,15
6.147,15
6.27,15
6.31,15
6.34,15
6.39,15
6.81,15
615.8,15
6507,15
7.19,15
7.37,15
7.49,15
7.58,15
7.83,15
73.5,15
74.6,15
75.2,15
7600,15
7701,15
8.15,15
8.98,15
80.3,15
80.7,15
84.8,15
88.6,15
9.07,15
9.55,15
9.73,15
90.40,15
90.9,15
91.2,15
91.6,15
92.2,15
92.8,15
96.8,15
98.0,15
98.1,15
98.2,15
98.6,15
a-18e,15
aaam,15
abeyance,15
acceptability,15
accumulating,15
adhered,15
adidas,15
adjuster,15
advisement,15
agbami,15
agency's,15
al-8176,15
amo,15
anti-smoking,15
apac,15
apportions,15
appreciable,15
ariad,15
arrays,15
aujan-owned,15
b-3,15
baltimore,15
bangalore,15
barbican,15
barron's,15
benefits-based,15
biometrics,15
biosimilarity,15
blas,15
blizzard,15
bohai,15
bon,15
boosting,15
bp,15
bric,15
broadens,15
bse,15
bssi,15
bunge,15
burden-high,15
burglary,15
byproduct,15
c.r,15
cabinet,15
calderoni,15
caliber,15
cameron,15
cantonal,15
carcinogens,15
cardiology,15
carrier's,15
ceding,15
chargeback,15
charged-off,15
chilean,15
chuandongbei,15
cieplak,15
cies,15
cisplatin-containing,15
claim-related,15
class-specific,15
client-related,15
coach,15
colocation,15
combo,15
comprehensiveness,15
confers,15
constitutionality,15
contaminant,15
contests,15
convertase,15
corroborates,15
cost-competitive,15
cost-to-retail,15
counter-terrorist,15
creditwatch,15
crixivan,15
crs,15
crs-3,15
curable,15
customer-specific,15
cytokinetics,15
d-3,15
dabao,15
dannette,15
dcc,15
de-designate,15
decisional,15
dei,15
deliberately,15
delight,15
determinants,15
discord,15
discrepancies,15
dispatch,15
dmmr,15
downtown,15
e-readers,15
e2,15
eldercare,15
equipping,15
esq,15
essences,15
estates,15
eswatini,15
eu-u.s,15
europacific,15
evicel,15
ex-4.3,15
expo,15
exposure-based,15
f-22,15
facility's,15
fallopian,15
famous,15
farm-owners,15
fc,15
feeling,15
festivals,15
fixed-rent,15
fluorinated,15
fluoropolymers,15
forcing,15
formidable,15
forty,15
foundation's,15
foundries,15
front-line,15
fsma,15
fubotv,15
fulton,15
game-changing,15
garrett's,15
gatherings,15
gensenta,15
geophysical,15
gouging,15
gratitude,15
graves,15
gregg,15
groceries,15
haircut,15
harmonic,15
haulers,15
hawaiian,15
hb,15
hci,15
headed,15
hebron,15
herzegovina,15
higbee,15
high-volume,15
hogan,15
holmes,15
homozygous,15
hynix,15
iberian,15
ibookstore,15
idiopathic,15
ilec,15
ilife,15
immateriality,15
impediment,15
import-,15
in-100,15
in-250,15
in-50,15
inaccuracies,15
industry-based,15
inspecting,15
instrumentalities,15
intact,15
intel-ge,15
intelligence-powered,15
intercepted,15
intervenor,15
intra-day,15
investigator,15
irrigation,15
jaw-related,15
johnsons,15
joj,15
jumpman,15
katherine,15
keenan,15
kenilworth,15
kexin,15
keynote-522,15
kirin-amgen,15
klx,15
knew,15
kristina,15
kubernetes,15
labor-related,15
ladiratuzumab,15
lagevrio,15
later-granted,15
later-stage,15
layout,15
learning-based,15
legislatively,15
lesotho,15
lgbtq,15
lightweight,15
longer-dated,15
lower-margin,15
lucas,15
lumykras,15
lymphocytic,15
malawi,15
mcgrath,15
mcgraw-hill,15
mcmuffin,15
member's,15
mere,15
merges,15
mermaid,15
mid-april,15
mill,15
ministerial,15
mischaracterized,15
mk-6440,15
mk-8591a,15
mobile-based,15
moderate-to-severe,15
monarch,15
monetizing,15
more-,15
mtor,15
multiple-party,15
multivendor,15
neared,15
necrosis,15
nelson,15
neogen,15
network-related,15
neurovascular,15
nexcare,15
nomac,15
non-depository,15
non-energy,15
non-enforceable,15
non-essentials,15
non-hazardous,15
non-invested,15
non-members,15
non-property,15
non-swapped,15
non-union,15
non-united,15
normalization,15
offender-monitoring,15
offloading,15
omrix,15
on-the-job,15
one-fifth,15
onetouch,15
onward,15
open-architecture,15
oprozomib,15
orchestrating,15
osteoporotic,15
ott,15
oversaw,15
pac,15
pandion,15
parasiticide,15
parent's,15
pathological,15
peaks,15
people-monitoring,15
perfluorohexane,15
periphery,15
peritoneal,15
pfhxs,15
pier,15
piers,15
pin-authenticated,15
pirated,15
polls,15
pos,15
possessing,15
poverty,15
pre-2003,15
pre-covid,15
pre-cursor,15
product's,15
production-sharing,15
productivity-driven,15
produtos,15
promotable,15
proprotein,15
proventil,15
queries,15
quixil,15
ranbaxy,15
rani,15
rankings,15
rapidly-growing,15
rcio,15
reacquire,15
reagent,15
reconfiguring,15
recorders,15
recycle,15
refreshment,15
reissuances,15
relator,15
reluctance,15
remind,15
repas,15
repetitive,15
resetting,15
resided,15
restarted,15
reverted,15
riccio,15
risk-generating,15
riskier,15
romosozumab,15
rosenberg,15
roster,15
roxane,15
royalty-bearing,15
rsf,15
rubinstein,15
rulebook,15
salesforce.org's,15
sandwich,15
scandals,15
scholarship,15
scoops,15
scotch-brite,15
searches,15
seasoning,15
securitizing,15
sein,15
self-contained,15
sensex,15
serotypes,15
serverless,15
service-only,15
seventeen,15
severed,15
shenzhen,15
shorts,15
shuttle,15
sifi,15
signaling,15
singled,15
sit,15
sitting,15
skewed,15
sloves,15
sms,15
solicitor,15
sovriad,15
spas,15
spcs,15
specificity,15
spvss,15
square-foot,15
starter,15
state-regulated,15
stocrin,15
stria,15
su,15
sub-licensing,15
subtilisin,15
subutex,15
superintendent,15
surrounded,15
sustains,15
sweet,15
tabs,15
tailoring,15
tapentadol,15
terrific,15
terrorism-related,15
tezepelumab,15
thereat,15
third-generation,15
third-line,15
thulin,15
tink,15
token,15
tolerances,15
tolerated,15
top-tier,15
tradeoffs,15
traders,15
transferability,15
transmitters,15
transmitting,15
trastuzumab-anns,15
treasury-related,15
tube,15
twelve-year,15
typhoon,15
ufj,15
ukeat,15
unambiguous,15
unaware,15
unbanked,15
uncompetitive,15
unconscious,15
underscore,15
undersea,15
unlocks,15
unpermitted,15
uranium,15
us.mcd.com,15
vall,15
vein,15
venued,15
verizon.com,15
vesey,15
vetsulin,15
vulvar,15
w-8eci,15
w-9,15
webex's,15
webex.com,15
well-managed,15
wetlands,15
wilderness,15
winner,15
woods,15
workspaces,15
wyoming,15
zontivity,15
1.745,14
10.11,14
10.24,14
100.00,14
103.7,14
106.3,14
108.1,14
11.40,14
110.8,14
1100,14
113.3,14
116.7,14
12.14,14
12.63,14
12.67,14
121.4,14
122.1,14
125.0,14
13.65,14
14.75,14
1423,14
143.1,14
144.9,14
148.5,14
15.15,14
153.6,14
16.64,14
164.2,14
17.25,14
186.4,14
1911,14
1965,14
2.900,14
20.22,14
202.8,14
2100,14
22.08,14
22.18,14
23.61,14
241.2,14
287.6,14
3560,14
3750,14
3850,14
388.4,14
390.2,14
4.563,14
4.663,14
4041,14
41.83,14
441.6,14
588.6,14
598.4,14
6.14,14
6.16,14
6.19,14
6.64,14
6.97,14
612.0,14
7.39,14
7.56,14
7.82,14
7.88,14
7262,14
73.9,14
75.8,14
78.9,14
8.20,14
8.47,14
8.53,14
8.76,14
8284,14
83.6,14
85.5,14
85.9,14
86.2,14
86.6,14
89.9,14
9.42,14
9.66,14
9.75,14
9.95,14
90.1,14
9140,14
93.7,14
94105,14
95.4,14
95.8,14
96.9,14
97.1,14
98.4,14
a-3,14
abo,14
about.nike.com,14
acceleron,14
accreting,14
acetaminophen,14
acids,14
acknowledgment,14
acquirement,14
adalimumab-atto,14
adjustable,14
admitting,14
advertising-supported,14
agroindustriales,14
aiming,14
alarm,14
alive,14
all-in-one,14
all-stock,14
allergens,14
allied,14
ambient,14
ambiental,14
amla,14
anal,14
angina,14
ann,14
antihyperglycemic,14
appetites,14
arbitrate,14
archiving,14
aren,14
arenas,14
articulate,14
ascertained,14
attain,14
attended,14
attridge,14
austro-mechana,14
aviall,14
bagel,14
baker,14
bard,14
barrel-per-day,14
battle,14
bcci,14
bec,14
bene,14
benefit-risk,14
bengaluru,14
bi,14
bibiyana,14
bidders,14
bilaterally,14
biomedical,14
bioterror,14
bis,14
biscuit,14
block-chain,14
bol,14
boles,14
boron,14
bosch,14
bowel,14
boxed,14
bulbs,14
burns,14
business-level,14
byetta,14
c$100,14
c-40a,14
cafeterias,14
calcium,14
caloric,14
campgrounds,14
canada's,14
cancelling,14
capitalizable,14
carb,14
carbendazim,14
carnarvon,14
cashed,14
cathode,14
cedar,14
celebrates,14
celiac,14
centerpiece,14
cessations,14
cgrp,14
charlie,14
checklists,14
checkout-free,14
cheese,14
chemocentryx,14
chilcott,14
chng,14
christina,14
cinderella,14
clair,14
cnica,14
co-badging,14
co-promoted,14
coincident,14
cold-drink,14
colors,14
compa,14
concurs,14
confiscation,14
connectors,14
construction-in-progress,14
consumer's,14
contagiousness,14
contaminate,14
corporacion,14
cotransporter,14
countersigned,14
cpe,14
cpr,14
crafts,14
credo,14
criticality,14
cross-sell,14
curridabat,14
cutler,14
dashboards,14
data-centric,14
dd,14
debt-to-total-capital,14
dedicates,14
defacement,14
defeat,14
delineate,14
delineation,14
deluxe,14
depart,14
dependencies,14
deterministic,14
deutschland,14
devops,14
dioxin,14
disaffirmation,14
discharging,14
disclaiming,14
disconnects,14
disneysea,14
disoproxil,14
displaying,14
disputing,14
disqualified,14
diy,14
dollar-based,14
dolliver,14
dose-ranging,14
dragon,14
dramas,14
dressings,14
drilled,14
ebay,14
eeo-1,14
elonva,14
elster,14
elution,14
emerson,14
employer-funded,14
encumber,14
enzalutamide,14
epcot,14
equinix,14
escravos,14
espn.com,14
etf,14
exculpatory,14
express-related,14
exterior,14
extracted,14
facet,14
fallbacks,14
farmington,14
fastest-growing,14
fighters,14
filet-o-fish,14
fio,14
firefighting,14
flavoring,14
fluorelastomers,14
flywire,14
footprints,14
forest,14
fortress,14
fortunate,14
frames,14
fresno,14
furnace,14
fy19,14
fy2016,14
g-enabled,14
g12c,14
garcia,14
geologic,14
going-concern,14
group-wide,14
growler,14
half-hour,14
handbook,14
hans,14
hardgoods,14
harmonization,14
hearts,14
hemodialysis,14
heroku,14
high-deductible,14
highways,14
hikma,14
hippel-lindau,14
hooks,14
horseback,14
hughes,14
ias,14
ibor,14
ifrss,14
immunodeficiency,14
imperfections,14
imprecise,14
inadequacies,14
incorporator,14
incumbents,14
inflate,14
inflection,14
informs,14
injections,14
inks,14
inquire,14
inscription,14
inseparable,14
inserted,14
instructing,14
interim-period,14
intermittent,14
ipados,14
iranian,14
irma,14
isecg,14
iso,14
issuer's,14
it-based,14
ius,14
ivax,14
jet.com,14
jjvc,14
jjvci's,14
johnston,14
jpmchase.com,14
judicially,14
juvenile,14
kellie,14
kenvue,14
kim,14
kohler,14
kyowa,14
lamivudine,14
larson,14
latencies,14
latent,14
leveridge,14
libor01,14
linings,14
liver,14
lo,14
locals,14
logged,14
logging,14
long-established,14
long-held,14
lpg,14
lymph,14
m5,14
maaza,14
manipulated,14
mapk,14
maracaibo,14
mariana,14
market-rate,14
market-sustainable,14
martinotti,14
maxus,14
mbps,14
mccarran-ferguson,14
mcflurry,14
mcgriddles,14
mdr,14
merchant's,14
mid-2011,14
misconfiguration,14
mk-1029,14
mk-7009,14
mk-8342b,14
mk-8616,14
monster's,14
montreal,14
motesanib,14
mozambique,14
msa,14
multi-regional,14
mutational,14
myeloid,14
nadine,14
narrowing,14
neonatal,14
neural,14
newport,14
ngm,14
nice,14
nikko,14
nilson,14
nineteen,14
ning,14
non-captive,14
non-conformance,14
non-conforming,14
non-customer,14
non-fuel,14
nonaffiliated,14
nonagency,14
nonassessable,14
noninvestment-,14
noninvestment-grade,14
noon,14
novated,14
nucleoside,14
nydfs,14
observational,14
on-body,14
on-hand,14
one-tenth,14
one-to-two,14
ons,14
onwards,14
op,14
orbit,14
oriental,14
oronite,14
osteoclasts,14
other-net,14
otitis,14
outpacing,14
over-,14
overpayments,14
pariet,14
pearl,14
penetrate,14
penguin,14
perfluoroalkyl,14
perfumeries,14
perishables,14
pete,14
pets,14
ph.d,14
pharmascience,14
photonics,14
pine,14
plaid,14
plane,14
polio,14
polling,14
polymorph,14
polymorphic,14
portray,14
post-bankruptcy,14
post-production,14
posterior,14
praluent,14
pre-marketing,14
pre-notification,14
pre-separation,14
prejudiced,14
premium-based,14
preschool,14
prinston,14
pro-rated,14
probate,14
professionally,14
propel,14
proving,14
q22,14
qu,14
radically,14
rale,14
rdc,14
reblozyl,14
rebranded,14
rebuilt,14
recalling,14
recapitalized,14
redenomination,14
redshift,14
reemployment,14
reflux,14
refocusing,14
reimaged,14
reinstating,14
relapse,14
relocating,14
reproduced,14
residences,14
residues,14
retainers,14
retried,14
reverting,14
rh,14
rigging,14
riot,14
roof,14
rotce,14
rough,14
runners,14
s.c.a,14
salads,14
salem,14
sanford,14
sanitizer,14
sausage,14
scene,14
scrutinized,14
sea-level,14
securityholders,14
sei,14
self-fund,14
sell-in,14
sentinel,14
sfr,14
sharer,14
shearman,14
short-tail,14
showcases,14
shutting,14
sides,14
siebert,14
single-notch,14
sippel,14
six-months,14
skeletal-related,14
spinco,14
sports-inspired,14
ssds,14
ssps,14
sterility,14
stock-outs,14
stonesifer,14
store-based,14
store-by-store,14
store-specific,14
sub-limits,14
submarine,14
supplementally,14
surfactants,14
sustainability-related,14
swaptions,14
synagro-wwt,14
syndicating,14
tabulating,14
tafluprost,14
tales,14
tanzania,14
team's,14
technology's,14
tension,14
testified,14
tezspire,14
thales,14
thousandeyes,14
tides,14
tie,14
tierra,14
tire,14
tmb-h,14
tolled,14
toronto-dominion,14
tpas,14
tradable,14
trade-date,14
trading-day,14
traf,14
trainings,14
translocation,14
transmits,14
travco,14
tss,14
twc,14
two-to-three,14
two-way,14
uncertified,14
uncovers,14
underpaid,14
underpin,14
uneconomic,14
uniting,14
unjustly,14
unlocked,14
unproven,14
unstructured,14
upskill,14
urbanization,14
uri,14
usages,14
usan,14
usp,14
vancouver,14
vaniprevir,14
vaxelis,14
verubecestat,14
victoza,14
violator,14
visuals,14
volleyball,14
volvo,14
w-8ben-e,14
walls,14
warehoused,14
webloyalty.com,14
weighs,14
welcoming,14
wellpoint,14
wet,14
whooping,14
wildlife,14
wockhardt,14
women-owned,14
work-from-anywhere,14
workmanship,14
worry,14
writs,14
www.pg.com,14
year-earlier,14
yen-denominated,14
yeosu,14
yield-curve,14
yk,14
yugoslav,14
zug,14
0.340,13
0300,13
1.550,13
10.13,13
10.15,13
10.18,13
10.29,13
10.45,13
10.75,13
10.81,13
101.55,13
105.7,13
107.6,13
108.6,13
109.5,13
11.15,13
11.95,13
110.09,13
110.3,13
111.2,13
112.8,13
117.1,13
12.03,13
12.06,13
12.19,13
12.46,13
12.64,13
12000,13
121.0,13
123.6,13
124.8,13
129.9,13
13.73,13
137.4,13
137.7,13
1472,13
15.02,13
15.0512,13
152.3,13
157.3,13
159.1,13
160.0,13
167.3,13
1700,13
179.5,13
183.7,13
1850,13
1853,13
1887,13
190.2,13
1902,13
1924,13
1946,13
1964,13
1972,13
1975,13
20.63,13
20.68,13
200.7,13
206.7,13
214.8,13
224.9,13
228.0,13
234.8,13
240.0,13
26.00,13
262.3,13
267.2,13
293.6,13
3.800,13
3174,13
33.3333,13
354.3,13
374.8,13
376.0,13
387.0,13
40.29,13
4052,13
4100,13
449.1,13
463.1,13
487.0,13
4892,13
5.050,13
5.28,13
5.360,13
5.84,13
5075,13
53.60,13
54.20,13
570.9,13
588.0,13
59.37,13
6.07,13
6.29,13
6.362,13
6.74,13
6.76,13
610.7,13
6171,13
66.6667,13
698.9,13
7.13,13
7.27,13
7.35,13
7.44,13
7.68,13
7.69,13
7.76,13
7.84,13
7.87,13
7.95,13
7438,13
77.5,13
77.8,13
79.9,13
798.7,13
8.11,13
8.17,13
8.18,13
8.312,13
8.45,13
8.48,13
8.86,13
87.3,13
88.4,13
9.10,13
9.54,13
9.92,13
915.2,13
94.8,13
95134,13
96.4,13
97.0,13
a-risk,13
about-visa.html,13
absolutely,13
absorbs,13
accentuated,13
accommodation,13
accounting-related,13
accuses,13
act's,13
addiction,13
adjudicated-to-date,13
admissibility,13
adopters,13
adulteration,13
adventureland,13
aerius,13
aesthetic,13
airs,13
alameda,13
alegre,13
alembic,13
alkaloids,13
altmin,13
alvogen,13
amateur,13
amerigen,13
amphibians,13
andaman,13
andover,13
andrea,13
antennas,13
anti-kickbacks,13
anti-thrombin,13
aosp,13
aparo,13
apax,13
application-based,13
apprenticeship,13
aragon,13
architecture-,13
arm's,13
aron,13
arpu,13
arr,13
arranger,13
arthit,13
aspirational,13
asset-generating,13
assets-current,13
assignees,13
athabasca,13
attach,13
attends,13
attenti,13
attests,13
aujan's,13
authorize.net,13
avastin,13
b-18,13
baa,13
back-pay,13
bahamian,13
baku-tbilisi-ceyhan,13
balls,13
banning,13
barda,13
batches,13
bazaar,13
bazar,13
beaufort,13
beautiful,13
beginning-of-the-year,13
belt,13
benckiser,13
benin,13
berhad,13
better-optimized,13
bf,13
billingham,13
biomarker,13
bird,13
births,13
blink,13
blocs,13
blurring,13
blvd,13
bmc,13
bonga,13
book-running,13
bookrunners,13
born,13
breda,13
bribe,13
bsm,13
btk,13
builder,13
bulletins,13
c$200,13
c-t-r,13
calcimimetic,13
camping,13
campsites,13
capability-driven,13
capital-raising,13
capitalizations,13
capitated,13
carbonated,13
carbonation,13
cardboard,13
carefree,13
carpeting,13
case-incurred,13
castaway,13
castings,13
caught,13
cay,13
ccps,13
cedants,13
ceemea,13
ceradyne,13
cession,13
chartis,13
chase's,13
cheeseburgers,13
chemours,13
chevron-,13
chilled,13
cirrhosis,13
citations,13
classifiable,13
clearinghouse,13
clinic-based,13
clinicians,13
closely-held,13
cloud-driven,13
cloud-managed,13
co-managers,13
co-sourced,13
co-sureties,13
co-surety,13
cohn,13
cola-type,13
coleman,13
coli,13
collaborators,13
collaterally,13
colony-stimulating,13
comedies,13
compassion,13
compeed,13
compilers,13
computing-tabulating-recording,13
conceived,13
condensate,13
conductor,13
cones,13
consenting,13
construction-period,13
contending,13
contra-liabilities,13
convene,13
coo,13
corporation's,13
corruptly,13
cotton,13
cougar,13
courtyard,13
credit-worthy,13
crimea,13
critter,13
crohn,13
crs-1,13
cruises,13
crystal,13
cube,13
customer-driven,13
customer-funded,13
cva21,13
d.d,13
dams,13
dash,13
de-identified,13
dealer-owned,13
decarbonize,13
deference,13
delete,13
deli,13
delo,13
demarcation,13
demonstrable,13
denis,13
dependability,13
derivative's,13
desloratadine,13
detectable,13
detention,13
developed-product-technology,13
deviates,13
didn,13
differed,13
dinoland,13
disapprove,13
disc,13
discoveryland,13
disease-associated,13
disney-,13
disney-themed,13
distillation,13
distortions,13
dolce,13
dorr,13
doug,13
dpsg,13
dri-fit,13
dropping,13
drug-pricing,13
dta,13
dual-ended,13
duress,13
dusseldorf,13
dxc,13
dyslipidemia,13
earmarked,13
effective-interest,13
egp,13
ellen,13
emeritus,13
emir,13
employee-led,13
endocyte,13
enjoins,13
enjoyment,13
enseal,13
enterprise-class,13
envisioned,13
escalates,13
espn2,13
espnews,13
espnu,13
evangelisti,13
ever-evolving,13
evil,13
excl,13
exempted,13
exhibit_43,13
expediting,13
export-related,13
extenuating,13
extractive,13
extrusions,13
face-to-face,13
facets,13
facilities-based,13
fanous,13
fantasyland,13
favorability,13
fdicia,13
feld,13
females,13
fifteen-year,13
file-and-use,13
fleet-wide,13
flow-through,13
fluoropyrimidine-,13
fong,13
forbes,13
formulated,13
four-for-one,13
friedman,13
fries,13
frontierland,13
full-career,13
full-length,13
fully-amortized,13
fungicide,13
furs,13
fy18,13
fy22,13
gabbana,13
gadsden,13
gambling,13
gamestop,13
generous,13
genworth,13
gigabit,13
glimpses,13
go-ahead,13
government-to-government,13
gpi,13
gram-negative,13
granulocyte,13
greenland,13
grizzly,13
groundbreaking,13
growth-market,13
gulch,13
hail-prone,13
hale,13
hamburgers,13
hampton,13
hand-held,13
hardrock,13
hassan,13
haven,13
havoline,13
heads,13
heights,13
hexal,13
hibernia,13
high-capacity,13
high-touch,13
hijack,13
hilary,13
hindi,13
hitachi,13
hmpv,13
hollywood-style,13
homologous,13
hotcakes,13
hq,13
hulls,13
hurricane-,13
hyperconverged,13
hyperlinks,13
i3,13
iago,13
iais,13
iata,13
ibuprofen,13
icma,13
ideation,13
ikspiari,13
imc,13
imerys,13
imitation,13
implantable,13
impleaded,13
impliedly,13
incretin-based,13
incurred-loss-to-earned-premium,13
indecent,13
independently-operated,13
india-based,13
inexact,13
infected,13
information-related,13
infrastructure-as-a-service,13
inge,13
inhospitable,13
institutionalized,13
instrument-overall,13
intending,13
inter-creditor,13
interacts,13
interdealer,13
intermec,13
intervet,13
interview,13
intra-company,13
irb,13
irbs,13
jaffa,13
jalalabad,13
jansz-io,13
jay,13
jeans,13
jimmy,13
kabushiki,13
kaisha,13
kalimantan,13
kapolei,13
katrina,13
kenny,13
kenny_kate,13
keynote-355,13
kidde-fenwal,13
kindeva,13
korolev,13
kutei,13
lagoon,13
laid,13
laminate,13
lauren.altmin,13
learns,13
leasebacks,13
lego,13
leisure-time,13
lek,13
lemonade,13
lenacapavir,13
les,13
less-current,13
letterhead,13
levi,13
liaison,13
lianzi,13
lighter,13
likenesses,13
linksys,13
ll-652,13
loan-backed,13
local-market,13
locating,13
lockdown,13
locker,13
lockstep,13
logistic,13
long-short,13
longevity,13
low-price,13
low-single,13
low-single-digit,13
lps,13
lr,13
macau,13
machine-to-machine,13
machined,13
madden,13
mafumeira,13
mainstream,13
maisel,13
malay,13
mammals,13
mann,13
margining,13
marina,13
marine-related,13
marne-la-vall,13
marrow,13
martha,13
marvelous,13
mason,13
mastercard-related,13
materialsrequest,13
maximization,13
maximums,13
mcdx,13
mco,13
mdb,13
meal-period,13
mecarbil,13
medco,13
medidea,13
memphis,13
merchant-acquiring,13
meropa,13
metapneumovirus,13
mid-july,13
midcontinent,13
midmarket,13
midstream,13
million-metric-ton-per-year,13
milwaukee,13
miniature,13
ministers,13
mis-estimation,13
mishandled,13
mk-3682,13
mk-3682b,13
mk-5618,13
mnews,13
moho-bilondo,13
monique,13
monorail,13
mos,13
moulavi,13
mouse,13
mrls,13
mrva,13
multi-county,13
multiplexing,13
museum,13
must-have,13
myanmar-thailand,13
mysterious,13
mystic,13
n.d,13
nadine.fanous,13
naphtha,13
nartd,13
nathan,13
navs,13
near-offshore,13
negligently,13
nemo,13
neuroendocrine,13
neurofibromas,13
neurological,13
nexavar,13
niger,13
nine-months,13
njdep,13
nkossa,13
non-agency,13
non-business,13
non-corporate,13
non-domestic,13
non-hedge,13
non-highly,13
non-intentional,13
non-jury,13
non-mortgage-related,13
non-nucleoside,13
non-occurrence,13
non-platform,13
non-principal,13
non-prosecution,13
non-real,13
non-renewals,13
non-structured,13
non-zero,13
nonamortizable,13
noncarbonated,13
nondefaulting,13
nonessential,13
noninsurance,13
nonprincipal-protected,13
nonrenewing,13
nonstandard,13
norms,13
nrv,13
nsiko,13
nws,13
oahu,13
obstruct,13
occurrence-based,13
oceanfront,13
odle,13
off-the-clock,13
oftentimes,13
ol,13
olc,13
olefins,13
olpasiran,13
olsavsky,13
omarigliptin,13
omb,13
omecamtiv,13
oml,13
on-balance-sheet,13
on-order,13
opb,13
openshift,13
oppose,13
opt-outs,13
order-to-delivery,13
orinoco,13
overhauls,13
overpayment,13
p-equivalent,13
pacific's,13
pad,13
paid-to-incurred,13
paired,13
pan-european,13
papa-terra,13
pattani,13
pavement,13
pavilions,13
payment-option,13
payroll-related,13
peer-to-peer,13
per-card,13
per-risk,13
perchloroethylene,13
perishable,13
perpetrated,13
petroindependiente,13
phil,13
pickering,13
pisano,13
plates,13
platinum-resistant,13
platinum-sensitive,13
plexiform,13
plugged,13
plurality,13
pml,13
point-of-service,13
polar,13
policies-in-force,13
pollutant,13
pontiac,13
pops,13
portal-based,13
porto,13
post-combination,13
post-market,13
ppo,13
pre-hearing,13
pre-medicare,13
predicated,13
preferentially,13
prepayable,13
prepaying,13
preservative-free,13
private-fee-for-service,13
prod,13
program-wide,13
proof-of-concept,13
proponent,13
prospecting,13
protector,13
provention,13
ps,13
pscs,13
psr,13
publicly-held,13
purview,13
q6w,13
qfcs,13
quota-share,13
r240,13
rack,13
ragnarok,13
raleigh-durham,13
ram,13
ranch,13
randy,13
rankl,13
rate-sensitive,13
ratemaking,13
re-adopted,13
re-branded,13
re-establish,13
re-invest,13
re-marketing,13
re-procure,13
re-securitization,13
re-securitizations,13
reasonability,13
rebalances,13
reckitt,13
recombination,13
redefault,13
redefine,13
redesignated,13
reese,13
reexamines,13
refocus,13
reformation,13
refurbished,13
regionally-specific,13
rehypothecate,13
reinsurance-related,13
rejoined,13
relevancy,13
reorder,13
repays,13
reptiles,13
rests,13
resubmissions,13
retail-financed,13
retailing,13
retransmission,13
revenue-generating,13
rigorously,13
risk-financing,13
risk-manages,13
risk-mitigating,13
rituxan,13
roundtable,13
rsn,13
ryder,13
sac,13
sagemaker,13
sailing,13
saint-gobain,13
salmon,13
sanitization,13
sara,13
satya,13
scandal,13
schwartz,13
scm,13
scrubbers,13
seau,13
seeps,13
sees,13
self-constructed,13
seminars,13
set-up,13
setup,13
shakes,13
shampoos,13
shandong,13
sharevalue,13
shetland,13
shielded,13
shields,13
shipyard,13
shots,13
si,13
sight,13
sigmapharm,13
simeprevir,13
simon,13
singly,13
singularly,13
sitagliptin-containing,13
skateboarding,13
smoothing,13
sofcam,13
softball,13
softlayer,13
sotatercept,13
soyo,13
spacecraft,13
sparse,13
spe,13
specialty-only,13
splices,13
sponges,13
sponte,13
stacked,13
stacy,13
stalls,13
stanton,13
state-funding,13
state-imposed,13
state-of-the,13
stayfree,13
stellar,13
stemmed,13
stepped,13
stepwise,13
stochastic,13
stranger,13
stratigraphic,13
stresses,13
sua,13
suboxone,13
substantiate,13
suburbia,13
sudafed,13
sum-of-the-years,13
sundaes,13
supera,13
surges,13
suzette,13
sw,13
symetra,13
syndicates,13
syringes,13
tabulation,13
tailor-made,13
tainted,13
tasman,13
tasmanian,13
tax-determined,13
teach,13
technology-,13
telemetry,13
thd,13
thermostats,13
they're,13
thirds,13
timber,13
time-barred,13
to-be-announced,13
togo,13
toon,13
toontown,13
topiramate,13
tornados,13
toshiba,13
toxins,13
tpm,13
traditions,13
trains,13
transient,13
transoceanic,13
transplantation,13
transweb,13
treasure,13
trended,13
trevor,13
trigem,13
troubleshooting,13
tungsten,13
tunnels,13
uae,13
uefa,13
uganda,13
uk's,13
un,13
unappropriated,13
unbudgeted,13
uncitral,13
undefined,13
under-weights,13
undismissed,13
unformed,13
unisex,13
unitized,13
unproved,13
unremedied,13
unsubsidized,13
upload,13
url,13
ursa,13
us.ibm.com,13
use-and-file,13
ust,13
vagaries,13
val,13
venmo,13
ventral,13
verb,13
vernakalant,13
vero,13
vestings,13
vetting,13
vintafolide,13
visa-related,13
vlocity,13
vwpl,13
w-8imy,13
welcomes,13
well-financed,13
west-ward,13
western-built,13
westernland,13
wilmer,13
wimbledon,13
wind-,13
windpools,13
wirth,13
wm,13
wolverine,13
wrestling,13
wrongfully,13
www.goldmansachs.com,13
www.walmart.com,13
www.zappos.com,13
x86-based,13
xd,13
yadana,13
yrs,13
zwijndrecht,13
02021,12
044.8,12
07310,12
0854,12
0974,12
1.225,12
1.300,12
1.647,12
10.05,12
10.20,12
10.23,12
10.26,12
10.37,12
10.82,12
10005,12
101.8,12
1037,12
104.0,12
104.1,12
104.4,12
105.6,12
107.7,12
109.8,12
11.98,12
111.0,12
114.4,12
12.41,12
12.45,12
12.66,12
12.83,12
120.1,12
121.1,12
125.3,12
13.51,12
13.82,12
130.0,12
133.8,12
134.7,12
14.15,12
14.33,12
14.35,12
14.65,12
14.68,12
140.3,12
141.5,12
141.9,12
145.9,12
15.29,12
15.47,12
15.48,12
152.4,12
16.44,12
16.53,12
161.9,12
164.9,12
1706,12
173.4,12
174.0,12
178.1,12
179.1,12
18.52,12
180.4,12
181.7,12
1837,12
186.2,12
19.29,12
1905,12
193.4,12
1962,12
197.7,12
2.215,12
20.17,12
20.47,12
21.30,12
216.2,12
22.17,12
2222,12
225.8,12
242.4,12
2449,12
2479,12
254.1,12
2596,12
278.0,12
28.68,12
280.0,12
2916,12
297.0,12
3143,12
322.2,12
327.1,12
3388,12
349.9,12
3590,12
369.4,12
4.79,12
4000,12
4001,12
4062,12
409.7,12
430.6,12
434.6,12
458140,12
4666,12
47.72,12
48.71,12
4975,12
520.3,12
537.2,12
541.5,12
55164,12
568.6,12
6.69,12
6.87,12
601.0,12
6081,12
627.8,12
6453,12
64854,12
65.00,12
659.1,12
7.51,12
7.94,12
705.9,12
75.57,12
754.6,12
79.2,12
8.125,12
8.23,12
8.26,12
8.31,12
8.52,12
8.58,12
80.5,12
80.8,12
8211,12
85.8,12
86.78,12
866.0,12
9.13,12
9.16,12
9.38,12
9.45,12
9.90,12
9001,12
9051,12
91.5,12
93.35,12
94.7,12
96.21,12
96.7,12
97005,12
99.15,12
99.6,12
a.s,12
aarp-branded,12
abetting,12
abstinence,12
abx,12
academics,12
accommodative,12
acip,12
acos,12
acquisitive,12
across-the-board,12
adenosine,12
aerators,12
affording,12
after-treatment,12
ahrendts,12
aiding,12
air-sole,12
aircraft-specific,12
allegiance,12
alliedsignal,12
alston,12
amazonfresh,12
amenable,12
ammonium,12
analogs,12
anonymous,12
anr,12
anthelmintic,12
anti-diversion,12
anti-inflammatory,12
anti-terrorist,12
antiboycott,12
antiperspirants,12
anypoint,12
aquaflor,12
aquavac,12
arcade,12
argentinean,12
arps,12
ashburton,12
asic,12
asleep,12
assignor,12
atherothrombotic,12
atlanta--,12
avery,12
bace,12
baff,12
bakers,12
ballena,12
banamine,12
baselines,12
bass,12
bats,12
baxter,12
bed,12
biggs,12
bites,12
bitumen,12
bny,12
boris,12
bovilis,12
bowerman,12
brave,12
broadband-quality,12
brod,12
broome,12
brush,12
bruton,12
bug,12
bulb,12
burger,12
burn,12
burn-in,12
burnaby,12
business-specific,12
bwi,12
cabinets,12
cagr,12
cambio,12
caninsulin,12
caprolactam,12
captive's,12
castleoak,12
catalysis,12
cathepsin,12
catheters,12
cbss,12
cellex,12
certainly,12
chemguard,12
chemoradiation,12
chengdu,12
chuchupa,12
ciel,12
circuit's,12
cirrus,12
cisplatin,12
cleaner,12
climates,12
cloud-delivered,12
cnh,12
co-create,12
co-owners,12
co-registrar,12
coccidiosis,12
coccivac,12
coco,12
codman,12
coercive,12
color-coated,12
commercially-driven,12
commissioning,12
company-level,12
compensation-esops,12
complementario,12
conceptual,12
confidentially,12
confronting,12
conor,12
constellation,12
contagion,12
contaminations,12
contextual,12
converter,12
corollary,12
counsels,12
countertops,12
cpsc,12
cracks,12
credential,12
credit-risk,12
crt,12
crude-input,12
cscc,12
curious,12
customer-focus,12
cybercriminals,12
cynthia,12
d-sibs,12
daniels,12
darmstadt,12
de-wormer,12
dead,12
deal-specific,12
dealership,12
decisive,12
defends,12
deflationary,12
delinquency-based,12
delstrigo,12
descent,12
dfi,12
di,12
dine-in,12
disaggregating,12
disapproved,12
disavow,12
disciplinary,12
disinfection,12
disregarding,12
distinctly-themed,12
doesn,12
dolphin,12
doosan,12
downloading,12
draw-downs,12
dsmb,12
dvds,12
e.d.n.y,12
earn-out,12
ebooks,12
ecm,12
eco,12
eco-tourism,12
ecuador's,12
edf,12
edwards,12
ees,12
efavaleukin,12
eftpos,12
eh,12
ehs,12
eksportkreditnamnden,12
elan,12
elliott,12
embolism,12
emergent,12
emitting,12
employee-funded,12
employee-only,12
ems,12
enclosures,12
engager,12
entity-level,12
entrant,12
ep,12
epidemiology,12
equity-like,12
erfrischungsgetraenke,12
ermc,12
escrowed-to-maturity,12
esmo,12
estrumate,12
ethane,12
euromonitor,12
ever-expanding,12
ex-3.1,12
ex-3.2,12
exhibit_3_1,12
exhibited,12
exspot,12
extras,12
fab-t,12
faithfully,12
farm-raised,12
farma,12
farrow,12
fast-paced,12
faucets,12
fdic-related,12
fellowships,12
ferrari,12
ferris,12
fgp,12
fifty-two,12
filament,12
finjan,12
firepower,12
fits,12
flipkart's,12
flom,12
floral,12
forbearances,12
formations,12
fraudsters,12
freescale,12
fresheners,12
friess,12
fte,12
fully-amortizing,12
fully-depreciated,12
fully-managed,12
functionally,12
fy2014,12
g-sii,12
g-siis,12
g12c-mutated,12
ga,12
galper,12
gardening,12
gates,12
generac,12
glaucoma,12
glycosylation,12
gorelick,12
government-provided,12
gowns,12
gram-positive,12
grez,12
griffith,12
gs-investor-relations,12
gs.com,12
gutsche,12
hacktivist,12
hana,12
hancock,12
hdl-c,12
helocs,12
her2-positive,12
hidradenitis,12
hkdl,12
honorable,12
hood,12
hoosick,12
horton,12
housewares,12
hs,12
hull,12
hwi,12
hyundai,12
ibama,12
ibm.com,12
icecek,12
iced,12
ihm,12
ihs,12
ike,12
impinge,12
impositions,12
in-circuit,12
in-game,12
in-licensed,12
indeed,12
indonesian,12
infracore,12
infusions,12
innovax,12
insuring,12
inter-company,12
intercept,12
interconnectedness,12
interleukin-15,12
internets,12
interpretative,12
intra-market,12
intrastate,12
invite,12
irmc,12
isabel,12
item_2_03_direct_financial_obligation,12
jab,12
jackpine,12
janci,12
jobbers,12
jolla,12
juncos,12
kelley,12
kempczinski,12
keys,12
kitimat,12
kkc,12
komatsu,12
koruna,12
kramer,12
krane,12
laboratorios,12
lacking,12
landscapes,12
langone,12
latino,12
launchpad,12
lay,12
lectricit,12
leg,12
lending-on-charge,12
letting,12
leveled,12
lifeblood,12
limited-size,12
line-of-credit,12
literacy,12
liugong,12
lone,12
long-lasting,12
long-lead,12
longhorn,12
longpoint,12
lotc,12
lovells,12
low-power,12
low-touch,12
lower-hazard,12
luke,12
lululemon,12
lundbeck,12
mackintosh,12
maestro,12
mainstays,12
malampaya,12
maleate,12
mandalorian,12
market's,12
marketside,12
mattresses,12
mci,12
mcinerney,12
mckinsey,12
md-01720-jg-jo,12
mds,12
meagher,12
media.help,12
media.uk,12
mediator,12
medicated,12
medsystems,12
messenger,12
methotrexate,12
microelectrode,12
mid-to-high,12
millennials,12
minority-owned,12
mir,12
misbuilt,12
mistakes,12
mistress,12
mk-1293,12
mk-2140,12
mk-3222,12
mk-4280,12
mk-5348,12
mk-7075,12
mk-8109,12
mk-8175a,12
mobileye's,12
mometamax,12
monocryl,12
monopolies,12
mosquitoes,12
motherboard,12
motorgraders,12
muerta,12
muir,12
multi-tenancy,12
multiplier,12
multispecific,12
museums,12
muskeg,12
muted,12
namibia,12
navistar,12
neil,12
nettable,12
ni,12
nighttime,12
nizoral,12
nobilis,12
nobivac,12
non-class,12
non-electronic,12
non-fee-earning,12
non-fleets,12
non-food,12
non-generally,12
non-guarantors,12
non-participating,12
non-perishable,12
non-representative,12
non-resident,12
non-standardized,12
noncriticized,12
nonstatutory,12
normalize,12
norvax,12
novs,12
nsoko,12
nuflor,12
o.b,12
ocal-currency,12
occasioned,12
occupants,12
ocular,12
office-based,12
office-related,12
ointments,12
omj,12
omni,12
omnitel,12
ompany,12
openpower,12
operatorship,12
ophthalmics,12
osaka,12
otomax,12
out-license,12
out-of-period,12
outlook.com,12
ovations,12
overprice,12
overthrow,12
owens,12
oxidizers,12
ozark,12
p.l.c,12
packagers,12
panacur,12
pancreas,12
pandora,12
paracox,12
paradise,12
parameter-to-parameter,12
parasiticides,12
particles,12
passports,12
pcc,12
pcd,12
pembroke,12
penalize,12
penta,12
permanente,12
pervasiveness,12
pf,12
phantom,12
pharmacology,12
phrase,12
piedras,12
pifeltro,12
plating,12
pmo,12
polk,12
polypeptides,12
populace,12
porcilis,12
posatex,12
post-,12
post-stress,12
power-,12
pre-issuance,12
precipitate,12
preclusion,12
precondition,12
prince,12
princesses,12
printed-circuit,12
proprietorships,12
proximate,12
prp,12
prps,12
pur,12
q20,12
quadrant,12
queen,12
questionnaires,12
rachel,12
radian6,12
reception,12
rechargeable,12
recipient's,12
reclamation,12
reclosable,12
reddy's,12
redefaulted,12
redefaults,12
redevelopment,12
referenda,12
regaining,12
regumate,12
remission,12
remodelers,12
remoteness,12
renegotiations,12
reopenings,12
repatriates,12
reproducible,12
reproductions,12
rescheduling,12
resflor,12
resonating,12
resubmitted,12
retinal,12
revalor,12
revaluing,12
reviewers,12
revlimid,12
revolutionized,12
rhs,12
ria,12
rims,12
rivera,12
rkiye,12
rob.ferris,12
robertson,12
rockwell,12
roos,12
roth,12
royall,12
rozibafusp,12
rsb,12
rule-related,12
saflutan,12
sales-,12
sandflies,12
saunders,12
sbf,12
sc,12
scalibor,12
schizoaffective,12
scholarships,12
sealer,12
searchlight,12
securities-for-securities,12
self-driving,12
separable,12
sequences,12
sequestrator,12
seventy,12
shank,12
sharecount,12
shareholder-related,12
side-of-body,12
silver,12
simulcast,12
skadden,12
skate,12
skincare,12
slated,12
sleep,12
slice,12
smbc,12
snap,12
snda,12
snps,12
social-activist,12
socks,12
somatic,12
spatial,12
sprint's,12
spurred,12
ssl,12
stabilizes,12
stanford,12
state-wide,12
steam,12
stepping,12
sterile,12
stipulations,12
storefront,12
strauss,12
subparagraphs,12
subtotals,12
suicidal,12
sumatra,12
summons,12
supercenter,12
superintendencia,12
suppurativa,12
surotomycin,12
surpassing,12
swiss-franc-denominated,12
synchronization,12
synchronous,12
synfix,12
t-x,12
tab,12
tactics,12
tails,12
talked,12
tangled,12
taps,12
tarzan,12
testimonials,12
texaco-branded,12
texpet's,12
texts,12
themes,12
thieves,12
thinsulate,12
third-,12
third-party-owned,12
three-phase,12
thrombopoietic,12
thymic,12
tibotec,12
time-to-market,12
timepieces,12
tissuegen,12
tnf,12
toilets,12
tpa,12
tpa-related,12
trade-offs,12
tradesmen,12
transfusions,12
treasurers,12
trebling,12
trillions,12
trued-up,12
trv's,12
tucker,12
two-hour,12
two-train,12
tyler,12
uncalled,12
under-funded,12
union-represented,12
unistrip,12
unit-v,12
unitization,12
unscheduled,12
unveiling,12
upheaval,12
uprifosbuvir,12
vaca,12
valero,12
vaxneuvance,12
vhb,12
vicryl,12
vigoro,12
vips,12
visualization,12
visualize,12
vogue,12
wahl,12
waited,12
watersense,12
watershed,12
waterways,12
wavelength,12
wear-test,12
weights,12
well-collateralized,12
whaley,12
willingly,12
wilmington,12
wipro,12
wpmp,12
wrong-doing,12
www.factsabouttalc.com,12
www.homedepot.com,12
www.microsoft.com,12
www.newyorkfed.org,12
www.nike.com,12
www.samsclub.com,12
x-9,12
x-ray,12
xcmg,12
yardbirds,12
year-old,12
yesterday,12
zero-p,12
zero-p-va,12
zinc,12
012.5,11
023.9,11
058.3,11
10.21,11
10.35,11
10.51,11
10.52,11
10.72,11
10.74,11
10.85,11
100.2,11
100.6,11
101.0,11
101.5,11
101.7,11
102.4,11
102.6,11
102.7,11
102.9,11
103.1,11
103.8,11
103.9,11
104.5,11
105.2,11
105.9,11
107.0,11
109.3,11
11.91,11
11.94,11
115.7,11
117.5,11
117.8,11
118.8,11
12.23,11
12.56,11
12.57,11
12.65,11
12.68,11
12.72,11
12.73,11
121.3,11
121.9,11
124.3,11
124.6,11
126.1,11
126.6,11
128.1,11
13.81,11
13.84,11
130.4,11
130.5,11
131.3,11
132.3,11
132.5,11
136.3,11
14.01,11
14.07,11
14.74,11
14.88,11
14.93,11
140.0,11
140.8,11
141.7,11
142.4,11
142.5,11
143.4,11
144.4,11
144.7,11
149.2,11
150.0,11
157.2,11
158.7,11
163.6,11
17.09,11
172.7,11
174.2,11
18.80,11
181.4,11
186.7,11
186.9,11
19.18,11
19.54,11
1930,11
196.8,11
2.371,11
20.88,11
20.93,11
202.7,11
203.6,11
2064,11
209.8,11
21.34,11
21.39,11
217.7,11
22.13,11
22.54,11
22.78,11
220.3,11
224.6,11
23.40,11
23.96,11
235.5,11
24.52,11
243.2,11
25.97,11
250.1,11
257.7,11
260.3,11
263.6,11
269.4,11
272.8,11
28.01,11
28202,11
284.0,11
2900,11
296.5,11
298.7,11
3.600,11
30.56,11
30313,11
304.9,11
318.1,11
319.1,11
325.8,11
327.2,11
34.21,11
3406,11
341.6,11
345.3,11
356.0,11
38.00,11
394.7,11
4.100,11
4.672,11
4.800,11
4.98,11
400.0,11
4043,11
42.82,11
4213,11
43.76,11
44.02,11
4400,11
4533,11
47.00,11
48.83,11
483.8,11
487.6,11
4872,11
49.22,11
5.57,11
5.74,11
5.94,11
516.9,11
539.5,11
544.0,11
549.5,11
565.2,11
566.6,11
597.8,11
6.050,11
6.13,11
6.26,11
6.41,11
6.48,11
6.54,11
6.99,11
602.1,11
614.9,11
634.8,11
65.44,11
65.96,11
692.0,11
697.7,11
7.12,11
7.18,11
7.32,11
7.36,11
7.60,11
7.86,11
7.89,11
714.1,11
747.1,11
75.9,11
757.8,11
76.48,11
76.9,11
7717,11
7772,11
798.1,11
8.09,11
8.28,11
8.36,11
8000,11
813.9,11
838.4,11
84.9,11
861.2,11
887.9,11
889.4,11
89.75,11
9.12,11
9.14,11
9.52,11
9.85,11
9.89,11
936.0,11
94.0,11
96.31,11
9623,11
980.5,11
9971,11
a-one,11
abb,11
above-described,11
above-noted,11
accords,11
accumu-lated,11
accumulates,11
achermann,11
acknowledgments,11
acme,11
actis,11
adjunctive,11
admin,11
advansix,11
aesthetics,11
affirms,11
affix,11
aflibercept,11
agricole,11
ajinomoto,11
albrecht,11
alder,11
alfred,11
all-in-ones,11
allied-signal,11
allotted,11
alstom,11
amazon.de,11
angiotensin,11
antibody-peptide,11
anticancer,11
appalachian,11
apportioned,11
approvability,11
architect,11
architecting,11
archival,11
argentum,11
arq,11
ashish,11
assets-miscellaneous,11
astigmatism,11
athletica,11
attachments,11
auto-renewal,11
auto-scaling,11
automations,11
avecia,11
average-cost,11
awaits,11
backlot,11
bahamas,11
bain,11
baku,11
balloon,11
ballots,11
bamford,11
bank's,11
barrow,11
barry,11
basf,11
battlefront,11
bba,11
beat,11
bednarski,11
behr,11
bells,11
benefit-related,11
berlin,11
bernardino,11
best-of-breed,11
beta-site,11
bindass,11
biodiversity,11
bioscience,11
black-out,11
bluemix,11
board-approved,11
boots,11
brewer,11
bristol,11
brooks,11
btc,11
budget-driven,11
bush,11
buy-out,11
by-products,11
c$600,11
c-390,11
c-suite,11
cabling,11
cameroon,11
campi,11
capex,11
capgemini,11
carbon-fluorine,11
caremark,11
carey,11
carlyle,11
cash-settled,11
catalogs,11
catastrophe-related,11
cdma,11
cea,11
celltrion's,11
cellular-enabled,11
centene,11
centripetal,11
ceremony,11
cftc-registered,11
chairperson,11
checkpoint,11
chiapas,11
cholecalciferol,11
cholesterol-lowering,11
chromium,11
claims-related,11
clancy,11
cloud-enabled,11
cma,11
co-chairs,11
co-dealer,11
co-primary,11
cohen,11
colluding,11
commingle,11
committee's,11
communicable,11
compendium,11
constantine,11
constituent,11
containerized,11
contaminating,11
contract-ual,11
cooper,11
cord,11
cordis's,11
corn-producing,11
costimulatory,11
cough-1,11
cough-2,11
crash,11
crf,11
cross-functionally,11
cryptocurrency,11
cyber-related,11
cyber-threat,11
cyclicality,11
d-1,11
dampening,11
data-capable,11
de-consolidated,11
decertified,11
decision-maker,11
decoding,11
defrauded,11
deleveraging,11
delhi,11
deliberations,11
demonstrably,11
dennison,11
denver,11
depositories,11
destocking,11
detective,11
detergent,11
deterrent,11
detract,11
diarrhea,11
dies,11
differentially,11
digitized,11
dimension,11
dinosaur,11
direct-to-home,11
disaffirmance,11
disburse,11
diseased,11
disincentives,11
dissolutions,11
distributive,11
diuretics,11
divestiture-,11
doorbell,11
dorsey,11
downside,11
dramatizes,11
driverless,11
dtap5-ipv-hib-hepb,11
dynamodb,11
easement,11
ebt,11
edit,11
edmc,11
eighteenth,11
eir,11
elavon,11
elicit,11
eloitte,11
embodied,11
embraced,11
emtricitabine,11
endorser's,11
energy-generating,11
enriched,11
eo,11
eq,11
erenumab,11
ev-do,11
evergreen,11
ew,11
excursions,11
exhibit_3_2,11
exotic,11
expediently,11
experimental,11
extraterritorial,11
eylea,11
factory-planning,11
falling-rate,11
famine,11
faspro,11
ferc,11
ferc-authorized,11
ffiec,11
fhc,11
fhcs,11
fiji,11
fit-for-purpose,11
flaring,11
flip,11
florence,11
fluorination,11
foothold,11
forty-eight,11
forty-five,11
four-step,11
fresca,11
fronts,11
fs2,11
full-stack,11
fully-owned,11
fully-registered,11
fxm,11
fxx,11
fy2018,11
gamma,11
gaynor,11
gendorf,11
generalized,11
geo,11
gigawatts,11
glb,11
government-controlled,11
grading,11
graduation,11
grandfathered,11
grills,11
groundless,11
grubb,11
gsami,11
half-life,11
haute,11
hayes,11
hdx,11
helicopters,11
helmets,11
herd,11
high-impact,11
high-teens,11
hikes,11
holdbacks,11
hpc,11
htc,11
hulk,11
hungama,11
hyclone,11
hydrocharging,11
hydrochloride-timolol,11
hydrofluoroolefins,11
hyland,11
hyperforce,11
hypersensitivity,11
iams,11
iana,11
icosl,11
illegally,11
imovie,11
impartiality,11
improbable,11
improprieties,11
incentivized,11
includable,11
inclusivity,11
incrementally,11
incumbency,11
inducible,11
industry-sponsored,11
informally,11
ingeniero,11
insecurity,11
insourcing,11
inspects,11
instructor-led,11
instrument-related,11
instruments-credit,11
insurrection,11
integrator,11
interac,11
intercloud,11
internet-of-things,11
interpretational,11
interrogatories,11
intra-european,11
inverse,11
investment's,11
investor's,11
j.c,11
jefferies,11
jnj-77474462,11
joel,11
joinder,11
josh,11
journalists,11
jpn,11
judgements,11
jump,11
kabc,11
keenly,11
keep-well,11
kendall,11
kerosene,11
keynote-189,11
kfsn,11
kgo,11
kicked,11
kimmel,11
kincise,11
kristen,11
ktrk,11
laboratory-scale,11
lacrosse,11
lambda,11
laropiprant,11
latinx,11
laurus,11
lease-purchase,11
leverage-based,11
lie,11
lipid,11
lipid-modification,11
lmn,11
loadings,11
locators,11
log4j,11
long-chain,11
longking,11
lonza,11
lookback,11
louise,11
low-code,11
low-commission,11
low-emissions,11
low-light,11
lucasfilm's,11
m6,11
malfunctioning,11
management-level,11
mannheim,11
mark-ups,11
markdown,11
market-sensitive,11
marketed-product,11
math,11
mcc,11
medacta,11
medcac,11
media-rich,11
melt,11
menear,11
mer,11
merced,11
meritless,11
meta,11
metering,11
methane,11
micro-organisms,11
microflow,11
mid-2013,11
mid-cycle,11
mid-size,11
mikael,11
mk-0524a,11
mk-0524b,11
mk-0653c,11
mk-1308,11
mk-3641,11
mk-5890,11
mk-7119,11
mk-7243,11
mk-7684,11
mk-8521,11
molybdenum,11
monoline,11
motivation,11
multi-judge,11
multi-operating,11
multi-site,11
multitasking,11
muppets,11
mylan's,11
mymagic,11
n-nitrosodimethylamine,11
nab-paclitaxel,11
nadella,11
navigator,11
ncd,11
ndma,11
nearing,11
nemtabrutinib,11
network-connected,11
newlink,11
newsies,11
niacin,11
nidan,11
nimble,11
non-advertising,11
non-afff,11
non-arbitration,11
non-contractual,11
non-covered,11
non-e.u,11
non-gf,11
non-material,11
non-periphery,11
non-reimbursable,11
non-restructuring-related,11
noncontingent,11
nonregulated,11
normalizing,11
notch,11
noticeable,11
notre,11
npss,11
ns5a,11
nucleic,11
nucleotide,11
nutritionals,11
nuts,11
nyce,11
oao,11
obviously,11
occupying,11
off-line,11
ogden,11
olsen,11
ono,11
openness,11
ops,11
ores,11
organic-local,11
orthopedic,11
ouche,11
out-of-home,11
outfitted,11
over-collateralized,11
overactive,11
overgrowth,11
oxford,11
painter,11
panagiotatos,11
parade,11
parcs,11
parlin,11
patentability,11
pcbs,11
pd-l1-positive,11
pds,11
peacock,11
peaked,11
pegasus,11
penalized,11
pennsville,11
perimeter,11
pertained,11
piracicaba,11
pl,11
platelet,11
plcc,11
polishing,11
portuguese,11
post-incident,11
post-merger,11
post-vest,11
ppos,11
pre-suit,11
preempts,11
priu,11
prize,11
processor-based,11
prodromal,11
prolene,11
pros,11
prostaglandin,11
proteasome,11
prototyping,11
proudly,11
prv-015,11
publisher,11
punishable,11
pwm,11
qhd,11
qspe,11
quavonlimab,11
randazza,11
ranitidine,11
ras,11
ratings-based,11
re-proposed,11
re-review,11
receptive,11
recombivax,11
redundancies,11
reforming,11
reimage,11
relational,11
relaunch,11
remitting,11
remittitur,11
repellants,11
reselling,11
resource-related,11
respectful,11
resupply,11
resurgent,11
retacrit,11
retaliated,11
retroreflective,11
revealing,11
reversion,11
rhythm,11
riskmetrics,11
riyadh,11
roastery,11
robinson,11
rosuzet,11
rpa,11
rugged,11
rule-making,11
ruzasvir,11
sa-ccr,11
sacrificing,11
sany,11
sapphire,11
sargent,11
sca,11
scale-related,11
scheufele,11
schroeter,11
sclerostin,11
script,11
scrutinize,11
semi-conductors,11
semi-final,11
senator,11
senses,11
short-acting,11
shortens,11
shot,11
sierra,11
sifis,11
sign-ups,11
sincerely,11
single-digits,11
siwei,11
sizeable,11
skiing,11
skymiles,11
slotting,11
smartcells,11
smartcloud,11
smoother,11
sochi,11
societe,11
socioeconomic,11
sociopolitical,11
sofr-,11
sonia-based,11
specgx,11
spinoff,11
sprunk,11
sso,11
staffs,11
stagnant,11
standoff,11
statistically-based,11
stats,11
stephanie,11
stops,11
storefronts,11
stratafix,11
sub-saharan,11
subclause,11
subscribes,11
subsystem,11
sunscreen,11
supercomputers,11
supermercados,11
surfactant,11
suture,11
swan,11
tasked,11
tce,11
teenagers,11
telegram,11
templeton,11
teresa,11
terremark,11
texting,11
three-train,11
thrust,11
thunderstorms,11
tieback,11
time-sensitive,11
tipo,11
tivo,11
tohoku,11
tokyo-mitsubishi,11
tornado-,11
toughest,11
towel,11
trailers,11
transceiver,11
transistors,11
trc,11
treo,11
triangle,11
troy,11
trw,11
tryon,11
tsca,11
tsgs,11
ubiquitous,11
ultraviolet,11
unamended,11
unblocked,11
uncommon,11
uncontested,11
uncontrolled,11
undermining,11
unfiled,11
unfulfilled,11
unionamerica,11
unionized,11
unwarranted,11
upside,11
uptick,11
us-gaap,11
ut,11
v591,11
vef-denominated,11
verisk,11
vibostolimab,11
vibration,11
vintages,11
virologically,11
virulent,11
visionary,11
visualizations,11
vivo,11
volcanoes,11
volte,11
volunteered,11
vossloh,11
vouchers,11
vpro,11
vt,11
wa,11
wabc,11
waller,11
wan,11
wd,11
wdc,11
wearable,11
wechat,11
welch,11
welireg,11
well-tolerated,11
whirlpool,11
wichmann,11
wiring,11
wms,11
workspace,11
woven,11
wpvi,11
wrote-off,11
wtvd,11
www.diapers.com,11
www.factsaboutourprescriptionopioids.com,11
www.gs.com,11
www.intel.com,11
www.shopbop.com,11
xserve,11
zantac,11
zappos,11
zscaler,11
0.150,10
0.165,10
0.525,10
0.6400,10
0.900,10
0003,10
02940,10
032.1,10
069.8,10
088.0,10
10.07,10
10.08,10
10.41,10
10.55,10
10.60,10
10.73,10
10.79,10
10.99,10
10022,10
101.3,10
10172,10
102.0,10
102.13,10
104.6,10
107.1,10
108.4,10
109.4,10
11.00,10
11.02,10
11.12,10
11.52,10
11.75,10
11.89,10
1112,10
112.2,10
112.7,10
113.2,10
113.5,10
114.1,10
116.1,10
116.6,10
116.8,10
119.0,10
119.2,10
119.51,10
12.39,10
12.69,10
12.93,10
120.4,10
120.8,10
122.0,10
124.1,10
125.9,10
129.1,10
129.6,10
129.7,10
129.8,10
13.02,10
13.12,10
13.36,10
13.37,10
13.79,10
13.90,10
13.94,10
131.9,10
132.2,10
133.4,10
134.4,10
136.4,10
138.3,10
14.09,10
14.55,10
14.94,10
140.1,10
1402,10
144.5,10
145.5,10
146.2,10
1469,10
147.5,10
148.1,10
148.4,10
15.22,10
15.57,10
15.79,10
150.1,10
152.7,10
153.8,10
154.7,10
155.2,10
157.9,10
1585,10
16.09,10
16.15,10
16.50,10
160.4,10
163.4,10
166.3,10
166.7,10
167.1,10
167.2,10
17.22,10
17.55,10
17.74,10
17.98,10
175.7,10
177.2,10
178.8,10
18.25,10
18.33,10
18.56,10
18.60,10
18.71,10
181.1,10
181.3,10
184.3,10
185.6,10
187.0,10
19.46,10
198.2,10
2.100,10
20.85,10
204.8,10
207.8,10
21.25,10
21.55,10
212.0,10
216.6,10
217.5,10
2171,10
22.44,10
22.64,10
223.0,10
223.4,10
23.01,10
23.25,10
23.88,10
231.6,10
233.0,10
235.7,10
24.50,10
240.2,10
245.4,10
246.5,10
247.5,10
248.6,10
2526,10
253.5,10
256.5,10
258.4,10
26.04,10
26.75,10
266.7,10
2666,10
268.0,10
270.9,10
286.4,10
295.9,10
3006,10
302.4,10
302.5,10
302.8,10
31.94,10
314.0,10
321.1,10
322.4,10
323.4,10
328.6,10
333.3,10
347.0,10
356.4,10
3650,10
375.4,10
377.4,10
379.7,10
387.50,10
39.70,10
392.8,10
40.88,10
4042,10
405.4,10
409.1,10
41.91,10
415.0,10
43006,10
44.09,10
44.36,10
45.09,10
4588,10
46.71,10
4651,10
473.1,10
48.91,10
497.7,10
5.45,10
5.500,10
504.4,10
504.5,10
505.3,10
507.3,10
511.4,10
530.5,10
556.3,10
56.94,10
581.9,10
582.7,10
582.8,10
587.3,10
591.4,10
593.3,10
594.0,10
596.5,10
597.6,10
598.1,10
599.4,10
6.24,10
6.52,10
6.66,10
6.77,10
6.78,10
6.86,10
6.96,10
607.0,10
609.4,10
610.1,10
620.4,10
626.4,10
638.3,10
653.9,10
657.9,10
667.5,10
670.8,10
685.5,10
6862,10
693.6,10
7.11,10
7.64,10
7.77,10
7.92,10
72716,10
729.0,10
74.3,10
74.77,10
748.6,10
758.3,10
772.8,10
777.8,10
780.8,10
788.9,10
789.3,10
79.7,10
8.33,10
8.34,10
8.89,10
8.95,10
803.1,10
854.8,10
89.22,10
898.5,10
9.11,10
9.27,10
9.32,10
9.39,10
9.46,10
9.50,10
9.61,10
9.65,10
9.69,10
9.78,10
90.4,10
903.6,10
904.2,10
925.8,10
93.53,10
961.7,10
97.7,10
a-1a,10
a-1b,10
a-9,10
a21,10
absorbents,10
abstained,10
accr,10
acg,10
activator,10
actoxumab,10
ada,10
ada-related,10
adapters,10
adi,10
adjudicate,10
adjudicating,10
administrativo,10
advantaged,10
aebfsb,10
affords,10
afrin,10
afterward,10
agency-sponsored,10
agnostic,10
ai-based,10
ait,10
aka,10
alba,10
alberg,10
alexander,10
all-cause,10
amazon.fr,10
amex-card,10
analogy,10
analytic,10
andrx,10
angola-republic,10
anomalies,10
anonymized,10
answering,10
anti-infective,10
anti-ox40,10
anticorruption,10
app-based,10
appreciably,10
approached,10
argentaria,10
aromatase,10
artisans,10
asks,10
aspen,10
aum,10
autoinjector,10
autotouch,10
aventis,10
avon,10
azasite,10
azeri-chirag-gunashli,10
b-,10
b.c,10
b.s,10
ballymore,10
bargain,10
bayer's,10
bbva,10
beanstalk,10
bedrock,10
beginning-of-year,10
belzutifan,10
bessette,10
bilbao,10
biotechnological,10
bladecenter,10
blake,10
bleach,10
blog.html,10
bn,10
board-level,10
boilerre,10
bookkeeping,10
booster,10
borrower-related,10
borrower-specific,10
bottamedi,10
bourget,10
brazil's,10
breaking,10
bret,10
bromide,10
browdy,10
buda,10
buy-sell,10
by-law,10
c$1,10
cabilly,10
cage,10
calibrates,10
canjeable,10
capsid,10
carabobo,10
cardiome,10
case-specific,10
catalyze,10
catherine,10
cavatak,10
caylah,10
ccbcc,10
ccep's,10
ccip,10
cd,10
ce,10
ces,10
ceyhan,10
cfl,10
ch-47f,10
change-in-control,10
charoensak,10
chip-and-pin,10
cigarettes,10
cii,10
cinemagic,10
clips,10
cloudcraze,10
clra,10
co-badged,10
co-funded,10
co2,10
common-area,10
commscope,10
company-led,10
company-paid,10
compensation-retirement,10
computer-related,10
concerted,10
congruent,10
connote,10
conselho,10
conservatorship,10
consortium's,10
conspicuously,10
contal,10
converters,10
cookies,10
cost-method,10
cost-recovery,10
counselors,10
counter-cyclical,10
country-based,10
court-approved,10
cove,10
coxsackievirus,10
cpaas,10
cpg,10
credentialing,10
credit-quality,10
creed,10
crispy,10
cross-channel,10
cross-dock,10
crs-x,10
cta,10
cumulative-basis,10
custom-built,10
cyber-strikes,10
d's,10
d-2,10
dalotuzumab,10
danish,10
daredevil,10
data-intensive,10
datorama,10
davidson,10
daylight,10
debits,10
deceptively,10
deck,10
decode,10
deduplication,10
defease,10
defence,10
deferrable,10
defesa,10
delegee,10
delgado,10
depleted,10
depuy's,10
derecho,10
ders,10
detects,10
deutz,10
devastating,10
dezima,10
digest,10
diligent,10
dioxins,10
disagreement,10
disclosure-based,10
discomfort,10
disney's,10
dispenser,10
div,10
domain-specific,10
donor,10
dose-optimization,10
downer,10
downsize,10
driver-assistance,10
drivetrain,10
drones,10
dvr,10
dvt,10
e.d,10
ead,10
eaton,10
ebs,10
effortlessly,10
eidd-2801,10
eitf,10
en-us,10
enemy,10
engender,10
eosinophilic,10
eptifibatide,10
equatorial,10
equity-classified,10
equity-fx,10
equity-ir,10
esophagus,10
espe,10
eu-wide,10
eual,10
evade,10
everstart,10
everything-as-a-service,10
evictions,10
ex-4.4,10
exam,10
exfiltration,10
exon,10
expeditiously,10
experiment,10
exposure-related,10
facilitators,10
falsifying,10
fba,10
federated,10
feel-good,10
feldman,10
fence,10
fiat,10
fireworks,10
fishman,10
fissures,10
fixed-cost,10
fixed-period,10
flags,10
flowers,10
fluidity,10
foothill,10
for-1,10
foreign-based,10
forestell,10
forrester,10
fortified,10
freeze-out,10
fundraising,10
fuselages,10
futile,10
fy2015,10
gas-related,10
gate-to-gate,10
gb07,10
gbps,10
genders,10
generale,10
gibson,10
gleeson,10
glory,10
going-forward,10
goshawk,10
grastek,10
gravity,10
gray,10
groundwork,10
gsibs,10
guangxi,10
guess,10
h1,10
haifa,10
hamilton,10
hampered,10
han5,10
hannah,10
hardest,10
harris-maines,10
harrisburg,10
hawkins,10
hbo,10
held-to-,10
highest-level,10
hooper,10
horn,10
horne,10
horticulture,10
hoya,10
hras,10
hsa,10
hsas,10
hurricane-related,10
hyper-inflation,10
i-,10
ibew,10
ida,10
iic,10
immune-modulation,10
immunosuppressive,10
immunotherapies,10
impeachment,10
impropriety,10
impurities,10
in-memory,10
inaccurately,10
inbev's,10
inclusions,10
incretin,10
indemnitee,10
infinite,10
info,10
ingestion,10
ingram,10
instilling,10
integrally,10
intel.com,10
intercarrier,10
interiors,10
internet-,10
interstitial,10
intraocular,10
intratumoral,10
inviting,10
ioe,10
ipilimumab,10
ipragliflozin,10
ir-fx,10
isaias,10
isg,10
ive,10
jbi's,10
jetpacks,10
jewelers,10
jigsaw,10
jjmcp,10
jjvc's,10
jocelyn,10
joliet,10
jpmcinvestorrelations,10
jsi,10
junto,10
k-y,10
kathharr,10
kathryn,10
kc-10,10
keynote-042,10
keynote-181,10
keynote-581,10
keynote-629,10
kicks,10
kingdom-based,10
kingpin,10
kobe,10
krzanich,10
lac,10
lagomasino,10
lamb,10
laurelwood,10
layered,10
lbhi,10
leaf,10
legislature,10
levofloxacin,10
lifescan's,10
lightly,10
lima,10
lingong,10
liposomal,10
liter,10
litton,10
llms,10
loaded,10
lob,10
long-time,10
low-a,10
low-latency,10
lsa,10
ltm,10
luck,10
lupin's,10
m1,10
mallinckrodt,10
market-competitive,10
markups,10
marvel's,10
master's,10
maxtor,10
mcls,10
meda,10
medium-haul,10
megabyte,10
meline,10
mendota,10
meru,10
mfn,10
microfiber,10
mid-2007,10
mid-point,10
midwestern,10
mirtazapine,10
misclassification,10
misuses,10
mit,10
mk-0431j,10
mk-0646,10
mk-1602,10
mk-8342,10
mmbtu,10
mobile-first,10
modified-retrospective,10
mongolia,10
mono-brand,10
mora,10
mt,10
mulan,10
multi-count,10
multi-touch,10
multi-week,10
multicultural,10
multiphase,10
mutandis,10
mutant,10
mutatis,10
mutein,10
mwh,10
mymcdonald,10
nash,10
nat,10
navigates,10
nca,10
nci,10
necessitated,10
needy,10
nephrectomy,10
nervous,10
neste,10
nestea,10
netapp,10
netgear,10
neurosurgery,10
newco,10
ngls,10
ngos,10
nitrogen,10
nnip,10
non-adherence,10
non-callable,10
non-compete,10
non-equity,10
non-eu,10
non-facility,10
non-modeled,10
non-operated,10
non-subscribers,10
non-swiped,10
non-weather-related,10
nonvalvular,10
nordic,10
nortel,10
noticed,10
novak,10
novorossiysk,10
npdes,10
ns3,10
nxp,10
oasis,10
ogx,10
one-percentage-,10
one-sixth,10
one-stop,10
onedrive,10
opco,10
open-angle,10
opined,10
optimally-sized,10
opting,10
orion,10
orsa,10
other-paid-in,10
over-hedged,10
overridden,10
oxycodone,10
paced,10
paks,10
pandemic-driven,10
parades,10
paralympic,10
parasitic,10
passport,10
patent-holding,10
payload,10
penetrations,10
pentium,10
pepto-bismol,10
perfection,10
perpetrators,10
petr,10
petroindependencia,10
phenol,10
phenomenal,10
phut,10
picks,10
pies,10
platform-centric,10
pmcs,10
pneumoniae,10
polyps,10
porcine,10
post-2003,10
post-crisis,10
pound-sterling-,10
ppts,10
practicability,10
pre-arranged,10
pre-lawsuit,10
pre-vesting,10
preamble,10
prematurely,10
premieres,10
preservative,10
preshipment,10
price-based,10
principles-based,10
printer,10
privados,10
process-specific,10
produits,10
profit-per-share,10
profit-share,10
promoter,10
purposeful,10
purposefully,10
put-call,10
qspes,10
qualitat,10
quantitative-based,10
quark,10
quarter-over-quarter,10
que,10
quidsi,10
ragwitek,10
rainwater,10
ramped,10
rbs,10
re-file,10
re-market,10
re-set,10
recarbrio,10
receivers,10
reclasses,10
reconfigurable,10
reconfiguration,10
reconstitute,10
redress,10
reenacted,10
reestablishment,10
referendums,10
refiner,10
refrigerant,10
relinquishment,10
reoccur,10
repairing,10
repossess,10
resonated,10
retransmit,10
revenge,10
reverse-flow,10
rhinosinusitis,10
ridgid,10
ringcentral,10
rmb,10
robot,10
roiic,10
rolls,10
rosebank,10
roy,10
royalty-free,10
rrt,10
rsc,10
ruby,10
ryobi,10
s.w,10
safran,10
sal,10
salts,10
santen,10
sarta,10
scale-up,10
scenes,10
scherr,10
scios,10
scrub,10
sdwa,10
seb,10
securityholder,10
seep,10
self-referral,10
settlement-related,10
seven-month,10
severable,10
sfa,10
sh,10
shake,10
shantui,10
short-cycle,10
short-tenured,10
showerheads,10
sicad1,10
sicad2,10
simulators,10
sinemet,10
sinopec,10
slower-than-expected,10
solo,10
solu,10
song,10
spectacular,10
splits,10
splunk,10
spontaneous,10
spun-off,10
stadiums,10
stale,10
stampede,10
stateroom,10
staterooms,10
steadfast,10
stealthwatch,10
steelworkers,10
steglatro,10
stela,10
steroid,10
stimulator,10
stratacom,10
streptococcus,10
stripped,10
sub-markets,10
sublicensee,10
subsets,10
subsurface,10
subtle,10
summits,10
supervises,10
supplier-related,10
suriname,10
surpass,10
surpluses,10
swiss-u.s,10
sworn,10
syndromes,10
synnex,10
tackett,10
tampon,10
tank,10
tanker-loading,10
tb,10
teamed,10
ted,10
telephonically,10
tempered,10
template,10
tenures,10
tesia,10
thailand-cambodia,10
themis,10
then-prevailing,10
then-useful,10
there's,10
thermocool,10
throttle,10
thunderbolt,10
tibotec's,10
tick-tock,10
tirelessly,10
top-down,10
towns,10
tr,10
tracfone's,10
trailhead,10
transaction-processing,10
transmissibility,10
trapial,10
traveler,10
tri-cyclen,10
trial-ready,10
trim,10
trough,10
truist,10
trustworthy,10
tubular,10
tucatinib,10
tune,10
twelfth,10
twelve-months,10
two-stage,10
u.s.-china,10
unacceptable,10
uncoordinated,10
unpurchased,10
uploads,10
upsizing,10
urticaria,10
usmca,10
v.a.c,10
v116,10
validations,10
vapor,10
variously,10
venezuela's,10
vestberg,10
victor,10
violative,10
virtuous,10
visa-everywhere,10
vlsi,10
vpn,10
wang,10
wasp,10
waterhouse,10
web-enabled,10
wedgetail,10
weichai,10
weighed,10
wellington,10
wendell,10
whistleblowers,10
whitney,10
wifi-6,10
wilke,10
windowing,10
work.com,10
wrote,10
www.3m.com,10
www.computershare.com,10
www.ltlmanagementinformation.com,10
wyeth,10
x-men,10
ye,10
z14,10
z15,10
zero-emission,10
zilpaterol,10
zuprevo,10
0.070,9
0.175,9
0.4500,9
0.855,9
000.7,9
0218,9
023.3,9
025.6,9
034.0,9
039.4,9
068.7,9
072.4,9
0820,9
089.8,9
1.434,9
1.6298,9
1.755,9
1.850,9
10.17,9
10.27,9
10.32,9
10.33,9
10.44,9
10.46,9
10.58,9
10.68,9
10.80,9
10.88,9
10.95,9
100.0000,9
102.5,9
105.8,9
106.2,9
107.8,9
108.3,9
1095,9
11.06,9
11.07,9
11.10,9
11.22,9
11.39,9
11.7147,9
11.83,9
111.9,9
113.8,9
114.3,9
114.32,9
116.2,9
117.6,9
119.9,9
12.07,9
12.35,9
12.71,9
12.94,9
120.9,9
122.5,9
126.9,9
13.50,9
13.53,9
13.74,9
13.78,9
13.85,9
13.952,9
130.9,9
136.0,9
138.9,9
139.5,9
14.13,9
14.41,9
14.78,9
142.6,9
149.1,9
149.3,9
149.7,9
149.9,9
15.12,9
15.42,9
15.77,9
15.95,9
150.9,9
151.6,9
152.1,9
154.0,9
155.5,9
155.8,9
157.0,9
158.0,9
159.0,9
16.03,9
16.62,9
16.87,9
160.8,9
164.0,9
17.03,9
17.07,9
17.28,9
17.42,9
17.45,9
17.47,9
17.79,9
175.3,9
177.3,9
177.4,9
18.24,9
18.47,9
182.9,9
183.3,9
184.00,9
185.8,9
186.1,9
19.17,9
19.36,9
19.56,9
19.72,9
190.8,9
192.3,9
195.8,9
1952,9
196.4,9
196.7,9
19720,9
199.6,9
199.8,9
20.24,9
20.25,9
20.35,9
20.36,9
20.44,9
20.45,9
200.5,9
201.3,9
204.3,9
204.4,9
2063,9
207.1,9
208.4,9
209.0,9
21.56,9
21.64,9
216.0,9
218.0,9
218.2,9
219.3,9
22.56,9
227.8,9
229.9,9
23.46,9
23.56,9
231.7,9
236.6,9
236.7,9
239.58,9
24.44,9
246.6,9
247.3,9
251.0,9
255.56,9
255.7,9
257.6,9
26.03,9
26.94,9
261.0,9
261.1,9
264.0,9
267.4,9
272.1,9
276.2,9
276.4,9
279.4,9
28.16,9
28.90,9
288.0,9
292.9,9
297.2,9
298.4,9
2987,9
3.285,9
3.428,9
30.92,9
310.1,9
310.7,9
316.1,9
32.33,9
331.7,9
335.7,9
336.9,9
341.1,9
348.0,9
350.5,9
351.4,9
355.1,9
36.55,9
360.7,9
363.1,9
372.9,9
374.7,9
3745,9
377.6,9
38.66,9
385.5,9
389.5,9
4.647,9
400.4,9
410.2,9
42.03,9
42.93,9
422.7,9
437076,9
440.8,9
45.48,9
450.2,9
451.5,9
455.0,9
455.5,9
46.01,9
463.8,9
473.2,9
496.3,9
497.0,9
5.78,9
5.92,9
511.0,9
52.76,9
526.0,9
528.5,9
530.1,9
540.1,9
550.9,9
558.3,9
558.9,9
559.8,9
564.2,9
565.0,9
565.6,9
566.0,9
566.1,9
57.85,9
574.8,9
576.4,9
577.6,9
579.0,9
580.9,9
583.5,9
583.9,9
589.0,9
590.3,9
597.0,9
6.09,9
6.83,9
612.7,9
620.9,9
6281,9
629.6,9
639.2,9
65.68,9
674.1,9
7.10,9
7.17,9
7.43,9
7.47,9
7.48,9
7.55,9
7.59,9
7.63,9
7.65,9
7.71,9
702.0,9
703.8,9
7180,9
731.8,9
735.3,9
735.8,9
74.5,9
7452,9
746.6,9
747.4,9
75.01,9
76.2,9
760.8,9
769.5,9
771.8,9
773.6,9
7777,9
779.8,9
78.1,9
785.9,9
792.0,9
796.0,9
8.40,9
8.42,9
8.66,9
80.74,9
80.99,9
811.5,9
815.5,9
82.43,9
827.7,9
828.4,9
8367,9
841.3,9
845.3,9
86.7,9
886.3,9
89.99,9
892.6,9
893.5,9
895.0,9
9.22,9
9.30,9
9.375,9
9.62,9
9.91,9
9.94,9
916.6,9
9199,9
92.77,9
922.1,9
9333,9
943.9,9
95.54,9
988.2,9
99.18,9
a-10,9
a-19,9
a-4,9
a-5,9
a-7,9
a-not,9
aaa-77bbbb,9
aaron,9
abiomed,9
abrasion-resistant,9
academia,9
acapatamab,9
accc,9
achievable,9
acquirees,9
acquiror,9
actives,9
actress,9
adjudged,9
admins,9
adt,9
adversaries,9
affidavits,9
aggreko,9
aguilera,9
aioc,9
aisles,9
albritton,9
alcohol-licensed,9
alia,9
alien,9
alkermes,9
americhoice,9
analogue,9
andre,9
andss,9
anik,9
annexed,9
anti-cancer,9
anti-infectives,9
anti-tnf,9
antikickback,9
approximation,9
arabia's,9
architecture-based,9
aristocrat,9
ark,9
artiva,9
asas,9
ascertainable,9
associate's,9
athena,9
atl,9
attacker,9
attributing,9
authorisation,9
aversion,9
avert,9
aws-designed,9
aximize,9
b-52,9
b.a,9
b2c,9
bacillus,9
ballistic,9
bangka,9
banked,9
banm,9
barcelona,9
barker,9
bcp,9
bedding,9
benadryl,9
bernard,9
beth,9
bh,9
biannually,9
bid-side,9
bifunctional,9
bight,9
biographical,9
bioresearch,9
bismol,9
blackburn,9
blowing,9
bluebird,9
blueprints,9
bolivar-denominated,9
bollywood,9
bonfield,9
booth,9
bot,9
boxing,9
bradley,9
braf,9
briefly,9
brighter,9
broadly-based,9
bt6,9
bundesliga,9
busines,9
busk,9
byron,9
bz2,9
cabinda,9
cache,9
campana,9
cantons,9
cap-and-trade,9
capabilities-driven,9
capital-return,9
car-nk,9
carbapenem,9
carpets,9
carrier-based,9
cartoons,9
casting,9
castrate-resistant,9
cathy,9
cemea,9
centerbridge,9
centralizing,9
cf.com,9
cfe,9
cgmp,9
cguss,9
channel-based,9
chapters,9
chef,9
chewable,9
chews,9
chf700,9
chikungunya,9
chime,9
chiropractic,9
cho,9
chromosome-negative,9
ciena,9
claim-by-claim,9
claims-handling,9
cleanliness,9
clio,9
cloth,9
cloudfront,9
co-chairman,9
co-founded,9
co-tenancies,9
cobranded,9
codebreak,9
coderyte,9
cogan,9
coherent,9
coherus,9
coincided,9
colgate-palmolive,9
colleen,9
combating,9
comframe,9
comics,9
commissary,9
commuter,9
compensability,9
compensates,9
competitor's,9
compress,9
computer-assisted,9
con,9
conception,9
condensation,9
conduct-based,9
conferral,9
confidently,9
configuring,9
consensual,9
construction-type,9
consultancy,9
contra-discount,9
conventionally,9
conveyances,9
copayments,9
corporate-wide,9
corticosteroids,9
couldn,9
cover-up,9
cpra,9
crafted,9
creased,9
cross-claimant,9
cross-currency-basis,9
cross-indemnity,9
cross-industry,9
cushioned,9
customer-sponsored,9
cut-off,9
cv002852,9
cv012179,9
cv631-50,9
cyber-incident,9
cyber-liability,9
cybersource's,9
d-5,9
d-link,9
dagh,9
danaher,9
dans,9
data-rich,9
day-one,9
debilitating,9
decelerated,9
decorative,9
definitional,9
deletes,9
demurrers,9
depot's,9
derivative-related,9
dermatological,9
dermocosmetic,9
development-related,9
diag,9
dialogues,9
dica,9
dignity,9
diminishes,9
dioxygenase,9
dis-synergies,9
disadvantageous,9
disintermediating,9
dive,9
diverted,9
dll3,9
dock,9
doe,9
donates,9
donna,9
downsizing,9
downtimes,9
drm,9
dual-acting,9
dual-source,9
easterbrook,9
ecj,9
eginning,9
egyptian,9
electrodes,9
elite,9
ellis,9
emerald,9
emerges,9
emerging-,9
enactments,9
encouragement,9
encumbered,9
endicott,9
ensue,9
ents,9
epa's,9
epitope,9
equating,9
erawan,9
ere,9
erich,9
ervices,9
erythroid,9
esophagogastric,9
ethernet-based,9
etr,9
etravirine,9
eu-us,9
eua,9
euro-functional,9
euro-zone,9
evan.goldstein,9
everbilt,9
ex-99.3,9
excavation,9
excavator,9
exhibit_99_3,9
expanse,9
explored,9
extranets,9
f-35,9
fabara,9
facetime,9
facto,9
family's,9
fav,9
favezelimab,9
fbsa,9
fbsee,9
fda-designated,9
feeding,9
female-focused,9
femoral,9
ff,9
fierce,9
fin,9
finalizes,9
fire-related,9
firefighter,9
firm-wide,9
first-time,9
fit1,9
fixed-dollar,9
flatter,9
floyd,9
fluorescent,9
fluoroelastomers,9
foil,9
foreign-sourced,9
formula-based,9
formulaic,9
fortis,9
fortive,9
forward-,9
forwarded,9
four-ship,9
frail,9
frn,9
fttx,9
fuerte,9
furthering,9
fvo,9
fy10,9
fy13,9
fy2017,9
fyi,9
galenica,9
gej,9
gemalto,9
generational,9
genotypes,9
georgia-pacific,9
glare,9
glaxo,9
globally-integrated,9
globalmedia,9
gpt,9
gupta,9
guys,9
hamaca,9
hamburger,9
hamper,9
handbags,9
harbison-walker,9
harvoni,9
hello,9
heloc,9
hemorrhage,9
herbert,9
hh,9
hidalgo,9
high-band,9
high-rate,9
higher-yielding,9
hle,9
hoffman,9
holley,9
homepage,9
hos,9
hospital-based,9
hsi,9
humanized,9
humphrey,9
hurting,9
hybrivet,9
hypothecated,9
i've,9
iasb,9
icaap,9
icc,9
iconix,9
ideally,9
idearc,9
idm,9
ido,9
ifpru,9
immense,9
imperial,9
impersonate,9
impressed,9
in-place,9
incent,9
indoco,9
indoleamine-2,9
inducements,9
inducing,9
induction,9
industria,9
industry-first,9
ineligibility,9
inequality,9
ingesting,9
inhalers,9
ink,9
ink-jet,9
inroads,9
instant-read,9
intangible-asset,9
intensifies,9
interdependency,9
intracranial,9
investigates,9
iphoto,9
ipu,9
iq,9
isle,9
isolates,9
isos,9
itanium,9
j.m,9
jabil,9
janssen's,9
jeremy,9
jj,9
jjci's,9
johns,9
josselyn,9
joy,9
jvs,9
kbc,9
keynote-177,9
keynote-407,9
keynote-524,9
keynote-564,9
keynote-716,9
keynote-826,9
khandpur,9
khk4083,9
kilowatt,9
kinetic,9
kirkland,9
kwh,9
kyowa-kirin,9
lady,9
landfall,9
lapped,9
lauderdale,9
laureen,9
legal-entity,9
levinson,9
levitra,9
liberia,9
license's,9
licensing-related,9
lifesciences,9
lindsey,9
lithium,9
lobs,9
logs,9
loma,9
london-based,9
lookup,9
lowe,9
lower-than-normal,9
lower-tier,9
lyonnaise,9
m.b.a,9
macroglobulinemia,9
madness,9
mail-order,9
mail-service,9
mailer,9
maintenance-free,9
makeup,9
malta,9
manger,9
mantle,9
marianne,9
marilmor,9
marilyn,9
markup,9
marrs,9
marvel-,9
marvel-produced,9
massmart,9
matting,9
maybe,9
mcbride,9
mcgeary,9
members-only,9
membrane,9
memorable,9
memories,9
merck's,9
metered-dose,9
microbiological,9
micrograms,9
microstructured,9
mid-october,9
miransertib,9
misclassifications,9
mk-1308a,9
mk-1775,9
mk-3682c,9
mk-4261,9
mk-4280a,9
mk-4830,9
mk-7684a,9
mk-7962,9
mk-8742,9
mk-8835a,9
mk-8835b,9
mmcf,9
modality-independent,9
model's,9
model-driven,9
moe,9
moldings,9
monica,9
moral,9
morphosys,9
motherboards,9
mous,9
move-out,9
moxifloxacin,9
msas,9
multi-carrier,9
multi-sourcing,9
multivariate,9
multiwell,9
mutilated,9
mvsp,9
myosin,9
myself,9
nameplates,9
neighbor,9
neighboring,9
neill,9
newfoundland,9
newly-built,9
ninetieth,9
non-employer,9
non-fatal,9
non-grandfathered,9
non-medicare,9
non-oncology,9
non-owner,9
non-pfas,9
non-pre-refunded,9
noncompetition,9
nonwoven,9
norberto,9
norfolk,9
northwestern,9
nose,9
nova,9
o-cel-o,9
ocd's,9
oceans,9
oep,9
omar,9
omitting,9
ommit,9
on-average,9
on-field,9
on-shelf,9
on-shore,9
oncologic,9
one-fourth,9
one-on-one,9
one-percentage,9
onsolidated,9
open-end,9
opponents,9
oregon's,9
ot,9
other-domestic,9
other-non-u.s,9
other-than-temporary-impairment,9
ou,9
ouble,9
outsourcers,9
overallotment,9
p2x3-receptor,9
packed,9
paola-1,9
paperwhite,9
particulate,9
partner-related,9
path's,9
pay-down,9
payee,9
pbrsus,9
pedestrians,9
pepto,9
percentage-point,9
peremptory,9
perfected,9
perquisites,9
person's,9
petabytes,9
petitioner,9
philips,9
phs,9
piloted,9
pivot,9
pizza,9
plaines,9
planting,9
pledgee,9
plumbers,9
pmda,9
polishes,9
pomalyst,9
pon,9
populism,9
portfolio's,9
post-1985,9
post-acute,9
post-close,9
post-grant,9
post-petition,9
post-purchase,9
post-termination,9
pound-denominated,9
pour,9
powertrain,9
ppa,9
ppc,9
pre-1986,9
pre-emptively,9
prefers,9
preparers,9
preps,9
presumptions,9
prevails,9
previously-filed,9
price-earnings,9
professionalism,9
proforma,9
programme,9
proliferate,9
promesa,9
prompts,9
prosecutors,9
protectors,9
provider's,9
pti,9
public-private,9
q14,9
qara,9
qip,9
quadrennially,9
quasi-governmental,9
quicksight,9
rae,9
rafiki,9
railroad,9
ramot,9
rando,9
randomly,9
rangers,9
raptor,9
rdfv,9
rds2,9
re-perform,9
reacted,9
reais,9
recalculation,9
receptor-active,9
reckless,9
recklessness,9
recreating,9
redacted,9
reevaluation,9
reflections,9
reformulations,9
registration-enabling,9
reimagined,9
relievea,9
reminder,9
renewables,9
reorganizing,9
repaired,9
repairmen,9
replied,9
replies,9
rescind,9
restorative,9
restoratives,9
retail-related,9
revenue-sharing,9
review-related,9
rhel,9
rizatriptan,9
roadmaps,9
roadways,9
rollbacks,9
rolls-royce,9
route-to-market,9
rvsv-zebov,9
rybrevant,9
s.a.u,9
s.r.o,9
sabmiller,9
sachs-issued,9
sacrifice,9
saf,9
salfeld,9
sandvik,9
sase,9
sba,9
scalpel,9
scams,9
scharf,9
scorecard,9
scour,9
screenings,9
second-generation,9
secrest,9
seeger,9
self-reported,9
semi-arid,9
seq,9
servicenow,9
settlement-sharing,9
settlements-in-principle,9
shareable,9
sheltered,9
shelving,9
shoppable,9
shut-offs,9
shutoffs,9
sickness,9
signers,9
silos,9
simulated,9
sits,9
skeletal,9
skew,9
skiadas,9
sle,9
slusher,9
smarttouch,9
smartway,9
snl,9
soa,9
socializing,9
sofia,9
sofosbuvir,9
soils,9
solidify,9
sonam,9
sorbents,9
soul,9
soup,9
source-of-strength,9
spill-control,9
spinplus,9
sport-inspired,9
spotlight,9
standard's,9
state-law-based,9
stethoscopes,9
stickney,9
stratum,9
stromal,9
sub-committee,9
sudan,9
suggests,9
supra-national,9
supsa,9
sur,9
sureclick,9
surface-preparation,9
switch-converged,9
t-45,9
t20,9
tackling,9
tag,9
talks,9
tall,9
tankless,9
tape-related,9
tarlatamab,9
tax-advantaged,9
tbvps,9
tdm,9
tdo,9
teaser,9
teen,9
telecopied,9
telehealth,9
telesat,9
tem,9
teri,9
testicular,9
thickness,9
thierry,9
thinner,9
thirteenth,9
threatens,9
three-bedroom,9
three-fourths,9
ti,9
tiebacks,9
to-revenue,9
toothpastes,9
topsides,9
tpc's,9
trailblazers,9
treehouse,9
tri,9
triple-play,9
tron,9
truth-in-lending,9
truven,9
tryptophan-2,9
tsa,9
tsum,9
tubes,9
turbonomic,9
turbulent,9
two-and-a-half,9
two-bedroom,9
ubon,9
ultron,9
understandability,9
understandable,9
unfav,9
unfolding,9
unisoc,9
unlisted,9
unpublished,9
ups,9
use-of-hindsight,9
uspto's,9
utah-chartered,9
utica,9
utmost,9
utpl,9
utterance,9
v.f,9
v160,9
v184,9
v590,9
vacances-center,9
vance,9
variance-,9
vegetation,9
velys,9
vertis,9
videoconference,9
viptela,9
visa-affiliated,9
visited,9
vizcaya,9
voe,9
voestalpine,9
vokanamet,9
vzv-containing,9
wasting,9
waterflood,9
wax,9
we'll,9
webscale,9
weir,9
well-,9
wellsfargo.com,9
whiteners,9
wholly-acquired,9
widow,9
witty,9
wood-finishing,9
work-zone,9
working-capital,9
worsened,9
wreck-it,9
wright,9
writeoffs,9
ws,9
wto,9
wuhan,9
www.americanexpress.com,9
www.stock.walmart.com,9
xdsl,9
xtra,9
xtralis,9
zaire,9
zebra,9
zegerid,9
zloty,9
zoely,9
zoledronate,9
0.030,8
0.225,8
0.4206,8
0.450,8
0.6275,8
0.6650,8
0.6896,8
0.795,8
0.800,8
0.8698,8
000.1,8
037.5,8
064.3,8
076.2,8
078.3,8
0843,8
087.9,8
093.6,8
1.380,8
1.409,8
1.830,8
10.31,8
10.34,8
10.40,8
10.84,8
10.86,8
10.89,8
10.91,8
100.7,8
10020,8
101.6,8
103.0,8
103.4,8
104.2,8
105.3,8
106.1,8
107.9,8
109.06,8
11.09,8
11.11,8
11.19,8
11.24,8
11.54,8
11.66,8
111.1,8
111.6,8
112.6,8
1129,8
113.6,8
115.45,8
115.68,8
117.2,8
117.9,8
118.04,8
119.1,8
12.01,8
12.12,8
12.13,8
12.18,8
12.42,8
12.59,8
12.81,8
12.85,8
12.87,8
12.92,8
121.7,8
122.2,8
123.3,8
124.0,8
124.2,8
124.5,8
125.6,8
125.7,8
126.8,8
127.5,8
127.9,8
128.0,8
128.2,8
128.4,8
129.0,8
13.23,8
13.31,8
13.39,8
13.42,8
13.43,8
13.48,8
13.72,8
13.96,8
131.6,8
1322,8
133.2,8
134.1,8
134.2,8
134.3,8
134.5,8
135.0,8
136.6,8
137.1,8
137.2,8
137.9,8
138.0,8
138.1,8
138.35,8
139.3,8
14.02,8
14.03,8
14.10,8
14.17,8
14.21,8
14.23,8
14.38,8
141.2,8
141.8,8
142.7,8
143.2,8
144.2,8
144.8,8
145.0,8
145.7,8
146.5,8
146.6,8
147.8,8
147.9,8
148.9,8
149.6,8
15.07,8
15.14,8
15.30,8
15.45,8
15.46,8
15.68,8
15.70,8
15.76,8
15.91,8
152.6,8
154.1,8
154.4,8
158.6,8
159.7,8
159.8,8
16.28,8
16.29,8
16.32,8
16.41,8
16.48,8
16.52,8
16.79,8
160.2,8
162.4,8
162.8,8
165.2,8
166.8,8
166.9,8
168.3,8
169.6,8
17.35,8
17.67,8
17.70,8
17.75,8
17.96,8
173.2,8
175.2,8
176.5,8
178.0,8
178.4,8
178.5,8
1789,8
18.19,8
18.36,8
18.44,8
18.57,8
18.76,8
180.9,8
181.6,8
183.6,8
185.3,8
188.9,8
19.16,8
19.21,8
19.82,8
191.3,8
193.6,8
195.5,8
196.0,8
197.9,8
198.8,8
199.9,8
2.978,8
20.18,8
20.56,8
20.78,8
20.79,8
20.81,8
201.2,8
201.8,8
205.2,8
207476,8
21.06,8
21.15,8
21.18,8
21.50,8
21.57,8
21.79,8
21.99,8
212.1,8
2121,8
213.6,8
214.1,8
215.5,8
217.0,8
219.7,8
22.14,8
22.35,8
22.71,8
22.75,8
22.98,8
220.7,8
222.6,8
222.9,8
223.3,8
23.74,8
23.91,8
233595,8
234.3,8
236.8,8
237.3,8
24.08,8
24.26,8
24.58,8
24.73,8
242.9,8
244.7,8
246.4,8
248.0,8
248.5,8
248.7,8
249.7,8
249.8,8
25.19,8
251.4,8
251.5,8
254.4,8
257.9,8
259.0,8
259.7,8
26.78,8
26.79,8
260.4,8
260.8,8
262.2,8
262.4,8
262.5,8
265.9,8
266.8,8
268.5,8
27.06,8
270.0,8
272.0,8
273.8,8
273.9,8
274.0,8
274.7,8
275.4,8
28.19,8
28.37,8
281.4,8
282.4,8
283.3,8
287.2,8
29.92,8
292.4,8
293.7,8
294.5,8
2955,8
298.3,8
3.191,8
30.33,8
300.7,8
306.2,8
31.80,8
31.84,8
311.8,8
33.84,8
331.2,8
334.7,8
336.1,8
34.75,8
340.2,8
342.8,8
3424,8
3451,8
350.1,8
350.8,8
352.8,8
3531,8
357.2,8
359.9,8
363.7,8
36852248,8
37.91,8
370.9,8
376.1,8
376.4,8
378.8,8
384.9,8
387.9,8
39.96,8
390.4,8
40.45,8
4069,8
41.02,8
41.33,8
416.7,8
417.7,8
418.3,8
425.3,8
425.7,8
43.62,8
431.2,8
434.4,8
438.7,8
442.2,8
443.0,8
443.2,8
449.7,8
45.72,8
452.0,8
4642,8
48.59,8
5.58,8
50.90,8
500.1,8
5089,8
51.58,8
516.3,8
52.59,8
521.8,8
53.30,8
544.5,8
545.8,8
546.8,8
555.7,8
558.8,8
56.85,8
562.5,8
569.2,8
573.0,8
575.8,8
577.0,8
578.0,8
58.86,8
58.89,8
580.8,8
582.2,8
584.0,8
585.3,8
586.9,8
591.6,8
596.2,8
596.3,8
597.7,8
6.36,8
6.51,8
6.950,8
601.6,8
602.7,8
604.6,8
605.7,8
60523,8
6106,8
613.7,8
621.4,8
624.7,8
632.5,8
639.3,8
640.8,8
643.0,8
644.5,8
647.5,8
647.9,8
649.2,8
650.2,8
6538,8
656.7,8
674.9,8
675.2,8
676.9,8
68.04,8
68.11,8
69.18,8
69.91,8
693.8,8
7.415,8
7.45,8
7.46,8
7.62,8
7.67,8
7.96,8
704.0,8
705.5,8
705.6,8
713.4,8
719.0,8
72.12,8
73.61,8
73.8,8
732.0,8
736.9,8
737.6,8
74.79,8
740.1,8
740.4,8
75.11,8
75.16,8
75.96,8
751.8,8
752.9,8
756.0,8
757.9,8
761.4,8
762.3,8
763.7,8
764.3,8
77.33,8
77.85,8
78.72,8
780.0,8
787.2,8
793.0,8
797.4,8
8.27,8
8.43,8
8.55,8
8.57,8
8.68,8
804.0,8
807.0,8
808.4,8
811.6,8
8133,8
824.9,8
84.05,8
84.89,8
841.5,8
844.7,8
85.05,8
85.17,8
85.77,8
8548,8
855.5,8
866.5,8
88.22,8
88.88,8
883.7,8
884.8,8
89.39,8
890.6,8
893.1,8
895.8,8
9.29,8
9.41,8
9.44,8
90.36,8
9003,8
9063945,8
908.1,8
914.1,8
914.3,8
915.6,8
92.15,8
92.25,8
92.76,8
92343,8
930.5,8
942.4,8
94304,8
946.3,8
95.66,8
97.00,8
97.54,8
971.7,8
9716,8
972.2,8
976.2,8
98.46,8
981.6,8
989.5,8
abc.com,8
abcnews.com,8
abruptly,8
absorbent,8
accommodations,8
acer,8
acquiree's,8
acquirer's,8
acquisitions-related,8
active-controlled,8
activiti,8
add-backs,8
adhesive-backed,8
adjunct,8
admits,8
affirm,8
agricultural-related,8
aircrafts,8
albemarle,8
alexion,8
alibaba,8
allogenic,8
altaba,8
altera's,8
ambassador,8
ambiguities,8
amgen's,8
amicable,8
amplifying,8
anadarko,8
andina's,8
annulment,8
anti-cd19,8
anti-cd3,8
anti-manipulation,8
anti-programmed,8
anti-tumor,8
antibody-drug,8
antipsychotics,8
antonio,8
apecs,8
appl,8
application-driven,8
appstore,8
aquaculture,8
arctic,8
argon,8
arkema,8
aromatics,8
arra,8
arrow,8
artist,8
asahi,8
asis,8
assignable,8
assisted-driving,8
at-the-money,8
ation,8
attracts,8
australian-dollar-denominated,8
autodesk,8
auvibel,8
av,8
av-8b,8
aventisub,8
avs,8
award's,8
awareness-building,8
axa,8
axo,8
baboon,8
bad-debt,8
bafin,8
bartz,8
bauer,8
baytown,8
beans,8
beloved,8
berspielungsrechte,8
bets,8
bill-and-hold,8
biosolids,8
blaylock,8
blockage,8
bloomington,8
boosters,8
borg-warner,8
br,8
brasileiro,8
brentuximab,8
bribes,8
bridgewater,8
broadband-commitment,8
broker's,8
brokerage-related,8
bronchoscopic,8
bronchospasm,8
brookfield,8
bsc,8
build-up,8
bukovinsky,8
bull,8
bullet-resistant,8
bundesbank,8
bureaucracy,8
bureaus,8
bushman,8
business-focused,8
business-to-consumer,8
business-unit,8
bv,8
c.a,8
cabos,8
cain,8
camps,8
canal,8
canary,8
cancer-causing,8
cancer-related,8
candidacy,8
capellas,8
capsule,8
carolv,8
carpenter,8
carrie,8
cascading,8
cash-flow,8
category-average,8
cbl,8
ccam,8
cd24fc,8
ceilings,8
celeron,8
cerenovus,8
championing,8
cheaper,8
cheques-related,8
chrome,8
chu,8
cisgil,8
claeys,8
claimant's,8
clementi,8
clsa,8
co-administrative,8
co-developing,8
co-packers,8
co-syndication,8
coastline,8
codefendants,8
cogeneration,8
colaw,8
colluded,8
commander,8
commonwealth's,8
company-sensitive,8
compensable,8
compilations,8
complicate,8
component-level,8
composition-of-matter,8
compute-intensive,8
concur,8
concurrence,8
configurable,8
confront,8
connolly,8
consortiums,8
construction-in-process,8
consumer-meaningful,8
contentions,8
contraindications,8
coors,8
copyrighted,8
correctness,8
countless,8
covid-driven,8
cracking,8
crc,8
creditability,8
cross-asset,8
cross-business,8
cross-complaint,8
cross-docking,8
crowdstrike,8
cruella,8
cummings,8
curiosity,8
custom-developed,8
cybercrime,8
cystitis,8
d-i-f-m,8
d.f,8
daiichi,8
dance,8
de-prioritizing,8
dealer-reported,8
deceived,8
decertifying,8
deepened,8
defeated,8
defensive,8
deletion,8
deletions,8
deleverage,8
delisted,8
della,8
demobilization,8
dense,8
densities,8
depleting,8
deprivation,8
dex992.htm,8
dg3,8
dinner,8
disaggregates,8
disbursed,8
discern,8
disconnections,8
discontinuity,8
disintermediate,8
disneytown,8
disorderly,8
disqualifying,8
dissolvable,8
dmg,8
docuseries,8
doing-business,8
donnelly,8
dor,8
dove,8
drainage,8
drawdown,8
drivetrains,8
dtas,8
dtci,8
dubbed,8
dumbo,8
dunn,8
duplicates,8
duri,8
dynatrace,8
dysfunction,8
e-7,8
ea,8
ebb,8
ection,8
edgespring,8
editor,8
edp,8
eero,8
ees's,8
efs,8
eligibles,8
elmiron,8
elton,8
embarrassment,8
emily,8
employee-owned,8
endeavored,8
enfortumab,8
enjoyable,8
envision,8
epb,8
epbs,8
epoch,8
equaled,8
equally-weighted,8
erbitux,8
eric.wilkens,8
esops,8
estate-specific,8
estop,8
evo,8
exchange-related,8
excom,8
exemplifies,8
exercisability,8
exhibit99.htm,8
exhibit_9,8
exponential,8
exponentially,8
extenders,8
extraterritorially,8
f-16,8
f.103-1,8
faded,8
fast-track,8
faster-growing,8
fda's,8
fda-cleared,8
fedex,8
fedosz,8
fgfr2b,8
fhlb,8
fibroblast,8
fifteenth,8
fifty-three,8
filename,8
finishes,8
fink,8
fiona,8
fisher,8
fixed-value,8
flavorings,8
flemings,8
flywheel,8
follo,8
for-,8
foreign-flagged,8
foreign-held,8
forge's,8
forty-two,8
fourier,8
foxa,8
fpso,8
fried,8
froman,8
fujifilm,8
full-risk,8
fully-automated,8
fund-related,8
futuro,8
fx-related,8
fy24,8
gail,8
gang,8
gcc,8
gemini,8
gendalo-gehem,8
generosity,8
geometries,8
gg,8
ghost,8
gigabytes,8
glycol,8
go90,8
government-operated,8
gr,8
gran,8
granulokine,8
greene,8
ground-segment,8
gsk,8
guin,8
h1n1-related,8
habp,8
halloween,8
halpern,8
hansen's,8
harles,8
harnesses,8
hart,8
hasten,8
heloans,8
hernandez,8
heroes,8
hexene,8
hib,8
high-density,8
high-purity,8
high-single-digit,8
high-tech,8
higher-quality,8
highlands,8
hm,8
home-improvement,8
hometown,8
hoovel,8
hopewell,8
hoping,8
hormones,8
housecalls,8
housed,8
html-browsing,8
hubert's,8
huttenlocher,8
hydrocarbon-based,8
hydrofluoro-olefin,8
hyperinflation,8
i'd,8
iaig,8
iaigs,8
iavi,8
ico,8
iconix-designated,8
idol,8
ignite,8
ignores,8
imdb,8
immersion,8
implication,8
in-suit,8
inactionable,8
inactively,8
incapacity,8
incavas,8
incentivizing,8
indexation,8
indexes,8
indian-based,8
indigenous,8
inevitable,8
inferior,8
informatics,8
ingham,8
innocent's,8
instabilities,8
instacare,8
institutes,8
intangibles-,8
integra,8
inter-territory,8
interactivity,8
interest-imputation,8
interleukin-2,8
intermediate-high,8
interpolating,8
interprets,8
intersight,8
inverted,8
ion,8
ipos,8
irene,8
isi,8
isis,8
islander,8
isv,8
jacobson,8
jbuko,8
jean-marc,8
jellema,8
jeopardy,8
jocelyn.f.seidenfeld,8
juluca,8
kanefsky,8
kaposi,8
kaufman,8
keen,8
keynote-048,8
keynote-087,8
keynote-204,8
keynote-811,8
killed,8
knotty,8
knowledge-sharing,8
knowlton,8
koleston,8
kondo,8
ktherman,8
kurtzman,8
lafley,8
lancet,8
larger-scale,8
lava,8
lawyer,8
layouts,8
leopard,8
leslie,8
let's,8
lhc,8
lhcg,8
liability-based,8
liard,8
libors,8
lightest,8
linda,8
lipid-lowering,8
liv-1,8
llm,8
locale,8
lockout,8
logistik,8
long-cycle,8
long-running,8
loratadine,8
low-speed,8
ltl,8
lunch,8
lymphopoietin,8
maas,8
mabthera,8
macaluso,8
madrona,8
magnetic,8
maley,8
manatee,8
manuel,8
marek,8
mark-downs,8
mark.macaluso,8
market-condition-based,8
marlene,8
maternity,8
matheson,8
mcafee's,8
mckenna,8
mcmahon,8
mcmullen,8
mdvip,8
meanwhile,8
mechanic,8
mediated,8
medicare-medicaid,8
megadyne,8
melbourne,8
melveny,8
membrana,8
metlife,8
mh-139,8
mhlw,8
microarchitectures,8
microbial,8
microwave,8
mid-2016,8
mid-2020,8
mid-february,8
mid-may,8
mike.p.long,8
millisecond,8
mimic,8
ming,8
mitek,8
mk-3655,8
mk-4618,8
mk-5684,8
mk-6096,8
mk-6621,8
mk-8408,8
mme,8
mmm.com,8
mobilefirst,8
molson,8
monk,8
monophasic,8
monroe,8
montage,8
mood,8
moore's,8
motivations,8
mrel,8
mrna,8
mtpc's,8
multi,8
multi-factor,8
multi-level,8
multicenter,8
multipurpose,8
munter,8
mvsps,8
mwhitmer,8
mylott,8
n.w,8
narambuena,8
nascent,8
natrecor,8
natuna,8
natwest,8
ncds,8
ne-poulenc,8
near-and,8
nec,8
neighbors,8
neostrata,8
nepal,8
network-as-a-platform,8
neurology,8
neutropenia,8
neuwave,8
newspaper,8
nextlink,8
nicole,8
nii,8
nine-valent,8
nom,8
nomegestrol,8
nominally,8
non-admitted,8
non-assessable,8
non-carbon-based,8
non-clinical,8
non-comparable,8
non-financing,8
non-inferior,8
non-leveraged,8
non-malignant,8
non-metastatic,8
non-pci,8
non-profits,8
non-tax-qualified,8
non-u.s.-currency,8
noncompensation,8
nonmonetary,8
nonprescription,8
norville,8
nrtti,8
nspk,8
ntg,8
nuova,8
oakland,8
object-based,8
ohana,8
om,8
omjpi,8
omnicare,8
on-board,8
on-shoring,8
oncologists,8
online-enabled,8
ont,8
optically,8
ordinary-course,8
ormc,8
osha,8
ottava,8
out-of-the-box,8
outright,8
over-the-air,8
overcoming,8
overruled,8
oxygen,8
paas,8
palbociclib,8
palmoplantar,8
parasites,8
parenthetically,8
partnership's,8
patton,8
pay-in-advance,8
pc-centric,8
pdvsa,8
penetrating,8
pensionable,8
peoples,8
percentage-,8
perez,8
perk,8
perlmutter,8
petrobras,8
ph,8
pi,8
pickle,8
piedmont,8
piloting,8
platers,8
pods,8
pointe,8
polyarticular,8
polynesian,8
polyolefins,8
pool's,8
poorly,8
populous,8
post-brexit,8
post-divestiture,8
post-mix,8
post-regulatory,8
post-separation,8
post-swap,8
postapproval,8
potentially-infringing,8
pre-delivery,8
pre-dialysis,8
pre-regulatory,8
pre-spin,8
precaution,8
previous-generation,8
previously-disclosed,8
probability-of-default,8
prodrug,8
product-oriented,8
proficiency,8
progesterone-derived,8
progress-leased,8
project's,8
project-based,8
proprietary-branded,8
propriety,8
prosper,8
prostate-specific,8
protegido,8
protocol-based,8
prototypes,8
provider-related,8
provost,8
prssl,8
psma,8
pt2977,8
punisher,8
pushed,8
pushing,8
pustulosis,8
q13,8
qah,8
quieter,8
r-tsr,8
radon,8
raloxifene,8
raya,8
re-elected,8
re-hearing,8
re-measurements,8
re-opening,8
realities,8
recapture,8
recess,8
reconnect,8
reconsidered,8
reconvened,8
reexamine,8
refocused,8
refugees,8
refurbishments,8
regained,8
reinsurer's,8
reintroduced,8
reissue,8
relaxed,8
reminders,8
renfro,8
reoffering,8
repeals,8
repeatedly,8
reprocessing,8
republic's,8
requalification,8
rescissions,8
resected,8
reservoirs,8
residue,8
responsibility.verizon.com,8
rest-of-world,8
restarting,8
retires,8
reverberating,8
reverses,8
rewards-related,8
rex,8
rick,8
riders,8
ripple,8
rises,8
risk-balanced,8
riskiness,8
rnai,8
robotaxi,8
roderick,8
romanian,8
roseborough,8
rotational,8
rras,8
rsp,8
rtsil,8
rustique-petteni,8
s-related,8
s.a.m,8
s.a.s,8
sabbatical,8
sabine,8
safe-and-sound,8
safe-guard,8
safeco,8
saffran,8
sainsbury,8
saks,8
salesforce1,8
salimi,8
sanat,8
sans,8
says,8
sbinet,8
schemas,8
schmaier,8
scholar,8
schulten,8
scotchblue,8
scotia,8
scotiabank,8
scs,8
sdny,8
sdsc,8
sec-registered,8
securities-based,8
securities-current,8
securities-for-claims,8
seekers,8
seely,8
seidenfeld,8
service-cost,8
servier,8
sessner,8
seventeenth,8
share-denominated,8
shasta,8
sheerin,8
shesalim,8
shinyaku,8
shopped,8
shortest,8
shriver,8
shut-downs,8
sickle,8
signer,8
single-employer,8
sip,8
sis,8
skii,8
slot,8
slower-growth,8
small-molecule,8
smoke,8
smoothies,8
smucker,8
smylott,8
sodas,8
software-industrial,8
solids,8
solo-1,8
solves,8
soy,8
spacex,8
spano,8
sparta,8
spectrumco,8
sperry,8
squarely,8
standard-of-care,8
starwood,8
state-prescribed,8
state-specific,8
statins,8
staywell,8
steamflood,8
stevia,8
stewart,8
stocktransfer,8
stood,8
storwize,8
strata,8
strife,8
stripe,8
struggle,8
stunning,8
sub-class,8
sub-clause,8
sub-custodians,8
subdued,8
subgroups,8
sublicensees,8
sublicensing,8
sublimit,8
substrates,8
subtitle,8
superfin,8
swaps-deferred,8
synchronize,8
szkutak,8
t-45ts,8
tailwinds,8
talos,8
target2,8
tax-paying,8
tecos,8
telco,8
tele-network,8
termed,8
tes,8
tex,8
thai,8
thankful,8
theater-going,8
theatre,8
thermansen,8
three-dimensional,8
throat,8
thrombin,8
thrombocytopenia,8
thrombopoietin,8
tier-1,8
tin,8
tip,8
tlc,8
to-date,8
toluene,8
torax,8
touchpoints,8
tournaments,8
toxoids,8
toyota,8
tracker,8
transpose,8
traumatic,8
travelerschampionship.com,8
travelpass,8
trebananib,8
trenton,8
tri-gate,8
trial-building,8
tribunals,8
trump,8
truthful,8
tsb,8
tsi,8
turbulence,8
turnkey,8
tweens,8
twenty-nine,8
twenty-two,8
twisthaler,8
typifies,8
tyson,8
u.s.-dollar-denominated,8
u.s.-flagged,8
uber,8
ultra-mobile,8
unaoil,8
under-reporting,8
undersupply,8
undifferentiated,8
undischarged,8
unforgettable,8
unitedhealthcare's,8
unix-based,8
unresponsive,8
untimely,8
unveils,8
upheavals,8
vabp,8
vadata,8
vassouras,8
vbp,8
velosbio,8
venezeulan,8
ventricular,8
vertebral,8
viasat,8
vibe,8
victory,8
videoscape,8
vigil,8
villazon,8
virbac,8
wakefield,8
waldenstr,8
wardwell,8
well-documented,8
well-integrated,8
wellbeing,8
whitmer,8
widgets,8
wilkens,8
will-call,8
winding-up,8
wishing,8
witnessed,8
woolsey,8
workmen,8
worsens,8
worst,8
wwsb,8
www.aboutmcdonalds.com,8
www.lma.eu.com,8
www.thecoca-colacompany.com,8
wynn,8
x-8,8
xxxi,8
xylene,8
yahoo's,8
you've,8
yourself,8
z.o.o,8
zarbee,8
zentralstelle,8
zero-trust,8
zest,8
zico,8
zinsner,8
zitovault,8
zpu,8
zsystems,8
0.0005,7
0.045,7
0.1625,7
0.205,7
0.3324,7
0.400,7
0.4063,7
0.5950,7
0.600,7
0.6695,7
0.7172,7
0.7459,7
0.7907,7
000.0,7
005.1,7
006.8,7
007.6,7
0085,7
011.0,7
02217,7
026.4,7
028.5,7
048.8,7
054.1,7
056.0,7
060.6,7
061.0,7
0628465,7
075.6,7
077.9,7
081.0,7
093.4,7
1.070,7
1.103,7
1.600,7
1.763,7
1.844,7
10.09,7
10.22,7
10.48,7
10.57,7
10.62,7
10.64,7
10.76,7
10.93,7
10.96,7
103.3,7
104.8,7
11.21,7
11.25,7
11.28,7
11.34,7
11.72,7
11.85,7
11.86,7
11.99,7
110.1,7
110.2,7
110.4,7
110.6,7
110.9,7
111.4,7
112.3,7
113.0,7
113.4,7
113.7,7
114.6,7
114.9,7
115.2,7
115.3,7
115.67,7
115.8,7
118.0,7
119.3,7
119.77,7
12.02,7
12.04,7
12.05,7
12.29,7
12.32,7
12.33,7
12.36,7
12.38,7
12.53,7
12.58,7
12.74,7
12.82,7
120.5,7
123.04,7
123.4,7
123.7,7
124.4,7
125.8,7
126.4,7
127.4,7
127.60,7
127.7,7
128.3,7
128.74,7
128.9,7
129.2,7
129.5,7
13.04,7
13.05,7
13.06,7
13.13,7
13.18,7
13.22,7
13.25,7
13.38,7
13.41,7
13.46,7
13.57,7
13.63,7
13.68,7
13.71,7
13.75,7
13.80,7
13.97,7
130.6,7
131.1,7
131.2,7
132.0,7
132.4,7
133.0,7
133.6,7
136.9,7
137.8,7
138.8,7
139.9,7
14.16,7
14.52,7
14.62,7
14.71,7
140.6,7
141.0,7
141.1,7
142.50,7
144.1,7
145.3,7
146.9,7
147.3,7
148.2,7
15.32,7
15.36,7
15.39,7
15.43,7
15.69,7
15.73,7
15.85,7
15.92,7
15.99,7
150.4,7
150.6,7
1500,7
151.12,7
151.5,7
153.0,7
153.4,7
154173,7
15454,7
155.7,7
16.07,7
16.27,7
16.34,7
16.37,7
16.43,7
16.61,7
16.69,7
16.72,7
16.89,7
16.92,7
160.7,7
161.4,7
163.8,7
164.7,7
165.4,7
169.1,7
17.00,7
17.06,7
17.30,7
17.48,7
17.52,7
17.65,7
17.91,7
170.7,7
172.5,7
172.6,7
172.8,7
176.8,7
177.1,7
178.7,7
179.3,7
179.8,7
18.16,7
18.31,7
18.45,7
18.51,7
18.61,7
18.88,7
18.93,7
18.96,7
181.5,7
183.2,7
184.0,7
184.9,7
185.4,7
185.9,7
189.1,7
19.00,7
19.13,7
19.22,7
19.25,7
19.26,7
19.49,7
19.55,7
19.76,7
19.81,7
19.92,7
191.0,7
193.2,7
194.7,7
195.2,7
196.2,7
1971,7
198.0,7
198.6,7
198735,7
199.7,7
2.350,7
2.566,7
2.895,7
2.946,7
2.987,7
20.12,7
20.58,7
20.62,7
20.95,7
200.4,7
201080024173.7,7
201410094015.9,7
204.7,7
204.9,7
206.2,7
206.8,7
207.9,7
208.0,7
208.9,7
209.2,7
21.26,7
21.43,7
21.44,7
21.48,7
21.49,7
21.63,7
211.2,7
213.1,7
213.5,7
213.8,7
215.7,7
216.8,7
217.1,7
218.3,7
218.4,7
218.8,7
219.76,7
22.03,7
22.31,7
22.34,7
22.47,7
22.55,7
22.57,7
22.65,7
22.76,7
220.1,7
221.6,7
221.8,7
222.4,7
222.7,7
224.0,7
224.2,7
227.1,7
228.2,7
228.8,7
23.38,7
230.3,7
230.5,7
232.0,7
232.1,7
232.7,7
233.3,7
233.6,7
235.4,7
237.1,7
238.1,7
24.29,7
24.74,7
24.80,7
240.9,7
242.3,7
243.6,7
246.0,7
247.2,7
249.0,7
249.5,7
249.6,7
25.08,7
25.27,7
25.34,7
25.50,7
25.87,7
25.98,7
250.2,7
251.1,7
251.6,7
252.2,7
252.8,7
253.1,7
253.6,7
254.5,7
254.6,7
255.6,7
259.1,7
26.02,7
26.19,7
26.45,7
262.0,7
263.7,7
264.1,7
265.7,7
27.54,7
27.56,7
27.72,7
270.8,7
272.4,7
277.1,7
277.4,7
278.4,7
278.6,7
28.26,7
28.55,7
28.89,7
280.4,7
284.2,7
288.1,7
296.7,7
3.057,7
30.67,7
30.75,7
304.6,7
31.38,7
312.3,7
318.5,7
318.7,7
32.16,7
32.28,7
321.6,7
328.3,7
329.7,7
33.64,7
33.97,7
332.1,7
332.4,7
335.0,7
336.6,7
348.3,7
349.0,7
35.30,7
350.3,7
350.9,7
351.2,7
353.5,7
353.9,7
354.6,7
356.8,7
358.8,7
36.36,7
362.0,7
367.8,7
37.18,7
37.53,7
370.7,7
372.0,7
3791,7
38.75,7
381.2,7
385.0,7
385.4,7
386.4,7
386.5,7
386.7,7
39.07,7
39.51,7
39.69,7
39.71,7
391.8,7
392.6,7
393.7,7
394.8,7
395.8,7
396.2,7
396.5,7
4.404,7
4.508,7
40.00,7
40.73,7
40.98,7
40.99,7
404.7,7
406.8,7
407.1,7
408.5,7
410.1,7
411.9,7
418.1,7
42.33,7
42.61,7
420.0,7
420.4,7
423.6,7
425.8,7
427.2,7
428.1,7
429.3,7
430.7,7
433.0,7
441.9,7
448.9,7
45.93,7
451.3,7
451.6,7
45202,7
453.2,7
453.6,7
454.5,7
459.1,7
462.1,7
463.5,7
467.7,7
469.8,7
471.2,7
476.5,7
477.2,7
480.1,7
482.7,7
486.1,7
49.00,7
49.99,7
492.8,7
494.4,7
495.6,7
495.8,7
5.143,7
5.175,7
5.64,7
50.59,7
500.8,7
509.2,7
51.63,7
51.76,7
510.9,7
513.2,7
515.2,7
52.00,7
52.13,7
521.3,7
522.1,7
529.3,7
529.7,7
53.64,7
53.91,7
533.4,7
534.7,7
5389,7
539.1,7
540.6,7
541.2,7
542.0,7
5420,7
544.3,7
545.3,7
546.4,7
548.5,7
55.11,7
550.0,7
550.8,7
55120,7
552.0,7
552.7,7
556.9,7
559.6,7
56.30,7
566.2,7
566.4,7
569.0,7
57.00,7
57.79,7
570.7,7
572.4,7
572.6,7
577.4,7
577.9,7
579.1,7
58.15,7
582.4,7
584.3,7
587.7,7
59.45,7
59.47,7
59.88,7
590.4,7
592.7,7
592.8,7
594.5,7
594.9,7
595.0,7
596.1,7
597.5,7
6.42,7
6.63,7
6.71,7
6.92,7
600.1,7
603.2,7
606.3,7
609.5,7
612.8,7
615.1,7
619.6,7
623.8,7
625.5,7
626.8,7
629.2,7
63.54,7
632.7,7
637.2,7
637.3,7
64.71,7
64.99,7
641.2,7
643.5,7
643.8,7
65.41,7
651.3,7
655.3,7
658.4,7
661.1,7
664.6,7
664.8,7
669.6,7
67.75,7
670.2,7
673.8,7
674.0,7
675.9,7
6844,7
689.6,7
691.2,7
696.0,7
696.1,7
7.21,7
7.23,7
7.250,7
7.54,7
7.57,7
7.875,7
70.47,7
70.98,7
700.4,7
700.5,7
706.6,7
709.2,7
709.6,7
710.9,7
712.6,7
713.9,7
718.9,7
72.54,7
72.70,7
720.6,7
723.5,7
726.4,7
728.5,7
729.8,7
730.3,7
732.5,7
733.0,7
736.0,7
737.0,7
738.3,7
740.8,7
742.9,7
743.0,7
744.3,7
748.0,7
75.97,7
750.4,7
751.4,7
752.6,7
753.5,7
753.8,7
756.5,7
756.6,7
762.4,7
768.7,7
77.67,7
772.1,7
773.1,7
779.6,7
780.3,7
781.2,7
782.4,7
782.5,7
783.8,7
783.9,7
7881,7
792.1,7
793.8,7
796.4,7
8.32,7
8.41,7
8.65,7
8.77,7
8.80,7
8.84,7
8.85,7
8.950,7
8.96,7
809.4,7
811.7,7
816.1,7
82.40,7
82.77,7
820.4,7
83.05,7
84.09,7
84.76,7
849.3,7
853.9,7
854.1,7
855.3,7
858.4,7
86.73,7
869.1,7
876.7,7
885.2,7
89.25,7
894.9,7
9.24,7
9.35,7
9.37,7
9.58,7
9.67,7
9.98,7
90.00,7
90.16,7
90.44,7
90.46,7
909.2,7
91324,7
917.1,7
920.0,7
924.7,7
93.12,7
93.18,7
930.0,7
930.3,7
930.6,7
9317,7
934.7,7
94.17,7
940.5,7
94025,7
944.1,7
957.4,7
958.2,7
96.24,7
96.39,7
96.40,7
96.97,7
960.6,7
97.2,7
97.6,7
978.1,7
98.80,7
985.0,7
986.6,7
988.1,7
992.3,7
a-6,7
a.08,7
a5,7
a9,7
abandoning,7
abandonments,7
abatements,7
abgenix,7
abu,7
abundance,7
accolades,7
accomplishing,7
accuse,7
actonel,7
ad26.cov2.s,7
adsorbed,7
advices,7
af-219,7
afghanistan,7
afternoon,7
aironet,7
airplane's,7
airplay,7
airshow,7
alafenamide,7
albuterol,7
algorithmic-based,7
algorithmics,7
alk-abello,7
altaris,7
altitude,7
altrenogest,7
altria,7
alvarez,7
amazon.co.uk,7
amazonians,7
ambi,7
amboy,7
analgesic,7
anemic,7
anglers,7
anime,7
ansul,7
anti-money-laundering,7
antibiotics,7
antiresorptive,7
antwerp,7
aperture,7
appliance-based,7
approvable,7
aps,7
aqua,7
archer,7
archives,7
ares,7
arm-based,7
arn-509,7
arol,7
arrendadora,7
ars,7
arthur,7
ascertaining,7
assent,7
assistants,7
associ,7
assurance-type,7
astronauts,7
atomic,7
atos,7
atyrau-samara,7
audax,7
audi,7
aurrera,7
auspices,7
authorship,7
aux,7
ave,7
avian,7
avirulent,7
aws-3,7
axens,7
axis,7
ayre,7
az,7
bace1,7
bachelor's,7
bacterin,7
baculovirus,7
bahrain,7
banana,7
bankruptcy-related,7
banovetz,7
barclay,7
bare,7
bargained,7
barra,7
baterin,7
bayer-related,7
bcg,7
beatriz,7
before-,7
bellevue,7
bend,7
betamethasone,7
beverly,7
bi-weekly,7
binders,7
bio-monitoring,7
biography,7
bios,7
biosolutions,7
birthday,7
bk5,7
black-ish,7
black-owned,7
blackrock,7
blocker,7
board-of-directors,7
bomb,7
bonaqua,7
book-tax,7
boom,7
bordetella,7
bosnia-herzegovina,7
bots,7
boulder,7
bradesco,7
breaching,7
brewing,7
brien,7
brighthouse,7
brinavess,7
britannia,7
broad-ranging,7
broadsoft,7
brown-forman,7
bryan,7
bt,7
bystolic,7
c-series,7
calibra,7
call2recycle,7
calvin,7
camino,7
captioning,7
carbonate,7
carlos,7
carlsberg,7
carpenters,7
carsky,7
cartridge,7
carts,7
cary,7
categorical,7
celanese,7
celestial,7
centes,7
centimeters,7
centros,7
cerner,7
cette,7
cetuximab,7
cfr,7
chan,7
channeled,7
character-based,7
checked,7
cheerleading,7
chemorefractory,7
cheol,7
chew,7
cia,7
circovirus,7
circulated,7
clawbacks,7
cleaned,7
cleaving,7
clesrovimab,7
climatic,7
clinically-meaningful,7
cll,7
cloprostenol,7
clotrimazole,7
cloud's,7
cloud-related,7
clubhouse,7
cn,7
co-chair,7
co-existence,7
co-trustees,7
codifies,7
coexistence,7
colony,7
comerciales,7
commercial-performance,7
commerzbank,7
commodity-linked,7
company_sec_filing_hub,7
compass,7
complera,7
conagra,7
conceded,7
conceding,7
conformit,7
congratulations,7
consequentially,7
consumer-friendly,7
contempt,7
contra-revenues,7
cool,7
cope,7
corona,7
corporate.visa.com,7
correspondents,7
corrosion,7
coterminous,7
coughlin,7
coventry,7
cow,7
cp,7
cream,7
creations,7
cross-,7
cross-club,7
cross-store,7
csas,7
csr,7
ctc,7
cto,7
cuenca,7
cumene,7
curb-side,7
currency-adjusted,7
cyp11a1,7
cyp3a4,7
cytochrome,7
d-printed,7
d2,7
dach,7
daily-use,7
dampened,7
danskin,7
darajat,7
darling,7
darren,7
debonding,7
dec-18,7
decommissioned,7
decor,7
defenders,7
degraded,7
deily,7
deirdre,7
deleting,7
delights,7
deliveroo,7
delta-like,7
deltamethrin,7
democratize,7
dentists,7
departed,7
deserve,7
desouza,7
deterred,7
dewalt,7
dex101.htm,7
dhabi,7
diagnose,7
dialysis-related,7
diameter,7
died,7
dinaciclib,7
disneystore.com,7
displacement,7
distantly,7
diverges,7
doc,7
documentaries,7
dolby,7
dollar-offset,7
donor-advised,7
donovan,7
dorian,7
dose-escalation,7
dossier,7
down-round,7
drone,7
drugstore,7
dsm,7
duc,7
dunboyne,7
e-4,7
e-tailers,7
eager,7
early-to-late-stage,7
earthquake-related,7
eases,7
easiest,7
echelon,7
edinburgh,7
educating,7
eg,7
egle,7
eks,7
electrolytes,7
electronification,7
electrosurgical,7
elk,7
elsker,7
emailed,7
emailing,7
emamectin,7
emma,7
emory,7
emp,7
empirically,7
emulsifier,7
enactment-date,7
encanto,7
encephalopathy,7
endless,7
endpoint-based,7
enne,7
entrepreneur,7
episode-of-care,7
equilon,7
equit,7
erfrischungsgetr,7
ertugliflozin-containing,7
esophagitis,7
espo,7
esteban,7
etowah,7
eurobonds,7
euronet,7
europ,7
ev-do-enabled,7
evercore,7
ex-10.3,7
ex-m,7
ex-pension,7
ex99-1.htm,7
exclusionary,7
exerted,7
exhibit_1,7
exhibit_10_3,7
exhibit_4,7
exhibitors,7
experimenting,7
exploits,7
explorer,7
expulsion,7
extendable,7
exteriors,7
extraordinarily,7
extravaganza,7
eyeq,7
faab,7
fabricauto,7
factors-,7
faculty,7
fake,7
falbo,7
family-sustaining,7
fantasmic,7
fasb's,7
fatigue,7
fcr,7
fcra,7
febrile,7
feedstream,7
felt,7
fenbendazole,7
fiber-to-the-cell,7
fibre,7
fibrosis,7
film-coated,7
finnish,7
fir,7
firm-,7
firrea,7
first-filed,7
firsthand,7
fis,7
fiscal-year-to-date,7
fist,7
fleetmatics,7
florfenicol,7
floxin,7
flunixin,7
flushing,7
follicles,7
foreclose,7
forests,7
forty-year,7
fostered,7
fourteenth,7
foveros,7
frame-wilson,7
frapp,7
frederick,7
freely-traded,7
freshness,7
friendship,7
frog,7
fs-2,7
ft,7
ftc's,7
full-scale,7
fund-of-fund,7
fund-of-funds,7
furman,7
furner,7
furthered,7
fusf,7
fy12,7
gabriella,7
gainful,7
galleria,7
garageband,7
gartner's,7
garza,7
geneva,7
genitourinary,7
gentamicin,7
germany's,7
gigabyte,7
giovanna,7
giovanna.falbo,7
global-warming-potential,7
glow,7
glucocorticoid-induced,7
gnrh,7
godecke,7
goldmansachs,7
goliath,7
gov.cfm,7
govcloud,7
government-managed,7
grantmaking,7
granule,7
grasin,7
graviton2,7
greenlit,7
gsci,7
guajira,7
guaranties,7
guards,7
gunn,7
guy,7
habana,7
hain,7
hak,7
halio,7
hamburg,7
hammack,7
hammes,7
hamni,7
harkness,7
harper,7
hartpence,7
hassenfeld,7
hatch,7
hats,7
hdl,7
heineken,7
helmet-attachment,7
herbalife,7
hershey,7
hesitancy,7
high-cost,7
high-potential,7
high-traffic,7
higher-spending,7
higher-tier,7
hindi-language,7
histoires,7
hofh,7
holiday-related,7
holland,7
hormel,7
hps2-thrive,7
hrr,7
hse,7
hsr,7
htas,7
huffington,7
humbled,7
hundred-thousandth,7
hunt,7
hut,7
hx,7
hyaluronidase-fihj,7
hyde-dunn,7
hyopneumoniae,7
i-arpa,7
icon,7
idataplex,7
identifiers,7
idis,7
idling,7
idx21437,7
iepa,7
ifs,7
ig,7
ihcs,7
iiia,7
illuminations,7
imprinted,7
in-flight,7
in-sourcing,7
inabilities,7
inaccuracy,7
incapable,7
incinerator,7
incomm,7
inconvenience,7
incubator,7
indictment,7
industrial-related,7
infeasible,7
infill,7
infinera,7
infor,7
infusing,7
ingested,7
ingredion,7
injecting,7
inlay,7
innovator-developed,7
inquires,7
insurtech,7
interagency,7
intercepting,7
interconnections,7
interest-rate-sensitive,7
interferences,7
intermediate-,7
international-canada,7
internship,7
intra-eea,7
intracellularis,7
intralinks,7
inventergy,7
inventors,7
inversely,7
invoice-based,7
involuntarily,7
invt,7
ipilimumab-refractory,7
iprs,7
ironplanet,7
irvine,7
ischemia,7
isn,7
isolationist,7
italia,7
italtel,7
ite,7
iusacell,7
ixi,7
jackets,7
jacqueline,7
jamp,7
jeanne,7
jesse,7
jill,7
jmalucelli's,7
jpmorganchaseco.gcs-web.com,7
jtrs,7
jury's,7
just-in-time,7
k-12,7
kagan,7
kalla,7
kartik,7
kartik.ramachandran,7
kc-135,7
kelli,7
kelun-biotech,7
ken,7
keynote-010,7
keynote-057,7
keynote-426,7
keynote-604,7
kid,7
kimberly,7
kinley,7
kion,7
kk,7
klafter,7
koumettis,7
kpis,7
kruper,7
kuiper,7
kyle,7
labrador,7
laurie,7
lawsonia,7
leap-002,7
leased-back,7
lebanon,7
leblanc,7
lessor's,7
lianlian,7
libya,7
liebherr-international,7
lightlogic,7
limited-edition,7
lindsay,7
linx,7
literal,7
liters,7
locator,7
lock-outs,7
logistics-related,7
london--,7
looked,7
loss-sharing,7
lotc's,7
lotions,7
loughridge,7
low-calorie,7
low-cost-carriers,7
low-double-digit,7
low-to-mid,7
loyaltyedge,7
lummus,7
luspatercept-aamt,7
lyle,7
macdonald,7
macular,7
mahoney,7
malefactors,7
marcos,7
marina.h.norville,7
markings,7
marshall,7
masculine,7
materializing,7
mbl,7
mccormick,7
mcguire,7
mcnamee,7
mediums,7
meglumine,7
meguiars,7
melinda,7
menlo,7
mercedes-benz,7
merchant-affiliated,7
merchantable,7
mesdames,7
mesylate,7
meter,7
metropolis,7
mid-2018,7
mid-2023,7
mid-2028,7
mid-month,7
milliseconds,7
mining-related,7
minority-led,7
mirroring,7
misappropriates,7
misinterpretation,7
misses,7
missing,7
mk-0431c,7
mk-0431e,7
mk-1942,7
mk-2060,7
mk-2452,7
mk-2870,7
mk-3814,7
mk-5475,7
mk-7655,7
mk-8507,7
mk-8591b,7
mk-8628,7
mobile-,7
mobilized,7
moccasin,7
mohawk,7
moho,7
mojdeh,7
money-laundering,7
moovit,7
most-likely,7
motiva,7
mount,7
mouthwash,7
mozart,7
mulesoft's,7
mullen,7
multi-connection,7
multi-core,7
multi-family,7
multifactor,7
multiverse,7
murdo,7
musculoskeletal,7
mycoplasma,7
myelodysplastic,7
mysql,7
nano,7
nanotechnology,7
nassau,7
naturals,7
naval,7
navigated,7
nawi,7
nesp,7
net-share,7
netezza,7
netto,7
network-enabled,7
neuman,7
neuquen,7
neurogenic,7
new-to-plastic,7
nextscale,7
nf1,7
nguyen,7
ningbo,7
no-code,7
nolan,7
non-branded,7
non-excluded,7
non-expanding,7
non-income-based,7
non-insureds,7
non-mainstream,7
non-medical,7
non-myeloid,7
non-observable,7
non-ordinary,7
non-reliance,7
non-repatriated,7
non-reward,7
non-sports,7
nonaffiliates,7
nonemployees,7
nonphysical,7
nonsoftware,7
norte,7
norton,7
noteholder,7
nous,7
novo,7
numbered,7
numeric,7
nutcracker,7
nyc,7
nyfrb,7
obbins,7
obsesses,7
obsessing,7
obviousness,7
occasion-based,7
odac,7
odm-208,7
offensive,7
ointment,7
olympia,7
on-prem,7
oncoethix,7
one-week,7
oneten,7
oneworld,7
onlay,7
oopers,7
oosterweel,7
opl,7
opm,7
orbifloxacin,7
orbital,7
oreign,7
orvis,7
osfi,7
otic,7
ots,7
ought,7
outs,7
outstandings,7
ovam,7
overcomes,7
overstating,7
overview-,7
owowo,7
oyster,7
oz,7
p450,7
pak,7
palmisano,7
pam,7
pamela,7
parcel,7
parishes,7
parliaments,7
parr,7
party's,7
paste,7
patient-centric,7
pb,7
pboc,7
pcv,7
peanuts,7
pegged,7
penalizing,7
pepsi,7
pepsi-cola,7
period-specific,7
perth,7
pgs,7
pharmaceutica's,7
pharmaq,7
phipps,7
phosphodiesterase,7
photography,7
pickett,7
ping,7
pioglitazone,7
pipl,7
plantbottle,7
playlists,7
pled,7
plm,7
pmrs,7
policymaking,7
poliomyelitis,7
polly,7
polo,7
polska,7
polytechnic,7
poorer,7
poorly-managed,7
pope,7
post-hearing,7
post-menopausal,7
post-season,7
post-verdict,7
poul,7
pre-bankruptcy,7
pre-funded,7
pre-merger,7
pre-order,7
pre-positioning,7
pre-qualification,7
prefund,7
pressuring,7
pret,7
price-fixing,7
promacta,7
proscribes,7
protection-related,7
protesting,7
psd,7
public-sector,7
push-out,7
pvt,7
q10,7
q12,7
q17,7
q3w,7
qfc,7
qlc,7
qoq,7
quad-play,7
quarter-to-date,7
quartile,7
questa,7
quote-to-cash,7
ra,7
radiance,7
radioactive,7
radiodisney.com,7
rahway,7
railcars,7
rails,7
railway,7
ramachandran,7
ranger,7
rate-related,7
ratepayers,7
raychel,7
re-commenced,7
re-launched,7
re-negotiate,7
re-reviewing,7
re-suspended,7
realms,7
reap,7
rebounding,7
rebuttable,7
recalibrating,7
recapitalizing,7
recasted,7
receivable's,7
receptor-negative,7
receptor-positive,7
reclassed,7
recombinant-methionyl,7
recommenced,7
reconfigure,7
record-setting,7
recordable,7
recruiters,7
redefines,7
redirection,7
reels,7
refacing,7
refile,7
refiling,7
refugee,7
refusals,7
regis,7
rehired,7
reimages,7
reimpose,7
reincorporation,7
reinvention,7
relatedly,7
relator-plaintiff,7
relator-plaintiffs,7
remake,7
removals,7
renegotiating,7
renovators,7
repercussions,7
replication,7
reportedly,7
repricings,7
reprioritization,7
reprioritizing,7
reps,7
reshapes,7
residential-mortgage-backed,7
resigning,7
results.cfm,7
ret,7
retrain,7
retrieved,7
revocations,7
revolade,7
revolutionize,7
revolve-eligible,7
rf,7
rfs,7
ricewaterhouse,7
right-to-know,7
ring-fencing,7
risk-foreign,7
rmg,7
rocaton,7
roce,7
rocky,7
rodgers,7
rodriguez,7
roots,7
rosalind,7
roseanne,7
rosuvastatin,7
rotations,7
royce,7
rt,7
ruben,7
ruckus,7
rutledge,7
rypple,7
salak,7
sanctionable,7
sarcomas,7
saturation,7
scale-out,7
scaneagle,7
scansafe,7
scholars,7
sdlg,7
seaboard,7
second-step,7
securities-noncurrent,7
sedona,7
segluromet,7
self-quarantine,7
self-regulation,7
self-sufficiency,7
serma,7
sf,7
shareholder's,7
shaw,7
shelves,7
shepard,7
shilpa,7
shooter,7
shopdisney,7
showcased,7
shum,7
sidley,7
sign-on,7
sing,7
singh,7
single-counterparty,7
singling,7
sir,7
siriusxm,7
sirolimus-eluting,7
skyteam,7
slcrma,7
slyz,7
smartflash,7
sme,7
sneaker,7
softgoods,7
software-enabled,7
solarwinds,7
soldier,7
solo-3,7
solstice,7
somers,7
sop,7
specified-price,7
sperian,7
spies,7
spiked,7
spol,7
spolka,7
spongiform,7
sportstime,7
sre,7
stacks,7
stag,7
staged,7
staging,7
stand-by,7
stand-ready,7
starbucks,7
starfish,7
statewide,7
statistically-significant,7
statuses,7
steered,7
steglujan,7
stein,7
steward,7
stg,7
stimulant,7
stivarga,7
stock-,7
stockholder's,7
stressing,7
stuart,7
substituting,7
subtopics,7
sunbridge,7
suntrust,7
supporter,7
supposed,7
surveils,7
susep,7
symbols,7
synchronizing,7
talc-related,7
tampa,7
tampons,7
tapering,7
tate,7
tax-effected,7
taxability,7
tci,7
teacher,7
teaming,7
tec,7
technically,7
teclistamab,7
telecommuters,7
telecopy,7
telogis,7
templates,7
tenets,7
tepid,7
ther,7
third-party-sponsored,7
thirty-day,7
threefold,7
thriller,7
tiering,7
tiffany,7
tightly,7
tildipirosin,7
tiles,7
time-and-material,7
time-to-value,7
tmi,7
tob,7
told,7
tolerate,7
top-ten,7
tout,7
toxics,7
tracer,7
trainium,7
tramp,7
trans,7
transcripts,7
transferors,7
transfusion,7
transplants,7
travels,7
treatment-emergent,7
treaty's,7
tredaptive,7
trenbolone,7
triple-level,7
trust's,7
tsml,7
tsn,7
tubbs,7
turbocharger,7
twin-aisle,7
twisted,7
two-,7
two-for-one,7
two-point,7
two-week,7
type-leases,7
u.s.-managed,7
u.s.a.'s,7
uhf,7
uk-centralized,7
unbonded,7
unbundling,7
undeclared,7
under-banked,7
under-performing,7
undergraduate,7
understated,7
underutilization,7
undiversified,7
unenriched,7
uniloc,7
unmanaged,7
unnecessarily,7
unpatentability,7
unseasonable,7
unveil,7
unwittingly,7
urea,7
urges,7
uring,7
v940,7
valentine,7
valerate,7
valproate,7
values-based,7
valve,7
vans,7
vault,7
veneer,7
verdiell,7
verily,7
vermont-based,7
vhl,7
virtual-only,7
visa-accepting,7
visitor,7
vitamin,7
volumes-related,7
vpd,7
wales,7
walsh,7
walter,7
ward,7
waxman,7
wdtx,7
web-,7
weekday,7
weekends,7
weldon,7
well-balanced,7
well-received,7
well-resourced,7
weston,7
whale,7
wharton,7
whisperer,7
whistle-blowing,7
wi,7
wipfler,7
women-led,7
wondery,7
worker's,7
workgroups,7
workshop,7
wu,7
www.21cf.com,7
www.cat.com,7
www.dfking.com,7
www.honeywellnow.com,7
www.pginvestor.com,7
xe,7
xellia,7
xilinx,7
xpertuniverse,7
yokogawa,7
youngest,7
yty,7
z13,7
zelle,7
zilovertamab,7
zioptan,7
zoomx,7
zte,7
0.050,6
0.195,6
0.230,6
0.455,6
0.483,6
0.485,6
0.5175,6
0.5900,6
0.820,6
0.950,6
001.4,6
004.5,6
006.0,6
008.7,6
012.7,6
014.0,6
020.0,6
020.1,6
020.9,6
031.9,6
033.9,6
034.7,6
038.7,6
044.9,6
045.8,6
046.6,6
046.7,6
049.4,6
049.7,6
0555,6
059.9,6
061.8,6
063.1,6
07033,6
071.3,6
072.5,6
074.6,6
074.9,6
075.3,6
076.0,6
076.3,6
077.8,6
0778,6
079.4,6
080.3,6
092.9,6
094.2,6
096.5,6
1.036,6
1.050,6
1.079,6
1.200,6
1.253,6
1.484,6
1.530,6
1.537,6
1.570,6
1.646,6
1.735,6
1.770,6
1.772,6
1.821,6
1.888,6
10.19,6
10.36,6
10.38,6
10.47,6
10.78,6
100.06,6
100.8,6
10010,6
101.87,6
101.9,6
102.01,6
102.2,6
102.34,6
102386226,6
102956457,6
103.29,6
104.61,6
104.97,6
105.98,6
106.4,6
106.84,6
106.9,6
108.5,6
108.64,6
109.2,6
109.40,6
109.7,6
109.76,6
1090,6
11.01,6
11.03,6
11.17,6
11.38,6
11.49,6
11.58,6
11.59,6
11.63,6
11.67,6
11.68,6
11.70,6
11.77,6
110.33,6
110.5,6
1107,6
112.4,6
112.78,6
114.7,6
114.8,6
115.15,6
115.4,6
116.4,6
117.0,6
117.50,6
117.76,6
118.3,6
119.5,6
119.7,6
119.8,6
12.34,6
12.54,6
12.62,6
12.75,6
12.77,6
12.79,6
12.88,6
121.6,6
121.71,6
122.03,6
122.52,6
122.6,6
123.2,6
123.9,6
124.60,6
125.00,6
125.1,6
125.5,6
127.0,6
127.2,6
127.3,6
1271,6
128.08,6
128.6,6
129.3,6
13.03,6
13.11,6
13.27,6
13.29,6
13.45,6
13.60,6
13.61,6
13.67,6
13.77,6
13.87,6
13.91,6
13.95,6
130.2,6
130.7,6
131.4,6
133.3,6
133.7,6
134.6,6
135.20,6
135.9,6
137.3,6
137.6,6
139.0,6
139.4,6
14.08,6
14.11,6
14.26,6
14.29,6
14.45,6
14.46,6
14.47,6
14.53,6
14.67,6
14.82,6
14.96,6
14.98,6
140.7,6
141.32,6
141.6,6
143.9,6
146.1,6
147.4,6
148.0,6
15.06,6
15.08,6
15.35,6
15.41,6
15.53,6
15.82,6
15.87,6
15.93,6
15.94,6
15.96,6
150.7,6
150.8,6
150.95,6
151.1,6
151.4,6
152.50,6
152.8,6
154.14,6
154.6,6
155.1,6
155.20,6
155.3,6
155.50,6
156.0,6
156.4,6
157.1,6
158.2,6
159.2,6
159.3,6
16.05,6
16.10,6
16.24,6
16.49,6
16.54,6
16.66,6
16.68,6
16.74,6
16.80,6
16.86,6
16.91,6
161.3,6
161.50,6
161.7,6
162.3,6
163.01,6
164.3,6
165.63,6
165.7,6
166.0,6
166.5,6
166756,6
166764,6
169.2,6
169.3,6
17.10,6
17.24,6
17.33,6
17.53,6
17.56,6
17.61,6
17.68,6
17.69,6
17.87,6
17.88,6
170.0,6
173.8,6
174.1,6
174.8,6
175.0,6
17500,6
176.3,6
176.4,6
179.2,6
18.08,6
18.23,6
18.30,6
18.83,6
18.91,6
180.2,6
180.6,6
181.2,6
182.1,6
182.2,6
182.6,6
183.9,6
183621,6
184.8,6
186.8,6
187.2,6
189.5,6
19.02,6
19.03,6
19.07,6
19.23,6
19.38,6
19.64,6
19.85,6
190.1,6
190.6,6
192.6,6
1922,6
195.3,6
2.150,6
20.02,6
20.07,6
20.20,6
20.32,6
20.34,6
20.38,6
20.40,6
20.41,6
20.49,6
20.50,6
20.51,6
20.55,6
20.57,6
20.61,6
20.80,6
20.86,6
20.87,6
20.94,6
200.3,6
202.5,6
202.9,6
203.1,6
204.1,6
204.5,6
205.3,6
205.6,6
205.9,6
207.2,6
207.7,6
21.08,6
21.28,6
21.40,6
21.41,6
21.58,6
21.85,6
21.93,6
21.94,6
210983,6
212.7,6
213.7,6
215.0,6
215.2,6
216.7,6
216.82,6
217.4,6
218.6,6
218.9,6
22.04,6
22.11,6
22.21,6
22.45,6
22.84,6
22.86,6
22.87,6
220.0,6
220.9,6
222.1,6
224.1,6
224.3,6
226.7,6
227.0,6
228159,6
229.4,6
229.6,6
23.02,6
23.03,6
23.11,6
23.22,6
23.23,6
23.31,6
23.41,6
23.43,6
23.65,6
23.87,6
230.8,6
231.3,6
232.6,6
232.8,6
234.1,6
234.2,6
235.0,6
235.1,6
236351,6
237.7,6
237.9,6
239.1,6
24.02,6
24.11,6
24.70,6
24.71,6
24.84,6
24.85,6
241.93,6
242.0,6
246.8,6
2475,6
249.3,6
25.07,6
25.30,6
25.42,6
25.61,6
25.66,6
25.76,6
25.89,6
25.91,6
250.8,6
253.8,6
254.0,6
254.7,6
254.8,6
254.9,6
256.1,6
256.4,6
258.0,6
259.4,6
26.12,6
26.28,6
260.1,6
260.2,6
2617,6
263.0,6
264.9,6
265.0,6
266.2,6
266.9,6
2683,6
269.8,6
27.27,6
27.33,6
27.53,6
27.63,6
27.68,6
27.70,6
27.89,6
270.3,6
272.9,6
273.7,6
275.1,6
275.6,6
276.7,6
279.2,6
28.24,6
28.39,6
28.40,6
28.61,6
28.94,6
282.5,6
284.1,6
284.39,6
285.0,6
285.4,6
286.2,6
289.1,6
289.6,6
289.8,6
29.25,6
29.52,6
29.68,6
290.5,6
290.9,6
292.7,6
293.4,6
294.9,6
297.7,6
298.5,6
3.060,6
3.080,6
3.193,6
3.910,6
30.18,6
30.36,6
300.1,6
300.5,6
303.1,6
304.7,6
305.4,6
306.5,6
308.7,6
31.44,6
31.83,6
311.2,6
311.3,6
312.9,6
314.8,6
315.6,6
32.35,6
320.7,6
322.1,6
322.8,6
324.4,6
3242,6
325.3,6
326.9,6
328.4,6
329.6,6
33.57,6
33.73,6
334.0,6
337.0,6
338.1,6
338.2,6
338.6,6
339.0,6
341.3,6
344.3,6
345.7,6
348.7,6
348.9,6
349.7,6
35.20,6
35.56,6
35.77,6
352.5,6
353.3,6
355.2,6
355.5,6
355.8,6
356.5,6
356.9,6
357.5,6
358.4,6
359.6,6
36.81,6
36.86,6
360.3,6
3600,6
361.4,6
362.9199,6
363.3,6
365.8,6
365.9,6
368.5,6
37.42,6
37.99,6
370.3,6
370.6,6
371.1,6
371.5,6
376.2,6
376.6,6
376.9,6
377.8,6
378.5,6
379.8,6
38.57,6
380.8,6
380.9,6
3800,6
381.0,6
381.8,6
383.4,6
383.7,6
384.8,6
385.8,6
39.03,6
39.26,6
39.27,6
39.54,6
39.88,6
390.0,6
390.9,6
391.5,6
391.9,6
392.2,6
393.0,6
393.2,6
396.0,6
396.6,6
397.3,6
40.11,6
40.55,6
40.84,6
40.89,6
400.3,6
400.5,6
401.8,6
402.9,6
403.0,6
403.6,6
403.9,6
4063,6
409.2,6
409.3,6
41.08,6
41.49,6
41.89,6
415.9,6
416.3,6
416.621,6
42.08,6
42.27,6
42.70,6
420.5,6
425.6,6
427.3,6
43.51,6
433.2,6
438.5,6
44.05,6
44.25,6
440.6281,6
445.2,6
446.0,6
448.3,6
449.5,6
45.64,6
45.84,6
456.6,6
456.8,6
46.02,6
46.33,6
460.1,6
461.6,6
461.7,6
462.0,6
464.7,6
469.2,6
47.71,6
47.77,6
474.3,6
475.5,6
475.9,6
477.7,6
48.05,6
48.29,6
48.82,6
480.6,6
4811,6
482.0,6
482.4,6
482.5,6
484.3,6
484.7,6
485.5,6
487.3,6
487.5,6
488.6,6
4886,6
489.3,6
489.5,6
489.9,6
490.9,6
491.1,6
492.6,6
493.1,6
496.2,6
496.4,6
498.8,6
499.3,6
5.29,6
5.705,6
5.750,6
5.900,6
50.06,6
50.34,6
500.00,6
500.5,6
500.9,6
503.6,6
505.7,6
507.6,6
509.1,6
51.14,6
51.88,6
510.1,6
510.2,6
510.8,6
511.1,6
511.8,6
512.3,6
52.81,6
521.4,6
524.1,6
524.6,6
526.4,6
527.0,6
528.2,6
53.33,6
53.35,6
530.4,6
532.6,6
535.9,6
536.4,6
539.3,6
540.9,6
542.3,6
543.0,6
543.3,6
544.1,6
547.9,6
55.28,6
55.48,6
550.2,6
5509,6
551.2,6
552.2,6
552.8,6
56.78,6
560.3,6
560.6,6
5600,6
562.4,6
562.7,6
563.6,6
566.3,6
567.0,6
567.9,6
569.6,6
569.9,6
57.29,6
57.39,6
57.47,6
570.4,6
572.8,6
573.5,6
576.3,6
578.2,6
579.2,6
58.25,6
58.34,6
582.0,6
585.4,6
585.6,6
585.8,6
586.2,6
586.4,6
589.7,6
59.29,6
590.0,6
590.2,6
593.7,6
6.100,6
6.17,6
6.321,6
6.3210,6
6.834,6
6.8340,6
6.89,6
602.5,6
605.4,6
605.6,6
6078,6
610.8,6
614.4,6
614.5,6
616.0,6
616.9,6
619.5,6
6200,6
622.7,6
623.5,6
626.3,6
627.2,6
63.39,6
63.83,6
634.2,6
635.6,6
636.0,6
637.6,6
643.2,6
646.6,6
646.7,6
647.0,6
647.7,6
65.74,6
65.92,6
650.5,6
654.9,6
654894,6
655044,6
658.6,6
660.1,6
661.3,6
665.6,6
665.8,6
666.6,6
667.9,6
669.2,6
669.3,6
669.9,6
67.31,6
67.70,6
671.8,6
673.2,6
674.6,6
677.2,6
677.4,6
679.8,6
684.3,6
689.5389,6
69.55,6
690.3,6
697.4,6
698.5,6
698.6,6
699.0,6
7.40,6
7.79,6
7.840,6
7.97,6
70.25,6
702.3,6
703.9,6
707.5,6
708.3,6
708.5,6
71.47,6
71.68,6
710.0,6
711.5,6
711.8,6
713.7,6
72.74,6
72.98,6
722.5,6
725.5,6
726.3,6
727.5,6
728.7,6
74.21,6
74.74,6
741.3,6
741.8,6
743.6,6
744.6,6
745.4,6
746.4,6
75.24,6
75.48,6
75.99,6
751.9,6
752.1,6
754.0,6
756.3,6
7563,6
758.4,6
7581,6
761.5,6
762.6,6
763.3,6
763.9,6
765.6,6
769.8,6
77.17,6
77.47,6
77.55,6
770.2030,6
770.7,6
771.6,6
777.6,6
778.2,6
779.5,6
780.6,6
786.4,6
79.11,6
79.57,6
79.58,6
79.59,6
79.77,6
79.78,6
791.9,6
797.3,6
797.5,6
8.49,6
8.62,6
8.750,6
8.78,6
800.2,6
800.585,6
8011,6
803.7,6
805.3,6
808.0,6
81.17,6
81.83,6
818.8,6
825.9,6
828.9,6
83.00,6
83.04,6
83.34,6
830.7,6
834.3,6
839.1,6
84.31,6
84.85,6
840.7,6
841.0,6
844.2,6
847.5,6
848.7,6
853.4,6
854.3,6
857.2,6
86.05,6
86.07,6
86.12,6
86.37,6
86.84,6
86.89,6
860.5,6
864.0,6
864.2,6
865.6,6
87.1,6
87.62,6
87.90,6
87.92,6
871.2,6
872.4,6
874.7,6
875.5,6
878.5,6
879.7,6
88.77,6
88168,6
881685,6
886.0,6
886.1,6
89.14,6
89.18,6
890.2,6
892.8,6
894.0,6
894.3,6
895.1976,6
895.3,6
896.0,6
896.6,6
896.8,6
897.1,6
897.3,6
899.3,6
8999,6
9.18,6
9.20,6
9.21,6
9.31,6
9.60,6
9.74,6
9.80,6
9.876545,6
9.87655,6
90.48,6
901.6,6
902.0,6
903.9,6
905.9,6
906.4,6
9085,6
91.76,6
914.5,6
915.3,6
916.1,6
916.5,6
918.6,6
92.01,6
920.7,6
921.3,6
922.6,6
923.1,6
924.0,6
929.0,6
93.58,6
93.9,6
9300,6
932.8,6
934.6,6
935.6,6
937.8,6
939.5,6
94.16,6
941.2,6
944.6,6
94583,6
9492,6
950.6,6
9500,6
95014,6
952.1,6
953.9,6
957.3,6
959.1,6
96.00,6
960.0218,6
966.5,6
97.84,6
97.91,6
970.7,6
972.1,6
972.4,6
98.29,6
98.43,6
98.85,6
981.2,6
985.2,6
985.4,6
986.5,6
99.54,6
99.69,6
99.99,6
992.7,6
a160,6
a4,6
aaik,6
abstract,6
accommodated,6
account-related,6
accountabilities,6
acid-inducible,6
act-132577,6
activates,6
acutely,6
ad-hoc,6
adaptability,6
adc,6
addressee,6
adjacency,6
adjoining,6
adjuvent,6
ae4,6
ae5,6
aeme,6
affluent,6
africa's,6
aft,6
ag0,6
age-discrimination,6
age-to-age,6
ah3,6
ah8,6
ahadzibe,6
aicuris,6
aj4,6
alain,6
alen,6
alfredo,6
alienated,6
alirocumab,6
alj,6
alkem,6
alkylation,6
all-family,6
all-flash,6
all-star,6
alleghany,6
alnylam,6
alsalam,6
alternating,6
always-on,6
am8,6
amazon.cn,6
amber,6
amivantamab,6
amnestic,6
amt,6
an5,6
andrews,6
anesthetic,6
angle,6
annuitized,6
anthropic,6
anti-base,6
anti-thrombotic,6
antigens,6
antrim,6
ap1,6
apic,6
apotex's,6
apparatuses,6
appendices,6
appistry,6
applaud,6
appointee,6
apprente,6
apprenticeships,6
ar6,6
arbitrability,6
arbitrated,6
arc,6
arrived,6
artwork,6
arun,6
as4,6
ascend,6
ashford,6
assimilating,6
astm,6
at3,6
atn,6
attains,6
attenuators,6
attested,6
au0,6
aureus,6
australian-focused,6
auto-generate,6
av8,6
aw6,6
ax4,6
ax9,6
ay7,6
b-series,6
badamyar,6
baggage,6
ball,6
bamboo,6
bank-offered,6
barely,6
bayerische,6
bb6,6
bcc's,6
bcl,6
bcma,6
beam,6
behave,6
bemidji,6
benecol,6
bernhard,6
bespoke,6
best-practices,6
bestselling,6
bet,6
bethesda,6
bfg,6
bh's,6
bhattacharyya,6
biased,6
billon,6
biologicals,6
bip,6
bjht,6
blues,6
board-authorized,6
bolsters,6
bolt,6
bonaqa,6
booklet,6
boot,6
bose,6
bottler-distributed,6
bovespa,6
boyd,6
branching,6
braves,6
break-up,6
brenton,6
broad-reaching,6
bros,6
bruno,6
buckskin,6
buds,6
building-block,6
bullish,6
bungalows,6
business-relevant,6
byers,6
byod,6
c-130,6
c-32,6
c-40,6
c5,6
cabins,6
cables,6
caesar,6
call's,6
calorie,6
camden,6
campinas,6
carbon-constrained,6
caregiving,6
carotid,6
carve-out,6
cash-litigation,6
cash-payment,6
catalyzing,6
catz,6
caufield,6
causally,6
ccbji,6
cdma-1xrtt,6
ce-m715,6
celebrations,6
celltech,6
censure,6
cfc,6
championed,6
chaque,6
charge-air,6
chasenet,6
chats,6
chicago's,6
chojnowski,6
cholesterol-absorption,6
christian,6
chrysler,6
circuitry,6
cirque,6
cisa,6
citi.com,6
civ05370,6
claim-adjustor,6
claims-management,6
claims-training,6
classrooms,6
clearinghouses,6
clerical,6
clerk,6
cleveland,6
client-centric,6
client-facing,6
client-reported,6
client-server,6
climate-change-focused,6
closely-related,6
closets,6
cloud-centric,6
cloudformation,6
cmf,6
cnovak,6
co-commercialized,6
co-documentation,6
co-engineer,6
co-exclusive,6
co-insurers,6
co-lead,6
co-owner,6
co-president,6
co-reside,6
co-residency,6
coadministration,6
cognizant,6
comey,6
comingled,6
commerce-related,6
commonality,6
community-driven,6
comport,6
composer,6
computer-based,6
concentrix,6
concurring,6
cone,6
congestions,6
connector,6
constant-currency,6
consumer-like,6
contraindicated,6
convincing,6
cooler,6
copay,6
copco,6
cordance,6
cornell,6
corner,6
corporate-owned,6
corporate.homedepot.com,6
correcting,6
correlating,6
corrupted,6
cost-prohibitive,6
costco-related,6
counters,6
countersignature,6
coveted,6
covid-relief,6
covid-response,6
crashes,6
crdac,6
crews,6
cross-appealed,6
cross-jurisdictional,6
cross-moved,6
crutcher,6
cry,6
crypto.com,6
cst,6
current-portion,6
custom-designed,6
customer-first,6
customizations,6
cv-05857-si,6
cxl,6
cyberattackers,6
cyberbreach,6
cyborg,6
cyclophosphamide,6
daimler,6
dannenbaum,6
dansk,6
darin,6
dayton,6
dbcpp,6
dbs,6
de-consolidation,6
de-recognizing,6
death-ligand,6
deborah,6
debra,6
dec-17,6
dec-19,6
dec-20,6
decades-long,6
decra,6
deeming,6
deemphasizing,6
defect-related,6
degeneration,6
degrading,6
delinks,6
demos,6
dennee,6
denson,6
depositing,6
depositions,6
deregistered,6
derica,6
dermocosmetics,6
desiring,6
desktop-class,6
dessert,6
detectors,6
deterrence,6
devaluing,6
devise,6
dfking.com,6
diageo,6
digitally-enabled,6
dimon,6
direct-channel,6
directv,6
discounter,6
disinvestment,6
disneychannel.com,6
disneyjunior.com,6
disneyxd.com,6
dispatchers,6
distant,6
dixton,6
dlife,6
docking,6
docsis,6
dola,6
dollar-for-dollar,6
doorbells,6
doordash,6
doubles,6
doyle,6
dpw,6
drag,6
drive-thrus,6
drug-eluting,6
drugstores,6
ds1s,6
ds3s,6
dsp,6
dual-branded,6
dufault,6
dugan,6
dupont-related,6
dysplasias,6
e-4b,6
e-6,6
e-bookstore,6
e14,6
e5,6
ea0,6
earlier-line,6
earlier-stage,6
easa,6
ec6,6
economica,6
economist,6
edema,6
edges,6
editor's,6
ee2,6
eeoc,6
efavirenz,6
ej1,6
ekn,6
el6,6
elemental,6
en2,6
enalapril,6
end-of-life,6
endothelial,6
endowment,6
energies,6
energizing,6
entailed,6
enterprise's,6
entertain,6
enthusiasm,6
entrances,6
entrust,6
environmentally-preferred,6
epo-ane-3010,6
eprivacy,6
eq5,6
ervebo,6
erythropoiesis,6
esketamine,6
espn3,6
esposito,6
espys,6
essex,6
esteemed,6
eternals,6
eve,6
event-free,6
evercare,6
everybody,6
ex-exch,6
ex-exchange,6
ex-u.s,6
exacting,6
excuse,6
exemptible,6
exhibit_44,6
exhibit_5,6
expansionary,6
expense-management,6
experience-rated,6
experiments,6
explosive,6
extendible,6
extracts,6
exzolt,6
ey8,6
f-18,6
fabs,6
falsely,6
family-owned,6
fap,6
farberware,6
faxed,6
fc5,6
fcoe,6
fdaaa,6
fe1,6
fencing,6
fenty,6
fidelis,6
fiftieth,6
filemaker,6
filtered,6
fina,6
finalists,6
financier,6
fisa,6
fishkill,6
fitzpatrick,6
five-prong,6
floating-interest,6
flowing,6
fluorouracil,6
flyer,6
flyweave,6
fms,6
folate-receptor,6
folfiri,6
follicular,6
forks,6
formaldehyde,6
fragile,6
frankly,6
fraternal,6
fraud-prevention,6
friable,6
fs-6,6
fsc,6
fsn,6
fully-insured,6
furnisher,6
furthers,6
fuselage,6
fxip,6
fy09,6
fy17,6
fy23q2,6
g-csfs,6
g4,6
g8,6
gala,6
galactic,6
galloping,6
gamers,6
gangestad,6
ganitumab,6
gathers,6
gbsc,6
gce,6
gearhart,6
gemcitabine,6
genes,6
genetically,6
georgetown,6
gherson,6
gigabits,6
ginni,6
glenn,6
go-forward,6
going-in,6
golfers,6
goodman,6
gorman,6
government-initiated,6
grams,6
grantees,6
grantors,6
greener,6
gri,6
grill,6
grillo,6
gross-domestic,6
gse,6
gsg,6
gucci,6
guntrum,6
gustav,6
hadzibegovic,6
hafyera,6
haldor,6
handmade,6
handymen,6
hanover,6
harmonize,6
harmonizing,6
harpoon,6
hastings,6
hauling,6
hc,6
headend,6
headset,6
headway,6
heathrow,6
heavy-chain,6
hedge-related,6
held-for,6
hematology-oncology,6
henkel,6
henrique,6
hesitant,6
heterogeneous,6
hfc,6
high-bandwidth,6
high-demand,6
high-paying,6
high-resolution,6
high-return,6
high-severity,6
higher-cost,6
higher-end,6
highjump,6
histology,6
hitting,6
holistically,6
homelessness,6
hometrends,6
hopatcong,6
horan,6
horsepower,6
hospira's,6
hospitalizations,6
hugo,6
huitong,6
hum,6
hunton,6
hyper,6
i'll,6
iaas,6
ic,6
ied,6
ignore,6
illustrations,6
imagine,6
imecas,6
immunoglobulins,6
implicating,6
implying,6
import-related,6
in-license,6
in-service,6
inc.-,6
incineration,6
inclusively,6
incompatible,6
inconsequential,6
incursion,6
indirect-channel,6
industry-,6
industry-led,6
infancy,6
infant,6
infestations,6
infliction,6
infosys,6
infraction,6
inherit,6
injustice,6
inlyta,6
innate,6
insertions,6
installs,6
instituto,6
instrumented,6
intel-based,6
intelligence-gathering,6
interconnecting,6
interdependencies,6
interferes,6
interferon,6
internalizers,6
internetworking,6
interrupting,6
intersecting,6
intesa,6
intestine,6
investor.3m.com,6
investor.shareholder.com,6
invisible,6
ionis,6
ipi,6
ips,6
irectors,6
irregularity,6
itt,6
iversen,6
ivy,6
iwata,6
jabong.com,6
jackie,6
jansz,6
javier,6
jd's,6
jeanette,6
jenkyn,6
jetpack,6
jiayun,6
jingdong,6
joabar,6
joint-stock,6
joyo,6
joyo.com,6
judgment-based,6
jurid,6
kaavo,6
kai,6
kalinga,6
karl,6
kawasaki,6
kenexa,6
keynote-012,6
keynote-040,6
keynote-062,6
keynote-091,6
keynote-164,6
keynote-224,6
keynote-240,6
keynote-590,6
kguntrum,6
kick,6
kickback,6
kills,6
kilowatts,6
kinase-like,6
kiva,6
kleiner,6
kotobuki,6
kove,6
kremers-urban,6
kryssa,6
ks,6
kubota,6
kucr,6
kudco,6
kurth,6
kyc,6
kyndryl-related,6
l3,6
ladik,6
laff,6
landesbank,6
lantus,6
laps,6
large-ticket,6
largest-ever,6
late-breaking,6
late-reported,6
latex,6
lcv6,6
lead-insurer,6
leaner,6
leed,6
legalization,6
legendary,6
lehmann,6
leiden,6
lengthened,6
leon,6
less-creditworthy,6
lessened,6
leu,6
libor-referencing,6
libor-related,6
libre,6
life-enhancing,6
lifelong,6
lifeproof,6
lifetec,6
light-weight,6
like-minded,6
limited-term,6
lindy,6
lindy.mockovak,6
line's,6
linearly,6
liptruzet,6
liv-1-expressing,6
locally-owned,6
locked,6
lockers,6
loft,6
lohr,6
longtime,6
loran,6
lore,6
lte-enabled,6
lubriderm,6
lucy,6
luna,6
lymphocyte,6
lync,6
m.com,6
m2,6
mace,6
machtmes,6
macro-environment,6
magical,6
magnitudes,6
mahindra,6
mahon,6
maint,6
majeure,6
maleate-hydrochlorothiazide,6
mall,6
manageable,6
maneuvering,6
manifested,6
manipulates,6
manney,6
mapanything,6
maple,6
market-specific,6
marqeta,6
martial,6
martinez,6
maskwork,6
mastercard's,6
materialmen,6
materials.cfm,6
maternal,6
mathematics,6
mattera,6
mawarid,6
mcphail,6
mcshane,6
medals,6
medium-size,6
medivation,6
medivation's,6
megapixel,6
melrose,6
ment,6
menus,6
merton,6
messengers,6
microbial-derived,6
microcode,6
micromet,6
microphone,6
microscopic,6
microservices,6
mid-2010,6
mid-2017,6
mid-rate,6
mid-single-digits,6
middle-income,6
mifs,6
milestone-based,6
mint,6
misrepresenting,6
missteps,6
mitigations,6
mk-0482,6
mk-1200,6
mk-5172a,6
mk-6024,6
mk-7622,6
mk-8031,6
mk-8591d,6
mkt,6
mnich,6
mockovak,6
modifiers,6
modulation,6
momenta,6
moms,6
moni,6
morales,6
more-developed,6
morningstar,6
moscow,6
mou,6
mrna-4157,6
mrna-based,6
mta,6
multi-billion,6
multi-media,6
multi-plaintiff,6
multicast,6
mumbai,6
murdoch,6
mw,6
mx,6
mylanta,6
mylicon,6
n-tier,6
nanjing,6
nation's,6
nationalistic,6
natura,6
ncaa,6
ncl,6
ncqa,6
ndcs,6
near-full,6
neglect,6
nemba,6
netigy,6
networkfleet,6
neuravi,6
neurointerventional,6
neuter,6
neutrophils,6
newsroom.intel.com,6
next-day,6
next-gen,6
nft,6
nicholas,6
nineteenth,6
nomura,6
non-allocated,6
non-cobrand,6
non-company,6
non-components,6
non-credible,6
non-default,6
non-divestiture-related,6
non-elderly,6
non-european,6
non-farm,6
non-fhcs,6
non-fiction,6
non-government,6
non-key,6
non-local,6
non-medicaid,6
non-money,6
non-participants,6
non-pd-1,6
non-physical,6
non-ratings,6
non-ratings-based,6
non-renal,6
non-responsive,6
non-scripted,6
non-statistical,6
non-transparent,6
non-vertebral,6
non-vote,6
nonadmitted,6
nonfatal,6
nonresident,6
nonsolicitation,6
normalcy,6
notion,6
novira,6
now-former,6
np,6
np201,6
npbc,6
npr,6
nrdl,6
nternational,6
nutrasweet,6
o-sii,6
o-siis,6
oard,6
oberhelman,6
objectionable,6
objector's,6
odor,6
off-shore,6
off-the-shelf,6
ohn,6
oil-producing,6
okay,6
olds,6
olive,6
olla,6
olympian,6
on-time,6
one-eleventh,6
one-touch,6
oneywell,6
onn,6
open-ended,6
openai,6
opendns,6
opining,6
opportunities-for,6
ordesekimab,6
orna,6
osteoplastics,6
otclo,6
oung,6
out-of-stock,6
outsourcings,6
over-limit,6
overcharged,6
overexpressing,6
overly,6
overwhelming,6
oxaliplatin,6
ozan,6
p5,6
padcev,6
paid-in-capital,6
paid-to-date,6
pantech,6
parachute,6
parametric,6
partial-term,6
pathologic,6
paxton,6
paxton1,6
pay-in-full,6
payable-related,6
payloads,6
paywave,6
pbs,6
pedrojetti,6
peginesatide,6
peltz,6
penetrates,6
people-centered,6
peptides,6
perating,6
perfluorocompounds,6
performer,6
peruvian,6
pesos,6
petersburg,6
petitioners,6
pfda,6
pfna,6
pfoa-containing,6
pfunda,6
phi,6
piacquad,6
piles,6
pinpoint,6
pixar-,6
pixel,6
plateau,6
pnh,6
pocket,6
polices,6
policy-based,6
politician,6
politicians,6
polypeptide,6
ponte,6
population-based,6
pork,6
portfolio-based,6
portrayals,6
post-1984,6
post-covid,6
post-exposure,6
post-september,6
pound-sterling-denominated,6
power7,6
ppv,6
prairie,6
pre-2009,6
pre-divestiture,6
pre-integrated,6
pre-modification,6
pre-packaged,6
pre-provision,6
precedential,6
prescreened,6
prescreening,6
president's,6
previously-correlated,6
pringles,6
priori,6
priorities-we,6
procuradur,6
program-sponsored,6
programing,6
proplan,6
prostacyclin,6
protecci,6
provider-directed,6
provoke,6
psychiatric,6
psychotic,6
pulled,6
puresystems,6
purpose-driven,6
puttable,6
pvc,6
pwc,6
q11,6
q15,6
q18,6
qidp,6
qr,6
qtd,6
quad-core,6
quantinuum,6
quicktime,6
r$625,6
r.j,6
rabeprazole,6
radiographic,6
radiopaque,6
rafael,6
rapamycin,6
rapids,6
rash,6
rate-foreign,6
razor,6
re-allocated,6
re-balancing,6
re-characterized,6
re-estimated,6
re-inspect,6
re-investment,6
re-launch,6
re-leased,6
re-training,6
re-trial,6
reactivation,6
read-along,6
reagents,6
reassignment,6
rebar,6
recede,6
recirculated,6
recorder,6
recruited,6
recurrence-free,6
redesignate,6
redwood,6
ree,6
reforestation,6
refurloughed,6
reid,6
reinvented,6
reinvigorating,6
reiterating,6
rejections,6
rejoining,6
rel,6
release-signing,6
religions,6
remobilization,6
renault,6
renowned,6
rensselaer,6
repealing,6
replica,6
reported-to-date,6
repository,6
reprogramming,6
res,6
research-intensive,6
resigns,6
retinoic,6
retrieving,6
retrofitted,6
retrofitting,6
reverifications,6
rewarded,6
rewards-based,6
rfr,6
rgt100,6
rhinoconjunctivitis,6
rhinocort,6
rhodin,6
riegle-neal,6
rigontec,6
risc,6
risk-sensitive,6
risk-takers,6
riskmanager,6
rmbs,6
rmc-4630,6
rnst,6
roadway,6
roasters,6
robson,6
rod-shaped,6
romiplate,6
rooftop,6
ror1,6
rosamilia,6
rp,6
rtp,6
ruggedized,6
runway,6
rush,6
rvsv,6
s.c,6
saad,6
sabbaticals,6
sabotages,6
safetywear,6
safra,6
saga,6
salary-related,6
salazar,6
sales-service,6
salina,6
sandisk,6
sanitizing,6
sankyo,6
sanpaolo,6
sarin,6
sates,6
savage,6
savary,6
savior,6
sbgi,6
sblas,6
scanned,6
scanners,6
scent,6
scheinberg,6
schrems,6
schulman,6
scopes,6
scoping,6
scorecards,6
sd-access,6
sdk,6
sears,6
seas,6
sec.gov,6
second-,6
sedlarcik,6
seelaus,6
segment-specific,6
self-administered,6
self-dealing,6
self-identified,6
self-serve,6
seller's,6
semi,6
senior-focused,6
sepa,6
separately-identifiable,6
serine,6
services-oriented,6
setter,6
shared-risk,6
shaving,6
sheds,6
shee,6
sheryl,6
side-effect,6
sident,6
silk,6
simcere,6
similar-type,6
simulator,6
single-serve,6
sinosweet,6
sinus,6
sirs,6
sisters,6
site-cleaving,6
skb-264,6
ski,6
skipping,6
sku,6
skyler,6
slack's,6
slower-growing,6
slrs,6
smartly,6
smoking,6
socialmedia.html,6
societ,6
sodium-glucose,6
sofrs,6
soft-tissue,6
softened,6
soleil,6
som,6
songwriters,6
sont,6
sounds,6
soundtracks,6
souq,6
spm,6
spoke,6
spp,6
spravato,6
spun-out,6
srf,6
sseldorf,6
stackable,6
staff-related,6
staggering,6
stakes,6
stapler,6
steap1,6
steelbrick,6
sterilmed,6
stifel,6
stingray,6
stitch,6
stk11,6
stock-employee,6
stock.walmart.com,6
stocked,6
stone,6
stormwater,6
stoumbos,6
straddles,6
stratix,6
stryker,6
sub-agents,6
sub-classes,6
sub-limit,6
subcutaneously,6
subheadings,6
sublicensed,6
subrogated,6
subsidization,6
suburban,6
suggestion,6
summerville,6
sunitinib,6
supermajority,6
supermarked,6
suppressing,6
supra-competitive,6
surged,6
surgically,6
surgiflo,6
surprise,6
surprises,6
susceptibility,6
suspect,6
suzan,6
suzanne,6
swap-related,6
swept,6
swift,6
symptom,6
system-level,6
system-on-a-chip,6
szlosek,6
t-38,6
taconic,6
tamar,6
tambor,6
tan,6
tanf,6
tantalum,6
tarp,6
tasking,6
taught,6
tavneos,6
tax-deductible,6
tax-withholding,6
tcc,6
technician,6
technology-specific,6
tecvayli,6
tedizolid,6
telcagepant,6
telegraphic,6
telesales,6
telling,6
tempering,6
terra,6
territory-based,6
there-after,6
thermometers,6
thin-and-light,6
thirtieth,6
thirty-year,6
threatgrid,6
threonine,6
tick,6
ticketing,6
ties,6
tigris,6
tiktok,6
tila,6
tildrakizumab,6
tile,6
time-division,6
tn,6
tnb-585,6
tolls,6
tonaga,6
tonga,6
tonne,6
toronto--,6
touchless,6
tourists,6
toxicants,6
tpg,6
tra-2p,6
traceable,6
tractor-scrapers,6
tracy,6
tragic,6
trailheads,6
transcontinental,6
treasury-backed,6
treatment-experienced,6
tremendously,6
trinity,6
trish,6
trop2,6
trophoblast,6
trophy,6
trouble,6
trueye,6
trumatch,6
tt,6
tuner,6
twice-weekly,6
tyco's,6
u.s.-dollar-equivalent,6
u25497ay1,6
u25497az8,6
u25497ba2,6
u25497bc8,6
u25497bd6,6
u25497be4,6
u25497bf1,6
u25497bk0,6
u25497bm6,6
u25497bn4,6
ultra-low,6
unabsorbed,6
uncompromised,6
uncrewed,6
underinsured,6
underpay,6
undetermined,6
une,6
unfold,6
unjustifiable,6
unmitigated,6
unread,6
unremediated,6
unrivalled,6
unscripted,6
unsubscribed,6
unvacated,6
unverified,6
upgrader,6
upselling,6
urac,6
us166756am82,6
us166756ap14,6
us166756at36,6
us166756au09,6
us166756av81,6
us166756aw64,6
us166756ax48,6
us166764ah30,6
us166764bk59,6
us166764bt68,6
us166764bz29,6
us654894ae49,6
us655044ae52,6
us655044ag01,6
us655044ah83,6
us655044aj40,6
us655044an51,6
us655044ar65,6
us655044as49,6
us881685ax97,6
us881685ay70,6
us881685bb68,6
us88168lcv62,6
usher,6
ushering,6
usury,6
uture,6
valchlor,6
vanessa,6
vapor-distilled,6
variable-royalty,6
vc-25,6
vedotin-ejfv,6
vend,6
vis-a-vis,6
visa-only,6
visa-owned,6
vitro,6
vpayment,6
vps,6
vw,6
wa-205-p,6
wabtec,6
wachovia,6
wagner,6
walk-in,6
walked,6
wap,6
warranting,6
washoe,6
watchespn,6
wayne,6
we-worldwide.com,6
wearing,6
weber,6
week's,6
well-respected,6
wellcome,6
whitaker,6
whole-person,6
wide-range,6
willfulness,6
windfall,6
winds,6
wipe,6
wives,6
wolf,6
workplan,6
world-market,6
worry-free,6
worthy,6
write-up,6
wt,6
www.corporate.visa.com,6
www.gbsc-usa.com,6
x2y,6
xdr,6
xencor,6
xyz,6
yelp,6
yoo,6
yurij,6
zarbees,6
zenhale,6
zimbabwe,6
zometa,6
zuellig,6
0.060,5
0.065,5
0.2800,5
0.315,5
0.370,5
0.3725,5
0.4100,5
0.4818,5
0.5102,5
0.520,5
0.562,5
0.565,5
0.5767,5
0.5775,5
0.6150,5
0.644,5
0.6525,5
0.745,5
0.7824,5
001.2,5
001.9,5
002.4,5
007.8,5
008.9,5
010.0,5
013.8,5
015.4,5
018.1,5
018.9,5
023.5,5
024.7,5
028.8,5
030.0,5
031162,5
032.5,5
036.6,5
038.9,5
041.3,5
048.2,5
050.9,5
057.5,5
058.0,5
063.4,5
064.4,5
064.7,5
065.5,5
069.7,5
070.8,5
072.22,5
074.0,5
077.1,5
077.5,5
07962,5
081.2,5
081.3,5
083.8,5
0831,5
085.0,5
088.1,5
090.1,5
093.2,5
096.3,5
098.6,5
09876545,5
0987655,5
1.035,5
1.203,5
1.227,5
1.228,5
1.252,5
1.293,5
1.352,5
1.390,5
1.686,5
1.814,5
1.870,5
1.911,5
1.980,5
10.49,5
10.66,5
10.87,5
10.97,5
100.000,5
100.48,5
10004,5
10007,5
1007,5
101.57,5
101.75,5
102.82,5
10286,5
103.02,5
103.22,5
103.82,5
103.98,5
104.80,5
105.18,5
105.25,5
105.5,5
106.50,5
106.93,5
106.97,5
107.69,5
108.25,5
108.58,5
108.7,5
108.8,5
11.08,5
11.13,5
11.31,5
11.33,5
11.43,5
11.47,5
11.55,5
11.56,5
11.57,5
11.60,5
11.65,5
11.69,5
11.81,5
11.97,5
110.00,5
110.40,5
111.7,5
112.92,5
113.05,5
113.06,5
1146,5
115.1,5
115.5,5
116.3,5
117.4,5
117.80,5
118.2,5
118.75,5
12.09,5
12.22,5
12.24,5
12.48,5
12.494,5
12.50,5
12.78,5
12.84,5
12.98,5
120.2,5
120.6,5
120.61,5
120.7,5
120.86,5
121.8,5
1211,5
122.4,5
122.8,5
124.11,5
124.21,5
126.18,5
126.3,5
126.7,5
126.74,5
128.11,5
128.5,5
128.7,5
128.75,5
129.4,5
129.51,5
13.16,5
13.19,5
13.21,5
13.26,5
13.28,5
13.33,5
13.35,5
13.55,5
13.62,5
13.66,5
13.86,5
13.948,5
130.1,5
131.94,5
132.6,5
132.8,5
134.72,5
134.8,5
135.7,5
135.8,5
136.7,5
137.0,5
137.38,5
138.6,5
138.7,5
139.1,5
139.2,5
14.04,5
14.14,5
14.27,5
14.48,5
14.51,5
14.56,5
14.64,5
14.89,5
14.90,5
14.91,5
14.99,5
140.2,5
140.28,5
140.4,5
142.0,5
143.7,5
143.8,5
144.3,5
144.6,5
145.87,5
146.7,5
147.1,5
147.2,5
147.6,5
148.24,5
148.8,5
148.95,5
149.0,5
15.04,5
15.05,5
15.11,5
15.24,5
15.25,5
15.33,5
15.37,5
15.52,5
15.58,5
15.60,5
15.62,5
15.64,5
150.5,5
151.0,5
151.2,5
152.0,5
153.42,5
154.5,5
154.64,5
155.4,5
156.1,5
156.8,5
158.5,5
159.9,5
16.08,5
16.11,5
16.16,5
16.19,5
16.22,5
16.23,5
16.35,5
16.42,5
16.55,5
16.59,5
16.60,5
16.71,5
16.77,5
16.84,5
16.90,5
160.1,5
160.3,5
161.1,5
1615,5
164.26,5
165.1,5
165.3,5
165.88,5
166.1,5
167.4,5
167.5,5
167.8,5
167.9,5
168.2,5
168.7,5
169.0,5
17.08,5
17.11,5
17.12,5
17.23,5
17.26,5
17.36,5
17.59,5
17.72,5
17.77,5
17.80,5
17.99,5
170.21,5
170.3,5
170.4,5
170.5,5
170.8,5
1707,5
171.0,5
171.6,5
173.0,5
1734,5
174.3,5
174.7,5
175.4,5
178.6,5
178.72,5
1786,5
179.4,5
179.7,5
18.02,5
18.05,5
18.11,5
18.15,5
18.26,5
18.37,5
18.39,5
18.54,5
18.59,5
18.63,5
18.70,5
18.73,5
18.84,5
18.87,5
18.94,5
180.3,5
180.8,5
181.0,5
182.5,5
183.5,5
185.1,5
185.7,5
186.5,5
188.1,5
188.3,5
188.4,5
188.6,5
188.8,5
189.08,5
1891,5
19.04,5
19.06,5
19.34,5
19.48,5
19.61,5
19.63,5
19.66,5
19.95,5
19.96,5
190.17,5
190.5,5
191216,5
1920,5
193.1,5
193.5,5
194.4,5
194.8,5
1955,5
1958,5
196.1,5
196.64,5
197.1,5
197.2,5
197.5,5
197.6,5
198.5,5
199.1,5
2.010,5
2.055,5
2.329,5
2.415,5
2.541,5
2.758,5
2.770,5
2.793,5
2.819,5
20.06,5
20.08,5
20.21,5
20.30,5
20.42,5
20.60,5
20.83,5
20.91,5
200.1,5
200.2,5
201.7,5
201.92,5
2011203119,5
202.0,5
202.1,5
203.0,5
203.7,5
205.1,5
206.3,5
206.5,5
206.6,5
206.9,5
207.36,5
207.49,5
208.1,5
208.6,5
2080,5
209.1,5
209.3,5
209.7,5
21.13,5
21.14,5
21.17,5
21.47,5
21.73,5
21.76,5
21.91,5
21.97,5
211.0,5
211.08,5
211.5,5
212.8,5
213.3,5
214.7,5
215.6,5
217.9,5
218.5,5
219.1,5
219.8,5
22.01,5
22.06,5
22.33,5
22.79,5
22.83,5
22.90,5
22.99,5
220.2,5
222.32,5
222.75,5
222.8,5
223.1,5
223.9,5
225.3,5
225.6,5
226.5,5
227.4,5
228.3,5
229.3,5
23.07,5
23.32,5
23.47,5
23.71,5
230.1,5
231.49,5
231.5,5
232.4,5
232.9,5
234.5,5
236.0,5
236.2,5
24.12,5
24.22,5
24.45,5
24.48,5
24.53,5
24.56,5
24.62,5
240.10,5
240.7,5
240.8,5
242.2,5
242.8,5
243.1,5
244.6,5
246.1,5
247.4,5
25.17,5
25.32,5
25.53,5
25.63,5
250.3,5
250.90,5
251.2,5
251124,5
252.7,5
253.2,5
253.7,5
255.2,5
255.8,5
257.1,5
26.09,5
26.46,5
26.50,5
26.67,5
26.76,5
26.88,5
260.0,5
261.2,5
261.3,5
263.2,5
263.4,5
263.9,5
264.2,5
264.4,5
264.8,5
264.90,5
266.0,5
267.7,5
27.04,5
27.20,5
27.59,5
27.75,5
27.96,5
270.91,5
271.3,5
271.5,5
271.9,5
272.5,5
274.3,5
274.4,5
276.0,5
276.1,5
278.3,5
278.9,5
279.0,5
28.05,5
28.27,5
28.34,5
28.38,5
28.44,5
28.85,5
28.99,5
280.1,5
281.2,5
283.1,5
285.6,5
285.7,5
286.1,5
287.7,5
287.9,5
288.7,5
289.0,5
289.96,5
29.05,5
29.37,5
29.46,5
29.53,5
29.65,5
29.66,5
290.3,5
290.4,5
291.8,5
291.9,5
292.3,5
294.2,5
294.7,5
296.6,5
297.9,5
299.4,5
3.230,5
3.330,5
3.630,5
3.650,5
3.868,5
30.11,5
30.38,5
30.48,5
30.62,5
300.6,5
301.0,5
301.1,5
301.2,5
301.7,5
302.0,5
303.6,5
30301,5
304.1,5
304.3,5
306.6,5
307.7,5
307.8,5
308.8,5
309.0,5
309.9,5
31.12,5
31.16,5
31.17,5
31.18,5
31.31,5
31.49,5
31.62,5
31.63,5
31.92,5
31.96,5
310.5,5
311.0,5
311.7,5
312.4,5
312.6,5
3145,5
315.1,5
315.9,5
316.4,5
317.5,5
318.2,5
319.04,5
319.4,5
319.8,5
32.01,5
32.20,5
32.21,5
32.26,5
32.41,5
32.99,5
321.3,5
324.0,5
324.2,5
325.5,5
329.3,5
33.25,5
33.70,5
331.5,5
332.2,5
334.5,5
335.3,5
335.8,5
337.8,5
338.8,5
339.2,5
34.04,5
34.30,5
34.34,5
34.72,5
340.0,5
340.7,5
341.4,5
342.0,5
342.5,5
342.9,5
344.1,5
344.4,5
345.2,5
346.7,5
346.9,5
347.1,5
347.5,5
347.9,5
348.6,5
3486,5
349.4,5
35.02,5
35.62,5
35.63,5
35.70,5
35.87,5
350.0,5
350.6,5
352.4,5
355.9,5
356.7,5
357.38,5
358.3,5
359.0,5
36.24,5
36.30,5
36.38,5
36.73,5
36.91,5
360.0,5
361.13,5
362.8,5
363.4,5
363.9,5
366.4,5
369.5,5
369.8,5
37.46,5
370.0,5
370.1,5
370.4,5
371.6,5
372.2,5
373.2,5
374.2,5
374.5,5
375.3,5
377.9,5
379.3,5
379.4,5
379.9,5
38.03,5
38.29,5
38.40,5
38.43,5
38.45,5
38.51,5
38.53,5
38.68,5
38.94,5
380.0,5
380.3,5
380.5,5
382.4,5
384.5,5
386.1,5
386.3,5
386.9,5
387.1,5
388.0,5
388.3,5
388.8,5
39.02,5
39.05,5
39.09,5
39.20,5
39.63,5
39.99,5
390.27,5
3922,5
393.8,5
394.0,5
394.3,5
394.4,5
394.6,5
396.4,5
398.4,5
399.7,5
4.073,5
4.074,5
4.522,5
4.600,5
4.922,5
40.06,5
40.12,5
40.19,5
40.71,5
40.75,5
4024,5
403.1,5
403.2,5
404.676,5
404.9,5
405.6,5
406.0,5
407.6,5
408.0,5
408.4,5
41.14,5
41.24,5
41.41,5
41.88,5
41.94,5
411.0,5
411.7,5
413.0,5
414.1,5
415.1,5
415.8,5
416.5,5
416.6,5
416.9,5
4188,5
419.0,5
419.3,5
42.13,5
42.32,5
42.47,5
42.64,5
420.2,5
421.8,5
422.9,5
424.1,5
425.9,5
427.6,5
428.22,5
428.3,5
429.1,5
43.87,5
430.2,5
430.9,5
432.3,5
433.9,5
437.2,5
437.4,5
439.3,5
44.32,5
44.47,5
44.52,5
44.55,5
441.5,5
442.9,5
443.4,5
444.4,5
444.5,5
447.4,5
448.4,5
448.8,5
449.4,5
45.05,5
45.29,5
45.38,5
45.46,5
450.0,5
452.5,5
453.9,5
454.7,5
455.1,5
456.1,5
456.2,5
458.5,5
458.7,5
46.03,5
46.09,5
461.5,5
463.9,5
464.1,5
466.04,5
466.8,5
47.04,5
47.13,5
47.34,5
47.75,5
47.94,5
477.5,5
478.8,5
479.3,5
479.8,5
48.07,5
48.75,5
48.86,5
481.0,5
485.3,5
488.5,5
489.8,5
49.18,5
490.5,5
491.2,5
491.8,5
492.0,5
493.2,5
493.5,5
494.6,5
499.4,5
4999,5
50.44,5
50.45,5
500.2,5
501.5,5
502.9,5
503.1,5
503.3,5
504.9,5
506.9,5
5080,5
51.12,5
51.17,5
51.20,5
51.64,5
51.69,5
51.77,5
510.24,5
510.3,5
511.3,5
513.8,5
519.6,5
519.7,5
52.19,5
52.48,5
52.54,5
52.58,5
52.63,5
521.9,5
522.2,5
524.5,5
524.7,5
525.9,5
527.3,5
529.5,5
53.28,5
53.40,5
53.50,5
53.61,5
53.81,5
53.84,5
533.1,5
533.2,5
538.4,5
538.5,5
539.6,5
54.09,5
54.24,5
54.36,5
54.71,5
54.722,5
54.99,5
540.5,5
541.7,5
545.2,5
547.8,5
548.6,5
55.31,5
55.55,5
55.67,5
550.3,5
550.6,5
55144,5
554.1,5
554.3,5
554.6,5
558.7,5
56.26,5
561.8,5
563.9,5
5631,5
569.34,5
57.06,5
57.59,5
57.81,5
572.0,5
572.2,5
573.7,5
574.3,5
574.4,5
575.3,5
576.0,5
576.7,5
576.9,5
578.3,5
5782,5
579.7,5
58.17,5
58.23,5
58.73,5
58.77,5
58.92,5
582.3,5
583.0,5
585.9,5
587.1,5
587.2,5
587.5,5
587.6,5
588.2,5
588.5,5
589.8,5
58933,5
59.10,5
59.12,5
59.19,5
59.35,5
59.42,5
59.48,5
59.50,5
59.64,5
59.86,5
590.1,5
594.6,5
596.4,5
598.8,5
599.1,5
6.387,5
6.85,5
6.861,5
60.03,5
60.98,5
601.1,5
602.0,5
603.3,5
606.1,5
607.4,5
607.9,5
609.7,5
61.50,5
61.93,5
611.2,5
611.6,5
612.1,5
612.5,5
612.6,5
613.3,5
615.9,5
617.3,5
617.4,5
618.4,5
62.53,5
62.69,5
62.84,5
621.5,5
621.9,5
622.0,5
622.4,5
628.9,5
63.71,5
63.81,5
632.2,5
634.4,5
6372,5
639.1,5
64.75,5
64.92,5
641.9,5
645.1,5
646.9,5
647.689,5
648.6,5
649.9,5
65.62,5
65.69,5
652.0,5
652.8,5
653.6,5
654.1,5
654.2,5
655.5,5
656.0,5
66.07,5
66.12,5
66.29,5
662.9,5
666.2,5
666.4,5
666.7,5
669.1,5
67.96,5
670.3,5
671.0,5
671.6,5
672.0,5
676.3,5
678.5,5
68.47,5
68.85,5
68.95,5
680.1,5
681.5,5
682.6,5
684.5,5
688.0,5
688.2,5
689.5,5
69.29,5
692.2,5
693.4,5
696.8,5
699.9,5
7.000,5
7.26,5
7.41,5
7.42,5
7.52,5
7.53,5
7.73,5
7.78,5
70.40,5
70.93,5
700.1,5
700.3,5
700.9,5
702.6,5
703.3,5
706.5,5
707.2,5
7092,5
71.44,5
71.90,5
712.9,5
713.2,5
714.2,5
718.1,5
718.4,5
72.21,5
721.4,5
724.9,5
725.4,5
727.1,5
729.6,5
73.02,5
73.93,5
730.2,5
731.6,5
734.4,5
736.1,5
737.3,5
738.0,5
739.1,5
74.12,5
74.15,5
74.22,5
74.37,5
74.48,5
74.49,5
74.54,5
74.63,5
74.67,5
74.98,5
742.5,5
743.2,5
743.8,5
744.0,5
744.5,5
745.3,5
748.4,5
748.7,5
749.8,5
75.00,5
75.30,5
75.39,5
75.40,5
75.44,5
75.76,5
751.4864,5
751.6,5
752.0,5
752.4,5
752.5,5
754.1,5
754.2,5
755.3,5
755.9,5
757.0,5
757.1,5
757.2,5
759.6,5
762.0,5
762.1,5
767.7,5
768.1,5
768.6,5
77.18,5
77.88,5
77.99,5
770.6,5
774.7,5
775.3,5
778.3,5
778.9,5
779.1,5
780.2,5
781.7,5
783.0,5
783.2,5
7833,5
787.1,5
787.4,5
787.6,5
79.46,5
79.70,5
790.9,5
7917,5
792.7,5
792.9,5
793.1,5
793.4,5
794.3,5
796.7,5
798.6,5
8.21,5
8.51,5
8.530,5
8.59,5
8.61,5
8.92,5
80.05,5
80.62,5
803.5,5
804.8,5
806.0,5
806.6,5
808.8,5
81.99,5
810.2,5
810.5,5
811.2,5
812.6,5
812.9,5
813.2,5
816.0,5
817.2,5
817.8,5
82.18,5
82.39,5
82.99,5
821.0,5
825.2,5
825.3,5
825.4,5
825.6,5
829.5,5
830.6,5
833.9,5
834.8,5
835.0,5
84.08,5
84.44,5
84.71,5
841.9,5
844.4,5
844.895,5
845.5,5
849.8,5
85.01,5
85.40,5
85.52,5
850.2,5
850.8,5
853.8,5
856.7,5
86.11,5
86.65,5
86.77,5
860.954,5
862.5,5
865.2,5
865.5,5
867.9,5
868.6,5
87.39,5
87.87,5
872.8,5
873.5,5
874.2,5
876.3,5
877.4,5
878.8,5
879.8,5
88.06,5
88.07,5
88.14,5
88.70,5
882.0,5
882.5,5
882.6,5
883.8,5
884.1,5
886.6,5
888.7,5
888.9,5
889.6,5
889.7,5
889.9,5
89.15,5
89.31,5
89.44,5
89.76,5
890.0,5
890.8,5
891.4,5
892.4,5
896.9,5
9.19,5
9.23,5
9.43,5
9.63,5
9.70,5
9.71,5
9.76,5
9.77,5
9.81,5
9.84,5
9.88,5
9.99,5
90.11,5
903.1,5
906.0,5
906.1200,5
908.7,5
909.0,5
909.5,5
91.68,5
91.77,5
910.0,5
911.2,5
914.4,5
9146,5
915.8,5
915.9,5
919.3,5
92.19,5
92.44,5
92.71,5
92.85,5
92.90,5
924.3,5
924.8,5
929.4,5
932.1,5
933.2,5
937.9,5
938.7,5
94.14,5
94.35,5
94.54,5
94.56,5
94.94,5
940.2,5
940.9,5
944.4,5
946.0,5
947.0,5
947.8,5
947.9,5
95.13,5
952.3,5
953.1,5
955.3,5
958.5,5
96.14,5
96.22,5
96.23,5
960.4,5
961.1,5
961.3,5
964.4,5
964.6,5
966.1,5
969.8,5
97.34,5
97.48,5
97.75,5
97.86,5
970.5,5
973.5,5
973.8,5
975.2,5
979.5,5
98.20,5
98.56,5
981.9,5
982.1,5
983.1,5
986.7,5
986.8,5
988.7,5
989.7,5
989.9,5
99.26,5
9927,5
9928,5
994.1,5
999.6,5
a$1.4,5
a.241,5
a1c,5
a220,5
a9.com,5
aaammf,5
ab32,5
abbott's,5
abcfamily.com,5
abt,5
abuses,5
aca-compliant,5
acano,5
acclaim,5
acclaimed,5
accompanies,5
accomplishment,5
account-based,5
accretes,5
accumulatedothercomprehensiveincomemember,5
acellular,5
acetylsalicylic,5
acknowledgements,5
acoustics,5
acquisition's,5
acsaa,5
activevideo,5
activyl,5
actors-malicious,5
adam.j.mertz,5
adapter,5
additionalpaidincapitalmember,5
adimmune,5
adkins,5
admiral,5
adv,5
aeidc,5
aenb's,5
aeronautic,5
afff-related,5
affleck,5
afflicted,5
afterwards,5
age-related,5
aggravate,5
ai-enabled,5
ai-first,5
ailing,5
aiops,5
airlift,5
aitken,5
akebono,5
akin,5
aktiengesellschaft,5
alarms,5
alaskan,5
albeit,5
albert,5
alco,5
alexandrova,5
alfa-2b,5
all-day,5
allegedly-infringing,5
allflex,5
allscripts,5
ally,5
alm,5
aloha,5
alsea,5
alza's,5
alza-owned,5
ama,5
amaro,5
amauligak,5
amgenpipeline.com,5
amivantamab-vmjw,5
amortizations,5
ams,5
annie,5
annul,5
ans,5
ansible,5
anta,5
anterior,5
anti,5
anti-deferral,5
anti-lag3,5
anti-tigit,5
antimicrobial,5
antitoxin,5
antonin,5
aon,5
apparently,5
apple's,5
apple-designed,5
apple-owned,5
appointees,5
apprise,5
aprs,5
arb,5
arbitrators,5
arcc,5
argentina's,5
arroyo,5
artemis,5
as-is,5
asasco,5
asbca's,5
asct,5
asia-,5
asp-based,5
aspirin,5
assets-,5
assistly,5
ated,5
attacking,5
attestations,5
attitude,5
auction-based,5
audiocast,5
australia's,5
authorised,5
autoleucel,5
autumn,5
avail,5
available-for,5
availableforsalesecuritiesmember,5
axg,5
axitnib,5
b-7,5
babble.com,5
bachelorette,5
backdoor,5
backorders,5
backs,5
bag,5
bailed,5
bal,5
ballmer,5
balloting,5
bantula,5
bapineuzumab,5
barber,5
barcode,5
bareboat-chartered,5
barlad,5
battery-related,5
bb-,5
bca's,5
bcs,5
beads,5
belden,5
believing,5
benelux,5
benevir,5
bento,5
ber,5
berkeley,5
berry,5
beteiligungsgesellschaft,5
betrixaban,5
better-capitalized,5
betterments,5
bga,5
bi-lateral,5
bi-specific,5
billy,5
bins,5
bioburden,5
biodiesel,5
biographies,5
biomethane,5
biopharm,5
bioventures,5
birch,5
bits,5
blaze,5
bluey,5
bnpl,5
bo,5
bodega,5
boj,5
bolder,5
bolivia,5
bombers,5
bonutti,5
book-to-bill,5
book-to-tax,5
boomer,5
borden,5
bordering,5
borderless,5
bosentan,5
bottled,5
boudreaux,5
bounteous,5
boxmeer,5
brabant,5
braces,5
brandz,5
braverman,5
breed,5
bridget,5
brightmark,5
brilliant,5
brittany,5
broadcaster,5
broadridge,5
broadwell,5
broker-priced,5
bta,5
bu,5
buddy,5
bulky,5
bureau's,5
business-catastrophe,5
business-class,5
buttons,5
buy-in,5
c.l,5
caguas,5
california's,5
calmette-guerin,5
can't,5
canadiens,5
cancelation,5
cannabis,5
capital's,5
capital-to-assets,5
cara,5
caracas,5
carballo,5
carbon-neutral,5
carboplatin-paclitaxel,5
carnival,5
caroline,5
cartoon,5
carvykti,5
cashandcashequivalentsmember,5
castration-sensitive,5
catalina,5
cataloguers,5
category-based,5
cavallo,5
cbantula,5
ccrued,5
cd4,5
cfcs,5
cfpa,5
ch,5
chanbond,5
chasing,5
chatgpt,5
chatter,5
cherokee,5
childless,5
chino,5
choice-of-law,5
cholesterol-management,5
christiana,5
cif,5
ciltacabtagene,5
cimzia,5
cisc,5
cites,5
citigroup.com,5
clariant,5
clarion,5
clarkson,5
clinician,5
clipboard,5
clopidogrel,5
clots,5
cloudcraze's,5
cloudlock,5
cm-24,5
cme,5
cnbc,5
cng,5
cnipa,5
co-brands,5
co-conspirators,5
co-developer,5
coats,5
cockpit,5
cofounder,5
cohesive,5
colistimethate,5
colistin,5
collisions,5
collocation,5
combatants,5
comme,5
commercial-level,5
commercial-scale,5
compan,5
compelled,5
competitively-priced,5
competitor-marketed,5
compilation,5
components-projected,5
composing,5
computerized,5
concentrating,5
concerned-member,5
concierge-type,5
concrete,5
conductors,5
conflict-free,5
conjugates,5
consignment,5
consolid,5
consulates,5
consults,5
contemporize,5
contention,5
contract-driven,5
controllership,5
conveniences,5
coopers,5
copilot,5
cordless,5
corimmun,5
coronado,5
corp.finance,5
corporate-governance,5
corporatedebtsecuritiesmember,5
corporatemanager,5
corroborating,5
cos,5
cosgrove,5
costing,5
counter-parties,5
counter-sanctions,5
counterterrorism,5
covagen,5
crease,5
creatinine,5
crimping,5
crisp,5
crist,5
criticism,5
crmc,5
croix,5
cross-regional,5
crossover,5
crowd,5
crowded,5
crude-unit,5
crystalline,5
csl,5
culminating,5
cumulate,5
cumulation,5
current-quarter,5
curtis,5
customerrelationshipsmember,5
cx,5
cyber-attackers,5
cyclic,5
cylinders,5
cytotoxic,5
d-i-y,5
dakota's,5
dame,5
darbepotein,5
darden,5
dayhoff,5
db.com,5
dcai,5
dcm,5
de-emphasizing,5
de-population,5
de-recognized,5
de-risk,5
dead-weight,5
deal-related,5
dealer's,5
dealerships,5
debottlenecking,5
debtholder,5
debug,5
decelerate,5
deciliter,5
declassify,5
decommission,5
deep-sea,5
defender,5
definitely,5
definitively,5
deggelman,5
delightful,5
delighting,5
delivery-related,5
deltana,5
demurrer,5
denham,5
densify,5
deoleo,5
deregulation,5
dermatologic,5
desco,5
desogestrol,5
destabilize,5
destined,5
destroying,5
developmentally,5
device-centric,5
diagrams,5
diana,5
diane_dayhoff,5
dictionary,5
digestion,5
diodes,5
dip,5
dirham,5
dirty,5
disallow,5
discarded,5
disclosure-related,5
discouraged,5
dismantle,5
disneyquest,5
disparately,5
dissent,5
divergence,5
diverging,5
dj,5
dlp,5
dobriy,5
dodd,5
dolo,5
domain-containing,5
dominion's,5
doribax,5
dormant,5
doughnut,5
dover,5
downsized,5
doxil,5
dr.ci,5
drastically,5
draugen,5
drbul,5
drc,5
dresch,5
droplets,5
drts,5
dsnps,5
dual-locking,5
dugan_jim,5
duraloc,5
durvalumab,5
dysmenorrhea,5
dyson,5
e-5,5
e-business,5
e-waste,5
e.u.-based,5
e0d595e1-d998-4eb1-905a-10bc14571cb2,5
eads,5
eafe,5
earnings-per-share,5
easter-related,5
ebook,5
ecg,5
ecobee,5
economists,5
ecosmart,5
ecurities,5
edison,5
eduardo,5
effluent,5
ehr,5
elapses,5
electrically,5
electrofuels,5
electronic-related,5
elena.alexandrova,5
elfrink,5
elly,5
elongation,5
embark,5
embarking,5
embassies,5
embeds,5
emetogenic,5
employee-reduction,5
emr,5
emu,5
emv-capable,5
emv-chip,5
endocutters,5
endogenous,5
endomechanical,5
endometriosis-related,5
endovascular,5
enriches,5
enrique,5
ensation,5
entertained,5
entertaining,5
entwicklungsund,5
envizi,5
eocene,5
eop,5
epiroc,5
equifax,5
equity-affiliate,5
equitysecuritiesmember,5
ergonomic,5
erlinger,5
ers,5
erypo,5
erythropoietins,5
espa,5
espnboston.com,5
espndallas.com,5
espnlosangeles.com,5
espnnewyork.com,5
estado,5
estima,5
estricted,5
eta,5
etarfolatide,5
euribo,5
eurofarma,5
eventuality,5
evenue,5
ex-2.1,5
ex-23.1,5
ex-99.15,5
exabytes,5
excerpts,5
exclusivities,5
excursion,5
exhibit_231,5
expedites,5
experienc,5
exploiting,5
express-owned,5
extracting,5
exxonmobil,5
ey,5
f.g,5
f.w,5
factory's,5
fairlife's,5
fairpoint,5
fairvaluehedgingmember,5
fairvalueinputslevel1member,5
fairvalueinputslevel2member,5
fairvalueinputslevel3member,5
false-claims,5
famer,5
far-field,5
fassino,5
fate,5
fay,5
federal-mogul,5
fellowship,5
ferb,5
fhlbs,5
fi,5
fiber-reinforced,5
fiber-to-the-premise,5
fiber-to-the-premises,5
field-facing,5
financial-information.html,5
fine-tune,5
finely,5
fingerprint,5
fiserv,5
fittings,5
five-day,5
fixed-asset,5
fixed-fee,5
fixed-payment,5
fixed-wing,5
fixedincomesecuritiesmember,5
flagged,5
flakes,5
flash-memory-based,5
flashlights,5
fluoropyrimidine,5
flynn,5
folfox,5
followers,5
footer,5
foreign-currency-sensitive,5
foreignexchangecontractmember,5
forgave,5
fork,5
formalities,5
fpu,5
frampol,5
freda,5
freeing,5
freelancers,5
frees,5
freetime,5
freevee,5
fronted,5
froze,5
fs-10,5
fs-16,5
fs-39,5
fs-40,5
fulfillment-related,5
fulfills,5
full-,5
fulphila,5
funding-driven,5
furnishers,5
fy14,5
fy2013,5
g-compatible,5
g2c,5
gameplay,5
ganal,5
gas-fired,5
gautam,5
genome,5
genomics,5
genres,5
geography-specific,5
giant,5
gig,5
gill,5
gilligan,5
gilmartin,5
gilmore,5
ginter,5
giordano,5
github,5
glagentofficeops,5
gland,5
globalisation,5
glover,5
gm-csf,5
gmbh's,5
gns-related,5
goepelt,5
goinstant,5
goldberg,5
goodrich,5
government-issued,5
government-ordered,5
government-to-consumer,5
grabowiec,5
grantee,5
greenbrier,5
greenfield,5
grube,5
grubhub,5
gt1,5
gurgaon,5
guzman,5
gyroscope,5
hagel,5
hahn,5
handhelds,5
happier,5
happiness,5
hardin,5
hardware-centric,5
harmonizes,5
harry,5
harsh,5
haskins,5
haswell,5
haven't,5
hcsc,5
headline,5
headsets,5
healthcare-provider-directed,5
heath,5
hefh,5
height,5
hematocrit,5
hemoglobin,5
hemoglobinuria,5
hemolytic,5
hemorrhagic,5
hennessy,5
herena,5
hess,5
hey,5
hf,5
high-,5
high-dose,5
high-intensity,5
high-protein,5
highest-quality,5
highest-spending,5
highly-regulated,5
highly-respected,5
hipaa-eligible,5
historical-sales.cfm,5
hoffman-la,5
holding-company,5
holly,5
holset,5
homa,5
homology-2,5
honeycomb,5
honors,5
honour,5
hook-up,5
hopeful,5
hormonally-driven,5
horse,5
howmedica,5
hrd,5
hsv-1,5
htf,5
hubspot,5
hulu's,5
human-caused,5
humane,5
humid,5
huyapari,5
hyper-personalized,5
hyperconvergence,5
hypothesis,5
hypothetically,5
i-item,5
iad,5
ibor-based,5
ibrance,5
icd-10,5
icrc,5
identifier,5
iea,5
ieee,5
ies,5
ignatures,5
ihi,5
ii-,5
iii-,5
il-2,5
ill-perceived,5
immaterially,5
immunocompromised,5
impermissibly,5
implicates,5
in-period,5
inadmissible,5
incentive-related,5
inception-to-date,5
inco,5
inconsistently,5
indication-by-indication,5
indispensable,5
induces,5
industry-imposed,5
industry-skilled,5
inextricably,5
inferentia,5
infiltrated,5
infinium,5
information-sharing,5
ingersoll,5
ingest,5
ingrained,5
injected,5
inlet,5
innio,5
inquired,5
inserting,5
insist,5
insmed,5
instrumen,5
intc.com,5
intent-to-treat,5
interchange-related,5
interestratecontractmember,5
interestrateswapmember,5
interexchange,5
internally-generated,5
internally-reported,5
intra-europe,5
intra-regional,5
intraepithelial,5
intrusion-detection,5
invaded,5
invensys,5
invented,5
investors.merck.com,5
ior,5
irobot,5
isabel_janci,5
isight,5
iso4217,5
item_1_02_termination_of_material_definitive_agreement,5
iting,5
itp,5
iv-,5
jaime,5
jang,5
jayne,5
jcummings,5
jdresch,5
jeopardized,5
jericho,5
jetix,5
joey,5
johnathan,5
judy,5
justices,5
justifying,5
ka,5
kaby,5
kangtega,5
kapur,5
karlsruhe,5
kay,5
kdigo,5
kdp,5
keel,5
kellner,5
kelora,5
kern,5
kettering,5
keverian,5
kevin.k.yoo,5
keynote-028,5
keynote-180,5
keynote-394,5
keynote-585,5
keynote-775,5
keynote-859,5
kid-friendly,5
killer,5
kirk,5
kirloskar,5
kitina,5
kkr,5
klenk,5
kobelco,5
koch,5
kotick,5
kralingen,5
kyndryl-,5
kyoto,5
laffan,5
lag-basis,5
lamellae,5
lancope,5
land-based,5
latin's,5
laugh,5
laurentian,5
lazertinib,5
lb,5
ldl-cholesterol,5
leao,5
lenor,5
leong,5
lessening,5
leur,5
lex,5
lia,5
liars,5
liberties,5
lifestyle-oriented,5
lifts,5
liga,5
light-emitting,5
light-touch,5
lightyear,5
ligue,5
limited-menu,5
liposome,5
liquidi,5
liquidity-related,5
liquids-rich,5
literally,5
litigant,5
loader,5
localism,5
locally-based,5
loggers,5
long-distance,5
long-form,5
longer-tail,5
longest-running,5
longtermdebtmember,5
longui,5
lopez,5
low-pressure,5
low-rate,5
low-risk,5
low-thirties,5
ltss,5
lubben,5
lucapa,5
lucasfilm-themed,5
lucie,5
lue,5
lus,5
luye,5
luzon,5
lvl,5
lybrand,5
mac-compatible,5
mackenzie,5
mackmin,5
makassar,5
make-whole-call,5
malange,5
male-focused,5
mami,5
manufacturing-capacity,5
manymoon,5
map-based,5
march-in,5
marcotte,5
marcy,5
mario,5
market-price-sensitive,5
market-traded,5
marketing-sales,5
maromba,5
marseillais,5
marvelstore.com,5
mask-making,5
matrices,5
matschullat,5
max-related,5
maximally,5
mayor,5
mbd,5
mbh,5
mccabe,5
mcpick,5
mcspicy,5
mcwraps,5
mead,5
mechanization,5
mechanized,5
mecklenburg,5
medicare-contracted,5
medigap,5
meeting-related,5
meg,5
megabytes,5
meibomian,5
melphalan,5
member-only,5
mentors,5
merchant-processing,5
merck.com,5
mertz,5
metamind,5
metered,5
metrologic,5
mha,5
miami--,5
micex,5
michaels,5
mid-1980's,5
mid-20,5
mid-40,5
mid-january,5
mid-season,5
midpoints,5
mif,5
mikkilineni,5
mikuni,5
milky,5
million-acre,5
mimics,5
miner,5
minutes-sharing,5
miriam,5
mischler,5
missiles,5
mites,5
mixed-feed,5
mk-0616,5
mk-1439a,5
mk-3697,5
mk-4214,5
mk-7690,5
mk-7965,5
mk-8457,5
mmp,5
mobile-payment,5
mobileme,5
modine,5
moffettnathanson,5
moist,5
momecene,5
monet1,5
money-market,5
monish,5
mono-branded,5
monterrey,5
montney,5
moon,5
moovit's,5
morfit,5
motorcycle,5
mounting,5
move-ahead,5
movidius,5
movietickets.com,5
mpi,5
mpls,5
mrd,5
mti,5
multi-adaptive,5
multi-functional,5
multi-layer,5
multi-layered,5
multi-mission,5
multi-period,5
multi-phase,5
multi-room,5
multi-scenario,5
multi-sports,5
multi-user,5
multi-well,5
multiplies,5
mutually-agreed,5
mvnos,5
n.c,5
nailing,5
nargis,5
nathaniel,5
natick,5
nation-wide,5
nato,5
nature-based,5
nazomi,5
nebivolol,5
negate,5
nektar,5
neology,5
neoplasia,5
nephrotoxicity,5
netsuite,5
network-as-a-service,5
network-centric,5
neurodiverse,5
newark,5
newhouse,5
newman,5
nex,5
next-level,5
nfc,5
nfc-enabled,5
nida-core,5
niketowns,5
nisshinbo,5
nist,5
nitro,5
nocturnal,5
nodal,5
nolte,5
non-acquisitive,5
non-cola-flavored,5
non-extending,5
non-fiduciary,5
non-hedged,5
non-hospitalized,5
non-management,5
non-military,5
non-ozone,5
non-randomized,5
non-registrational,5
non-revolving,5
non-viability,5
nonbiologic,5
noncontrollinginterestmember,5
nondesignatedmember,5
noninferiority,5
nonmyeloid,5
nonproprietary,5
nonregistrational,5
nonrenewal,5
nord,5
notches,5
notionals,5
novation,5
npa,5
nrc,5
ns,5
ntt,5
nunn,5
nutrinova,5
nyu's,5
oaktree,5
oberlandesgericht,5
obstruction,5
oceanwide,5
octo,5
ofac-administered,5
off-net,5
off-peak,5
offerees,5
ofloxacin,5
ohmes,5
oip,5
ojakli,5
omecene,5
omnicube,5
on-and,5
on-the-fly,5
oncovex,5
one-and-a-half,5
onepoint,5
onshoring,5
ontents,5
ontruzant,5
oo,5
open-development,5
open-offer,5
operati,5
operator's,5
oprah,5
opted-in,5
optionality,5
orchard,5
organics,5
organizationally,5
orient,5
orsl,5
oscar,5
osteonics,5
ote,5
otellini,5
other-than,5
othercontractmember,5
otherwise-could,5
out-of-market,5
outgrowth,5
outlook-underwriting,5
overexpression,5
oversubscribed,5
overvi,5
oxaliplatin-,5
oxide,5
oxides,5
oxytrol,5
oyster's,5
packet-based,5
pagamento,5
paige,5
painters,5
paints,5
palawan,5
palensky,5
pan,5
pan-e.u,5
pan-genotypic,5
pancrease,5
panelists,5
panhandle,5
paradigm,5
parallelism,5
parchment,5
pardo,5
paroxysmal,5
partout,5
passporting,5
patenting,5
patient's,5
patolawala,5
paula,5
pausing,5
pavurutamab,5
pcr,5
pedigree,5
pensionplansdefinedbenefitmember,5
pent-up,5
pentagon,5
pequannock,5
perceptual,5
perseus,5
persuading,5
pesticide,5
pfi,5
ph-,5
pharmacologic,5
pharmatech,5
phaseout,5
phenomenon,5
phillip,5
phineas,5
phosphatase-2,5
photographs,5
photostatic,5
photovoltaic,5
piacentini,5
pillpack,5
piramal,5
plank,5
planners,5
plataforma,5
platong,5
play-by-play,5
playdate,5
plexiglass,5
pliska,5
plugs,5
plymouth,5
pmc,5
pnc,5
pollitt,5
polystyrene,5
pond,5
pony,5
post-adoption,5
post-authorization,5
post-dismissal,5
post-launch,5
post-modification,5
post-settlement,5
post-split,5
postgresql,5
postmarketing,5
postponements,5
power10,5
pozitiv,5
pr's,5
practically,5
practiced,5
pre-easter,5
pre-orders,5
pre-salt,5
pre-treated,5
prearranged,5
predate,5
predialysis,5
prednisolone,5
prejudicing,5
preschoolers,5
prespecified,5
previewed,5
previously-identified,5
previously-taxed,5
prey,5
price-to-value,5
prime-based,5
private-sector,5
proceedings-asda,5
proceedings-government,5
process-by-process,5
process-driven,5
profit-accretive,5
proglide,5
programmatic,5
prolong,5
pronouncem,5
proofs,5
prorata,5
protectable,5
prq,5
pseudoephedrine,5
psychology,5
ptab's,5
ptes,5
ptimizes,5
pz,5
q09,5
q16,5
q19,5
q3-q4,5
qcpa,5
qf-16,5
qilu,5
qlogic,5
qq,5
quad-level,5
quan,5
quantico,5
quarterly-earnings,5
quartiles,5
quiz,5
r$2.3,5
radical,5
rainfall,5
rainforest,5
rajeev,5
ramer,5
rancis,5
randall,5
rangen,5
rankin,5
rapak,5
rasmussen,5
ratifying,5
rayon,5
rcs,5
re-age,5
re-aligning,5
re-assess,5
re-assessment,5
re-pledge,5
re-use,5
re-valued,5
reads,5
reallowances,5
reasoned,5
reassessing,5
rebrand,5
receptiveness,5
receptors,5
recital,5
recorded-favorable,5
reddys,5
redesigns,5
reengineer,5
reevaluations,5
reference-member,5
refinishing,5
reformed,5
refrigerantes,5
refuses,5
regorafenib,5
regrouped,5
regulatory-mandated,5
reinspect,5
relateiq,5
reman,5
remarkably,5
remil,5
renee,5
renovate,5
reskill,5
resolvability,5
respecti,5
restocking,5
restrictedstockunitsrsumember,5
restructures,5
retainedearningsmember,5
rethinking,5
revamped,5
revenue-hedging,5
reverification,5
revolved,5
reyes,5
right's,5
rihanna,5
riker,5
rim,5
riohacha,5
risk-adjusts,5
riviera,5
rmsa,5
rng,5
rnolte,5
robert.a.varettoni,5
rocatinlimab,5
rockets,5
rockin,5
rollin,5
rosas,5
rotary-wing,5
rovi,5
rr,5
rsvp,5
ru,5
ruan,5
ruemmler,5
rule-makings,5
rulebooks,5
run-out,5
rupees,5
rupert,5
ryanair,5
ryde,5
s.a.'s,5
s.d.n.y,5
s.h.i.e.l.d,5
saint,5
salon-influenced,5
sbus,5
scalia,5
scaqmd,5
schaeffer,5
schick,5
scrutinizes,5
scrutinizing,5
seagoing,5
sealed,5
seethoff,5
seg,5
segregating,5
self-enrichment,5
self-help,5
self-paced,5
sell-offs,5
semfinder,5
semi-submersible,5
senders,5
seno,5
sequencing,5
ses,5
setters,5
settlement-date,5
seven-day,5
seven-well,5
sfr1.3,5
shallow,5
shang-chi,5
shapes,5
shareholder-approved,5
shaughnessy,5
shelters,5
short-and,5
short-dated,5
shp2,5
shuffle,5
siak,5
side-channel,5
side-effects,5
sidewalk,5
sig,5
sightbox,5
simpsons,5
single-threaded,5
sizer,5
skies,5
skinner,5
skus,5
slates,5
slk,5
small-capitalization,5
smaller-sized,5
smile,5
smilow,5
smnich,5
smos,5
sneak,5
snowball,5
snp,5
soapnet,5
socially,5
sokenbicha,5
solidified,5
solvadi,5
solved,5
sonangol,5
sonos,5
sorry,5
sounding,5
spamer,5
spanish-language,5
spar,5
spears,5
specifically-designated,5
specimens,5
spg,5
spias,5
split-up,5
sports-themed,5
spotify,5
spotlights,5
spread-related,5
spread-spectrum,5
sps,5
srt,5
stalled,5
starcruiser,5
stark,5
statistic,5
stay-at-home,5
stealing,5
steamfitters,5
stelar,5
stephen_holmes,5
stern,5
stmicroelectronics,5
stock-denominated,5
storytellers,5
strait,5
strategists,5
stray,5
stressful,5
stryker's,5
sub-agent,5
sub-lease,5
sub-plans,5
sub-sections,5
sub-sidiaries,5
subclauses,5
sublet,5
subsisting,5
substitutable,5
substrate,5
subtypes,5
suing,5
summarily,5
sundance,5
supercharge,5
superfamily,5
supervising,5
supplier-specific,5
susie,5
swedish-based,5
swisstech,5
sylvan,5
symphony,5
syncing,5
t-mobile's,5
take-out,5
takeaways,5
talquetamab,5
tax-aware,5
tax-oriented,5
tbs,5
tca,5
tdeggelm,5
tearscience,5
technicolor,5
technolog,5
technologists,5
technology-led,5
tegaderm,5
teknolodzhiz,5
telecomunicaciones,5
teledyne,5
telefaxed,5
telegraph,5
telephone-based,5
tells,5
tensorflow,5
term-debt,5
terminator,5
testamentary,5
textured,5
tezepelumab-ekko,5
tgf,5
than-temporary,5
then-market,5
then-removed,5
theoretically,5
therapeutic-reference,5
therapists,5
thermo,5
they've,5
thimerosal,5
thimerosal-containing,5
three-judge,5
thrombopoiesis,5
ticaret,5
tie-ins,5
tierney,5
tiger,5
time-chartered,5
time-period,5
tion,5
tipping,5
tnt,5
toddlers,5
tokenized,5
tolmar,5
tommy,5
tonnage,5
tonnes,5
toolkits,5
torch,5
townships,5
toxicant,5
tpo,5
tpost3,5
tradition,5
trafficking,5
trailing-twelve-month,5
trajectories,5
transaction's,5
transcoding,5
translation-related,5
transload,5
transnational,5
transplant-eligible,5
transportation-related,5
transposed,5
trastuzumab-dttb,5
travelerscanada.ca,5
trian,5
tribe,5
trident,5
tru,5
trust-mart,5
trv_insurance,5
tsas,5
tullier,5
tumble,5
tuned,5
two-well,5
u.s.-eu,5
ubereats,5
ucla,5
udenyca,5
udfi,5
ue,5
uhc,5
ukrainians,5
ultra-filtered,5
ultra-limited,5
ultra-long-haul,5
ultra-violet,5
ultrafast,5
unconnected,5
underemployment,5
underperforms,5
underscoring,5
undiluted,5
unfeasible,5
unica,5
unimproved,5
unitedhealthgrp,5
unitek,5
unpredictably,5
unrevoked,5
upgradeability,5
upholds,5
upturn,5
urging,5
usa's,5
usace,5
usao,5
user-generated,5
uu,5
v2mom,5
v600,5
vaccine-related,5
vaguely,5
valeo,5
valuationallowanceofdeferredtaxassetsmember,5
valueact,5
valves,5
varettoni,5
variable-and,5
variableinterestentityprimarybeneficiarymember,5
vecchio,5
vely,5
ventilators,5
ventura,5
verifi,5
verus,5
vesalius-cv,5
videoconferencing,5
viewpoint,5
vigilance,5
vimal,5
vince,5
vincent,5
virologic,5
visa-processed,5
visacorporate.tumblr.com,5
vitros,5
vlphu09dsuqymde5ute,5
voba,5
voice-enabled,5
vts,5
vwap,5
wackadoo,5
wakana,5
wal-mart's,5
wanton,5
warfare,5
warsaw,5
webexone,5
wedding,5
weiss,5
well-publicized,5
weren,5
wetness,5
whatsapp,5
whilst,5
whiptail,5
whispersync,5
wideopenwest,5
widget,5
wife,5
wildcat,5
wim,5
wimax,5
windpool,5
windsor,5
wine,5
winfrey,5
witnesseth,5
wnba,5
wolfson,5
wolin,5
won't,5
wondered,5
wondering,5
work-life,5
workday,5
workouts,5
world-,5
world-leading,5
wow,5
wr,5
wrapped,5
wrist,5
wrongly,5
www.bankofengland.co.uk,5
www.investor.salesforce.com,5
www.linkedin.com,5
www.lw.com,5
www.visa.com,5
x.com,5
x7x365,5
xbrli,5
xfinity,5
xp,5
yamatake,5
yankees,5
year-ends,5
yen-based,5
you'll,5
yu,5
yy,5
z16,5
zar,5
zenterprise,5
zero-carbon,5
zero-day,5
ziad,5
zinplava,5
zoledronic,5
zwierzyniec,5
0.025,4
0.040,4
0.05817,4
0.0776,4
0.183,4
0.210,4
0.23625,4
0.260,4
0.270,4
0.2745,4
0.300,4
0.330,4
0.3624,4
0.3750,4
0.3975,4
0.4121,4
0.4254,4
0.4875,4
0.515,4
0.540,4
0.5550,4
0.580,4
0.5824,4
0.602,4
0.6025,4
0.6125,4
0.645,4
0.700,4
0.7450,4
0.885,4
0.925,4
0.955,4
000.2,4
0000021344,4
0001,4
004.4,4
004.6,4
006.1,4
006.4,4
007.3,4
009.1,4
009.7,4
009.8,4
013.0,4
013.4,4
013.6,4
013.9,4
014.7,4
015.0,4
015.6,4
017.4,4
019.9,4
020.2,4
021.3,4
021.8,4
022.0,4
022.8,4
023.4,4
025.4,4
026.96,4
027.8,4
0277,4
028.2,4
029.65,4
030.8,4
032.26,4
032.71,4
033.0,4
034.6,4
035.6,4
035.7,4
038.4,4
038.82,4
039.1,4
039641,4
041.6,4
041.80,4
042.4,4
043.0,4
044.3,4
046.0,4
047.0,4
049.0,4
050.5,4
0523,4
053.00,4
053.2,4
054.6,4
054.9,4
055.0,4
055.4,4
056.7,4
057.9,4
059.0,4
060.4,4
061.55,4
063.76,4
066.0,4
066.8,4
066.9,4
067.4,4
067.63,4
070.5,4
072.3,4
073.61,4
073.8,4
074.5,4
077.4,4
0779,4
078.7,4
078.8,4
082.1,4
083.1,4
083.6,4
085.2,4
085.4,4
085.7,4
085.9,4
086.1,4
089.0,4
089.2,4
090.5,4
0902,4
092.04,4
0958,4
096.8,4
098.8,4
1.040,4
1.042,4
1.058,4
1.106,4
1.141,4
1.158,4
1.161,4
1.162,4
1.165,4
1.167,4
1.171,4
1.190,4
1.193,4
1.197,4
1.199,4
1.222,4
1.223,4
1.245,4
1.262,4
1.270,4
1.307,4
1.325,4
1.333,4
1.335,4
1.398,4
1.404,4
1.416,4
1.575,4
1.608,4
1.623,4
1.634,4
1.680,4
1.698,4
1.715,4
1.716,4
1.718,4
1.722,4
1.727,4
1.733,4
1.754,4
1.759,4
1.816,4
1.833,4
1.878,4
1.921,4
1.995,4
10.53,4
10.54,4
10.61,4
10.71,4
10.77,4
10.90,4
100.53,4
100.86,4
10006,4
101.2,4
101.49,4
101.62,4
1010.230,4
102.54,4
102.86,4
103.08,4
103.27,4
103.33,4
103.51,4
104.29,4
104.41,4
105.0,4
105.24,4
105.37,4
105.63,4
105.68,4
106.48,4
106.6,4
106.87,4
107.34,4
108.46,4
108.60,4
1080,4
109.11,4
109.56,4
109.67,4
109.83,4
11.14,4
11.163,4
11.18,4
11.23,4
11.235,4
11.27,4
11.32,4
11.37,4
11.53,4
11.71,4
11.73,4
11.84,4
11.87,4
11.93,4
110.49,4
110.56,4
111.73,4
111.8,4
112.12,4
113.00,4
113.96,4
1130,4
114.00,4
114.13,4
1142,4
1148,4
115.63,4
116.33,4
116.5,4
116.9,4
116.93,4
11620,4
117.04,4
117.29,4
117.3,4
11717,4
118.52,4
119.89,4
12.10,4
12.17,4
12.28,4
12.30,4
12.43,4
12.44,4
12.47,4
12.89,4
12.90,4
12.936,4
12.9360,4
12.955,4
12.9550,4
12.99,4
120.11,4
120.3,4
120.98,4
1200,4
1201,4
121.72,4
122.3,4
122.30,4
123.0,4
123.01,4
123.09,4
123.5,4
123.96,4
123.98,4
124.10,4
124.24,4
124.7,4
124.9,4
126.57,4
127.56,4
1273,4
13.077,4
13.09,4
13.10,4
13.58,4
13.884,4
13.8840,4
13.888,4
13.8880,4
13.89,4
130.22,4
130.3,4
130.8,4
1302,4
131.0,4
131.5,4
131.8,4
132.56,4
132865,4
133.47,4
133.5,4
133.9,4
134.0,4
134.60,4
134.99,4
1342,4
135.00,4
135.1,4
136.2,4
137.08,4
138.04,4
138.5,4
139.7,4
14.00,4
14.05,4
14.06,4
14.31,4
14.39,4
14.42,4
14.44,4
14.58,4
14.72,4
14.92,4
14.95,4
140.14,4
140.63,4
141.84,4
143.0,4
143.11,4
143.5,4
143.75,4
143.89,4
144.0,4
144.25,4
145.6,4
146.0,4
146.8,4
1460,4
147.23,4
147.56,4
147.7,4
148.3,4
149.4,4
149.5,4
15.18,4
15.27,4
15.44,4
15.49,4
15.51,4
15.65,4
15.75,4
15.78,4
15.86,4
15.90,4
15.97,4
150.00,4
150.09,4
150.26,4
151.8,4
152.9,4
153.13,4
153.5,4
153.58,4
153.7,4
153.75,4
154.2,4
1540,4
155.6,4
156.13,4
156.34,4
156.7,4
156.83,4
157.6,4
157.8,4
157.95,4
158.4,4
159.5,4
1596,4
16.01,4
16.14,4
16.21,4
16.25,4
16.26,4
16.33,4
16.39,4
16.47,4
16.58,4
16.65,4
16.94,4
16.95,4
16.96,4
16.98,4
160.6,4
161.0,4
161.64,4
162.1,4
162.50,4
163.0,4
163.7,4
164.13,4
164.4,4
164.6,4
1649,4
167.0,4
167.6,4
167.7,4
168.0,4
168.1,4
168.5,4
168.6,4
168.75,4
169.4,4
169.7,4
169.8,4
169.9,4
1693,4
169722,4
17.01,4
17.02,4
17.15,4
17.21,4
17.27,4
17.31,4
17.37,4
17.54,4
17.57,4
17.58,4
17.66,4
17.76,4
17.82,4
17.84,4
17.89,4
17.94,4
17.95,4
17.97,4
170.6,4
170.9,4
171.03,4
171.48,4
171.5,4
172.01,4
172.12,4
172.2,4
172.60,4
173.1,4
173.5,4
173.99,4
175.17,4
175.6,4
175.8,4
176.2,4
176.6,4
176914,4
177.6,4
177.9,4
179.0,4
18.03,4
18.04,4
18.09,4
18.14,4
18.18,4
18.32,4
18.41,4
18.49,4
18.50,4
18.64,4
18.67,4
18.75,4
18.79,4
18.86,4
1801,4
181.13,4
182.3,4
182.47,4
183.57,4
1833,4
184.6,4
185.09,4
186.0,4
186.3,4
186.50,4
186.6,4
1866,4
187.75,4
188.0,4
189.9,4
19.01,4
19.15,4
19.41,4
19.42,4
19.58,4
19.69,4
19.71,4
19.73,4
19.75,4
19.77,4
19.78,4
19.79,4
19.87,4
19.89,4
19.91,4
19.94,4
19.98,4
190.4,4
190.7,4
191.9,4
192.8,4
192.9,4
1921,4
1927,4
193.0,4
193.8,4
1947,4
1957,4
196.3,4
196.70,4
1966,4
197.0,4
197.8,4
19713,4
198.9,4
199.12,4
199.3,4
199.97,4
2.060,4
2.066,4
2.129,4
2.180,4
2.185,4
2.191,4
2.208,4
2.341,4
2.369,4
2.391,4
2.427,4
2.491,4
2.591,4
2.680,4
2.745,4
2.768,4
2.769,4
2.852,4
2.919,4
2.969,4
20.04,4
20.13,4
20.15,4
20.26,4
20.27,4
20.29,4
20.53,4
20.71,4
20.73,4
20.75,4
20.90,4
20.99,4
200.86,4
202.00,4
202.6,4
202.85,4
203.2,4
203.5,4
203.9,4
205.15,4
205.4,4
206.4,4
2065,4
207.0,4
207.4,4
207.57,4
207.6,4
208.5,4
208.7,4
209.6,4
209681,4
21.10,4
21.23,4
21.35,4
21.46,4
21.53,4
21.65,4
21.67,4
21.72,4
21.84,4
210.38,4
211.3,4
211.6,4
212.4,4
213.0,4
2137,4
214.09,4
214.4,4
214.5,4
215.4,4
215.70,4
216.1,4
216.3,4
217.48,4
217.61,4
218.1,4
218.52,4
218.80,4
219.2,4
2198,4
22.05,4
22.09,4
22.22,4
22.36,4
22.38,4
22.40,4
22.42,4
22.51,4
22.52,4
22.53,4
22.58,4
22.59,4
22.72,4
22.73,4
22.81,4
22.82,4
22.91,4
22.96,4
220.71,4
220.84,4
221.9,4
222.2,4
222.3,4
223.2,4
223.5,4
223.7,4
224.7,4
226.0,4
226.1,4
226.8,4
227.3,4
227052,4
229.405,4
229.7,4
229.81,4
2292,4
23.17,4
23.18,4
23.33,4
23.50,4
23.53,4
23.54,4
23.64,4
23.73,4
23.80,4
23.89,4
23.93,4
233.1,4
233.7,4
2334,4
234.6,4
236.15,4
236.4,4
236.5,4
2361282,4
238.2,4
238.7,4
239.6,4
239.7,4
239.8,4
2399,4
24.23,4
24.25,4
24.39,4
24.46,4
24.49,4
24.54,4
24.64,4
24.76,4
24.81,4
24.83,4
24.89,4
24.95,4
2402,4
241.0,4
243.5,4
245.0,4
245.02,4
245.7,4
245.9,4
248.3,4
25.04,4
25.11,4
25.23,4
25.25,4
25.39,4
25.41,4
25.58,4
25.60,4
25.73,4
25.81,4
25.83,4
25.93,4
250.5,4
250.52,4
250.7,4
250.9,4
252.1,4
252.3,4
252.84,4
252340,4
253.9,4
254.3,4
25468,4
255.3,4
255.4,4
2556,4
256.2,4
258.1,4
258.2,4
26.54,4
26.59,4
26.83,4
26.86,4
26.93,4
260.6,4
261.8,4
261.9,4
262.1,4
263669,4
264.7,4
26483228,4
265.2,4
265.5,4
265.73,4
265.8,4
266.1,4
267.0,4
267.3,4
268.2,4
268.6,4
269.2,4
269.3,4
27.00,4
27.02,4
27.22,4
27.23,4
27.40,4
27.42,4
27.51,4
27.57,4
27.83,4
27.95,4
270.7,4
273.3,4
273.5,4
274.1,4
275.2,4
275.5,4
276.6,4
277.2,4
277.5,4
277.9,4
279.9,4
28.21,4
28.58,4
28.62,4
28.72,4
28.78,4
28.87,4
280.2,4
280.3,4
280.5,4
280.76,4
281.6,4
281.8,4
282.1,4
282.6,4
283.8,4
2832,4
284.9,4
285.9,4
286.7,4
286.8,4
287.1,4
287.24,4
287.3,4
287.4,4
288.5,4
289.3,4
289.4,4
29.02,4
29.12,4
29.18,4
29.20,4
29.32,4
29.62,4
29.81,4
29.88,4
29.97,4
290.0,4
290.6,4
290.7,4
292.2,4
293.1,4
294.1,4
295.6,4
296.11,4
296.2,4
297.4,4
297.6,4
3.0284,4
3.030,4
3.078,4
3.180,4
3.329,4
3.376,4
3.480,4
3.640,4
3.975,4
30.16,4
30.32,4
30.42,4
30.59,4
30.63,4
30.72,4
30.86,4
30.89,4
300.4,4
300.46,4
301.6,4
302.9,4
303.5,4
30309,4
305.7,4
305.9,4
306.3,4
307.1,4
308.20,4
308.3,4
309.7,4
31.00,4
31.14,4
31.36,4
31.37,4
31.41,4
31.42,4
31.53,4
31.54,4
31.76,4
31.77,4
31.81,4
31.91,4
31.97,4
310.3,4
310.6,4
311.1,4
312.7,4
313.4,4
314.06,4
314.7,4
315.2,4
317.0,4
317.9,4
318.0,4
318.6,4
319.9,4
32.07,4
32.12,4
32.24,4
32.25,4
32.31,4
32.34,4
32.36,4
32.45,4
32.51,4
32.52,4
32.69,4
32.74,4
32.80,4
32.82,4
32.94,4
32.97,4
321.5,4
321.8,4
322.3,4
323.6,4
323.8,4
325.9,4
328.0,4
329.1,4
329.78,4
33.00,4
33.06,4
33.17,4
33.29,4
33.30,4
33.38,4
330.0,4
330.1,4
330.2,4
330.7,4
331.1,4
332.5,4
332.9,4
333.9,4
334.2,4
334.8,4
336.2,4
336.5,4
339.1,4
339.3,4
339.4,4
34.23,4
34.56,4
34.79,4
34.88,4
340.1,4
340.8,4
342.62,4
343.50,4
344.88,4
345.18,4
345.4,4
3454,4
346.1,4
346.4,4
347.2,4
347.4,4
348.1,4
348.4,4
348.8,4
349.1,4
349.2,4
349.5,4
349.8,4
35.07,4
35.29,4
35.31,4
35.32,4
35.50,4
35.57,4
35.78,4
35.82,4
3500,4
351.8,4
352.2,4
354.7,4
355.0,4
355.7,4
356.2,4
357.0,4
36.18,4
36.20,4
36.27,4
36.31,4
36.32,4
36.44,4
36.45,4
36.69,4
36.74,4
36.99,4
360.2,4
360.5,4
360.6,4
361.3,4
361.8,4
362.9,4
364.0,4
364.4,4
364.5,4
364.8,4
3648,4
365.85,4
366.0,4
366.6,4
367.5,4
367.9,4
368.3,4
368.9,4
37.14,4
37.32,4
37.33,4
37.52,4
37.64,4
370.22,4
370.55,4
371.0,4
371.07,4
371.8,4
372.3,4
372.7,4
372.8,4
373.0,4
373.1,4
373.4,4
373.5,4
374.0,4
374.3,4
374.4,4
374.9,4
376.8,4
377.0,4
377.1,4
378.2,4
378.6,4
38.16,4
38.537,4
38.58,4
3801,4
382.0,4
382.5,4
382.6,4
383.0,4
384.0,4
3869,4
387.2,4
387.4,4
387.8,4
388.9,4
389.8,4
39.25,4
39.39,4
39.45,4
39.46,4
39.49,4
39.65,4
39.72,4
39.74,4
39.79,4
39.84,4
39.93,4
390.1,4
390.5,4
390.6,4
390.7,4
391.0,4
391.95,4
392.3,4
393.74,4
396.1,4
397.1,4
399.5,4
399.6,4
4.180,4
4.6719,4
4.811,4
4.812,4
4.898,4
40.03,4
40.05,4
40.14,4
40.31,4
40.36,4
40.57,4
40.58,4
40.69,4
40.97,4
400.9,4
401.0,4
401.1,4
401.2,4
401.5,4
402.53,4
402.6,4
403.3,4
403.8,4
405.5,4
406.9,4
4068,4
408.1,4
408.8,4
409.0,4
409.8,4
41.16,4
41.22,4
41.35,4
41.67,4
410.5,4
411.1,4
411.3,4
412.06,4
412.8,4
413.4,4
413.6,4
4133,4
414.8,4
415.2,4
415.805,4
417.6,4
417.8,4
418131,4
42.43,4
42.68,4
42.79,4
42.83,4
4201,4
4205,4
423.5,4
425.0,4
425.2,4
426.0,4
426.9,4
427.0,4
427.4,4
428.2,4
428.5,4
429.71,4
43.12,4
43.16,4
43.52,4
43.58,4
43.91,4
43.95,4
430.1,4
431.1,4
432.2,4
432.6,4
435.3,4
435.5,4
435.6,4
436.2,4
437.3,4
438.0,4
438.1,4
44.18,4
44.45,4
44.54,4
44.56,4
44.75,4
44.83,4
44.88,4
44.96,4
440.0,4
440.1,4
440.5,4
440.9,4
441.3,4
441.4,4
442.6,4
444.9,4
447.2,4
448.6,4
448.72,4
4488,4
449.6,4
45.03,4
45.19,4
45.20,4
45.41,4
45.462,4
45.78,4
45.81,4
45.89,4
450.9,4
451.4,4
451.7,4
452.3,4
453.7,4
454.3,4
455.3,4
456.3,4
456.7,4
457.9,4
4570,4
458.3,4
458.6,4
46.06,4
46.32,4
46.46,4
46.51,4
46.56,4
46.67,4
46.80,4
46.8588,4
462.2,4
462.9,4
463.7,4
464.4,4
466.0,4
467.4,4
467.6,4
467.8,4
468.3,4
468.7,4
47.011,4
47.02,4
47.07,4
47.10,4
47.31,4
47.33,4
47.47,4
47.57,4
47.59,4
47.62,4
47.65,4
47.68,4
47.79,4
47.92,4
47.96,4
47.98,4
470.7,4
470.9,4
471.53,4
472.7,4
473.4,4
474.1,4
476.9,4
4763,4
477.9,4
478.0,4
478.20,4
478.4,4
479.0,4
48.34,4
480.2,4
480.5,4
480.7,4
481.7,4
482.3,4
482.6,4
483.3,4
483.59,4
4834,4
484.4,4
484.6,4
485.0,4
485.7,4
486.5,4
4864,4
487.1,4
487.2,4
487.9,4
488.4,4
488.7,4
489.1,4
49.14,4
49.29,4
49.36,4
49.45,4
49.59,4
49.61,4
49.67,4
49.76,4
49.80,4
49.88,4
49.89,4
490.0,4
490.7,4
490.8,4
492.1,4
492.9,4
493.6,4
493.64,4
493.9,4
494.7,4
495.1,4
495.3,4
497.3,4
499.6,4
5.24,4
5.452,4
5.726,4
5.898,4
50.16,4
50.25,4
50.29,4
50.58,4
50.73,4
50.78,4
500.4,4
5003,4
501.1,4
502.3,4
503.5,4
504.1,4
506.3,4
506.5,4
506.7,4
5070,4
50743,4
509.0,4
509.7,4
51.50,4
51.59,4
51.81,4
51.92,4
51.93,4
511.5,4
511.9,4
514.5,4
514.7,4
514.9,4
5140,4
515.6,4
515.85,4
516.6,4
517.9,4
5172,4
518.05,4
518.3,4
519.4,4
52.41,4
52.96,4
52.99,4
520.6,4
521.00,4
522.5,4
522.57,4
522.6,4
522.7,4
5231,4
526.2,4
527.4,4
527.6,4
53.16,4
53.83,4
53.90,4
53.95,4
53.99,4
530.7,4
531.1,4
531.5,4
531.7,4
532.7,4
533.7,4
534.1,4
534.2,4
535.5,4
535.6,4
536.1,4
536.2,4
536.5,4
538.1,4
538.6,4
538.7,4
54.00,4
54.11,4
54.13,4
54.18,4
54.51,4
54.55,4
54.63,4
541.9,4
543.9,4
545.56,4
546.0,4
546.1,4
546.3,4
546.6,4
547.0,4
547.6,4
548.2,4
549.2,4
549.33,4
55.38,4
55.53,4
55.61,4
55.65,4
550.1,4
550.4,4
551.0,4
551.8,4
55107,4
553.1,4
554.17,4
554.5,4
555.6,4
556.7,4
557.5,4
557.9,4
558.18,4
559.0,4
56.01,4
56.09,4
56.17,4
56.22,4
56.38,4
56.55,4
56.58,4
56.88,4
56.99,4
560.9,4
561.3,4
561.36,4
561.6,4
562.0,4
562.6,4
562.8,4
563.1,4
563.2,4
565.3,4
567.1,4
567.5,4
569.8,4
57.07,4
57.08,4
57.24,4
57.38,4
57.87,4
570.2,4
571.9,4
572.1,4
5721,4
573.4,4
574.5,4
574.6,4
575.5,4
576.5,4
577.2,4
577.7,4
578.4,4
578.6,4
578.8,4
579.5,4
579.6,4
579.9,4
58.18,4
58.19,4
58.22,4
58.33,4
58.42,4
58.47,4
58.60,4
58.65,4
58.82,4
580.2,4
580.3,4
580.7,4
581.1,4
581.7,4
581.76,4
582.5,4
584.4,4
584.5,4
585.5,4
585.8367,4
586.3,4
586.8,4
588.1,4
588.7,4
588.9,4
589.1,4
589.5,4
59.09,4
59.54,4
59.73,4
590.7,4
591.5,4
591.8,4
591.9,4
592.0,4
592.4,4
592.6,4
592.9,4
593.8,4
594.3,4
595.2,4
595.5,4
595.9,4
5958,4
597.4,4
598.3,4
598.7,4
599.3,4
599.6,4
6.126,4
6.220,4
6.3870,4
6.549,4
6.57,4
6.633,4
6.799,4
6.8610,4
60.01,4
60.15,4
60.44,4
60.48,4
600.2,4
601.3,4
601.5,4
602.6,4
603.6,4
604.7,4
606.8,4
60607,4
607.2,4
607.3,4
607.8,4
6074,4
608.0,4
609.6,4
61.49,4
61.66,4
61.75,4
611.04,4
612.4,4
613.5,4
613.6,4
614.1,4
614.2,4
617.8,4
618.5,4
62.03,4
62.20,4
62.24,4
62.32,4
62.59,4
62.62,4
62.67,4
621.0,4
621.2,4
621.3,4
621.4642,4
623.99,4
624.0,4
624.5,4
625.0,4
625.8,4
627.0,4
627.5,4
627.6,4
628.0,4
629.7,4
63.06,4
63.13,4
63.26,4
63.66,4
63.93,4
63.96,4
630.4,4
630.9,4
631.0,4
632.0,4
632.1,4
632.6,4
632.9,4
633.1,4
633.8,4
634.9,4
635.5,4
638.0,4
638.2,4
6388,4
640.5,4
640.9,4
641.5,4
642.3,4
642.8,4
643.35,4
643.37,4
643.7,4
645.5,4
648.0,4
648.5,4
649.5,4
65.29,4
65.31,4
65.36,4
65.66,4
65.77,4
65.85,4
65.93,4
651.0,4
652.9,4
653.2,4
654.6,4
654.7,4
654.97,4
655.6,4
657.6,4
657.8,4
658.9,4
659.0,4
659.2,4
66.56,4
660.8,4
661.9,4
663.1,4
663.4,4
663.6,4
664.3,4
665.4,4
665.5,4
665.9,4
666.0,4
666.3,4
669.5,4
67.17,4
67.23,4
67.30,4
67.57,4
67.63,4
670.0,4
670.7,4
671.2,4
672.1,4
672.2,4
673.5,4
674.8,4
675.3,4
677.6,4
679.9,4
68.15,4
68.23,4
68.84,4
6800,4
681.7,4
681.9,4
683.1,4
683.2,4
684.6,4
685.9,4
686.2,4
686.5,4
686.9,4
688.1,4
688.4,4
6888,4
689.1,4
69.15,4
69.20,4
69.57,4
69.78,4
69.87,4
690.1,4
690.47,4
690.6,4
691.1,4
691.4,4
692.4,4
692.5,4
693.1,4
693.2,4
694.6,4
694.8,4
695.0,4
697.8,4
697243,4
699.1,4
699.8,4
7.34,4
7.550,4
7.98,4
70.29,4
70.37,4
70.53,4
70.76,4
70.77,4
70.87,4
700.7,4
701.3,4
701.5,4
702.5,4
702.8,4
703.1,4
703.5,4
704.3,4
704.4,4
704.6,4
704.8,4
705.7,4
7059,4
706.3,4
706.7,4
707.8,4
7070,4
708.1,4
708.7,4
709.4,4
71.32,4
71.82,4
710.3,4
711.7,4
711.9,4
712.4,4
713.3,4
714.0,4
714.6,4
715.1,4
715.6,4
716.3,4
717.6,4
718.5,4
718.6,4
718.8,4
7184,4
719.5,4
72.28,4
72.47,4
72.50,4
72.88,4
720.1,4
7216,4
722.2,4
722.8,4
723.4,4
723.7,4
723.9,4
724.0,4
725.9,4
726.1,4
727.6,4
728.0,4
729.9,4
73.62,4
73.89,4
730.06,4
730.5,4
730.6,4
731.1,4
731.5,4
7311,4
733.98,4
734.5,4
734.9,4
735.0,4
735.2,4
735.5,4
736.6,4
736.7,4
738.1,4
738.2,4
739.0,4
739.4,4
74.95,4
740.5,4
741.1,4
741.2,4
741.7,4
742.2,4
742.3,4
745.1,4
746.0,4
747.9,4
748.8,4
749.5,4
75.02,4
75.22,4
75.27,4
75.37,4
75.74,4
750.1,4
750.3,4
750.5,4
750.9,4
751.0,4
751.2,4
751.3,4
751.7,4
753.1,4
753.4,4
753.9,4
755.6,4
755.7,4
758.0,4
758.34,4
758.6,4
759.0,4
759.3,4
76.41,4
76.53,4
76.90,4
760.4,4
763.1,4
763.8,4
765.2,4
766.5,4
767.3,4
767.6,4
767.9,4
769.4,4
769.6,4
769.9,4
77.13,4
77.37,4
77.83,4
770.0,4
770.1,4
772.3,4
7746,4
775.5,4
775.7,4
776.9,4
777.0,4
777.2,4
779.3,4
779.7,4
78.19,4
78.32,4
78.47,4
78.59,4
78.65,4
78.71,4
78.78,4
78.85,4
78.89,4
782.8,4
783.3,4
783.5,4
784.9,4
7847,4
785.6,4
786.3,4
786.6,4
787.5,4
788.4,4
789.0,4
789.1,4
789.2,4
79.12,4
79.24,4
79.54,4
79.75,4
79.80,4
79.97,4
791.1,4
791.6,4
794.0,4
794.5,4
795.2,4
795.4,4
795.9,4
796.8,4
797.0,4
799.2,4
8.22,4
8.37,4
8.39,4
8.54,4
8.56,4
8.72,4
8.79,4
8.91,4
8.93,4
80.33,4
80.82,4
80.83,4
80.85,4
80.87,4
80.94,4
80.95,4
800.4,4
801.3,4
8010,4
805.0,4
809.7,4
81.25,4
81.67,4
81.92,4
810.1,4
810.3,4
811.0,4
813.5,4
816.3,4
817.1,4
819.4,4
82.13,4
82.21,4
82.37,4
82.55,4
82.65,4
820.8,4
821.1,4
822.9,4
823.1,4
824.2,4
828.5,4
8290,4
83.01,4
83.02,4
83.16,4
83.42,4
83.50,4
83.74,4
830.0,4
833.56,4
833.8,4
834.5,4
837.1,4
838.9,4
84.42,4
84.45,4
84.51,4
84.72,4
84.94,4
840.2,4
842.0,4
842.7,4
845.6,4
8461,4
848.6,4
85.03,4
85.06,4
85.23,4
85.39,4
85.73,4
851.0,4
851.3,4
851.81,4
852.0,4
853.6,4
854.7,4
855.7,4
857.9,4
86.15,4
86.27,4
86.36,4
86.40,4
86.64,4
860.9,4
862.2,4
863.6,4
863.9,4
866.2,4
866.3,4
868.1,4
87.01,4
87.46,4
87.79,4
87.89,4
87.91,4
870.3,4
870.7,4
871.3,4
871.9,4
872.1,4
872.7,4
873.8,4
878.1,4
88.28,4
88.45,4
88.51,4
88.56,4
88.78,4
88.81,4
882.8,4
883.3,4
883.9,4
885.6,4
886.7,4
887.0,4
887.3,4
89.16,4
89.21,4
89.50,4
89.67,4
89.92,4
890.9,4
891.7,4
891.9,4
892.5,4
893.9,4
896.3,4
897.7,4
898.9,4
899.2,4
899.5,4
9.48,4
9.49,4
9.53,4
9.56,4
9.79,4
9.875,4
9.96,4
90.50,4
90.77,4
900.4,4
900121,4
900616,4
9008113381,4
900962,4
901.2,4
901.5,4
90210,4
903.0,4
904.0,4
905.4,4
905.6,4
906.7,4
907.6,4
91.53,4
91.72,4
910.7,4
912.0,4
913.3,4
913.6,4
913.8,4
915.1,4
9159,4
917.7,4
92.18,4
92.31,4
92.64,4
92.82,4
92.98,4
922.9,4
923.3,4
923.48,4
924.2,4
926.0,4
926.5,4
92626,4
93.04,4
93.19,4
93.33,4
93.36,4
93.39,4
93.41,4
93.42,4
93.44,4
93.54,4
93.62,4
93.88,4
93.92,4
931.7,4
931142,4
9316,4
932.7,4
933.3,4
933.49,4
935.0,4
935.8,4
939.4,4
939.7,4
94.13,4
94.32,4
94.52,4
94.53,4
94.76,4
94.95,4
940.4,4
940.7,4
942.0,4
942.3,4
945.3,4
945.5,4
946.1,4
946.6,4
948.2,4
95.18,4
95.21,4
95.48,4
95.74,4
95.78,4
95.82,4
95.84,4
95.85,4
950.3,4
950.4,4
951.7,4
951.8,4
951.9,4
952.6,4
953.2,4
955.5,4
956.9,4
957.7,4
958.1,4
96.37,4
96.42,4
96.44,4
96.51,4
96.75,4
96.76,4
96.81,4
96.96,4
960.7,4
962.4,4
962.6,4
963.9,4
965.5,4
967.9,4
968.68,4
97.01,4
97.03,4
97.21,4
97.23,4
97.24,4
97.33,4
97.51,4
97.69,4
97.83,4
974.5,4
974.8,4
979.4,4
979.6,4
98.33,4
98.47,4
98.74,4
982.3,4
985.1,4
986.3,4
987.4,4
988.5,4
99.01,4
99.06,4
99.21,4
99.25,4
99.68,4
99.83,4
990.4,4
991.1,4
991.9,4
993.4,4
995.9,4
a$800,4
a-b,4
a0.500notesdue2024member,4
a0.750notesdue2026member,4
a1.100notesdue2036member,4
a1.125notesdue2027member,4
a1.250notesdue2031member,4
a1.625notesdue2035member,4
a1.875notesdue2026member,4
a2a,4
a7,4
a8,4
aal,4
abedi,4
abnormalities,4
about-us,4
about-visa,4
about.americanexpress.com,4
absences,4
abstracts,4
abtahi,4
abused,4
acands,4
acbebidasmembermember,4
acceded,4
accelerometers,4
accession,4
account-to-account,4
accountspayableandaccruedliabilitiesmember,4
accum,4
acerta,4
acq,4
acquits,4
acronym,4
action-packed,4
actuary,4
actuation,4
adjournments,4
adjudging,4
administrations,4
ae,4
aearo-respirator,4
aebl,4
affirmation,4
affymax,4
agila,4
agilex,4
agreed-upon-technology,4
agrichemicals,4
agt1500,4
ahmed,4
ahmet,4
ahus,4
ai's,4
ai-generated,4
ai-ready,4
aide,4
ain,4
air's,4
airflight,4
alantos,4
alber,4
album,4
albums,4
alexia.quadrani,4
alf502,4
alienation,4
alk-abell,4
all-boeing,4
all-oral,4
alt,4
alterations,4
altimeters,4
alves,4
alzheimer's,4
amalgamation,4
amanda,4
amb,4
amber.mizerak,4
amd's,4
ameresco,4
amerivet,4
amextravel.com,4
amplitude,4
ana,4
analogizing,4
analysis-critical,4
ancin,4
andinamember,4
andreas,4
anesthesia,4
anesthesiology,4
anhydrous,4
ani,4
annuity-based,4
anp,4
answerback,4
antacids,4
anti-ctla-4,4
anti-egfr,4
anti-interleukin-23,4
anti-modern,4
anti-reflective,4
anti-retroviral,4
antibody-based,4
antibribery,4
antifreeze,4
aortic,4
aph,4
api-based,4
apologize,4
app-enabled,4
application-defined,4
appointment-only,4
appreciative,4
apus,4
arabic,4
aramid,4
architectural-based,4
arginine,4
aristocrats,4
arrhythmias,4
arria,4
arrives,4
arsenic,4
artisan,4
ashe,4
asia's,4
aspentech,4
assemblies,4
asset-backed-securities,4
assets-prepaid,4
at-scale,4
ategy,4
atf3,4
atm's,4
atotech,4
atria,4
attainable,4
attesting,4
attorney-client,4
auditor's,4
australian-based,4
auto-enrolled,4
autoinjectors,4
automotive-end,4
autos,4
autres,4
auxilec,4
avacopan,4
availab,4
avec,4
aviation's,4
avidia,4
ax,4
azcapotzalco,4
b-4,4
b-precursor,4
b.g,4
baal,4
bac,4
balley,4
bancroft-snell,4
bang,4
bangkok,4
banking1,4
barack,4
bareboat,4
barents,4
barish,4
barron,4
bartron,4
basically,4
basis-points,4
battery-life,4
battery-powered,4
bayview,4
bbam,4
bechtel,4
beck,4
bedroom,4
beeler,4
behest,4
belarusian,4
bertrand,4
best-known,4
betts,4
bevenopran,4
beyond6,4
beyondcore,4
bharti,4
bi-axially,4
biases,4
biaxis,4
bikes,4
bin,4
binder,4
biogen,4
biomaterials,4
biomet,4
blacklocus,4
blankets,4
blankfein,4
blazing,4
bleed,4
blockbuster,4
blogs.intel.com,4
bloom,4
bluewolf,4
bmfs,4
board-sanctioned,4
boasts,4
bofa.com,4
bone-metastasis-free,4
bonobos,4
boomers,4
bordner,4
bottlinginvestmentsmember,4
brand-new,4
brent-related,4
brentwood,4
brenzys,4
bridgestone,4
bring-down,4
bristol-myers-squibb,4
brite,4
brittany.jackson,4
brooklyn,4
btas,4
bubbles,4
buckets,4
buffering,4
buildingandbuildingimprovementsmember,4
buildout,4
bulked,4
burners,4
burst,4
buses,4
business-essential,4
business-reinsurance,4
businesswomen,4
by-title,4
by5,4
c$2,4
c-8,4
c2,4
c3,4
c6g,4
cable's,4
cablevision,4
cabotegravir,4
cacem,4
caching,4
cae,4
cafc,4
calcimimetics,4
calendaring,4
calmette-gu,4
camay,4
cameco,4
camels,4
canney,4
canopy,4
cantin,4
capability-building,4
cappy,4
carb's,4
carboxylate,4
card-linked,4
cardholder's,4
cardinalcommerce,4
cargill,4
cariad,4
caribe,4
carl,4
carry-over,4
cars.tv,4
casey,4
cashflowhedgingmember,4
casper,4
cataloging,4
catastrophic-coverage,4
catego,4
caterpillar-sponsored,4
causative,4
cavanaugh,4
cb7,4
ccbpi,4
ccepmember,4
cdn$1,4
cdn$400,4
cdw,4
cee,4
celebrities,4
cements,4
center's,4
center-based,4
central.tv,4
centralizes,4
ceramic,4
cert,4
certificate-,4
cetip,4
cfe738,4
cfm,4
cfsc,4
cgc-04-436920,4
ch4,4
chain-related,4
chaining,4
chairpersons,4
challenger,4
characterize,4
chargers,4
charleroi,4
chatbot,4
check-out,4
chest,4
chez,4
childhood-to-career,4
china-based,4
chip-enabled,4
chiplets,4
christie,4
chronicles,4
cias,4
cielo,4
cinematic,4
circle,4
ciso,4
ck7,4
clar,4
cleanair,4
click-based,4
clicksoftware's,4
client-based,4
clientlink,4
clin,4
clip,4
cliqr,4
clooney,4
close-outs,4
closeouts,4
clostridioides,4
clot,4
cloud-powered,4
cm3,4
cmt,4
cmx,4
cnp520,4
co-book,4
co-conspiring,4
co-dealer-managers,4
co-infected,4
co-managing,4
co-packer,4
co-produce,4
co-promotes,4
co-sponsored,4
co4-4276,4
coasts,4
coaxial,4
cobranding,4
cocacolabottlersjapanmember,4
cocacolaconsolidatedmember,4
cocacolafemsamember,4
cocacolahellenicmember,4
cocacolaicecekmember,4
cochrane,4
coformulation,4
cohesively,4
colby,4
collingwood,4
collusive,4
colman,4
colon,4
columbus,4
comazzo,4
combined-cycle,4
comedy.tv,4
comiss,4
commanding,4
commands,4
commensurately,4
commercial-related,4
commoditizing,4
commoditycontractmember,4
commonstock0.25parvaluemember,4
commonstockmember,4
communacopia,4
commuting,4
company-approved,4
compartmentalize,4
competencia,4
compiling,4
complain,4
computationally,4
computer-implemented,4
comvax,4
conceive,4
concomitantly,4
concurrency,4
conditio,4
condor,4
configurability,4
congenital,4
conglomerates,4
congratulate,4
conjunctivitis,4
conrad,4
cons,4
conserving,4
consonant,4
constructions,4
construing,4
consultant-based,4
consumer-loved,4
content-dependent,4
contingences,4
continuations,4
contr,4
convenes,4
convening,4
conveyor,4
coordinators,4
copeland,4
coprocessor,4
cordage,4
cordaptive,4
coricidin,4
corners,4
corp.cash.management.group,4
corporatemember,4
correctional,4
corticotropin,4
cortrophin,4
cosentyx,4
cosenza,4
cost-based,4
cost-basis,4
cost-containment,4
cost-control,4
cost-generic,4
costofgoodsandservicessold,4
costofsalesmember,4
counterinsurgency,4
court-authorized,4
court-in,4
coveralls,4
covid-impacts,4
coyoacan,4
cplds,4
cpp,4
cra's,4
cre,4
creditsecure,4
crescendo,4
cro,4
cross-discipline,4
cross-domain,4
cross-licenses,4
cross-receipt,4
cross-stack,4
crossed,4
crowd-sourced,4
crowley,4
crrc,4
crypto-assets,4
crypto-currency,4
cryptography,4
cs0,4
csarl's,4
cue,4
culmination,4
cultivation,4
cumulativeeffectperiodofadoptionadjustmentmember,4
currency-driven,4
currencyswapmember,4
curricula,4
cus,4
customer-reported,4
customizing,4
cut-resistant,4
cutoff,4
cv-07844,4
cv-0897,4
cv3,4
cy7,4
cyber-criminals,4
cyber-resilient,4
cyber-specific,4
cyberbreaches,4
cyclohexanone,4
cystectomy,4
d-14,4
dai,4
dailys,4
daley,4
dallara,4
dallas-fort,4
dane,4
danfoss,4
das,4
dassault,4
data-handling,4
datalogic,4
davenport,4
davies,4
day-count,4
db2,4
db6,4
ddn,4
ddos,4
de-risking,4
deaf,4
dealer-manager,4
dealer-managers,4
debar,4
debevoise,4
debt-for-debt,4
debt-to-total-capitalization,4
debtmember,4
debtsecuritiesmember,4
debuting,4
decarlo,4
decatur-area,4
decay,4
decertification,4
decongestant,4
decongestant-free,4
decoupling,4
decryption,4
deepens,4
defiant,4
defined-dollar,4
defray,4
degradations,4
degussa,4
deliberation,4
demagistris,4
dementia,4
demonstrator,4
dengue,4
depopulation,4
depositaries,4
depressing,4
depuis,4
der,4
deriv,4
desai,4
descendant,4
designees,4
desperate,4
destefano,4
destiny,4
detain,4
detector,4
determinative,4
deterring,4
devastation,4
devious,4
dfcs,4
dfs,4
dg5,4
diagnosing,4
dialog,4
dick,4
dick's,4
dickson,4
didn't,4
difficult-to-place,4
digitech,4
dimdim,4
direct-acting,4
directorship,4
dirk,4
disabling,4
disappear,4
disappearance,4
disapproval,4
discard,4
dischargeable,4
discoverable,4
discriminates,4
disease-specific,4
disfavoring,4
disguise,4
dishwashers,4
disintermediated,4
disneynow,4
dispatched,4
disposition-related,4
dissolve,4
distract,4
diversifies,4
divisas,4
djia,4
dk6,4
dkd,4
dolly,4
domenici,4
domesticsmallandmidcapequitysecuritiesmember,4
domiciles,4
dong,4
doom,4
dormancy,4
dose-expansion,4
downsides,4
dpa,4
dq3,4
draeger,4
dreamliner's,4
drexel,4
drillship,4
drop-off,4
drucker,4
ds,4
ds1,4
ds3,4
dsps,4
duffy,4
dun,4
duncan,4
duolingo,4
durogesic,4
dwdm,4
dx,4
dynamotive,4
dyncorp,4
e-cargo,4
e-lan,4
e-mailed,4
e.v.o.l.v.e,4
eap,4
ear-over-year,4
earnings-call,4
earnings-per,4
earnings.homedepot.com,4
easic,4
eastman,4
eating-out,4
eaton-vickers,4
eco-efficient,4
eco-friendly,4
eco-tax,4
ecoa,4
ecodemonstrator,4
econ,4
ecr,4
eda,4
eden,4
edge-lock,4
edited,4
edstrom,4
education-related,4
effectuated,4
effortless,4
egenera,4
eggs,4
ego,4
egpws,4
elaborate,4
elasticity,4
elasticsearch,4
elder,4
electricians,4
electrolyte,4
elementname,4
elena.doom,4
eleuthera,4
ellesmere,4
eluting,4
emergingmarketequitiesmember,4
emitted,4
emm,4
emmy-winning,4
emmys,4
employeeseverancemember,4
employeestockoptionsgrantedindecember2003andthereaftermember,4
empresas,4
enclaves,4
enclosure,4
encountering,4
encumbering,4
endoscopy,4
endress,4
energy-saving,4
engendered,4
engraved,4
enovate,4
ensured,4
enterprise-level,4
enthusiastic,4
enticement,4
enumeration,4
envelope,4
envoy,4
enzyme-1,4
eog,4
eortc1325,4
ep-mn-ws3c,4
epp44,4
epp45,4
equated,4
equiniti,4
equinox,4
ercc,4
eredivisie,4
ergs,4
es.tv,4
escambia,4
escudo,4
espn-hosted,4
espnchicago.com,4
espnw,4
esports,4
estaurant,4
estech,4
estimates-737,4
estimator,4
estopped,4
etention,4
ethereum,4
ethiopia,4
ets,4
euribor01,4
eurosystem,4
evans,4
ever-growing,4
evergage,4
evergage's,4
everson,4
every-six-weeks,4
evista,4
ex-1.2,4
ex-99.2o,4
ex99.1,4
exacerbation,4
examiner's,4
excels,4
excepted,4
excepting,4
exchanged-based,4
exchangers,4
excite,4
exculpation,4
executional,4
exemplify,4
exempting,4
exerts,4
exh991.htm,4
exhibit991.htm,4
exhibit_99_18,4
expandable,4
expected-loss,4
expedia,4
expeditions,4
explorys,4
ext,4
extensibility,4
extra-territorial,4
exxon-mobil,4
f124,4
f2f2f2,4
facility-related,4
fact-based,4
factors-if,4
factors-regulatory,4
faire,4
fairvaluemeasurementnettingadjustmentmember,4
falotico,4
famy,4
fares,4
farmaceutico,4
farmacy,4
farmer,4
fast-funds,4
fayetteville,4
fdic-guaranteed,4
fe,4
fednow,4
fee-free,4
fetus,4
fgl,4
fgp-wpmp,4
fidaxomicin,4
fielded,4
fifra-regulated,4
fills,4
filtering,4
fincen,4
finest,4
fired,4
firing,4
fiscal-year,4
fiscally,4
fiscally-challenged,4
fitbit,4
fivefold,4
fixed-duration,4
fixed-line,4
fixed-to-floating-rate,4
fla,4
flare,4
flats,4
flea,4
fleabag,4
flickr,4
flint,4
flipkart.com,4
floodlight,4
flores,4
flourishing,4
fluoroaromatics,4
fluoropolymer,4
fluoropyrimidine-based,4
foehr,4
folio,4
follicle,4
food-led,4
foran,4
foray,4
force10,4
foreign-issued,4
foreign-source,4
foreignplanmember,4
foreshadow,4
forged,4
formas,4
fortify,4
fortifying,4
fortitude-101,4
fortitude-102,4
fortitude-201,4
fox21,4
fp,4
fradin,4
framed,4
fredman,4
free-shipping,4
friedrichshafen,4
front-facing,4
frontiers,4
fruit-flavored,4
frustration-free,4
fs-12,4
fs-13,4
fs-14,4
fs-15,4
fs-8,4
fsa's,4
fso,4
fsoc's,4
fst,4
fsx,4
fttp,4
fu,4
fuelband,4
fuelled,4
full-field,4
function-level,4
fundings,4
furthest,4
fy11,4
fy16,4
fy2023,4
g-lasta,4
g-zebov-gp,4
gaizo,4
gamified,4
gating,4
gauging,4
gay,4
gca,4
gdnf,4
gec,4
gelsinger,4
gene-mutated,4
generalandadministrativeexpensemember,4
genese,4
genesis,4
genius,4
genre,4
genx,4
georgeson,4
gerri,4
gestures,4
giants,4
gillespie,4
gilman,4
gina,4
gipr,4
girl,4
glial,4
glitsch,4
globalequitiesmember,4
globalizing,4
globalventuresmember,4
globes,4
globo,4
glp-1,4
glucagon-like,4
glucocorticoid,4
gmcr,4
goggles,4
goias,4
gon,4
good-faith,4
good-paying,4
gotten,4
government-run,4
gpc,4
gpp,4
gps-based,4
gpu-powered,4
grab,4
grail,4
granix,4
grant-,4
granted-,4
gravitated,4
graviton3,4
greater-than-90,4
greengrass,4
greenporter,4
griffin,4
growth.the,4
gsc,4
gsm,4
gspic,4
gu,4
guadalupe,4
guaranteeofindebtednessofothersmember,4
guesswork,4
guggenheim,4
gunashli,4
gunziping,4
gynecomastia,4
gyroscopes,4
ha,4
haan's,4
hadoop,4
hallan,4
halls,4
halo,4
halogenated,4
hama,4
hammond,4
handcrafted,4
handful,4
handprint,4
hanmi,4
hannifin,4
harboring,4
hard-working,4
hardware's,4
hardware-based,4
hareholders,4
harman,4
harmony,4
hashing,4
hassle-free,4
hathaway's,4
hauser,4
hayward,4
hbp,4
hbt,4
hcmv,4
hdd,4
hdl-cholesterol,4
hdr,4
he's,4
headspace,4
health-based,4
healthcare-provider,4
healthkit,4
heartland,4
heavy-oil,4
hedgefundsandlimitedpartnershipsmember,4
heels,4
heikkila,4
heirarchy,4
helena,4
hella,4
hemangioblastomas,4
hennequin,4
her-2,4
her2climb,4
here's,4
herman,4
herron,4
hersom,4
hetero's,4
hexafluoride,4
hhs-oig,4
hi-purity,4
hide,4
high-prevalence,4
high-skill,4
higher-speed,4
hilfiger,4
hispanics,4
hits,4
hkd,4
holt,4
home-foreign,4
homeless,4
homeownership,4
homework,4
honesty,4
honoring,4
hoover,4
hoover1,4
hopelessness,4
hopkins,4
horizonx,4
horror,4
hosiery,4
hotter,4
hottest,4
housewives,4
how-to,4
ht,4
hts900,4
htsi,4
hu,4
huawei's,4
hubbell,4
hugh,4
humidifiers,4
hummingbird,4
hunchback,4
hundredth,4
hurdle,4
hurst,4
hurt-free,4
hurts,4
hutchinson,4
hyderabad,4
hydrofluoric,4
hydrofluorocarbons,4
hydromechanical,4
hydroxide,4
hypercalcemia,4
hypermarts,4
hyperscalers,4
i-based,4
icd-9,4
ict,4
ictions,4
idc-defined,4
idiq,4
idl,4
ift,4
ifundwomen,4
iglesias,4
ii-based,4
iia,4
iihs,4
iiib,4
ikea,4
il-23,4
ila,4
illion,4
illustrating,4
illustration,4
ilog,4
imbedded,4
imipenem-non-susceptible,4
imitating,4
immensely,4
immuno-oncology,4
immunomodulatory,4
imodium,4
impactofcurtailmentsmember,4
impactofsettlementsmember,4
impairment-related,4
impart,4
imperva,4
implantation,4
in-aisle,4
in-licensing,4
in-skill,4
inactivity,4
inchoate,4
income-current,4
incurable,4
incurred-loss,4
incurrences,4
incursions,4
indemnitees,4
independently-owned,4
indeterminable,4
indexing,4
indistinguishable,4
indra,4
industry-accepted,4
ineos,4
inertial,4
infasil,4
inferences,4
inflections,4
inflexible,4
infliximab-abda,4
infographic,4
informatica,4
ingests,4
inhaler,4
inhibitory,4
inner,4
inorganically,4
insieme's,4
insight-driven,4
insitu,4
instana,4
institution's,4
insubstantial,4
insulated,4
insulet,4
integ,4
inter-operability,4
interbrand,4
interconnect-dielectrics,4
interconnect-metals,4
interestexpensemember,4
interesting,4
intermodal,4
internationalmember,4
interpolation,4
interrelation,4
intra-quarter,4
intravenously,4
intruder,4
intruders,4
investigator-initiated,4
investigator-sponsored,4
invoke,4
ions,4
iops,4
ios-compatible,4
ipca,4
ipso,4
ir.homedepot.com,4
iras,4
ireland-based,4
irinotecan-,4
irr,4
irresistible,4
ishrak,4
israel-based,4
isrs,4
item-by-item,4
item_2_01_acquisition_or_disposition_of_assets,4
iterate,4
iterations,4
ithaco,4
ives,4
j.r,4
jabra,4
janette,4
jazz,4
jean,4
jebaxter,4
jeep,4
jessie,4
jobseekers,4
jobsite,4
jokes,4
jonas,4
joshua,4
jour,4
joyce,4
jpmc,4
jpmfc,4
jrosenstock,4
jsw,4
judge's,4
juge,4
jugos,4
julian,4
jurisd,4
juror,4
justifies,4
juvisync,4
k1-4157,4
kafka,4
kapusta,4
kareem,4
kbw,4
kdoqi,4
keathley,4
keely,4
keiki,4
kemmerer,4
kereere,4
key-man,4
keyboard_arrow_down,4
keynote-021,4
keynote-054,4
keynote-119,4
keynote-361,4
kgi,4
khanna,4
kidneys,4
kilowatt-hour,4
kimberly.ancin,4
kinect,4
kinesis,4
kingdom-ireland,4
kings,4
kitchener,4
klum,4
kmg,4
knight's,4
ko24,4
ko26,4
ko26c,4
ko27,4
ko31,4
ko35,4
ko36,4
kochakaden,4
kolon,4
kong-zhuhai-macau,4
kps,4
kramvis,4
krohn,4
kroner,4
krux,4
ksw,4
kuai,4
kurnell,4
kvh,4
kvue,4
kyrgyzstan,4
lab-sponsored,4
labor-management,4
laboratorio,4
lacey,4
lamoreaux,4
lanc,4
land-use,4
landed,4
landmember,4
lankford,4
large-cap,4
large-effect,4
larkins,4
laurel,4
lavers,4
lays,4
lb-14,4
lean-inventory,4
learn-from-home,4
lease-back,4
lebowitz,4
lebron,4
ledgers,4
leone,4
lesbian,4
lesser-known,4
lewin,4
lf507,4
lgbtqia,4
liability's,4
libert,4
lider,4
lidiane,4
liebherr,4
lieblein,4
lifesaving,4
lig,4
lighthouse,4
lightstorm,4
limit-setting,4
linde,4
lindekugel,4
line-of-business,4
lineal,4
lined-derived,4
liners,4
linnet,4
linux-based,4
listens,4
lite,4
lithium-ion,4
live-entertainment,4
lively,4
livingston,4
llcs,4
lmpers,4
loblaw,4
locoregional,4
lodge,4
logically,4
logout,4
long-service,4
longdurationbondsmember,4
longest-standing,4
loss-absorbency,4
loss-mitigation,4
lotrimin,4
loujiazhai,4
lounges,4
low-double,4
low-teens,4
loxam,4
lsi,4
lucasfilm-branded,4
lucky,4
ludgate,4
lukin,4
lumberyard,4
luminance,4
luminator,4
luminescent,4
lump-sums,4
lurgi,4
lux,4
lvmh,4
ly,4
lynne,4
lyric,4
m2m,4
m5j,4
machineryandequipmentmember,4
macmillan,4
macondo,4
madhu,4
madnick,4
madsen,4
magnesium,4
mai,4
maids,4
maintenancenet,4
makeovers,4
manderfeld,4
manning,4
manu,4
manufacturability,4
mapanything's,4
maplewood,4
marathon,4
margaret,4
marizev,4
marketablesecuritiesmember,4
marko,4
marquez,4
marty,4
marvell,4
mass-market,4
matto,4
maxims,4
maximummember,4
maya,4
mayo,4
mbmw,4
mcadam,4
mcbites,4
mcdermott,4
mckeough,4
mckinley,4
mcnerney,4
mcommerce,4
mcstuffins,4
mdf,4
mdo,4
medal,4
medexpress,4
medicaid-covered,4
medicaid-eligible,4
medicaid-related,4
medicare-equivalent,4
medium-notes,4
meeks,4
mega-site,4
megabase,4
meguiar,4
mehra,4
meios,4
meko,4
memorializes,4
mentored,4
messtechnik,4
metacloud,4
metalworking,4
metamind's,4
methicillin-resistant,4
methylthioadenosine,4
methyltransferase,4
metros,4
mevs,4
mexichem,4
mfa,4
mica,4
microbiology,4
microbrands,4
microsd,4
microserver,4
micrus,4
mid-1980,4
mid-2015,4
mid-2024,4
mid-continental,4
mid-september,4
midmonth,4
midsize,4
mikefay,4
military-friendly,4
mindfulness,4
mini-doser,4
minimed,4
minimization,4
ministries,4
minnie-mickey,4
mirador,4
misbranded,4
mississauga,4
mistake,4
mixed-use,4
mixes,4
mizerak,4
mk-0431a,4
mk-0974,4
mk-2402,4
mk-3009,4
mk-4448,4
mk-6072,4
mk-7625a,4
mlb.tv,4
mmwr,4
mobil,4
mobile-to-mobile,4
mobili,4
mobility-as-a-service,4
mobility-centered,4
mobility-related,4
model-specific,4
modernizes,4
modulus,4
mogul,4
molding,4
molle,4
molly,4
mom,4
mongodb,4
monistat,4
monitorship,4
monovisc,4
monsterbeveragecorporationmember,4
monumental,4
mooring,4
moos,4
more-mature,4
morrison,4
most-streamed,4
most-watched,4
motives,4
motorsports,4
mountains,4
mover,4
mph,4
mrd-negative,4
mrsa,4
msds,4
msop,4
mtnbc,4
mtv,4
mubadala,4
mudslides,4
multi-beam,4
multi-part,4
multi-payer,4
multi-tranche,4
multiplayer,4
multiple-platforms,4
multistrategyalternativecreditmanagersmember,4
mundipharma,4
mundo,4
munitions,4
musicals,4
mustafa,4
mutualpooledandcommingledfundsmember,4
mydestination.tv,4
myinstall,4
myntra,4
nabisco,4
nairobi,4
nanosystems,4
narnia,4
naturally-based,4
naturella,4
navigable,4
navigate4me,4
nblx,4
nbrown,4
nc2,4
ncc5,4
nccn,4
ncludes,4
ncos,4
neal,4
nearer,4
necessitating,4
neoplasm,4
nephrologists,4
netincomeloss,4
netinvestmenthedgingmember,4
network-operation,4
neudesic,4
neumora,4
neurotrophic,4
nevo,4
nevzat,4
new-to-wireless,4
newly-diagnosed,4
nexbase,4
nfip,4
nfts,4
ngs,4
nickle,4
nicolas,4
nicorette,4
nightline,4
nikolaos,4
nikos,4
nipponkoa,4
nir,4
nivolumab,4
nkf,4
nmibc,4
no-preset,4
nobilon,4
nominal-dollar,4
non-aearo,4
non-aerospace,4
non-audit,4
non-collateral,4
non-credit-enhanced,4
non-exclusivity,4
non-exercising,4
non-familial,4
non-grantee,4
non-mcdonald,4
non-mutated,4
non-opec,4
non-optical,4
non-party,4
non-pension,4
non-production,4
non-redeemed,4
non-repeating,4
non-representativeness,4
non-stocked,4
non-stop,4
non-surgery,4
non-travel,4
nonappealable,4
nonbanking,4
noncustomers,4
nondefense,4
nondividend-earning,4
nonfeasance,4
nontransferability,4
nooyi,4
norm,4
notionally,4
nourishing,4
nps,4
nt,4
nutr,4
nx-os,4
ny8-540-26-02,4
o'brien,4
o'neill,4
o-2,4
o.c,4
observes,4
obvious,4
occlusion,4
odense,4
oes,4
off-set,4
ogci,4
oksana,4
older-generation,4
ole,4
omeprazole,4
on-chip,4
one-hundred,4
one-millionths,4
one-ninth,4
one-or,4
one-size-fits-all,4
oneapi,4
onsists,4
opentelemetry,4
openvino,4
operability,4
operatingincomeloss,4
operationalize,4
operations-related,4
opine,4
opinions-granted,4
opioid-related,4
oploanswebadmin,4
opposes,4
optimizer,4
option-elected,4
optionsplan2014member,4
optionsplanapprovedpriorto2014member,4
optis,4
optumcare,4
orbitz,4
organs,4
origins,4
orin,4
oropharyngeal,4
orthodontia,4
orthopedics,4
orthotaxy,4
otes,4
other-mortgage-,4
otherassetsnoncurrent,4
otherdirectcostsmember,4
otherduethrough2098member,4
otherincomemember,4
otherinvestmentsmember,4
otherliabilitiesnoncurrent,4
otherpostretirementbenefitplansdefinedbenefitmember,4
others-manchester,4
ouai,4
out-of-warranty,4
outcomes-based,4
outdoors,4
outfitting,4
outposts,4
outsideservicesmember,4
over-allotments,4
overhauled,4
overpay,4
overturning,4
oxaliplatin-based,4
oxime-based,4
oxyfume,4
oy,4
oyj,4
p's,4
p.c,4
pacificmember,4
pages.aspx,4
pairing,4
palliative,4
panda,4
panorama,4
pantiliners,4
pantry-loading,4
paraffin,4
parallel-run,4
parathyroidectomy,4
parenthetical,4
parentmember,4
parsippany,4
partially-owned,4
participant-directed,4
partner-operated,4
passively,4
patent-in-suit,4
patent-related,4
pathfinding,4
patient-level,4
patron,4
patronage,4
payabl,4
payday,4
paz,4
pca,4
pcs-designated,4
pde10a,4
pdl,4
peachtree,4
pearls,4
peg,4
peglasta,4
pencil,4
penns,4
pensacola,4
penserra,4
pension-related,4
penultimate,4
peptibodies,4
per-country,4
perfluoronated,4
perflurooctanoic,4
permissions,4
perquisite,4
persia,4
personalizes,4
personalizing,4
perupont,4
pessimistic,4
peterson,4
petit,4
petite,4
petrovietnam,4
pets.tv,4
pharmacokinetic,4
phased-out,4
phenomena,4
philanthropist,4
phonepe,4
photograph,4
photolithography,4
photovoltaics,4
physical-world,4
physician-led,4
phytel,4
piceance,4
pigments,4
pinterest,4
pinto,4
piping,4
piranha,4
pistoia,4
pivoting,4
pix,4
plant's,4
plasma-derived,4
platform-related,4
playlist,4
plds,4
pleaded,4
plenary,4
plenti,4
plenty,4
plimpton,4
plotted,4
plr,4
plug,4
pn,4
pneumatic,4
pneumococci,4
poc,4
poles,4
policeman,4
policy-driven,4
polished,4
politically,4
polyfab,4
polysulfide,4
pomalidomide,4
portola,4
positives,4
post-9,4
post-cardiac,4
post-event,4
post-silicon,4
post-warranty,4
postures,4
power-generation,4
power8,4
power9,4
powervia,4
pra's,4
pra-required,4
practitioner,4
pratt,4
pre-2005,4
pre-agreed,4
pre-authorized,4
pre-built,4
pre-commercial,4
pre-crisis,4
pre-employment,4
pre-emptive,4
pre-expiry,4
pre-exposure,4
pre-installed,4
pre-paid,4
pre-pay,4
pre-pays,4
pregis,4
premarket,4
premiering,4
premised,4
prepaidexpensesandothercurrentassetsmember,4
preserves,4
presumptively,4
pretreated,4
price-setting,4
priips,4
primer,4
princeton,4
principal-only,4
prior-,4
prior-years,4
prizes,4
prmt5,4
probe,4
procurement-to-payables,4
produc,4
product-by-product,4
productivityandreinvestmentmember,4
proficient,4
prohibitively,4
projectors,4
promo,4
promoci,4
promontory,4
promus,4
pronouns,4
prorations,4
protein-cleaving,4
proxy-statement.html,4
prsi,4
psp,4
psychosocial,4
pth,4
ptt,4
pub.l,4
publically,4
publicly-announced,4
pull-through,4
punctual,4
puritan,4
purse,4
pyelonephritis,4
pyeongchang,4
pyramid,4
pytorch,4
q2-q4,4
q5,4
q8,4
qam,4
qiagen,4
qinhuangdao,4
quadrature,4
quadrennial,4
qualcomm-related,4
quarantining,4
quashed,4
quasi-government,4
queer,4
quick-cure,4
quimico,4
quote-to-issue,4
r$635,4
rack-based,4
radiators,4
rajat,4
raks,4
ral,4
rally,4
rambus,4
randomization,4
randori,4
ranesp,4
rapidity,4
rappi,4
raritan,4
ratatouille,4
rate-driven,4
rational's,4
re-airs,4
re-aligned,4
re-alignment,4
re-assessed,4
re-determined,4
re-enacted,4
re-evaluation,4
re-importation,4
re-introduced,4
re-pricings,4
re-queue,4
readying,4
reaffirmation,4
realestatemember,4
realm,4
reaqta,4
reasoning,4
reassigning,4
reboots,4
receivable-trade,4
receivables-finance,4
recipe.tv,4
recipes,4
reciprocally,4
reclaimed,4
recommitting,4
recoupable,4
recruits,4
red-hf,4
redistribution,4
reduction-in-force,4
reestablished,4
reference-product,4
refill,4
refinery's,4
refinitiv,4
reformulating,4
refrigerators,4
refundings,4
regel,4
region's,4
regulatorily,4
rehabilitative,4
reimplementation,4
reinforcement,4
reinitiated,4
reinstitute,4
reintroduce,4
reinvests,4
rekognition,4
relaunched,4
relax,4
relaxant,4
reliably-supplied,4
religion,4
remitly,4
remixing,4
remss,4
renaming,4
renduchintala,4
renewability,4
renewable-based,4
renflexis,4
renters,4
rep,4
repeatable,4
repo-to-maturity,4
repos-to-maturity,4
reproduce,4
reprofile,4
republication,4
repurchase-,4
repurchase-to-maturity,4
repurposing,4
requestors,4
resale-to-maturity,4
rescissory,4
residential-mortgage-,4
resource-,4
respivert,4
respondent,4
rest-of-the-world,4
restless,4
retardants,4
retention-based,4
reused,4
rev,4
revascularizations,4
revenue-adempas,4
reverser,4
revesting,4
rewind,4
rewrite,4
rford,4
rhir,4
rhogam,4
ribbon,4
ribbonfet,4
richardson,4
richness,4
ride-hailing,4
rider,4
ries,4
rightnow,4
riken,4
rimarily,4
ring-fences,4
ripley,4
riyad,4
rmhc,4
rmt,4
robbie,4
robotic-assisted,4
robots,4
robustness,4
rockefeller,4
rodent,4
roggekamp,4
romley,4
ron,4
ronak,4
rosado,4
rosati,4
rosatom,4
rosemount,4
rosenfeld,4
rosenstock,4
rowland,4
rptd,4
rpx,4
ruck,4
runner,4
rutishauser,4
ruud,4
rwanda,4
s-,4
s.n.c,4
sacrifices,4
safari,4
safegate,4
sagent,4
saic,4
salesmember,4
salespeople,4
samoa,4
sanctions-related,4
sandberg,4
santo,4
sap-based,4
sara_gorman,4
satisfactions,4
sauer,4
savvy,4
sawyer,4
scalar,4
scam,4
schad,4
schaijk,4
schoewe,4
schwarzman,4
scoop,4
scope-related,4
scoped,4
scouring,4
screenplay,4
scroll,4
seasonless,4
sebastian,4
second-filed,4
second-highest,4
second-party,4
secure-flex,4
security-rich,4
seem,4
seems,4
seizing,4
self-assessments,4
self-identify,4
self-imposed,4
self-optimizing,4
sell-side,4
sentenced,4
separability,4
sepulveda,4
sequestered,4
sergio,4
serlet,4
service-aware,4
service-oriented,4
settlementchargescreditsmember,4
seymour,4
sgs,4
sharper,4
sheara,4
sherwood,4
shingle,4
shinko,4
shipp,4
shiva,4
shohreh,4
short-to,4
shortcuts,4
shorter-tailed,4
shox,4
shpt,4
shurtape,4
side-by-side,4
sieves,4
sigma-aldrich,4
signal-seeking,4
silence,4
silgard,4
simple-to-use,4
simplest,4
simplex,4
sine,4
single-arm,4
single-chain,4
single-lessee,4
sistema,4
siwei's,4
six-transmembrane,4
sixtieth,4
sixty-seven,4
skill-based,4
slalom,4
slavery,4
sloan,4
slow-downs,4
small-business,4
small-market,4
smartphone-based,4
smes,4
smithsonian,4
snacking,4
sndas,4
snowboarding,4
socio-economic,4
sockets,4
softbank's,4
solutia,4
solvents,4
sompo,4
sonet,4
soundtrack,4
sour-gas,4
sourcing-responsibility,4
sovaldi,4
sox,4
space-related,4
spearheading,4
speedtrack,4
spence,4
spending-limit,4
spillane,4
spinning,4
splitting,4
sprays,4
springpath,4
sputtering,4
spy,4
sr,4
ssc,4
ssm,4
stahlkopf,4
stakeholder-impact-report,4
stalking,4
stance,4
staphylococcus,4
starters,4
states-mexico-canada,4
steelbrick's,4
stenosis,4
stenting,4
step-by-step,4
sterilant,4
sterling-denominated,4
sterling-fixed,4
stevens,4
sticker,4
stipulates,4
stock's,4
stockpiling,4
stomatitis,4
storied,4
storm-related,4
strawberry,4
streamers,4
streamlines,4
streets,4
stumpf,4
stylized,4
sub-components,4
subclass,4
subpoenaed,4
subpopulations,4
subsidiarize,4
suh,4
sun's,4
suoh-sekincau,4
super-efficient,4
supercomputing,4
superintending,4
superpowers,4
superstorm,4
supplier-based,4
surfaced,4
surprised,4
survives,4
suspends,4
sustainability-focused,4
sutton,4
sutula,4
suzhou,4
svcs,4
sweere,4
swrp,4
sylatron,4
symbolic,4
symmetrical,4
syndicator,4
synthes's,4
syntroleum,4
sys,4
t3,4
t53,4
t55,4
ta-8995,4
tabl,4
tableting,4
tabor,4
tajikistan,4
take-back,4
takeaway.com,4
tal,4
tale,4
tallies,4
target-risk,4
tasting,4
tat,4
tax-efficient,4
taxyears20072009member,4
tbc,4
tcas,4
tdapa,4
tdm-based,4
tdsecurities.com,4
teamsters,4
tear,4
technology-assisted,4
technology-driven,4
teijin,4
tejas,4
telecasts,4
telephones,4
telexed,4
temple,4
tendency,4
tention,4
teraflops,4
term-based,4
terry,4
text-based,4
text-to-speech,4
tfdavids,4
tfe1042,4
tfe731,4
tfna,4
tgala,4
thanh,4
thecompanystore.com,4
then-,4
then-equivalent,4
thermo-couples,4
thewaltdisneycompany.com,4
thinkers,4
thirteen-month,4
thorn,4
thornton,4
thoroughness,4
thos,4
thread,4
three-and-a-half,4
thrives,4
thurgood,4
tiber,4
tibo,4
ticketven,4
tiffany.heikkila,4
time-off,4
time-saving,4
time-vesting,4
timed,4
timers,4
timolol,4
timoptic,4
tinactin,4
tinker,4
tinto,4
tireless,4
tive,4
tivit,4
tls,4
tmd,4
tobias,4
todoticket,4
tognum,4
top-ranked,4
top-rated,4
top-up,4
topping,4
topsoe,4
touch-enabled,4
touch-screen,4
touching,4
touchscreen,4
touchscreens,4
tous,4
tpp,4
traces,4
trade-specific,4
tradeoff,4
tradingsecuritiesmember,4
trailblazer,4
trailer,4
trane,4
trans-pacific,4
transcoder,4
transcribe,4
transgender,4
transplant-ineligible,4
transportation-capital,4
traps,4
tre,4
treasurystockmember,4
tri-annually,4
tri-cylcen,4
triglycerides,4
trimble,4
troubleshoot,4
truc,4
try-on,4
tslp,4
tsmc,4
tula,4
tunein,4
turbofan,4
turbomeca,4
turboprop,4
turboshaft,4
turkmenistan,4
turpitude,4
tw,4
twc's,4
twice-daily,4
twin-engine,4
two-county,4
typing,4
tyrie,4
u.s.-,4
uavs,4
ucc-3,4
udap,4
ulc,4
ulcer,4
ulcers,4
ultrapure,4
umbro's,4
umg,4
umicore,4
un-repatriated,4
unaccounted,4
unambiguously,4
unanski,4
unblinded,4
unbroken,4
uncharacteristic,4
uncovering,4
under-resourced,4
under-used,4
undermines,4
underpinnings,4
understatements,4
undesired,4
unfettered,4
unicef,4
uniforms,4
unifying,4
unimaginable,4
uninspected,4
unitika,4
univision,4
unnoticed,4
unprepared,4
unreadable,4
unreimbursed,4
unrelenting,4
unsanitary,4
untapped,4
unwritten,4
uplifting,4
urrency,4
us$b,4
us931142cb75,4
us931142ch46,4
us931142ck74,4
us931142cm31,4
us931142cs01,4
us931142cv30,4
us931142cy78,4
us931142db66,4
us931142dg53,4
us931142dk65,4
us931142dq36,4
usa-owned,4
ustreasuryandgovernmentmember,4
uvre,4
valeant,4
valores,4
value-weighted,4
vanilla,4
vanza,4
variableinterestentitynotprimarybeneficiarymember,4
varicent,4
vby9,4
vc,4
vce's,4
vcr3,4
vegfr,4
velcalcetide,4
veletri,4
venkata,4
ventilating,4
vents,4
verbal,4
verifications,4
verio,4
veronica,4
vertex,4
ves,4
vestar,4
vets,4
vetted,4
vf1,4
vice-chair,4
videostream,4
vikings,4
viniar,4
viqtory,4
visions,4
vlocity's,4
vls-101,4
vms,4
voice-controlled,4
voiced,4
voiceover,4
volpi,4
voltage,4
vought,4
vpay,4
vpns,4
w-8ec1,4
wa-374-p,4
wafra,4
waggener,4
waggeneredstrom.com,4
walidia,4
walkie-talkie,4
walks,4
wall-e,4
walmart.ca,4
walmart.com.mx,4
waltrop,4
war-related,4
wardrobe,4
warmly,4
wartsila,4
washing,4
waterproof,4
watersheds,4
watson's,4
wayfinding,4
weakest,4
webb,4
webpage,4
wedbush,4
wedge,4
weighed-average,4
well-secured,4
whelen,4
wholesale's,4
widescreen,4
wifi6,4
wildfire-,4
wilds,4
windshear,4
witter,4
wolfcamp,4
wong,4
woodford,4
woody,4
work-,4
work-force,4
work-teams,4
workings,4
worklight,4
worries,4
wpr.com,4
www.janssen.com,4
www.jnjseparation.com,4
www.nikebiz.com,4
www.sbgi.net,4
www.thewaltdisneycompany.com,4
www.walmartstores.com,4
xa,4
xcode,4
xecution,4
xeljanz,4
xience,4
xm,4
xpu,4
xuanhan,4
xxxii,4
y-operated,4
y-t-y,4
yafit,4
yarnold,4
year-financial,4
yet-to-be-named,4
yet-unresolved,4
yorker,4
yorkers,4
youngs,4
yuri,4
zf,4
zika,4
0.00099,3
0.011,3
0.031,3
0.0326,3
0.080,3
0.090,3
0.100,3
0.109592,3
0.1250,3
0.1575,3
0.1804,3
0.1812,3
0.1885,3
0.193,3
0.196,3
0.2125,3
0.2250,3
0.255,3
0.298,3
0.3680,3
0.4050,3
0.4133,3
0.4200,3
0.4666666,3
0.470,3
0.4881,3
0.490,3
0.5000,3
0.555,3
0.635,3
0.663,3
0.680,3
0.690,3
0.7452,3
0.755,3
0.770,3
0.790,3
0.889,3
0.890,3
0.9133,3
0.945,3
0.9545,3
0.9636,3
000.3,3
000.6,3
00000,3
0000000000,3
0000000000000,3
002.0,3
002.6,3
002.8,3
004.2,3
006.7,3
007.1,3
0070,3
011.7,3
012.2,3
014.4,3
014.9,3
015.1,3
015.2,3
017.0,3
018.0,3
018.2,3
0189,3
019.5,3
019.7,3
021.0,3
021.7,3
022.4,3
024.4,3
025.1,3
025.2,3
027.1,3
028.7,3
029.4,3
031.8,3
032.0,3
032.2,3
033.5,3
035.2,3
039.7,3
040.0,3
040.1,3
040.7,3
041.8,3
041.9,3
042.8,3
042.9,3
046.2,3
047.3,3
047.7,3
047.9,3
048.3,3
050.0,3
050.3,3
050.7,3
051.5,3
051.6,3
051.9,3
052.9,3
054.0,3
054.4,3
054.5,3
056.9,3
057.2,3
058.2,3
059.4,3
059.6,3
0606,3
061.6,3
061.9,3
062.8,3
063.5,3
065.9,3
066.5,3
067.5,3
068.4,3
070.0,3
070.7,3
071.1,3
071.2,3
071.5,3
071.7,3
074.2,3
075.9,3
077.2,3
078.1,3
078.2,3
079.5,3
07950,3
080.6,3
081.5,3
082.2,3
082.8,3
083.3,3
084.5,3
085.1,3
091.4,3
091.8,3
092.2,3
092.3,3
093.0,3
093.9,3
095.1,3
0961,3
097.3,3
098.2,3
098.7,3
0987654,3
09876541,3
099.2,3
1.011,3
1.012,3
1.018,3
1.021,3
1.024,3
1.027,3
1.057,3
1.063,3
1.0775,3
1.091,3
1.095,3
1.113,3
1.122,3
1.130,3
1.1311,3
1.155,3
1.209,3
1.2300,3
1.275,3
1.285,3
1.289,3
1.291,3
1.299,3
1.310,3
1.3390,3
1.3485,3
1.368,3
1.372,3
1.379,3
1.413,3
1.426,3
1.431,3
1.433,3
1.471,3
1.475,3
1.490,3
1.525,3
1.535,3
1.555,3
1.569,3
1.577,3
1.581,3
1.598,3
1.6059,3
1.639,3
1.644,3
1.664,3
1.699,3
1.717,3
1.743,3
1.768,3
1.775,3
1.805,3
1.836,3
1.931,3
10.06,3
10.500,3
10.59,3
10.69,3
10.98,3
100.29,3
100.32,3
100.33,3
100.89,3
10023,3
1006,3
101.00,3
101.08,3
101.15,3
101.25,3
101.28,3
101.36,3
101.40,3
101.88,3
101.92,3
102.11,3
102.45,3
102.63,3
102.65,3
102.68,3
102.69,3
103.04,3
103.06,3
103.37,3
103.45,3
103.87,3
104.15,3
104.23,3
104.26,3
104.48,3
104.58,3
104.77,3
104.89,3
105.06,3
105.19,3
105.30,3
105.47,3
105.49,3
105.51,3
105.88,3
10504,3
106.03,3
106.04,3
106.40,3
106.46,3
106.5,3
107.06,3
107.55,3
107.83,3
108.03,3
108.14,3
108.51,3
108.67,3
108.72,3
1085,3
109.04,3
109.28,3
109.35,3
109.60,3
109.82,3
109.86,3
11.04,3
11.16,3
11.26,3
11.29,3
11.42,3
11.44,3
11.45,3
11.74,3
11.76,3
11.78,3
11.79,3
11.82,3
11.88,3
11.90,3
11.96,3
110.05,3
110.26,3
111.11,3
111.6013,3
111.86,3
1111,3
112.07,3
112.31,3
112.44,3
112.45,3
112.82,3
112.90,3
113.54,3
1138,3
114.44,3
114.68,3
1141,3
115.07,3
115.29,3
115.36,3
115.74,3
115.9,3
116.22,3
116.42,3
116.49,3
116.86,3
117.10,3
117.24,3
117.40,3
118.16,3
118.38,3
118.44,3
118.78,3
118.87,3
1180,3
119.20,3
119.49,3
119.62,3
119.67,3
119.85,3
1190,3
12.15,3
12.16,3
12.27,3
12.397,3
12.40,3
12.51,3
12.55,3
12.60,3
12.61,3
12.80,3
12.91,3
12.949,3
120.0,3
120.23,3
120.26,3
120.64,3
121.05,3
121.24,3
121.31,3
121.65,3
121.83,3
122.50,3
122.82,3
122.9,3
122.90,3
1221,3
123.03,3
123.1,3
123.54,3
123.76,3
124.06,3
124.16,3
124.30,3
124.47,3
124.67,3
124.88,3
125.11,3
125.16,3
125.35,3
125.50,3
125.97,3
1250,3
127.47,3
127.76,3
127.8,3
127.92,3
127.99,3
128.02,3
128.07,3
128.41,3
128.42,3
1286,3
129.58,3
129.71,3
13.125,3
13.14,3
13.144,3
13.20,3
13.30,3
13.34,3
13.40,3
13.47,3
13.49,3
13.52,3
13.54,3
13.56,3
13.59,3
13.69,3
13.83,3
13.92,3
13.9480,3
13.98,3
13.99,3
130.88,3
1303,3
131.74,3
131.96,3
132.14,3
132.32,3
132.58,3
132.7,3
132.76,3
1320,3
133.1,3
133.32,3
134.28,3
134.76,3
134.9,3
135.19,3
136.1,3
136.12,3
136.19,3
136.27,3
136.94,3
137.62,3
138.2,3
138.51,3
138.61,3
138.67,3
138.98,3
139.44,3
139.58,3
139.6,3
14.12,3
14.18,3
14.19,3
14.24,3
14.25,3
14.32,3
14.37,3
14.50,3
14.54,3
14.57,3
14.60,3
14.66,3
14.69,3
14.73,3
14.76,3
14.83,3
14.86,3
140.43,3
140.5,3
140.85,3
140.9,3
1409,3
141.06,3
141.4,3
142.33,3
142.9,3
143.20,3
143.3,3
143.46,3
143.6,3
144.68,3
144.77,3
145.42,3
145.50,3
1456,3
146.4,3
146.91,3
1468,3
147.0,3
148.45,3
148.48,3
148.6,3
148.7,3
149.95,3
15.09,3
15.16,3
15.28,3
15.31,3
15.50,3
15.54,3
15.55,3
15.56,3
15.61,3
15.71,3
15.74,3
15.80,3
15.81,3
15.84,3
15.88,3
15.89,3
15.98,3
150.2,3
150.42,3
150.58,3
150.85,3
150.98,3
1503,3
151.3,3
151.41,3
151.71,3
151.9,3
153.1,3
153.2,3
153.3,3
153.46,3
153.55,3
153.79,3
153.9,3
154.01,3
154.65,3
1542,3
155.43,3
155.9,3
156.3,3
156.5,3
156.6,3
156.87,3
156.9,3
157.18,3
157.24,3
157.4,3
157.5,3
158.1,3
158.28,3
159.4,3
16.04,3
16.06,3
16.12,3
16.17,3
16.31,3
16.45,3
16.67,3
16.75,3
16.81,3
16.85,3
16.88,3
16.93,3
160.54,3
160.9,3
1600,3
161.24,3
161.6,3
162.39,3
162.41,3
162.5,3
162.9,3
163.2,3
163.52,3
163.63,3
163.9,3
164.1,3
164.14,3
164.8,3
165.86,3
165.91,3
165.94,3
1653,3
166.4,3
168.08,3
168.9,3
1682,3
169.18,3
169.33,3
17.05,3
17.13,3
17.16,3
17.38,3
17.39,3
17.44,3
17.46,3
17.62,3
17.81,3
17.83,3
17.86,3
17.92,3
170.1,3
170.61,3
170331,3
171.2,3
171.7,3
171048,3
172.0,3
172.10,3
172.15,3
172.45,3
173.6,3
173.7,3
173.9,3
174.4,3
174.73,3
175.12,3
175.96,3
176.7,3
176.81,3
177.0,3
177.08,3
177.57,3
177.7,3
177.8,3
1770,3
178.3,3
1781,3
18.06,3
18.20,3
18.21,3
18.28,3
18.40,3
18.55,3
18.65,3
18.69,3
18.72,3
18.81,3
18.85,3
180.1,3
180.87,3
181.00,3
182.0,3
182.50,3
182.7,3
182.8,3
182.95,3
183.0,3
183.00,3
183.1,3
183.4,3
183.61,3
184.4,3
184.69,3
184717,3
185.2,3
185.5,3
187.1,3
187.4,3
187.6,3
188.5,3
188.61,3
189.2,3
189.7,3
189.8,3
1896,3
19.08,3
19.09,3
19.19,3
19.27,3
19.32,3
19.35,3
19.37,3
19.43,3
19.44,3
19.51,3
19.52,3
19.53,3
19.74,3
19.80,3
19.86,3
19.97,3
190.0,3
190.3,3
190.84,3
190.9,3
1906,3
191.1,3
191.4,3
191.5,3
191953,3
193.9,3
193958,3
194.1,3
194.2,3
194.31,3
194.33,3
194.6,3
1948,3
195.0,3
195.1,3
195.4,3
195.7,3
195.9,3
196.29,3
196.85,3
196.9,3
1961,3
197.3,3
197.61,3
1973,3
198.1,3
198.4,3
199.2,3
199.5,3
2.151,3
2.188,3
2.196,3
2.207,3
2.216,3
2.355,3
2.372,3
2.395,3
2.409,3
2.435,3
2.485,3
2.561,3
2.597,3
2.610,3
2.638,3
2.657,3
2.678,3
2.701,3
2.797,3
2.803,3
2.854,3
2.856,3
2.8975,3
2.930,3
2.940,3
2.998,3
20.23,3
20.31,3
20.59,3
20.69,3
20.72,3
20.74,3
20.77,3
20.84,3
20.97,3
200.6,3
200.8,3
201.0,3
201.1,3
201.11,3
201.68,3
201.9,3
202311,3
204.2,3
205.5,3
205.8,3
206.1,3
207.5,3
207.53,3
2073,3
209.4,3
209.89,3
21.04,3
21.05,3
21.09,3
21.12,3
21.16,3
21.19,3
21.24,3
21.27,3
21.32,3
21.33,3
21.42,3
21.75,3
21.77,3
21.78,3
21.83,3
21.89,3
210.0,3
210.1,3
210.2,3
210.7,3
2107,3
211.1,3
211.7,3
211.8,3
211.9,3
212.5,3
212.640,3
212597,3
213.2,3
213.4,3
214.0,3
214.18,3
214.2,3
214.3,3
214.37,3
215.17,3
215.9,3
216.5,3
216150,3
217.3,3
219.5,3
219.9,3
22.10,3
22.24,3
22.27,3
22.29,3
22.32,3
22.37,3
22.46,3
22.48,3
22.49,3
22.61,3
22.85,3
22.89,3
22.93,3
22.94,3
22.97,3
221.2,3
221.5,3
221941,3
223.8,3
224.5,3
225.0,3
225.1,3
225.2,3
225.4,3
225.46,3
226.07,3
226.9,3
227.5,3
227.7,3
228.1,3
228.5,3
228.78,3
228.9,3
229.8,3
23.08,3
23.19,3
23.24,3
23.29,3
23.34,3
23.35,3
23.42,3
23.45,3
23.63,3
23.70,3
23.95,3
23.97,3
23.98,3
230.4,3
230.9,3
232.5,3
233.00,3
233.4,3
235.8,3
235.9,3
236.3,3
237.4,3
23795,3
238.0,3
239.0,3
239.5,3
24.15,3
24.27,3
24.31,3
24.32,3
24.43,3
24.51,3
24.60,3
24.68,3
24.79,3
24.90,3
24.91,3
24.92,3
24.93,3
24.94,3
24.98,3
240.1,3
240.28,3
240.5,3
241.1,3
241.5,3
241.9,3
242.5,3
242.6,3
243.8,3
244.0,3
244.4,3
245.2,3
246.7,3
247.6,3
247.7,3
248.1,3
249.4,3
249.9,3
25.29,3
25.35,3
25.47,3
25.56,3
25.65,3
25.68,3
25.69,3
25.75,3
25.79,3
250.4,3
250.6,3
2502,3
251.02,3
2510.3,3
252.0,3
252.5,3
252.6,3
253.3,3
254.2,3
255.0,3
256.9,3
257.2,3
257.4,3
257.5,3
257.8,3
258.9,3
259.3,3
259.9,3
26.01,3
26.05,3
26.08,3
26.16,3
26.17,3
26.21,3
26.25,3
26.27,3
26.31,3
26.34,3
26.48,3
26.49,3
26.53,3
26.60,3
26.63,3
26.71,3
26.81,3
26.97,3
260.7,3
261.35,3
262.8,3
262.9,3
263.8,3
2640650,3
265.00,3
266.5,3
267.1,3
267.8,3
268.4,3
268.8,3
27.01,3
27.09,3
27.29,3
27.36,3
27.41,3
27.45,3
27.47,3
27.50,3
27.52,3
27.60,3
27.62,3
27.66,3
27.76,3
27.92,3
270.2,3
270.4,3
270.5,3
271.1,3
271.65,3
271.7,3
272.6,3
273.4,3
274.5,3
274.6,3
275.3,3
276.5,3
277.0,3
277.25,3
278.1,3
278.2,3
278.8,3
278.97,3
279.1,3
279.8,3
28.07,3
28.18,3
28.43,3
28.46,3
28.67,3
28.70,3
28.74,3
28.76,3
28.81,3
28.84,3
280.6,3
281.3,3
282.2,3
282.9,3
283.0,3
283.2,3
283.4,3
283.6,3
284.4,3
284.8,3
285.1,3
285.2,3
285.3,3
285.8,3
2852,3
286.5,3
288.3,3
288.64,3
288.9,3
289.2,3
289.5,3
29.04,3
29.08,3
29.10,3
29.35,3
29.39,3
29.40,3
29.43,3
29.45,3
29.56,3
29.71,3
291.0,3
291.2,3
291.3,3
291.5,3
291.7,3
292.5,3
292.8,3
293.31,3
293.8,3
295.0,3
295.3,3
295.4,3
295.5,3
296.0,3
296.1,3
296.8,3
296.9,3
297.8,3
298.1,3
298.2,3
298.69,3
298.8,3
299.00,3
3.010,3
3.049,3
3.055,3
3.073,3
3.075,3
3.083,3
3.2419,3
3.255,3
3.360,3
3.395,3
3.603,3
3.814,3
3.825,3
3.890,3
3.960,3
30.06,3
30.19,3
30.41,3
30.53,3
30.57,3
30.64,3
30.66,3
30.69,3
30.77,3
30.81,3
30.91,3
300.00,3
300.9,3
3008,3
301.7701,3
301.88,3
301.9,3
303.2,3
303.4,3
303.8,3
305.00,3
306.1,3
306.7,3
307.50,3
308.2,3
309.2,3
309.3,3
31.07,3
31.13,3
31.23,3
31.26,3
31.33,3
31.52,3
31.58,3
31.61,3
31.66,3
31.71,3
31.87,3
310.2,3
311.4,3
311.5,3
312.0,3
312.2,3
312.63,3
313.1,3
313.9,3
314.2,3
314.9,3
315.40,3
316.2,3
316.8,3
317.2,3
317.3,3
317.4,3
317.47,3
318.4,3
3182,3
319.2,3
32.22,3
32.38,3
32.396,3
32.46,3
32.86,3
32.88,3
32.90,3
320.0,3
320.1,3
320.2,3
320.8,3
321.2,3
322.5,3
3227,3
324.7,3
324.9,3
325.2,3
325.4,3
328.1,3
328.7,3
329.2,3
329.9,3
33.10,3
33.39,3
33.45,3
33.55,3
33.61,3
33.63,3
33.66,3
33.67,3
33.71,3
33.78,3
33.79,3
33.82,3
33.90,3
331.4,3
332.6,3
334.3,3
334.6,3
335.5,3
336.3,3
337.1,3
337.6,3
337.9,3
338.7,3
34.06,3
34.15,3
34.19,3
34.22,3
34.27,3
34.37,3
34.46,3
34.47,3
34.52,3
34.65,3
34.70,3
34.77,3
34.78,3
340.4,3
340.6,3
341.0,3
341.5,3
342.3,3
343.0,3
343.3,3
344.2,3
344.6,3
344.87,3
3444,3
345.1,3
345.6,3
347.8,3
348.2,3
348.5,3
349.6,3
35.21,3
35.27,3
35.33,3
35.41,3
35.44,3
35.46,3
35.55,3
35.67,3
35.71,3
35.81,3
35.83,3
35.94,3
35.97,3
3507,3
351.1,3
351.3,3
351.6,3
352.1,3
352.22,3
353.0,3
353.70,3
3536,3
354.0,3
354.1,3
354.2,3
354.8,3
356.1,3
356.3,3
358.1,3
358.6,3
36.02,3
36.12,3
36.22,3
36.39,3
36.47,3
36.53,3
36.62,3
36.77,3
36.78,3
36.84,3
36.98,3
360.1,3
361.1,3
362.3,3
362.4,3
365.3,3
365.5,3
365.6,3
366.8,3
367.3,3
367.4,3
368.0,3
37.02,3
37.11,3
37.13,3
37.16,3
37.19,3
37.54,3
37.58,3
37.62,3
37.65,3
37.69,3
37.75,3
37.88,3
37.95,3
3700,3
3707,3
371.2,3
372.1,3
375.5,3
375.6,3
375.9,3
376.5,3
376.73,3
378.1,3
378.7,3
378.9,3
379.5,3
38.08,3
38.20,3
38.24,3
38.32,3
38.38,3
38.52,3
38.79,3
38.84,3
38.88,3
38.97,3
38.98,3
380.2,3
383.1,3
383.8,3
3847,3
385.2,3
385.6,3
386.2,3
387.04,3
387.5,3
388.1,3
388.2,3
389.6,3
39.10,3
39.11,3
39.12,3
39.34,3
39.37,3
39.43,3
39.59,3
39.64,3
39.89,3
390.78,3
391.6,3
391.7,3
392.5,3
392.89,3
393.5,3
393.9,3
394.2,3
395.1,3
395.2,3
3954,3
396.8,3
398.6,3
398.8,3
399.1,3
399.8,3
4.056,3
4.081,3
4.085,3
4.161,3
4.283,3
4.313,3
4.358,3
4.379,3
4.7302,3
4.858,3
4.984,3
40.10,3
40.17,3
40.41,3
40.49,3
40.52,3
40.62,3
40.64,3
40.72,3
40.74,3
40.79,3
400.79,3
401.6,3
401.9,3
402.2,3
402.4,3
402.7,3
405.1,3
405.3,3
405.7,3
405.9,3
406.3,3
406.4,3
406.5,3
406.7,3
407.80,3
409.4,3
41.25,3
41.39,3
41.43,3
41.45,3
41.64,3
41.748,3
41.78,3
41.92,3
41.96,3
41.98,3
412.0,3
412.2,3
412.49,3
412.6,3
413.1,3
413.5,3
413.8,3
414.9,3
415.5,3
416.2,3
416.4,3
417.02,3
417.1,3
419.6,3
419.7,3
419.9,3
42.12,3
42.25,3
42.26,3
42.30,3
42.38,3
42.67,3
42.76,3
42.87,3
42.88,3
42.90,3
42.94,3
420.1,3
420.3,3
420.37,3
420.8,3
420.9,3
4200,3
4203,3
420814,3
421.0,3
422.0,3
422.2,3
422.6,3
423.60,3
423.8,3
426.4,3
427.1,3
427.7,3
427.9,3
428.6,3
4283,3
43.01,3
43.02,3
43.11,3
43.29,3
43.69,3
43.83,3
43.99,3
430.0,3
430.3,3
431.4,3
431.6,3
431.7,3
432.8,3
433.3,3
433.8,3
434.1,3
434.3,3
434.7,3
434.8,3
435.1,3
435.70,3
436.6,3
436.9,3
437.0,3
437.5,3
439.1,3
439.2,3
44.07,3
44.15,3
44.44,3
44.48,3
44.58,3
44.60,3
44.62,3
44.64,3
44.69,3
44.71,3
44.74,3
44.82,3
44.94,3
440.4,3
443.1,3
4436,3
445.0,3
446.5,3
446.86,3
447.5,3
447.8,3
45.01,3
45.06,3
45.17,3
45.22,3
45.27,3
45.36,3
45.37,3
45.45,3
45.55,3
45.63,3
45.66,3
45.76,3
45.79,3
45.88,3
45.96,3
451.1,3
451.8,3
451.9,3
452.4,3
45201,3
453.1,3
453.8,3
454.2,3
454.82,3
455.8,3
455.9,3
457.3,3
459.2,3
459.6,3
46.11,3
46.18,3
46.20,3
46.21,3
46.36,3
46.48,3
46.49,3
46.53,3
46.55,3
46.60,3
46.63,3
46.70,3
46.73,3
46.82,3
46.86,3
46.88,3
46.92,3
46.99,3
460.0,3
460.6,3
460.9,3
461.1,3
461.4,3
4611,3
462.4,3
463.4,3
463.6,3
464.8,3
465.0,3
465.1,3
465.8,3
467.1,3
468.0,3
468.6,3
469.4,3
469.9,3
47.09,3
47.22,3
47.39,3
47.81,3
47.85,3
47.86,3
47.90,3
47.93,3
470.8,3
471.1,3
471.3,3
471.5,3
472.1,3
472.8,3
473.3,3
475.0,3
475.2,3
476.0,3
476.2,3
476.3,3
477.4,3
478.6,3
478.9,3
479.2,3
479.4,3
479.5,3
479.7,3
48.02,3
48.16,3
48.21,3
48.48,3
48.49,3
48.56,3
48.58,3
48.67,3
48.77,3
48.96,3
480.0,3
481.5,3
483.0,3
483.1,3
483.2,3
483.7,3
484.0,3
484.1,3
484.9,3
485.6,3
485.9,3
486.0,3
486.2,3
486.8,3
487.4,3
488.3,3
488.9,3
49.04,3
49.23,3
49.27,3
49.40,3
49.44,3
49.47,3
49.48,3
49.58,3
49.83,3
49.91,3
49.98,3
490.1,3
491.0,3
491.4,3
491.6,3
491.7,3
491.9,3
492.3,3
492.4,3
493.3,3
4941,3
497.2,3
497.8,3
499.0,3
499.2,3
5.020,3
5.077,3
5.193,3
5.255,3
5.507,3
5.600,3
5.710,3
5.805,3
5.949,3
50.01,3
50.12,3
50.39,3
50.48,3
50.49,3
50.69,3
50.71,3
50.75,3
50.79,3
50.971,3
500.3,3
501.4,3
501.6,3
503.4,3
503034,3
505.4,3
505.8,3
506.6,3
507.4,3
507.8,3
508.4,3
508.6,3
508.7,3
51.00,3
51.01,3
51.04,3
51.13,3
51.29,3
51.44,3
51.46,3
51.47,3
51.54,3
51.62,3
51.83,3
51.85,3
51.89,3
51.99,3
510.0,3
511.2,3
511.7,3
512.5,3
513.0,3
513.3,3
514.1,3
514.4,3
514.8,3
516.1,3
516.5,3
517.6,3
518.7,3
519.2,3
52.28,3
52.31,3
52.36,3
52.44,3
52.46,3
52.64,3
52.79,3
52.82,3
52.92,3
52.94,3
520.2,3
521.2,3
523.1,3
525.0,3
525.8,3
526.5,3
526.9,3
527.9,3
529.2,3
53.00,3
53.01,3
53.08,3
53.27,3
53.39,3
53.48,3
53.54,3
53.55,3
53.63,3
53.77,3
53.80,3
53.800,3
53.82,3
530.6,3
530.8,3
530348,3
531.0,3
531.3,3
532.8,3
532.9,3
533.0,3
534.4,3
534.5,3
537.6,3
538.8,3
54.02,3
54.08,3
54.14,3
54.57,3
54.59,3
54.61,3
54.73,3
54.76,3
54.87,3
54.89,3
54.98,3
5400,3
541.1,3
542.9,3
543.6,3
544.7,3
545.0,3
546.5,3
546.9,3
547.1,3
547.3,3
548.1,3
548.7,3
55.00,3
55.07,3
55.14,3
55.18,3
55.33,3
55.34,3
55.58,3
55.63,3
55.76,3
55.88,3
55.97,3
55.98,3
550.00,3
550.5,3
551.1,3
551.5,3
551.6,3
553.0,3
553.9,3
555.4,3
5550,3
556.1,3
556.8,3
5572,3
558.4,3
558.6,3
559.5,3
5599,3
56.04,3
56.12,3
56.33,3
56.37,3
56.39,3
56.41,3
56.59,3
56.64,3
56.70,3
56.86,3
56.90,3
56.93,3
56.97,3
560.7,3
561.77,3
564.0,3
564.1,3
564.3,3
564.6,3
564.7,3
565.4,3
567.4,3
567.8,3
5674,3
568.9,3
57.04,3
57.05,3
57.09,3
57.15,3
57.19,3
57.31,3
57.32,3
57.35,3
57.37,3
57.41,3
57.49,3
57.69,3
57.72,3
57.90,3
570.1,3
570.3,3
570.8,3
571.2,3
571.5,3
575.4,3
577.8,3
58.04,3
58.12,3
58.32,3
58.43,3
58.46,3
58.74,3
581.0,3
581.2,3
581.6,3
583.4,3
583.8,3
586.0,3
586.5,3
586.7,3
589.2,3
589.6,3
59.04,3
59.11,3
59.13,3
59.20,3
59.26,3
59.32,3
59.41,3
59.59,3
59.61,3
59.84,3
59.92,3
59.97,3
59.99,3
590.5,3
591.0,3
591.2,3
591.7,3
592.5,3
593.2,3
5930,3
594918,3
595.6,3
596.0,3
597.9,3
598.9,3
6.250,3
60.00,3
60.04,3
60.19,3
60.25,3
60.35,3
60.38,3
60.43,3
60.51,3
60.68,3
60.93,3
600.4,3
601.9,3
602.8,3
602.9,3
603.8,3
604.1,3
604.2,3
604.3,3
604.8,3
604.9,3
605.2,3
605.9,3
606.2,3
607.5,3
607.6,3
608.5,3
608.6,3
608.8,3
61.09,3
61.17,3
61.29,3
61.35,3
61.41,3
61.48,3
61.72,3
61.78,3
61.80,3
61.84,3
61.95,3
61.98,3
61.99,3
610.0,3
610.9,3
611.8,3
615.0,3
615.2,3
616.3,3
616.5,3
616.7,3
6164,3
617.6,3
617.9,3
618.1,3
618.3,3
618.7,3
618.8,3
619.7,3
62.00,3
62.12,3
62.25,3
62.26,3
62.34,3
62.39,3
62.51,3
62.78,3
62.88,3
620.2,3
620.8,3
621.1,3
624.1,3
624.2,3
624.4,3
624.6,3
625.6,3
625.9,3
626.7,3
627.9,3
628.5,3
629.0,3
629.5,3
629.9,3
63.04,3
63.12,3
63.21,3
63.37,3
63.46,3
63.61,3
63.64,3
63.74,3
63.76,3
63.82,3
63.85,3
63.88,3
630.3,3
632.8,3
633.0,3
633.3,3
633.9,3
634.3,3
635.1,3
635.3,3
635.8,3
636.2,3
636.4,3
636.5,3
637.7,3
638.4,3
638.8,3
6399,3
64.02,3
64.45,3
64.46,3
64.54,3
64.64,3
64.73,3
64.81,3
640.0237,3
640.0327,3
640.2832,3
641.4,3
644.1,3
644.3,3
645.0,3
645.2,3
645.6,3
645.8,3
646.1,3
647.6,3
648.4,3
648.7,3
648.8,3
649.4,3
65.35,3
65.45,3
65.55,3
65.72,3
65.79,3
65.87,3
65.90,3
65.98,3
650.8,3
651.6,3
652.5,3
652.7,3
653.8,3
655.2,3
655.7,3
656.6,3
6565,3
658.0,3
658.1,3
659.4,3
659.8,3
659.9,3
66.00,3
66.02,3
66.22,3
66.24,3
66.37,3
66.71,3
66.77,3
66.91,3
66.92,3
660.3,3
660.4,3
660.9,3
661.0,3
662.0,3
662.2,3
663.9,3
6635,3
664.9,3
665.7,3
666.5,3
667.0,3
667.6,3
667.7,3
668.5,3
668.6,3
669.7,3
67.00,3
67.34,3
67.49,3
67.58,3
67.61,3
67.73,3
67.81,3
67.91,3
67.92,3
670.6,3
677.0,3
678.1,3
678.3,3
679.0,3
679.7,3
68.02,3
68.13,3
68.18,3
68.26,3
68.44,3
68.45,3
68.56,3
68.58,3
68.63,3
68.64,3
68.69,3
68.73,3
680.0,3
680.6,3
681.2,3
682.3,3
683.5,3
684.4,3
685.7,3
6853,3
686.0,3
687.0,3
687.3,3
689.7,3
69.03,3
69.04,3
69.80,3
69.94,3
690.4,3
691.7,3
691.8,3
692.3,3
694.1,3
695.2,3
695.4,3
695.6,3
695.7,3
697.9,3
698.1,3
698.4,3
698.7,3
698.8,3
6984,3
699.2,3
699.3,3
7.16,3
7.31,3
7.66,3
7.85,3
70.00,3
70.05,3
70.15,3
70.32,3
70.34,3
70.43,3
70.49,3
70.60,3
70.64,3
70.69,3
70.71,3
70.74,3
704.1,3
704.9,3
706.9,3
708.0,3
708.8,3
708.9,3
709.3,3
71.13,3
71.30,3
71.55,3
71.71,3
71.84,3
71.93,3
710.4,3
710.6,3
710.94,3
711.1,3
711.6,3
712.2,3
712.7,3
713.1,3
7130,3
714.5,3
716.6,3
717.0,3
718.3,3
718.7,3
719.1,3
719.8,3
72.06,3
72.09,3
72.14,3
72.15,3
72.26,3
72.37,3
72.39,3
72.46,3
72.53,3
72.64,3
72.72,3
72.82,3
72.94,3
720.4,3
721.0,3
721.3,3
721.5,3
721.8,3
722.9,3
725.0,3
726.2,3
726.8,3
727.2,3
727.4,3
727.8,3
729.5,3
7294,3
73.16,3
73.17,3
73.42,3
73.64,3
73.65,3
73.78,3
73.81,3
73.84,3
73.97,3
730.0,3
7305,3
732.6,3
732.8,3
733.1,3
733.2,3
734.0,3
734.7,3
734.8,3
737.5,3
737.7,3
737.8,3
739.7,3
74.11,3
74.13,3
74.17,3
74.25,3
74.32,3
74.39,3
74.40,3
74.47,3
74.53,3
74.73,3
74.80,3
74.88,3
74.94,3
74.97,3
740.6,3
7403,3
7415,3
742.6,3
743.3,3
744.1,3
744.7,3
745.5,3
746.7,3
747.3,3
747.7,3
748.2,3
748.5,3
748.9,3
749.6,3
749.7,3
75.08,3
75.13,3
75.45,3
75.50,3
75.68,3
75.73,3
75.91,3
750.6,3
753.0,3
754.3,3
754.5,3
754.7,3
755.4,3
756.2,3
756.9,3
758.1,3
759.5,3
76.01,3
76.07,3
76.08,3
76.09,3
76.11,3
76.20,3
76.31,3
76.74,3
76.83,3
760.9,3
761.2,3
761.6,3
761.8,3
763.0,3
763.2,3
763.5,3
763.6,3
764.2,3
764.9,3
766.6,3
766.7,3
767.5,3
769.0,3
769.2,3
769.3,3
77.05,3
77.28,3
77.36,3
77.48,3
77.59,3
77.73,3
77.74,3
77.80,3
77.84,3
77.96,3
770.4,3
771.0,3
771.1,3
772.0,3
773.2,3
773.5,3
774.6,3
777.3,3
777.7,3
7798,3
78.11,3
78.29,3
78.35,3
78.52,3
78.54,3
78.80,3
78.81,3
78.93,3
780.9,3
781.3,3
7812,3
784.4,3
784.7,3
784.8,3
785.3,3
786.0,3
786.5,3
787.9,3
788.5,3
789.6,3
789.8,3
79.08,3
79.17,3
79.27,3
79.73,3
79.79,3
79.98,3
790.0,3
790.3,3
790.4,3
790.6,3
790.7,3
790.8,3
791.4,3
7921,3
793.3,3
795.3,3
795.7,3
798.3,3
799.3,3
799.5,3
799.8,3
8.2021,3
8.238,3
8.375,3
8.44,3
8.63,3
8.67,3
8.69,3
8.71,3
8.74,3
8.81,3
8.82,3
8.88,3
80.03,3
80.04,3
80.14,3
80.25,3
80.34,3
80.35,3
80.44,3
80.55,3
800.6,3
800.7,3
802.5,3
803.0,3
8049,3
806.1,3
807.2,3
807.4,3
807.5,3
808.2,3
808.6,3
809.3,3
81.06,3
81.26,3
81.27,3
81.37,3
81.56,3
81.77,3
81.79,3
81.88,3
810.0,3
810.9,3
813.7,3
813.8,3
814.2,3
814.6,3
814.9,3
815.2,3
816.2,3
816.4,3
817.3,3
819.5,3
82.03,3
82.08,3
82.22,3
82.30,3
82.31,3
82.33,3
82.38,3
82.44,3
82.48,3
82.80,3
82.85,3
82.90,3
82.98,3
820.1,3
820.6,3
8206,3
821.2,3
822.4,3
822.6,3
823.6,3
823.7,3
824.7,3
826.1,3
826.3,3
826.4,3
826.5,3
8261,3
827.2,3
829.4,3
83.22,3
83.49,3
83.59,3
83.84,3
830.1,3
831.5,3
831.6,3
835.6,3
838.6,3
839.0,3
84.00,3
84.03,3
84.20,3
84.23,3
84.63,3
840.1,3
841.1,3
841.4,3
841.7,3
843.0,3
844.0,3
844.8,3
845.0,3
845.1,3
847.6,3
847.7,3
8489,3
849.5,3
849.7,3
85.16,3
85.64,3
85.82,3
85.85,3
85.92,3
85.94,3
850.1,3
850.3,3
851.8,3
853.3,3
853.7,3
854.4,3
856.1,3
856.2,3
858.6,3
859.0,3
859.3,3
859.5,3
86.26,3
86.29,3
86.41,3
86.46,3
86.63,3
86.75,3
86.92,3
860.1,3
860.4,3
860.6,3
862.8,3
863.1,3
864.6,3
865.3,3
865.8,3
866.9,3
869.2,3
869.5,3
869.6,3
87.03,3
87.18,3
87.27,3
87.29,3
87.36,3
87.38,3
87.49,3
87.50,3
87.71,3
87.77,3
87.85,3
87.88,3
87.98,3
870.4,3
871.0,3
871.7,3
871.8,3
872.6,3
873.2,3
874.1,3
874.3,3
874.8,3
875.8,3
876.1,3
876.4,3
876.5,3
876.9,3
879.0,3
88.01,3
88.16,3
88.17,3
88.18,3
88.21,3
88.26,3
88.35,3
88.53,3
88.66,3
881.2,3
881.5,3
882.3,3
882.7,3
883.0,3
883.1,3
883.6,3
884.3,3
885.7,3
886.4,3
887.6,3
888.0,3
888.4,3
889.5,3
89.00,3
89.28,3
89.46,3
89.47,3
89.59,3
89.98,3
890.3,3
890.4,3
891.8,3
892.2,3
892.9,3
893.0,3
894.2,3
895.9,3
896.1,3
897.0,3
8974,3
898.2,3
898.6,3
8988,3
899.0,3
9.07222,3
9.26,3
9.47,3
9.59,3
9.86,3
9.87,3
9.87654,3
9.876541,3
9.881,3
90.05,3
90.13,3
90.22,3
90.34,3
90.38,3
90.82,3
90.92,3
900.0,3
900.5,3
900.6,3
902.8,3
903.4,3
903.5,3
903.7,3
904.6,3
904.7,3
905.2,3
906.6,3
907.8,3
908.559,3
909.1,3
909.6,3
9098,3
91.17,3
91.20,3
91.24,3
91.38,3
91.50,3
91.65,3
91.75,3
91.78,3
91.80,3
91.83,3
91.92,3
91.93,3
911.7,3
913.4,3
913.9,3
914.6,3
914.7,3
915.0,3
916.4,3
917.5,3
917.6,3
917.9,3
918.0,3
918.7,3
919.5,3
919.9,3
92.07,3
92.45,3
92.63,3
92.65,3
92.66,3
92.83,3
92.91,3
920.6,3
921.1,3
921.2,3
922.4,3
923.8,3
924.1,3
924.9,3
925.4,3
926.2,3
926.8,3
928.8,3
92826,3
929.7,3
929.8,3
93.07,3
93.21,3
93.22,3
93.55,3
93.71,3
93.78,3
93.81,3
93.94,3
93.95,3
93.96,3
93.98,3
930.7,3
930.9,3
931.8,3
931.9,3
932.3,3
934.8,3
935.5,3
937.0,3
937.2,3
938.9,3
939.6,3
94.02,3
94.09,3
94.28,3
94.30,3
94.31,3
94.36,3
94.77,3
94.85,3
94.89,3
94.92,3
941.7,3
942.1,3
943.3,3
943.8,3
944.8,3
944.9,3
948.8,3
949.1,3
949.2,3
949.6,3
95.07,3
95.23,3
95.25,3
95.36,3
95.50,3
95.52,3
95.62,3
95.63,3
95.80,3
950.9,3
952.0,3
952.7,3
954.0,3
955.1,3
955.7,3
955.8,3
95674,3
957.9,3
959.2,3
959.6,3
959.7,3
959.9,3
96.05,3
96.12,3
96.13,3
96.15,3
96.35,3
96.36,3
96.48,3
96.52,3
96.89,3
96.95,3
96.99,3
962.3,3
963.3,3
963.8,3
964.5,3
965.6,3
965.8,3
965.9,3
966.7,3
967.1,3
967.7,3
968.2,3
968.4,3
97.06,3
97.13,3
97.14,3
97.40,3
97.44,3
97.55,3
97.63,3
97.70,3
97.79,3
970.8,3
973.3,3
973.6,3
973.9,3
975.1,3
975.6,3
975.9,3
976.5,3
977.6,3
978.5,3
978.7,3
978.8,3
979.2,3
979.3,3
98.05,3
98.09,3
98.11,3
98.25,3
98.26,3
98.35,3
98.44,3
98.53,3
98.69,3
98.96,3
98.99,3
980.3,3
980.7,3
980.9,3
98052,3
983.5,3
983.8,3
987.1,3
987.9,3
989.6,3
99.03,3
99.10,3
99.11,3
99.23,3
99.24,3
99.28,3
99.29,3
99.59,3
99.63,3
99.70,3
99.715,3
99.74,3
99.750,3
99.76,3
99.784,3
99.875,3
99.915,3
99.97,3
990.2,3
990.8,3
991.3,3
993.2,3
993.8,3
994.6,3
994.8,3
998.0,3
998.5,3
999.2,3
999.3,3
999.4,3
999.9,3
999855,3
a-1-1,3
a-1-10,3
a-1-11,3
a-1-2,3
a-1-3,3
a-1-4,3
a-1-5,3
a-1-6,3
a-1-7,3
a-1-8,3
a-1-9,3
a-18s,3
a-2-1,3
a-2-10,3
a-2-11,3
a-2-2,3
a-2-3,3
a-2-4,3
a-2-5,3
a-2-6,3
a-2-7,3
a-2-8,3
a-2-9,3
a-3-1,3
a-3-10,3
a-3-11,3
a-3-2,3
a-3-3,3
a-3-4,3
a-3-5,3
a-3-6,3
a-3-7,3
a-3-8,3
a-3-9,3
a-4-1,3
a-4-10,3
a-4-11,3
a-4-2,3
a-4-3,3
a-4-4,3
a-4-5,3
a-4-6,3
a-4-7,3
a-4-8,3
a-4-9,3
a-5-1,3
a-5-10,3
a-5-11,3
a-5-2,3
a-5-3,3
a-5-4,3
a-5-5,3
a-5-6,3
a-5-7,3
a-5-8,3
a-5-9,3
a-rated,3
a-to-z,3
a.1,3
a.n.t,3
a0375notesdue2033member,3
a0800notesdue2040member,3
a2022q4exhibit991.htm,3
a2i,3
aaa-,3
aaer,3
abd,3
aben,3
aberlour,3
abhishek,3
aboard,3
above-market,3
above-stated,3
abseamed,3
absssi,3
abstention,3
abston,3
accelerometer,3
accesses,3
acclimation,3
accommodating,3
accountingstandardsupdate201712member,3
accountingstandardsupdate201802member,3
accum-,3
accustomed,3
achievability,3
achtmes,3
aclasta,3
acolyte,3
acquit,3
acquittal,3
actelion's,3
actemra,3
actively-managed,3
activin,3
activision,3
activity-based,3
acura,3
ad-15,3
adcenter,3
adcs,3
adello,3
adj,3
adjudicator,3
adjustors,3
adm,3
administracion,3
administrator-related,3
admiration,3
adnan,3
adp,3
adriatic,3
adrien,3
advics,3
aecp,3
afe,3
affirmatively,3
afianzadora,3
afin,3
afluria,3
aftershocks,3
agarwal,3
age-appropriate,3
aggrastat,3
aggregator,3
ah-64e,3
aha,3
aig,3
air-,3
air-conditioning,3
air-quality,3
airbnb,3
airfare,3
aj,3
ajout,3
aker,3
akorn,3
akteingesellschaft,3
alchemist,3
alebeek,3
alerted,3
ales,3
alexa-compatible,3
alexandre,3
alexis,3
aligners,3
alimta,3
alison,3
alkaline,3
all-female,3
all-fiber,3
all-glass,3
allee,3
allergists,3
allotments,3
allswell,3
alltech,3
alpha4,3
altavista,3
alued,3
aluminum-based,3
always-smart,3
amax,3
amazon-built,3
amazon.com.br,3
amazon.com.mx,3
ambac,3
ambassadors,3
amc,3
amcdermo,3
amendable,3
amicus,3
amil's,3
amsted,3
amusement,3
amyloidosis,3
analytically,3
analyzers,3
anbessie,3
anchorage,3
anchors,3
andres,3
angiotech,3
anguel,3
animations,3
annedroids,3
annulling,3
anogenital,3
anonymously,3
anpr,3
ante,3
anthem,3
anti-,3
anti-harassment,3
anticoagulated,3
antitrust-driven,3
anumet,3
anxiety,3
apaches,3
apec,3
apheresis,3
aphrodite,3
apid,3
apj,3
apmea's,3
appalachia,3
appdynamics's,3
application-development,3
application-specific-integrated-circuits,3
appointive,3
appraiser,3
apprised,3
approv,3
aquifer,3
archive,3
aredia,3
aren't,3
argentinian,3
ariba,3
around-the-clock,3
arrakis,3
arrest,3
artially,3
arzneimittel,3
as-incurred,3
ased,3
aseng,3
ashrae,3
asm,3
aspect-np,3
assays,3
assignability,3
associating,3
asterisk,3
astounding,3
astronautics,3
at-work,3
athens,3
ating,3
atra,3
atripla,3
atrium,3
attacked,3
attenuated,3
attm,3
attorneys-in-fact,3
atul,3
auc,3
audio-only,3
audiovisual,3
augmentation,3
auromedics,3
australasia,3
aut,3
autobody,3
autolite,3
autonomously,3
autopilot,3
autorit,3
avad,3
avago,3
avalon,3
aven,3
avons,3
award-winner,3
axe,3
axial,3
axiom,3
axios,3
aylwin,3
b-l,3
b.1,3
b.3,3
b.5,3
b4,3
b6,3
baaqmd,3
backdating,3
backflip,3
backflip's,3
backscatter,3
backside,3
backups,3
badamyar-low,3
badge,3
bahnhof,3
bailey,3
baking,3
bakopanos,3
balachandran,3
balkans,3
ballard,3
bandish,3
bandits,3
bank1,3
bankruptcy-remote,3
baratta,3
barbed,3
barbini,3
barnes,3
barnstable,3
barq's,3
barrani,3
basecamps,3
baseload,3
basics,3
basking,3
baton,3
bauman,3
baydale,3
bc-20,3
bcf,3
bcr,3
bcsc,3
bearings,3
beautifully,3
bedtime,3
beh,3
behaviours,3
belanger,3
bellwethers,3
belt-led,3
beltzer,3
benches,3
bendamustine,3
benet,3
benitez,3
benjamin,3
bennett,3
bensen,3
bereavement,3
berg,3
bergs,3
berlinski,3
berman,3
bernstein's,3
best-of-industry,3
best-qualified,3
bestbuy.com,3
beta7,3
bettered,3
betty,3
bi-lo,3
bi-sexual,3
bid-rigging,3
bidirectional,3
big-ticket,3
billio,3
billtrust,3
binetti,3
binocrit,3
bio-feedstock,3
biograstim,3
biomedica,3
biomedicines,3
biopoin,3
bioseal,3
biosurgicals,3
biotherapies,3
birr,3
bisphenol-a,3
blagman,3
bldg,3
blood-clotting,3
blunt,3
bmo,3
boardroom,3
boat,3
bobby,3
boeing-built,3
boisson,3
boissons,3
bolland,3
bomedemstat,3
boniva,3
bons,3
bonviva,3
bookmarks,3
bookrunner,3
bookrunning,3
bookselling,3
boosts,3
borat,3
borrower's,3
borrower-,3
bosetan,3
boutique,3
bowman,3
boyle,3
bozer,3
bp-operated,3
bpd,3
bpo,3
bradstreet,3
brady,3
braintree,3
brand-agnostic,3
branning,3
bras,3
brca-mutated,3
brca1,3
breathe,3
brecknock,3
breeze,3
brendan,3
brent-linked,3
brexit-related,3
brightest,3
broad-line,3
broadbanditv,3
broadrooms.com,3
brozovich,3
brushes,3
bryson,3
bs,3
bsd,3
bu3,3
bubble,3
buckley,3
building-,3
built-for-the-cloud,3
bulgarian,3
bumps,3
bundled-payment,3
burgeoning,3
burritos,3
busiest,3
business-building,3
business-process,3
business-segment,3
business-to-small,3
butner,3
butt,3
buttowski,3
buyer-initiated,3
buzzfeed,3
bvps,3
byannli,3
byom,3
c$1.125,3
c$2.5,3
c$500,3
c'est,3
c-1,3
c-2,3
c.6,3
c1,3
c2b,3
c6-1,3
caixa,3
cal-ky,3
calcijex,3
calcium-sensing,3
calculators,3
california-only,3
caller,3
calliance,3
calm,3
cambo,3
camc,3
canadians,3
canadiennes,3
candid,3
candor,3
capacitive,3
capacitor,3
capital-allocation,3
capozzi,3
car-t,3
cara.walker,3
cardio-metabolic,3
cardiometabolic,3
cardioversion,3
care's,3
carrier-class,3
carroll,3
casa,3
casey's,3
cash-settleable,3
cashflow,3
casr,3
cassandra,3
castrate,3
cataracts,3
catcher,3
categorically,3
catering,3
caters,3
cathay,3
cautiously,3
cc2,3
ccrcc,3
cd0,3
cd19,3
cd33,3
cda-1,3
cdata,3
cdb-1,3
cdn$13.1,3
cdn$2.5,3
cdn$25.00,3
cdn$8.3,3
cdns,3
ce8,3
ceacam1,3
ceara,3
cediranib,3
cei,3
cellco's,3
celsius,3
centage,3
centerview,3
centres,3
cephalosporin,3
ceree,3
cetrelimab,3
ceux,3
cf5,3
cfkk,3
cfos,3
chabazite,3
champs,3
changeinassumptionsforpensionplansmember,3
charger,3
charit,3
chavez,3
cheadle,3
check-in,3
cheer,3
cheesewright,3
chefs,3
chemotherapy-placebo,3
chen,3
chennai,3
cheryl,3
chevron-led,3
chevron-operated,3
chia,3
chiefs,3
chien,3
chills,3
chimember,3
china-taiwan,3
chinese-made,3
choix,3
choppy,3
chopra,3
christoph,3
christy,3
chromecast,3
chromosome-positive,3
chugai,3
ciba,3
cida,3
cifra,3
cignoli,3
cinemax,3
cios,3
cip,3
cir,3
circulatory,3
citizen-centric,3
citizenry,3
city's,3
civilly,3
cker,3
claes,3
claims-in-full,3
class-wide,3
clean-burning,3
cleansers,3
clearings,3
cleopatra,3
clickable,3
climb,3
climbing,3
clinical-trial,3
clinically-significant,3
clock-signal,3
clocking,3
clorox,3
closing-price,3
cloud-enhanced,3
cloud-ready,3
cloud-to-edge,3
clouding,3
cloudkit,3
cloudwatch,3
clutter,3
clyde,3
cm,3
cmcsa,3
cmts,3
cna,3
cnn,3
cnpd,3
co-,3
co-administered,3
co-borrowers,3
co-browse,3
co-browsing,3
co-creation,3
co-engineering,3
co-hosted,3
co-infection,3
co-investors,3
co-leader,3
co-optimization,3
co-plaintiff,3
co-processing,3
cobi,3
cocacolabottlersjapanholdingsmember,3
coconut,3
code-level,3
codewhisperer,3
codon,3
coello,3
cof,3
cognition,3
cognizable,3
cognos,3
cohere,3
coil,3
coins,3
col,3
colbert,3
colella,3
collectivit,3
colombia-3,3
colonial,3
colorado-based,3
colquitt,3
comfortably,3
coming-of-age,3
comm,3
commissioner's,3
comms,3
community-behavioral,3
compac,3
company-designated,3
company-overview,3
comparative-period,3
complicity,3
composable,3
compose,3
compre-,3
comprehen-,3
comprehend,3
compressing,3
comps,3
compton,3
comurhex,3
conbriza,3
concepcion,3
conciliation,3
concurred,3
conditionality,3
conexpo,3
confederation,3
confronts,3
congrats,3
conn,3
connective,3
conscientious,3
consecutively,3
conservancy,3
conserved,3
constitue,3
constrains,3
constriction,3
construe,3
consult-to-operate,3
consumer-led,3
consumer-level,3
consumer-style,3
consumerization,3
consummating,3
consummations,3
consumption-based,3
contendere,3
content-driven,3
context-aware,3
contraceptives,3
contrasts,3
contravened,3
contravenes,3
controltac,3
conveniens,3
convenors,3
converges,3
convince,3
conway,3
copa,3
copd,3
copenhagen,3
copied,3
copper-to-copper,3
coprocessors,3
copyrightable,3
coremetrics,3
corp.legal.notices,3
corporate-related,3
corporate-responsibility,3
corporate.walmart.com,3
corresponded,3
cortical,3
cossack,3
cost-conscious,3
cost-of-cash,3
cost-of-ownership,3
cost-optimized,3
cost-savings,3
costamember,3
costliest,3
countercyclicality,3
countering,3
counterproposal,3
countrywide,3
coursework,3
cpa,3
cpl,3
crackers,3
crate,3
creamy,3
creatively,3
crescent,3
cristina,3
critically-acclaimed,3
cross-architecture,3
cross-cultural,3
cross-motion,3
cross-petition,3
cross-references,3
cross-sector,3
crpc,3
cruden,3
cruz,3
cryptographically,3
csps,3
cst-100,3
ctep,3
cteph,3
ction,3
cubitron,3
culminates,3
curate,3
curates,3
curatively,3
curfew,3
curriculums,3
cv-05800,3
cvm,3
cybersource-branded,3
cyberterrorism,3
cyclosporine,3
cz1,3
d'un,3
d-9,3
d1,3
d595e1-d998-4eb1-905a-10bc14571cb2,3
dabaa,3
daddy,3
dahlia,3
data-carrying,3
data-protection,3
databand.ai,3
datorama's,3
davantage,3
daventry,3
dcl,3
dcvv2,3
debiase,3
debora,3
debt-to-cap,3
debtdomain,3
debtor-in-possession,3
dec-16,3
dec-21,3
decade-long,3
decarbo,3
decedent,3
decertify,3
decimals,3
decisioning,3
decisively,3
declarative,3
declared-essential,3
declination,3
decr,3
deep-learning,3
definedbenefitplanderivativemember,3
definedbenefitplanequitysecuritiescommonstockmember,3
definedbenefitplanequitysecuritiesnonusmember,3
definedbenefitplanequitysecuritiesusmember,3
definitization,3
dehydrate,3
deliverability,3
dellphi-301,3
dellphi-303,3
delves,3
demand-deposit,3
demandtec,3
democratization,3
democratized,3
dennis,3
dent,3
dentistry,3
denver-julesburg,3
dep,3
departing,3
deposit-raising,3
depository-institution,3
deprecation,3
depreciating,3
depressive,3
depths,3
deq,3
derail,3
derecognizes,3
derek,3
descriptors,3
designatedashedginginstrumentmember,3
desiree,3
desogestrel,3
devaluation-related,3
develop-from-within,3
developer-first,3
developmental-licensee,3
devotion,3
dexed,3
dfc,3
diablo,3
diabolical,3
diagram,3
diaries,3
dias,3
dickinson,3
diesel-fueled,3
diets,3
diff,3
digital-commerce,3
digitalize,3
digitally-enable,3
digitally-native,3
diller,3
diminution-in-property,3
dinkins,3
diploma,3
director-level,3
directorial,3
disabilityequalityindex.org,3
disallowable,3
disallows,3
discerning,3
discourse,3
discovery-related,3
disease-free,3
disinfectant,3
disney100,3
dispenses,3
displace,3
disposables,3
disruptors,3
dissents,3
dissipate,3
distillers,3
distributively,3
diverts,3
divestituresdeconsolidationsandothermember,3
divestures,3
division-related,3
divulged,3
djsi,3
dl1,3
dlbcl,3
doers,3
dogged,3
doha,3
doi,3
doi.org,3
dolutegravir,3
doma,3
dome,3
domesticplanmember,3
domino,3
donnant,3
dont,3
donuts,3
doon,3
doreen,3
dosages,3
dosed,3
douala,3
double-derivative,3
doughtie,3
dowling,3
downhill,3
drawback,3
drayage,3
drogheda,3
droid,3
droit,3
drops,3
drs,3
dry-powder,3
dsnp,3
dtibor0,3
dual-core,3
dual-eligible,3
dual-layer,3
duke-margolis,3
dur,3
durkin,3
dwaine,3
dynamism,3
dynatel,3
dynegy,3
dyspnea,3
e-11,3
e-l,3
e-tron,3
early-,3
early-debt,3
earnings-at-risk,3
earnings-diluted,3
earthmoving,3
earthport,3
easy-to-browse,3
eberly,3
ebsi,3
ec1a,3
echa,3
eclipse,3
ecology,3
ecs,3
ecx,3
eddie,3
edelman,3
edemption,3
edge-related,3
edi,3
edith,3
edmund,3
edmunds,3
edpb,3
efault,3
efes,3
effectuating,3
efficacious,3
efinitions,3
egfr-mutated,3
egfrs,3
eha,3
eighty,3
eikon,3
electrify,3
electrolux,3
elevates,3
elevations,3
eliminationsmember,3
elisa,3
elisa.alfstad-hahn,3
elke,3
elkton,3
elle,3
ellie,3
elongated,3
embarks,3
embodies,3
embody,3
embodying,3
embryo-fetal,3
emedies,3
emfi,3
emib,3
emmy-nominated,3
emotions,3
employee-focused,3
employee-share-based,3
employments,3
emptoris,3
empty,3
en_us,3
endangered,3
endo,3
endopath,3
endorsee,3
endoscopic,3
endurance,3
enefit,3
enel,3
eneral,3
energy-demand,3
energy-efficiency,3
enforcement-,3
eng,3
enron,3
ensemble,3
ension,3
ent's,3
enterprise-ready,3
entertains,3
enthusiasts,3
entice,3
entrusting,3
entry-priced,3
environ,3
environment-related,3
environmentally-focused,3
eobs,3
eortc-1416-lcg,3
epi,3
epirubicin,3
equations,3
equity-index,3
equity1,3
equitymethodinvestmentnonconsolidatedinvesteeothermember,3
erdafitinib,3
erected,3
ergonomically,3
erie,3
erred,3
escc,3
escheat,3
espn-branded,3
espndeporteslosangeles.com,3
espresso,3
estate-backed,3
ethically,3
ethnically,3
etop-8-15,3
eu-legacy,3
euas,3
eugia,3
euratom,3
euro-dollar,3
euronext,3
europemiddleeastafricamember,3
euwa,3
event-free-survival,3
ever-smaller,3
every-other-year,3
evra,3
ews,3
ex-,3
ex-5,3
exceedingly,3
executive-level,3
executor,3
execware,3
exemplified,3
exeter,3
exhibit99,3
exhibit991ercc.htm,3
exhibit_10,3
exhibit_1_1,3
exhibit_21,3
exhibit_3,3
exhibit_4_1,3
exhibit_4_2,3
exhibit_99_15,3
experian,3
expertly,3
exporters,3
exterran,3
extinguishing,3
extort,3
extracellular,3
exxon,3
eyal,3
eyeglass,3
f-2,3
f-x,3
faa's,3
fablyn,3
facilities-related,3
factorings,3
fairfax,3
fairies,3
fairlifemember,3
fairvaluemeasuredatnetassetvaluepersharemember,3
fait,3
familles,3
fan-favorite,3
fanbase,3
fanciful,3
farm-in,3
farrell,3
fasb.org,3
fastening,3
fats,3
faucet,3
fayard,3
fcn,3
fcp,3
fcps,3
fcs,3
fda-authorized,3
fdic-assessed,3
fdm,3
fearless,3
feature-rich,3
federations,3
feeds.feedburner.com,3
feelings,3
fellows,3
fema,3
femina,3
fermentation,3
fernandes,3
fernandez,3
ferrara,3
ferrosan,3
festinmd,3
fetal,3
fewest,3
fiber-to-the-cellsite,3
fiber-to-the-home,3
fifty-five,3
fifty-third,3
filtek,3
finan,3
financ,3
financial-results,3
finial,3
finitelivedintangibleassetsmember,3
finning,3
fins,3
firefly,3
first-inventor-to-file,3
first-to-invent,3
fischer,3
fixedincomefundsmember,3
flanders,3
flatbed,3
fleetwise,3
fleming,3
flexibly,3
flies,3
flings,3
flowed,3
flt3,3
fluor,3
flyease,3
fm,3
focal,3
folate,3
folfox6,3
foreigncurrencyandcommoditiescontractsmember,3
foreigncurrencydenominateddebtmember,3
forensics,3
forgery,3
forgotten,3
formatting,3
formula-driven,3
forschungs,3
forsteo,3
forteo,3
fortitude-103,3
forty-one,3
fosrenol,3
four-month,3
four-part,3
fourier-ole,3
foursquare,3
fourteen-month,3
fpl,3
fr,3
fram,3
frances,3
francesca,3
francine,3
frbb,3
free-pricing,3
free-to-use,3
freezes,3
fresher,3
freshly,3
frites,3
fro,3
front-office,3
frost,3
frozen-themed,3
frtb,3
frustrated,3
frustrations,3
fs-1,3
fs-11,3
fs-35,3
fs-37,3
fs-41,3
fs-43,3
fs-45,3
fs-59,3
fs-64,3
fs-69,3
fss,3
fttcs,3
fuel's,3
full-period,3
full-spectrum,3
fully-featured,3
functional-use,3
fund's,3
funneled,3
futter,3
future-ready,3
fy08,3
fy15,3
fy2019,3
fy2024,3
fy25,3
fy26,3
g-1,3
g-2,3
g-capable,3
g2,3
gadgets,3
galey,3
galileo,3
game's,3
game-related,3
gamechanger,3
garages,3
garf,3
garnered,3
garth,3
gate-all-around,3
gaudi,3
gawel,3
gayle,3
gbtg,3
ged,3
geisinger,3
gel,3
generic-product,3
genuinely,3
genzyme,3
geocities,3
geolocation,3
geology,3
geriatric,3
gevo,3
giambastiani,3
gilles,3
glad,3
gladstone,3
glance,3
glasgow,3
glassdoor,3
gleason,3
glendale,3
globe-spanning,3
gloria,3
glucocorticoids,3
glucose-lowering,3
gmp,3
gmv,3
gnomeo,3
goal-setting,3
goeckeler,3
goepelt's,3
google's,3
gore,3
government-subsidized,3
government-wide,3
gpne,3
gpo,3
gpu-based,3
gra,3
grafana,3
graft-versus-host,3
grandchildren,3
grandparents,3
granocyte,3
grant-by-grant,3
granulocyte-colony,3
graphics-intensive,3
grassroots,3
grave,3
graviton,3
gravity-based,3
greenberg,3
greylock,3
ground-breaking,3
groupmac,3
groupwide,3
growth-minded,3
growth-oriented,3
growth-rates,3
growth-related,3
grrrls,3
grygiel,3
gsfc,3
gsheibley,3
guangzhou,3
guardduty,3
gutow,3
gwp,3
gy004,3
gym,3
h.264,3
h.d,3
h.e,3
h.j,3
h1162,3
haas,3
hackettstown,3
haguenau,3
haiti,3
hakko,3
halfway,3
halla,3
halverson,3
hand-delivered,3
hangar,3
hanging,3
hangzhou,3
hanna,3
hansen,3
harbinger,3
hard-drive,3
hard-to-reach,3
hardgrove,3
hardware-accelerated,3
hare,3
hargrove,3
harrah,3
hartson,3
hasn,3
hasn't,3
hastie,3
hayama,3
hayley,3
hays,3
hbcus,3
hbomax,3
hca,3
hdmi,3
headcount-,3
headlines,3
health's,3
healthiest,3
heartbreaking,3
hebert,3
hectorol,3
helene,3
hellenic's,3
helm,3
helmut,3
hemostatic,3
henderson,3
hensive,3
hepatocyte,3
herbstreit,3
hereinabove,3
hermes,3
hewitt,3
hfpo-da,3
hfref,3
hgrac,3
hhonors,3
hibbard,3
high-efficiency,3
high-fuel-price,3
high-tax,3
highly-anticipated,3
highly-leveraged,3
highly-secure,3
highness,3
hipoglos,3
hisense,3
hoa,3
hoas,3
hojin,3
holder's,3
hollow,3
holthaus,3
holts,3
homecoming,3
homeschooling,3
honorary,3
honorees,3
hook,3
hoops,3
hospice,3
householding,3
houssain,3
hovering,3
hps,3
hq2,3
hrsa,3
huang,3
hulst,3
human-like,3
humor,3
hunger,3
huntington,3
hyaluronidase,3
hyannis,3
hybrid-first,3
hydro,3
hydrocracker,3
hygienic,3
hyperledger,3
hypervisor,3
hyperwallet,3
hypotension,3
hypothalamus,3
i-1,3
i-2,3
i2c,3
i3-branded,3
ibmers,3
ibsen,3
icici,3
idc's,3
ide,3
idec,3
identity-based,3
idvd,3
ifn-alpha,3
iia-fc,3
iii-1,3
il-15,3
ilaap,3
ilona,3
ils,3
ily,3
imagery,3
imagined,3
imagining,3
imago,3
imbalances,3
imessage,3
immoral,3
immunizations,3
impasses,3
impeded,3
imperil,3
impersonating,3
implementer,3
impression-based,3
impugns,3
imtec,3
in-car,3
in-garage,3
in-patient,3
in-progress,3
in-the-cloud,3
in-turn,3
in-year,3
inancial,3
inches,3
incluant,3
income-gains,3
incompetence,3
incr,3
incubate,3
incubation,3
inde,3
indebted,3
indecency,3
indemnifiable,3
indexed-based,3
indiabottlingoperationsmember,3
indinavir,3
indivers,3
indorse,3
indorsement,3
industrial-oriented,3
industry-defining,3
inequities,3
inferentia2,3
infirmity,3
inflation-indexed,3
infractions,3
infringements,3
inherited,3
inject,3
injury-free,3
innumerable,3
insecure,3
insightful,3
inspur,3
instantaneous,3
instr,3
insufficiently,3
insurgentes,3
int'l,3
intel-sponsored,3
intellidrive,3
intensification,3
intents,3
inter-active,3
inter-european,3
inter-local,3
interdigital,3
interest-,3
interest-free,3
interleukin-17,3
interline's,3
interlocks,3
internet-facing,3
interoperate,3
interplay,3
interpolate,3
interrogators,3
interviewing,3
intestate,3
intolerance,3
intramuscular,3
intravascular,3
intucell,3
intuitively,3
inventive,3
investi,3
investigation-related,3
investment-related,3
investors.nikeinc.com,3
invoked,3
io2,3
iodine,3
ip-related,3
ipf,3
ippan,3
ipus,3
irial,3
irinotecan,3
irinotecan-based,3
irinotecan-containing,3
irja,3
ironnet,3
irresistibly,3
irs's,3
iscellaneous,3
ismail,3
israeli-based,3
ist,3
itching,3
item_2_05_exit_or_disposal_activities,3
item_3_02_unregistered_sales_of_equity,3
iterative,3
itineraries,3
itron,3
iusacell's,3
iweb,3
j.b,3
j.p.morgan,3
j.s,3
jacksonville,3
jakarta,3
jamais,3
jane,3
janssenus,3
jawbone,3
jba,3
jbryan,3
jcs,3
jerry,3
jettison,3
jnj-2113,3
johan,3
joint-and-several,3
joint-development,3
joint-venturer,3
joints,3
jordan's,3
journalism,3
joyeux,3
jplp,3
jpmorgan.com,3
jpmorganchaseinstitute.com,3
jprd,3
jrd,3
jsc,3
jubail,3
juice-drink,3
julianna,3
juliet,3
jumpstart,3
jung,3
juries,3
jusqu,3
justifications,3
kabbage's,3
kahn,3
kalumbu,3
kanumas,3
karkhanis,3
karoo,3
kasei,3
kathleen,3
kauffman,3
kc-390,3
kd,3
kearfott,3
keelan,3
keelan.j.morris,3
kely,3
kemper,3
kentish,3
kereskedelmies,3
kerry,3
ketan,3
ketkar,3
keybanc,3
keychain,3
keylynk-010,3
keynote-023,3
keynote-146,3
keynote-183,3
keynote-185,3
keynote-412,3
keynote-921,3
keynotes,3
kft,3
kftc's,3
kgaa's,3
khk,3
khoury,3
kick-off,3
kick-out,3
kickin,3
kidman,3
kincaid,3
kitty,3
klarna,3
knights,3
knock,3
ko29a,3
ko33,3
ko40b,3
kokua,3
korablina,3
korea's,3
korea-based,3
krasinski,3
krasnik,3
kratz,3
kreuzlingen,3
kristopher,3
kroes,3
kuhlik,3
kumar,3
kvgo.com,3
kyndryl's,3
l.a,3
labelling,3
lackluster,3
ladders,3
lakshmi,3
lalor,3
laminating,3
lan-fixed,3
langhammer,3
lanning,3
lantiq,3
laser-focused,3
last-mile,3
last-minute,3
last-time,3
lasted,3
lateral,3
latinamericasegmentmember,3
lazard,3
lb-11,3
lb-12,3
lbi,3
lcs,3
lea,3
leaba,3
lead-up,3
leaked,3
leaned,3
leaning,3
leap-007,3
leap-1b,3
lear,3
lebanese,3
lebenthal,3
lectures,3
legatees,3
legislated,3
legitimacy,3
leiomyosarcoma,3
lemon,3
lender's,3
leonel,3
lerma,3
lesley,3
lesser-developed,3
lesson,3
leucadia,3
leucovorin,3
leukaemia,3
leukine,3
lever,3
leverage-,3
leviathan,3
lgbt,3
lhi,3
liability-classified,3
liability-driven,3
licensing-,3
lidar,3
life-saving,3
lifecycles,3
lifestyle-related,3
light-duty,3
ligne,3
liikanen,3
likes,3
lilo,3
limestone,3
liming,3
limitada,3
limited-service,3
limited-use,3
line-cards,3
lineups,3
lingual,3
linksys-related,3
linuxone,3
lipin,3
liposarcoma,3
lipper,3
lisbon,3
litigatio,3
liu,3
liv,3
livelihood,3
lizzo,3
lmra,3
loans-to-deposits,3
loans1,3
loans3,3
loans4,3
lobal,3
locally-sourced,3
lochner,3
lock-down,3
lockbox,3
lodi,3
log-in,3
logistica,3
lognec,3
loiseau,3
lol,3
lonergan,3
long-outstanding,3
long-tailed,3
long-term-debt,3
longer-,3
lonquex,3
lookout,3
loosely,3
loss-related,3
lovastatin,3
low-priced,3
low-resistance,3
low-tier,3
lower-price,3
lower-quality,3
lozano,3
lse,3
lt,3
ltc,3
lu,3
lube,3
lufenuron,3
lufthansa,3
lumbar,3
lumicef,3
lundgren,3
luspatercept,3
luther,3
luxtera,3
lv,3
lyft,3
lying,3
lymphadenectomy,3
lyophilized,3
m.a,3
maclean,3
macrocell,3
macrocells,3
madhavan,3
maerz,3
magnifies,3
mahalo,3
mailed-on,3
mainframes,3
maintenance-of-way,3
make-up,3
malloy,3
malongo,3
malucelli's,3
mammoth,3
managem,3
management1,3
managements,3
manager-level,3
mandiant,3
mango,3
maniacal,3
manifolds,3
mankind,3
manners,3
manoirs,3
manta,3
many-core,3
marenco,3
margolis,3
mariadb,3
mariposa,3
mariposa-2,3
market-,3
market-by-market,3
market-lead,3
market-led,3
market-making-related,3
market-share,3
marketscan,3
marque,3
marschall,3
marshal,3
martin-kleinman,3
marvelon,3
masquerade,3
massachusetts-based,3
massbiologics,3
massie,3
mastermoney,3
mastery,3
mate,3
maternal-fetal,3
matte,3
mattimore,3
mattingly,3
mauritius,3
mavericks,3
maximo,3
maxs,3
maybank,3
maynard,3
mboed,3
mcas,3
mccafe,3
mcclellan,3
mcdonaldmd,3
mcg,3
mcl-1,3
mclay,3
mcneil-,3
mcrib,3
mcwalters,3
mdb-related,3
mealey,3
meantime,3
mec,3
mechanically,3
mechanize,3
medarex,3
medi-cal,3
medialive,3
mediatek,3
medice,3
medicine-related,3
meditation,3
mega-trends,3
meghan,3
member-owned,3
memorandums,3
memorial,3
memory-optimized,3
memos,3
mendakota,3
mentally,3
meraki's,3
merger-date,3
merging,3
meron,3
messier-bugatti,3
metabank,3
metadata,3
metadata-driven,3
metastasis,3
metastasis-free,3
methanol,3
methodically,3
metric-ton-per-year,3
metrix,3
metronidazole,3
metzger,3
mexicana,3
mfi,3
mhi's,3
miacalcin,3
micro-architecture,3
micro-payments,3
microarchitecture-based,3
microchip,3
microchips,3
microinterconnect,3
micromedex,3
microphones,3
mid-1990s,3
mid-2022,3
mid-corporate,3
mid-teen,3
mid-to-late,3
midsized,3
midterm,3
midway,3
milbemycin,3
millimeter-wave,3
millionth,3
milliwatts,3
mimecast,3
mindmeld,3
minestar,3
mini-tender,3
minimummember,3
minitend.htm,3
minnesota-based,3
minority-,3
mippa,3
misbranding,3
misconstrued,3
mishaps,3
misstated,3
mistakenly,3
misuse-management,3
mittal,3
mk-0431d,3
mk-0887a,3
mk-1454,3
mk-3543,3
mk-5442,3
mk-6302,3
mk-7123,3
mml,3
mobilextend,3
mobilization,3
mobilize,3
modelling,3
modulated,3
momentous,3
moncton,3
money-back,3
monolithic,3
monopolizing,3
monsanto,3
month-long,3
moored,3
moorings,3
moran,3
moratoriums,3
more-competitive,3
more-limited,3
mostlylocatedoutsideoftheusamember,3
motoren-werke,3
move-in,3
movers,3
moviefilm,3
moxidectin,3
mp-2016,3
mpa,3
mpalka,3
mpany,3
mpetrie,3
mpp,3
msk,3
mtap,3
mtt,3
muchai,3
mueller,3
muilenburg,3
muller,3
multi-,3
multi-clouds,3
multi-comm,3
multi-defendant,3
multi-intel,3
multi-merchant,3
multi-mode,3
multi-phased,3
multi-screen,3
multi-source,3
multicomponent,3
multigigabit,3
multilaterally,3
multiple-line,3
multiple-microphone,3
multiproduct,3
multiracial,3
multithreaded,3
multon,3
munoz,3
munsell,3
murthy,3
music-themed,3
mustang,3
mutation-positive,3
muzichenko,3
mvp,3
mwd,3
mxnet,3
myeloablative,3
myeloproliferative,3
myntra.com,3
mytrailhead,3
n-95,3
n-terminal,3
n0,3
na.ko.com,3
nai,3
nasa's,3
nationale,3
nationalist,3
natriuretic,3
navneet,3
nbrx,3
ncch1508,3
nco,3
ncome,3
nct03272347,3
ndentures,3
ndividuals,3
near-shore,3
necrolysis,3
neelie,3
negage,3
neila,3
nejm,3
neo,3
neorecormon,3
net-settlement,3
netlink,3
netscape,3
netsunion,3
network's,3
network-attached,3
network-intensive,3
network-optimized,3
neuro-inflammatory,3
neurodiversity,3
neurons,3
neuropeptides,3
neutralizing,3
neutropenia-related,3
neutrophil,3
neutrophil-mediated,3
neutroval,3
never-ending,3
new-market,3
new-to-brand,3
newborn,3
newkirk,3
newly-approved,3
newly-named,3
newsfromthecoca-colacompany,3
newsstand,3
nexo,3
nextcapital,3
nformation,3
nfs,3
nickelodeon,3
nigro,3
nikeplus,3
nimbler,3
nina,3
nineteen-month,3
nintendo,3
niraparib,3
nitride,3
nitrosamines,3
nk1,3
nkf-kdoqi,3
no-cost,3
noah,3
nobody,3
noel,3
noelle,3
nolo,3
nombre,3
non-amazon,3
non-breaching,3
non-cancellation,3
non-ccr,3
non-colorectal,3
non-confidential,3
non-coverage,3
non-credit-related,3
non-defendant,3
non-deferred,3
non-delayed,3
non-durables,3
non-employees,3
non-famp,3
non-famps,3
non-human,3
non-insolvent,3
non-interest-earning,3
non-intervened,3
non-labor,3
non-life-sustaining,3
non-lloyd's,3
non-microsatellite,3
non-model-based,3
non-oil,3
non-physician,3
non-prescription,3
non-renewed,3
non-retaliation,3
non-severance,3
non-significant,3
non-splenectomized,3
non-spot,3
non-staf,3
non-state,3
non-sufficient,3
non-surety,3
non-technical,3
non-us-currency,3
non-us-dollar-denominated,3
non-vies,3
non-volatility,3
non-volume,3
nonaccretable,3
nonacoustic,3
nonclinical-trial,3
noncredit,3
nondiscriminatory,3
nonexclusivity,3
nonfederal,3
nonfraction,3
noninterest-earning,3
nonkey,3
nonmetals,3
nonmetastatic,3
nonoperatingincomeexpense,3
nonoperatingincomeexpensemember,3
nonroad,3
nontraditional,3
norcross,3
nordstrom,3
norfloxacin,3
norman,3
northamericasegmentmember,3
northamericaterritorymember,3
noski,3
noticeably,3
nouveaux,3
novar,3
novec,3
novels,3
nras,3
nsg's,3
nso,3
nsos,3
ntinued,3
nullify,3
numberplates,3
nut,3
nutmeg,3
nvr,3
ny.email.gs.com,3
ny8-114-07-01,3
nys,3
obester,3
observer,3
obsess,3
obsessed,3
ocwen,3
odd,3
odm,3
odors,3
odwallamember,3
of-use,3
off-,3
off-balance-,3
off-broadway,3
offload,3
offre,3
offrir,3
offshore-3,3
oled,3
ollowing,3
olympiad,3
omaha,3
ombuds,3
omnicare-related,3
omnidirectional,3
omnimedia,3
omron,3
on-campus,3
on-device,3
on-exchange,3
on-package,3
on-ramp,3
on-study,3
one-click,3
one-twelfth,3
one-way,3
online-to-offline,3
onstar,3
onyx's,3
openly,3
opensky,3
opensky's,3
operate-often,3
operatingincomelossmember,3
operationalizing,3
optimmune,3
optum's,3
oral-only,3
orchestrates,3
orencia,3
orexins,3
organisations,3
organizers,3
orientations,3
orj,3
orlovsky,3
orm,3
orthodontics,3
orthovisc,3
osako,3
osd,3
oshkosh,3
osimertinib,3
osmotica,3
oso,3
osrl,3
ost,3
osteoclast,3
osus,3
osvaren,3
otc's,3
oth,3
other-,3
otherassetsmember,3
otherduethrough2031member,3
otherintangibleassetsmember,3
otherliabilitiesmember,3
othernoncurrentliabilitiesmember,3
otheroperatingincomeexpensemember,3
otis,3
otsa,3
ounce,3
our-company,3
ources,3
out-licenses,3
out-of-the-money,3
outcome-based,3
outer,3
outfit,3
outlay,3
outpaces,3
outperformed,3
outrage,3
outsiders,3
over-allot,3
over-expressed,3
over-withheld,3
overcame,3
overcharging,3
overcollateralization,3
overlooked,3
overviews,3
overwhelms,3
owner-member,3
owth,3
ox-40,3
oxime,3
ozone-depleting,3
p.a,3
padmasree,3
pah-sympact,3
paid-off,3
paid-up,3
palka,3
paloma,3
pandemic's,3
pandemic-era,3
panelist,3
panic,3
pankaj,3
panke,3
panoramic,3
paper-intensive,3
paraguay,3
parathyroid,3
parenting,3
parish,3
particulars,3
partitions,3
partner-owned,3
passwordless,3
past-event,3
patagonia,3
patched,3
patchwork,3
pauses,3
pave,3
paves,3
pay-as-you-go,3
pay-out,3
pay-per-use,3
pazarlama,3
pbpc,3
pbx,3
pc-based,3
pde4,3
peacs,3
pecuniarily,3
peer-reviewed,3
pen,3
penner,3
peoplesoft,3
peptibody,3
percy,3
perfluorocarbons,3
perfluorohexanesulfonic,3
perfluorononanoic,3
performance-per-watt,3
performanceperiod2019to2021member,3
performers,3
perks,3
permissibility,3
personnel-related,3
petabyte,3
petcare,3
peters,3
petrie,3
petroleos,3
petroleum-based,3
peuvent,3
pg.com,3
pginvestor.com,3
phalen,3
pharmacopoeia,3
pharrell,3
phenotype,3
phenotypic,3
phoebe,3
phoslo,3
phosphorylase,3
photocopied,3
php,3
phrma,3
piedmontcocacolabottlingpartnershipmember,3
pierson,3
pierzchalski,3
piggyback,3
pike,3
pilgrim's,3
pin-debit,3
pivoted,3
pixels,3
pixie,3
placer,3
plantronics,3
platinum-,3
playstation,3
pld,3
plexium,3
plough,3
plug-and-play,3
pod-based,3
pointed,3
policing,3
polynucleotides,3
polyurethane-based,3
pont,3
poppy,3
possessed,3
post-2008,3
post-2017,3
post-financial,3
post-ipo,3
post-recession,3
postwar,3
potentiality,3
potter,3
potts,3
potts_rachel_a,3
powell,3
power-efficient,3
powerhouse,3
ppi,3
pplication,3
pqa,3
pqa's,3
pragmatic,3
praxair,3
praziquantel,3
prb,3
pre-2017,3
pre-2022,3
pre-closure,3
pre-filled,3
pre-grounding,3
pre-hire,3
pre-implementation,3
pre-install,3
pre-purchase,3
pre-startup,3
pre-transaction,3
prebuilt,3
precipitous,3
preclusive,3
predisposition,3
preferability,3
pregame,3
pregnancies,3
prequalification,3
pressinquiries,3
pressure-sensitive,3
prestigious,3
presto,3
prestone,3
preventice,3
previewing,3
previews,3
previously-delivered,3
previously-idled,3
previously-reported,3
previously-sold,3
pri-2012,3
price-competitiveness,3
price-down,3
priceline.com,3
principal-versus-agent,3
principals,3
prints,3
prisons,3
pritzker,3
private-payer,3
privity,3
prix,3
pro-am,3
pro-b-type,3
pro-rate,3
problem-solving,3
problematic,3
proce,3
prodigy,3
product-based,3
production-configured,3
progenitor,3
program-controlled,3
programmes,3
project-related,3
proliferating,3
prolific,3
prometheus,3
pronoun,3
proofpoint,3
propellers,3
propertyplantandequipmentmember,3
prospectus-ny,3
proteolix,3
psoriasis-affected,3
publicly-issued,3
pubs,3
pulling,3
pulmonologists,3
purchasable,3
pure-play,3
purple,3
purpura,3
pusha,3
pushes,3
pushtronex,3
q6,3
q7,3
q9,3
qiannan,3
qled,3
qradar,3
qtv,3
quad,3
quadruple,3
qualifiers,3
quantum-safe,3
quarter-ends,3
quarterback,3
quash,3
qubit,3
quebec-based,3
queensland,3
querying,3
quicktype,3
quinto,3
quirky,3
ra-jjcus-investorrel,3
raber,3
radars,3
radin,3
radiology,3
radios,3
radioshack,3
radius,3
rafa,3
raleigh,3
ralls-morrison,3
rancho,3
rars,3
rasulo,3
rate3,3
ratiograstim,3
rationalize,3
ratiopharm,3
rats,3
ravelo,3
ray,3
razer,3
rba,3
re-argument,3
re-asserting,3
re-authorization,3
re-borrow,3
re-categorization,3
re-designed,3
re-engineering,3
re-focusing,3
re-hospitalization,3
re-investments,3
re-measure,3
re-offer,3
re-organization,3
re-pay,3
re-profile,3
re-scheduled,3
re-shape,3
re-start,3
re-trained,3
re-using,3
re40,3
re41,3
re42,3
re43,3
reacher,3
reacquiring,3
reactive,3
readied,3
readily-available,3
readout,3
realise,3
reallowance,3
rear,3
rearrangement,3
rearranging,3
rease,3
reassume,3
rebroadcasts,3
rec,3
recaps,3
receivables-trade,3
received-fixed,3
recevront,3
reclassifies,3
reclast,3
recommence,3
recommitment,3
recomputed,3
reconnected,3
reconstituting,3
redactions,3
redback,3
redefined,3
redenominate,3
redeployed,3
redeployments,3
redeterminations,3
redipen,3
redipens,3
redirecting,3
reengineered,3
ref,3
refills,3
refined-product,3
refinish,3
reformatting,3
reformulate,3
refrigerant-handling,3
refrigerating,3
refuge,3
refurbish,3
registerable,3
regulation-driven,3
reigning,3
reignite,3
reigniting,3
reilly,3
reimagines,3
reinstituted,3
reintegration,3
reintroduces,3
reintroduction,3
reiterates,3
rejoin,3
relatedness,3
relator's,3
releasees,3
relinquishes,3
relocates,3
relyx,3
remainco,3
reminding,3
remiss,3
remix,3
remora,3
remorse,3
ren,3
renagel,3
rence,3
renewable-energy,3
renseignements,3
renumbering,3
renvela,3
reoffer,3
reordering,3
repa,3
repealable,3
repeating,3
repeats,3
rephoren,3
replicators,3
repor,3
report's,3
repression,3
reprinted,3
reprioritized,3
reproduces,3
repurposed,3
resecuritizations,3
resettlement,3
reskilling,3
resonant,3
resonates,3
resourcing,3
responsabilidad,3
restaurant-level,3
resubmitting,3
results-driven,3
results1,3
retailer-owned,3
rethink,3
retinopathy,3
retraining,3
retreat,3
retro-reflective,3
retroviruses,3
revenue2,3
revenuefromcontractwithcustomerexcludingassessedtax,3
reversible,3
revitalization,3
revitalizing,3
revive,3
revocably,3
revokes,3
revolutionizing,3
revolver,3
rewriting,3
rfsh,3
rican,3
ricardos,3
richter,3
rietberg,3
rift,3
right-,3
right-or-use,3
right-size,3
right-sizing,3
rightfully,3
rilotumumab,3
rin,3
rinvoq,3
risedronate,3
risk-,3
risk-weighting,3
rita,3
ritc,3
rite,3
rite-aid,3
riter,3
ritu,3
rjr,3
rk,3
rmp,3
ro,3
robert.f.parr,3
rocaltrol,3
rockville,3
rodger,3
rolf,3
romanko,3
rooftops,3
roomos,3
rotce2,3
rouge,3
round-the-clock,3
rovision,3
rovisions,3
rps,3
rs,3
rugby,3
rule-type,3
ruminants,3
runtime,3
russian-controlled,3
rust,3
rutherford,3
s-15,3
s.m,3
s4,3
saas-based,3
sabrina,3
sachin,3
saddened,3
saeed,3
safeway,3
saldana,3
sales-force,3
salles,3
sanayi,3
sandong,3
sanha,3
sant,3
sapo,3
sarah.meron,3
sars-cov-2-related,3
saudia,3
savingsedge,3
say-on-pay,3
sb,3
sb32,3
sbp,3
sbti,3
scalpels,3
scammers,3
scandinavian,3
scans,3
scatter,3
scheduler,3
sci-fi,3
science-led,3
scip,3
scotchcal,3
scotchcast,3
scotchkote,3
scotchlite,3
scotchtint,3
scratching,3
screened,3
scrubs,3
sd,3
searched,3
second-largest,3
secondly,3
sector-specific,3
securestrap,3
securex,3
seldes,3
self-development,3
self-employed,3
self-identification,3
self-study,3
sellinggeneralandadministrativeexpensesmember,3
selves,3
semi-exclusive,3
sender,3
sentaca,3
separately-filed,3
september-to-date,3
ser,3
service's,3
services-depository,3
seth,3
seventy-five,3
severance-related,3
sex,3
sglt-2,3
shadan,3
shah,3
shallow-water,3
shane,3
shannon,3
shares-assuming,3
sharritts,3
shasha,3
shears,3
sheibley,3
sheila,3
sheindlin,3
ship-from-store,3
shire,3
shirley,3
shoe-manufacturers,3
shoemate,3
shop-in-shops,3
shopify,3
shore,3
shorted,3
shorter-dated,3
showroom,3
shrieve,3
shrunk,3
sidetrack,3
sidi,3
silapo,3
silent,3
silicone,3
silva,3
silverman,3
simone,3
simonian,3
simplifications,3
simplycash,3
simulcasts,3
sincere,3
siness,3
single-,3
single-phase,3
single-shot,3
singles,3
sipa,3
sirius,3
sited,3
situ,3
sive,3
sixteenth,3
size-inclusive,3
sj,3
skeptical,3
sketches,3
skillsets,3
skimming,3
skylake,3
skyrizi,3
sleek,3
sleep-wake,3
sleeping,3
slgc,3
sling,3
slow-growth,3
sludges,3
smathers,3
smoothly,3
snapchat,3
snowboard,3
snowcone,3
snowflake,3
snyder's-lance,3
soap,3
soapnet.com,3
sobbott,3
sociedad,3
society's,3
sodhani,3
soft-end,3
soften,3
softline,3
software-as-a,3
solar-to-steam,3
solicits,3
soloway,3
solumed,3
somebody,3
somehow,3
sommes,3
sons,3
sonsini,3
soothing,3
sorkin,3
sought-after,3
soundbites,3
soutenir,3
soutien,3
sparked,3
spec,3
specialities,3
specializations,3
spectators,3
speculative-,3
speea-represented,3
speeding,3
spinning-off,3
spins,3
spire,3
splash,3
spleen,3
splenectomized,3
splenectomy,3
spoken,3
spontaneity,3
sports-related,3
spot-on,3
spraying,3
spss,3
squeeze,3
sramek,3
stablecoin-based,3
stada,3
staf,3
staff-supported,3
stafford,3
staggs,3
stainless,3
stand-up,3
staph,3
starcatcher,3
starliner,3
stat,3
state-created,3
statement-reporting,3
statin-intolerant,3
statista,3
std,3
stead,3
steamboat,3
stec,3
stephanopoulos,3
stephenson,3
steroids,3
stickers,3
sticky,3
stimulates,3
stipulating,3
stonesoft,3
stonesoft's,3
stool,3
stoporders.shtml,3
store-issued,3
story-driven,3
strat,3
strategicrealignmentmember,3
stratton,3
strengthe,3
stretching,3
striking,3
struggled,3
studer,3
stylist,3
subcontinent,3
subdelegate,3
subdivide,3
subgroup,3
suboptimal,3
subplans,3
subsidiary-level,3
subsidizes,3
subtraction,3
succession-related,3
suds,3
sugar-lowering,3
suicide,3
summarization,3
sunlight,3
sunny,3
sunnyvale,3
sunrise,3
sup,3
supercede,3
supercomputer,3
supplier's,3
supranational,3
suresh,3
surfing,3
surprising,3
surreptitiously,3
susquehanna,3
sustainability.travelers.com,3
sustainablebondframework,3
svezia,3
swanson's,3
swaps-based,3
swiftly,3
swiping,3
swissbiosim,3
switzerland-based,3
syncada,3
syncs,3
syndicate-level,3
syneos,3
system-,3
system-of-systems,3
systemes,3
szolgaltato,3
t-cells,3
t.org,3
t2a,3
tableau's,3
tabulate,3
tac,3
tafluprost-timolol,3
tailing,3
take-away,3
take-nothing,3
take-over,3
taltz,3
talvey,3
tammy,3
tams,3
taneja,3
tangela,3
tantamount,3
tap-to-pay,3
taptiqom,3
tariffing,3
tax-favored,3
tax-motivated,3
taxi,3
tchibo,3
tcm,3
team-based,3
teamworks,3
tech-savvy,3
technicians,3
technology-focused,3
tectonic,3
tedious,3
teenager,3
telebuyer,3
telecoms,3
telefacsimile,3
telemetry-type,3
telltale,3
telus,3
temflex,3
templanza,3
tempore,3
tencent,3
terri,3
tesla,3
testator,3
testers,3
testflight,3
testify,3
tevagrastim,3
texaco-,3
tfcf's,3
then-ceo,3
thenceforth,3
thermoplastic,3
thienopyridine,3
thinnest,3
third-largest,3
thoughtfully,3
threat-centric,3
three-legged,3
three-well,3
thro,3
thrombocytopenic,3
thrusters,3
thunder,3
thunderbird,3
tie-back,3
tights,3
time-critical,3
timid,3
tina,3
tki,3
tmall,3
tmt,3
tobin,3
toledo,3
tolerant,3
tombua-landana,3
tomography,3
tomorrow's,3
tonar,3
tones,3
top-performing,3
top-service,3
toray,3
torosa,3
touch-less,3
touched,3
toysrus.com,3
tpps,3
tqp,3
trabectedin,3
trackwork,3
tracts,3
tradeable,3
trader,3
tradeweb,3
trailed,3
tranched,3
transaminases,3
transcriptions,3
transferrable,3
transnorm,3
transonic,3
transportation-100,3
transposition,3
trap,3
trapped,3
treatment-induced,3
triage,3
tribeca,3
trinova-1,3
triple-negative-breast,3
true-to-life,3
trueearnings,3
trueref,3
trunkline,3
truss-braced,3
trusteer,3
tse,3
tsrs,3
tter,3
ttlement,3
ttp,3
tuberculosis,3
tucson,3
tuggle,3
tunneling,3
turbocharging,3
turbomachinery,3
turbos,3
turnaround-related,3
tv-related,3
tweet,3
twelve-well,3
twenty-eight,3
twenty-three,3
twins,3
two-dimensional,3
two-part,3
two-period,3
type-1,3
u.s.-denominated,3
u.s.-domiciled,3
ube,3
ubiquisys,3
uf6,3
ugh,3
ugly,3
ula's,3
ulated,3
ultra-fast,3
ultra-portable,3
ultra-scalable,3
uments,3
umts,3
unc,3
unchallenged,3
uncompromising,3
unconscionability,3
under-absorbed,3
under-represented,3
under-vaccinated,3
underage,3
underestimated,3
undermined,3
underrepresentation,3
underwood,3
undone,3
unfavorability,3
unicredit,3
uninstructed,3
unison,3
unit-1,3
unitary,3
unleashes,3
unneeded,3
unproductive,3
unrecovered,3
unresected,3
unruly,3
unserved,3
unsuspected,3
untethered,3
unusedlinesofcreditmember,3
unvoiced,3
upcycle,3
upplemental,3
uremic,3
urm,3
us-regulated,3
us458140bt64,3
us458140bu38,3
us458140by59,3
us458140bz25,3
us458140cd04,3
us458140ce86,3
use-cases,3
useable,3
user-indicated,3
ushered,3
ushers,3
usps,3
ustream,3
uth,3
utility-scale,3
v181,3
vaccinating,3
vaccine-na,3
vad,3
valu,3
value-oriented,3
vanderbilt,3
vanguard,3
varicella-zoster,3
varun,3
vasculitis,3
vcn,3
veei,3
veenendaal,3
vegetables,3
vehicle's,3
vendor-agnostic,3
venereology,3
vente,3
vente-privee,3
vente-privee.com,3
venting,3
venture's,3
vera,3
verifies,3
verizon-broadband-commitment,3
verses,3
ves-denominated,3
vest-date,3
vgyaan,3
vhc,3
vhl-associated,3
viacom,3
vial,3
vice-president,3
vice-presidents,3
vicriviroc,3
videgain,3
vigilant,3
vimto,3
vintners,3
vio,3
virnetx's,3
virtualize,3
virus-related,3
visafoundation.org,3
vistakon,3
vit,3
vitality,3
vlsi's,3
vocal,3
vogel,3
voice-activated,3
voidable,3
voided,3
volition,3
volume-,3
voluntears,3
vonage,3
voucher,3
vppa,3
vr,3
vran,3
vu,3
vudu,3
vv,3
w.d,3
wa-268-p,3
wa-364-p,3
wa-365-p,3
wacc,3
wade,3
wakanda,3
waller-bridge,3
waltham,3
wam,3
wanaea,3
ware,3
warfighter,3
warren,3
warrior,3
wars-themed,3
washer,3
wastewaters,3
water-,3
water-quality,3
water-sensitive,3
watt,3
wayfinder,3
we2,3
weapon,3
web-browsing,3
web-hosted,3
web-scale,3
webloyalty,3
webstore,3
wee1,3
weinberg,3
well-informed,3
well-staffed,3
wellthy,3
welters,3
wendy,3
wesley,3
westmoreland,3
whistleblowing,3
white-labeled,3
whitehouse,3
wholesale-related,3
widebodies,3
wilcox,3
wildly,3
willard,3
wind-downs,3
winged,3
winglets,3
wir,3
wirtgen,3
wisdom,3
witnessing,3
woertz,3
women-,3
woodrow,3
workboat,3
workdays,3
workover,3
workweek,3
wouldn,3
wouldn't,3
wrep,3
wrinkle,3
wsw.com,3
wuppertal,3
www,3
www.alston.com,3
www.cocacolacompany.com,3
www.instagram.com,3
www.nikeinc.com,3
www.nikestore.com,3
xander,3
xavier,3
xbridge,3
xerox,3
xg-pon2,3
xgma,3
xhibit,3
xiaomi,3
xtant,3
yammer,3
yang,3
yard,3
yarns,3
year-ended,3
year-long,3
year-olds,3
year-over,3
yellowpepper,3
yetman,3
yitbarek,3
yolanda,3
yondelis,3
yosemite,3
yourselves,3
yoyo,3
yun,3
zaprianov,3
zarzio,3
zemplar,3
zero-touch,3
zessin,3
zeta,3
zhang,3
zijadic,3
zimmerman,3
zoe,3
zoo,3
zoox,3
zync,3
0.0300,2
0.0464,2
0.086,2
0.105,2
0.110,2
0.11448,2
0.141,2
0.146,2
0.1925,2
0.2100,2
0.215,2
0.26161,2
0.263183,2
0.280,2
0.3025,2
0.3150,2
0.320,2
0.3325,2
0.405,2
0.42826,2
0.4400,2
0.465,2
0.4750,2
0.4925,2
0.5200,2
0.530,2
0.5325,2
0.5450,2
0.5475,2
0.5514,2
0.570,2
0.577,2
0.5875,2
0.6015,2
0.610,2
0.620,2
0.6550,2
0.6629,2
0.70875,2
0.710,2
0.71513,2
0.736817,2
0.765,2
0.8000,2
0.8200,2
0.825,2
0.830,2
0.8800,2
0.9000,2
0.930,2
0.975,2
000.8,2
000.9,2
0000,2
00000000,2
002.1,2
003.4,2
003.7,2
003.9,2
004.1,2
004.7,2
0043,2
006.6,2
007.20,2
007.60,2
007.7,2
007.9,2
008.2,2
008.4,2
008.8,2
009.9,2
010.1,2
010.6,2
010.7,2
011.3,2
011.5,2
012.50,2
013.90,2
014.5,2
015.8,2
016.8,2
017.9,2
019.0,2
019.6,2
020.4,2
020.6,2
022.1,2
022.3,2
024.6,2
027.9,2
028.9,2
030.2,2
030.3,2
0304,2
032.6,2
032.7,2
033.6,2
033.8,2
0330,2
034.2,2
034.5,2
034.8,2
035.5,2
035.9,2
0352,2
036.2,2
036.4,2
036.8,2
037.8,2
037833,2
038.8,2
0380,2
039.3,2
0391,2
040.2,2
041.7,2
0411980,2
042.0,2
042.1,2
042.2,2
043.7,2
043.9,2
044.1,2
045.0,2
047.5,2
049.2,2
049.3,2
049.9,2
050.1,2
050.6,2
051.0,2
051.1,2
051.4,2
053.5,2
053.6,2
053.7,2
054.38,2
054.7,2
056.1,2
056.4,2
059.25,2
059.3,2
059.7,2
059460,2
060.3,2
060.8,2
062.1,2
064.1,2
064.8,2
065.0,2
065.2,2
065.7,2
066336,2
067.6,2
068.6,2
068.8,2
068.86,2
069.1,2
069.2,2
072.1,2
072.7,2
073.5,2
075.2,2
075.7,2
075.8,2
076.1,2
076.4,2
076.8,2
0773,2
078.0,2
078.9,2
079.0,2
079.9,2
080.0,2
081.7,2
081.9,2
083.33,2
083.5,2
083.9,2
086.0,2
086.6,2
087.6,2
089.6,2
090.8,2
090.9,2
0914157,2
093.1,2
093.62,2
093.7,2
09300,2
0932,2
094.5,2
095.9,2
097.5,2
097.9,2
099.3,2
099.8,2
1.006,2
1.017,2
1.019,2
1.028,2
1.030,2
1.034,2
1.0350,2
1.037,2
1.038,2
1.039,2
1.044,2
1.0449,2
1.046,2
1.047,2
1.048,2
1.0525,2
1.056,2
1.059,2
1.060,2
1.075,2
1.081,2
1.086,2
1.087,2
1.088,2
1.0882,2
1.089,2
1.098,2
1.1096,2
1.110,2
1.112,2
1.123,2
1.124,2
1.127,2
1.1273,2
1.12750,2
1.135,2
1.138,2
1.146,2
1.1502,2
1.151,2
1.187,2
1.1947,2
1.195,2
1.2237,2
1.226,2
1.2281,2
1.230,2
1.247,2
1.248,2
1.2550,2
1.256,2
1.259,2
1.260,2
1.2636,2
1.265,2
1.267,2
1.287,2
1.298,2
1.2987,2
1.321,2
1.344,2
1.3444,2
1.355,2
1.357190,2
1.362,2
1.365,2
1.3654,2
1.366,2
1.3790,2
1.387,2
1.391,2
1.394,2
1.3950,2
1.405,2
1.414,2
1.429,2
1.4375,2
1.449,2
1.480,2
1.4818,2
1.492,2
1.494,2
1.505,2
1.508,2
1.514,2
1.515,2
1.522,2
1.529,2
1.543,2
1.551,2
1.554,2
1.566,2
1.568,2
1.580,2
1.583,2
1.585,2
1.593,2
1.601,2
1.6011,2
1.603,2
1.611,2
1.6181,2
1.620,2
1.629,2
1.635,2
1.638,2
1.640,2
1.641,2
1.645,2
1.662,2
1.665,2
1.674,2
1.695,2
1.702,2
1.720,2
1.724,2
1.730,2
1.732,2
1.7396,2
1.7450,2
1.753,2
1.761,2
1.764,2
1.776,2
1.778,2
1.7825,2
1.785,2
1.789,2
1.795,2
1.798,2
1.817,2
1.8200,2
1.826,2
1.840,2
1.855,2
1.8575,2
1.859,2
1.865,2
1.872,2
1.883,2
1.8950,2
1.905,2
1.909,2
1.920,2
1.929,2
1.944,2
1.948,2
1.962,2
1.968,2
1.991,2
1.9950,2
10.1097,2
10.1200,2
10.270,2
10.276,2
10.67,2
10.696,2
10.769,2
100.037,2
100.16,2
100.18,2
100.27,2
100.30,2
100.31,2
100.38,2
100.52,2
100.61,2
100.65,2
100.84,2
1001,2
10018,2
101.06,2
101.061,2
101.07,2
101.09,2
101.12,2
101.21,2
101.24,2
101.26,2
101.27,2
101.31,2
101.33,2
101.47,2
101.56,2
101.59,2
101.6305,2
101.65,2
101.72,2
101.73,2
101.76,2
101.81,2
101.82,2
101.8560,2
101.90,2
101.96,2
101.98,2
102.07,2
102.10,2
102.180,2
102.22,2
102.238,2
102.36,2
102.53,2
102.56,2
102.62,2
102.72,2
102.78,2
102.81,2
102.87,2
102.93,2
102.99,2
1023926,2
103.00,2
103.03,2
103.07,2
103.17,2
103.35,2
103.41,2
103.46,2
103.54,2
103.61,2
103.63,2
103.66,2
103.68,2
103.81,2
103.83,2
103.85,2
103.88,2
103.89,2
103.93,2
103.99,2
104.17,2
104.19,2
104.31,2
104.32,2
104.34,2
104.39,2
104.42,2
104.59,2
104.60,2
104.76,2
104.91,2
105.00,2
105.04,2
105.11,2
105.32,2
105.34,2
105.43,2
105.65,2
105.75,2
105.78,2
105.97,2
1052,2
106.02,2
106.06,2
106.19,2
106.31,2
106.34,2
106.36,2
106.38,2
106.39,2
106.42,2
106.61,2
106.64,2
106.66,2
106.78,2
106.83,2
1069,2
107.03,2
107.04,2
107.08,2
107.64,2
107.67,2
107.88,2
108.04,2
108.33,2
108.35,2
108.42,2
108.44,2
108.70,2
108.77,2
108.78,2
108.80,2
10864,2
109.14,2
109.23,2
109.32,2
109.47,2
109.48,2
109.49,2
109.61,2
109.62,2
109.84,2
109.85,2
109.87,2
109.89,2
109.94,2
11.030,2
11.05,2
11.115,2
11.134,2
11.35,2
11.41,2
11.413,2
11.448,2
11.46,2
11.62,2
11.64,2
11.754,2
11.771,2
11.887,2
110.18,2
110.24,2
110.46,2
110.47,2
1103,2
1109,2
111.14,2
111.17,2
111.18,2
111.19,2
111.24,2
111.28,2
111.46,2
111.54,2
111.55,2
111.60,2
111.72,2
111.74,2
111.80,2
111.82,2
111.90,2
111.96,2
111.98,2
112.01,2
112.1,2
112.19,2
112.27,2
112.37,2
112.40,2
112.42,2
112.48,2
112.71,2
112.83,2
112.99,2
1121,2
11246,2
113.23,2
113.29,2
113.34,2
113.41,2
113.47,2
113.84,2
113.93,2
114.1801,2
114.22,2
114.38,2
114.39,2
114.61,2
114.73,2
114.77,2
114.87,2
114.89,2
114.98,2
1145,2
1149,2
115.14,2
115.18,2
115.21,2
115.24,2
115.32,2
115.41,2
115.53,2
115.59,2
115.78,2
115.99,2
116.02,2
116.04,2
116.08,2
116.38,2
116.50,2
116.61,2
117.02,2
117.25,2
117.32,2
117.36,2
117.44,2
117.48,2
117.65,2
117.81,2
1171,2
118.09,2
118.14,2
118.15,2
118.18,2
118.40,2
118.46,2
118.59,2
118.6,2
118.60,2
118.79,2
118.89,2
1181,2
119.72,2
119.88,2
119.99,2
12.21,2
12.317,2
12.340,2
12.410,2
12.52,2
12.659,2
12.702,2
12.758,2
12.775,2
12.889,2
12.896,2
12.939,2
12.9390,2
12.95,2
12.97,2
120.34,2
120.38,2
120.47,2
120.89,2
121.03,2
121.09,2
121.28,2
121.54,2
121.79,2
121.87,2
122.32,2
122.34,2
122.35,2
122.43,2
122.98,2
1224,2
123.66,2
123.8,2
123456,2
124.00,2
124.12,2
124.20,2
124.29,2
124.87,2
1243,2
125.09,2
125.2,2
125.22,2
125.26,2
125.29,2
125.36,2
125.68,2
125.73,2
125.80,2
125.84,2
1257,2
126.07,2
126.24,2
126.42,2
126.62,2
126.72,2
126.77,2
126.79,2
126.91,2
126.94,2
126.96,2
1266,2
127.135,2
127.17,2
127.52,2
127.6,2
127.82,2
128.33,2
128.56,2
128.59,2
128.60,2
128.83,2
128.97,2
129.05,2
129.08,2
129.15,2
129.29,2
129.42,2
129.45,2
129.50,2
129.66,2
129.87,2
13.07,2
13.0770,2
13.17,2
13.24,2
13.241,2
13.44,2
13.510,2
13.64,2
13.722,2
13.76,2
13.798,2
13.804,2
13.88,2
13.886,2
13.8860,2
13.93,2
13.9520,2
130.31,2
130.55,2
130.72,2
130.74,2
130.78,2
130.85,2
130.95,2
130415,2
132.1,2
132.12,2
132.33,2
132.37,2
132.50,2
132.54,2
132.60,2
132.81,2
132.88,2
132.9,2
1321939,2
133.22,2
133.45,2
133.52,2
133.55,2
133.70,2
134.05,2
134.06,2
134.18,2
134.33,2
134.50,2
134.56,2
134.75,2
134.89,2
134.91,2
135.16,2
135.24,2
135.3,2
135.30,2
135.64,2
135.78,2
136.06,2
136.15,2
136.25,2
136.31,2
136.90,2
136.96,2
136.98,2
1364784,2
137.15,2
137.16,2
137.19,2
137.89,2
137.94,2
138.11,2
138.44,2
138.60,2
138.72,2
138.80,2
139.20,2
139.45,2
139.65,2
139.76,2
139.83,2
139.93,2
14.127,2
14.150,2
14.22,2
14.28,2
14.34,2
14.342,2
14.36,2
14.411,2
14.43,2
14.432,2
14.559,2
14.59,2
14.61,2
14.621,2
14.70,2
14.77,2
14.79,2
14.81,2
14.834,2
14.84,2
14.97,2
140.35,2
140.45,2
141.11,2
141.58,2
141.67,2
141.70,2
141.75,2
141013,2
142.00,2
142.1,2
142.2,2
142.23,2
142.3,2
142.35,2
142.8,2
142.98,2
143.07,2
143.57,2
144.46,2
144.59,2
144.67,2
144.94,2
145.1,2
145.15,2
145.18,2
145.30,2
145.34,2
145.4,2
145.64,2
145065,2
1450817,2
146.18,2
146.3,2
147.10,2
147.18,2
147.87,2
147.99,2
147523,2
14788,2
148.17,2
148.23,2
148.54,2
148.79,2
149.18,2
149.20,2
149.75,2
149.82,2
149.99,2
149123,2
15.03,2
15.033,2
15.10,2
15.13,2
15.149,2
15.20,2
15.26,2
15.34,2
15.38,2
15.40,2
15.612,2
15.63,2
15.66,2
15.716,2
15.72,2
15.83,2
150.08,2
150.3,2
150.51,2
150.59,2
150.64,2
150.75,2
150.90,2
150.93,2
1502,2
150447,2
151.15,2
151.39,2
151.7,2
151.75,2
152.48,2
152.5,2
152.62,2
152.65,2
152.66,2
152.79,2
152.83,2
153.16,2
153.20,2
153.50,2
153.73,2
153.80,2
153.93,2
1531,2
154.06,2
154.3,2
154.30,2
154.62,2
154.78,2
154.79,2
154.9,2
154.93,2
1543,2
155.28,2
155.52,2
155.57,2
155.68,2
155.84,2
1550,2
156.14,2
156.2,2
156.21,2
156.23,2
156.78,2
1560,2
157.26,2
157.29,2
157.50,2
157.69,2
1571,2
1575,2
158.41,2
158.76,2
158.8,2
158.83,2
158.9,2
158.91,2
159.40,2
159.70,2
159.73,2
159.82,2
1593393,2
16.00,2
16.13,2
16.148,2
16.18,2
16.270,2
16.36,2
16.370,2
16.38,2
16.445,2
16.498,2
16.56,2
16.57,2
16.63,2
16.70,2
16.918,2
16.97,2
16.99,2
160.07,2
160.50,2
161.2,2
161.46,2
161.5,2
161.94,2
162.16,2
162.2,2
162.35,2
162.43,2
162.6,2
162.60,2
162.61,2
162.86,2
163.1,2
163.27,2
163.3,2
163.95,2
164.48,2
164.5,2
164.50,2
164.56,2
164.62,2
1648,2
165.03,2
165.47,2
165.74,2
165.98,2
166.01,2
166.04,2
166.2,2
166.49,2
166.50,2
166.98,2
167.18,2
167.50,2
167.66,2
16700,2
168.38,2
168.4,2
169.49,2
169724,2
17.125,2
17.20,2
17.34,2
17.41,2
17.43,2
17.470,2
17.49,2
17.532,2
17.629,2
17.63,2
17.64,2
17.78,2
17.93,2
170.06,2
170.07,2
170.2,2
170.58,2
171.1,2
171.3,2
171.33,2
171.47,2
171.58,2
171.8,2
171.90,2
1717,2
1717.5,2
172.3,2
172.33,2
172.50,2
172.56,2
172.82,2
173.22,2
173.54,2
174.5,2
174.83,2
174.9,2
1747,2
175.04,2
175.05,2
175.1,2
175.76,2
175.93,2
176.0,2
176.1,2
176.10,2
176.41,2
176.52,2
177.5,2
177.65,2
177.86,2
178.18,2
178.2,2
178.22,2
178.9,2
179.27,2
179.35,2
179.91,2
179707,2
18.07,2
18.12,2
18.17,2
18.22,2
18.27,2
18.29,2
18.35,2
18.48,2
18.53,2
18.58,2
18.62,2
18.66,2
18.68,2
18.78,2
18.90,2
18.98,2
180.0,2
180.00,2
180.02,2
180.5,2
180.67,2
180.7,2
180.99,2
181.9,2
1813,2
182.11,2
182.22,2
182.4,2
184.2,2
184.5,2
186948,2
187.58,2
187.7,2
1879,2
188.16,2
188.7,2
188.96,2
188191,2
1885,2
189.01,2
189.09,2
189.78,2
19.11,2
19.12,2
19.240,2
19.30,2
19.31,2
19.33,2
19.382,2
19.40,2
19.45,2
19.47,2
19.50,2
19.59,2
19.60,2
19.62,2
19.67,2
19.88,2
19.90,2
19.93,2
191.2,2
191.7,2
191.8,2
191.87,2
191692,2
192.0,2
192.1,2
192.2,2
192.37,2
192.5,2
192.7,2
192.82,2
192690,2
1928,2
1936,2
1938,2
194.05,2
194.59,2
194.89,2
1941904,2
194215,2
195553,2
196.24,2
196.6,2
197.10,2
197.30,2
197.67,2
198.7,2
198.70,2
198.78,2
199.37,2
199.4,2
1999992,2
2.013,2
2.014,2
2.016,2
2.020,2
2.046,2
2.053,2
2.064,2
2.088,2
2.105,2
2.135,2
2.1516,2
2.162,2
2.166,2
2.175,2
2.1908949,2
2.198,2
2.204,2
2.209,2
2.213,2
2.214,2
2.218,2
2.222,2
2.230,2
2.236,2
2.2377,2
2.246,2
2.255,2
2.297,2
2.301,2
2.310,2
2.326,2
2.330,2
2.332,2
2.337,2
2.339,2
2.357,2
2.370,2
2.3721,2
2.373,2
2.376,2
2.385,2
2.398,2
2.405,2
2.406,2
2.418,2
2.460,2
2.467,2
2.468,2
2.471,2
2.474,2
2.480,2
2.516,2
2.518,2
2.521,2
2.525,2
2.535,2
2.545,2
2.563,2
2.568,2
2.581,2
2.588,2
2.594,2
2.615,2
2.672,2
2.673,2
2.675,2
2.712,2
2.732,2
2.737,2
2.740,2
2.755,2
2.762,2
2.775,2
2.7860,2
2.790,2
2.810,2
2.817,2
2.820,2
2.853,2
2.859,2
2.873,2
2.878,2
2.883,2
2.892,2
2.921,2
2.971,2
2.9710,2
2.985,2
2.993,2
20.05,2
20.11,2
20.16,2
20.28,2
20.287,2
20.33,2
20.43,2
20.632,2
20.67,2
20.76,2
20.89,2
200.24,2
200.41,2
200.80,2
200.9,2
201.12,2
201.5,2
201.73,2
20161,2
202.03,2
202.27,2
202.3,2
203.8,2
204.19,2
204.82,2
205.06,2
205.27,2
205.58,2
206.51,2
206.92,2
2066,2
207.60,2
2070,2
208.05,2
208.2,2
208.3,2
208.8,2
208501,2
209.00,2
209.15,2
209.5,2
21.01,2
21.02,2
21.07,2
21.11,2
21.20,2
21.29,2
21.31,2
21.36,2
21.45,2
21.54,2
21.68,2
21.70,2
21.71,2
21.80,2
21.90,2
21.95,2
21.96,2
21.98,2
210.08,2
210.18,2
210.32,2
210.5,2
210.6,2
210.8,2
210.9,2
21046,2
211.67,2
211.83,2
212.225,2
213.02,2
213.89,2
213.9,2
214.06,2
214.58,2
214.84,2
214273,2
215.3,2
215.45,2
215.73,2
216.50,2
216060,2
217.2,2
218.08,2
219.0,2
219.03,2
219.4,2
219.6,2
2192,2
219206,2
22.097,2
22.106,2
22.19,2
22.20,2
22.26,2
22.28,2
22.30,2
22.41,2
22.43,2
22.62,2
22.63,2
22.649,2
22.67,2
22.70,2
22.77,2
22.785,2
220.16,2
220.28,2
220.5,2
220.8,2
221.1,2
221.7,2
2213,2
222.70,2
223315453,2
224.405,2
224.806,2
226.3,2
226.6,2
227.11,2
227.2,2
227.79,2
227.9,2
2271,2
228.4,2
228.80,2
228729,2
229.0,2
229.2,2
23.05,2
23.06,2
23.13,2
23.15,2
23.20,2
23.237,2
23.30,2
23.36,2
23.37,2
23.44,2
23.51,2
23.52,2
23.57,2
23.60,2
23.62,2
23.66,2
23.68,2
23.77,2
23.81,2
23.83,2
23.84,2
23.85,2
23.90,2
230.2,2
230.405,2
230.425,2
230098,2
230407,2
230551,2
231.0,2
231.1,2
231.25,2
231.8,2
2310502,2
232.2,2
232.3,2
233.2,2
233.61,2
233.63,2
234.0,2
234.4,2
234311,2
235.3,2
235.59,2
2355,2
236.1,2
236.72,2
236.9,2
237.0,2
237.2,2
237.498,2
2370,2
238.3,2
238.4,2
238.6,2
238.65,2
239610,2
24.03,2
24.04,2
24.09,2
24.13,2
24.14,2
24.16,2
24.17,2
24.20,2
24.24,2
24.28,2
24.34,2
24.35,2
24.37,2
24.38,2
24.55,2
24.59,2
24.63,2
24.65,2
24.66,2
24.72,2
24.776,2
24.96,2
24.97,2
24.99,2
240.12,2
240.13,2
240.14,2
240.29,2
240.3,2
240.4,2
241.8,2
2414,2
243.29,2
243.4,2
244.1,2
244.2,2
244.8,2
244.9,2
245.5,2
245.6,2
245.97,2
246.9,2
247.06,2
247.8,2
247.9,2
2476,2
248.2,2
248.4,2
249.32,2
249.61,2
249.67,2
249545,2
25.019,2
25.03,2
25.09,2
25.10,2
25.31,2
25.33,2
25.37,2
25.40,2
25.45,2
25.46,2
25.48,2
25.52,2
25.59,2
25.62,2
25.67,2
25.70,2
25.71,2
25.78,2
25.82,2
25.86,2
25.90,2
25.92,2
250.00,2
251.9,2
252.93,2
253.0,2
253.4,2
253057,2
253421,2
255.1,2
255.802,2
256.01,2
256.6,2
256.63,2
256.7,2
2564,2
257.50,2
2570,2
258.04,2
258.5,2
258.7,2
258258,2
259.2,2
259.8,2
259121,2
26.06,2
26.15,2
26.161,2
26.29,2
26.35,2
26.37,2
26.38,2
26.44,2
26.51,2
26.57,2
26.58,2
26.61,2
26.66,2
26.68,2
26.74,2
26.82,2
26.84,2
26.87,2
26.91,2
26.96,2
26.98,2
261.04,2
261.4,2
261.63,2
261.7,2
2611,2
2619,2
262.7,2
262911,2
263.1,2
263.37,2
2630,2
263304,2
263667,2
264.5,2
265.1,2
265.4,2
2655,2
267.9,2
268.9,2
269.0,2
269.5,2
269522,2
27.03,2
27.14,2
27.17,2
27.18,2
27.21,2
27.30,2
27.31,2
27.391,2
27.46,2
27.58,2
27.67,2
27.74,2
27.831,2
27.85,2
27.898,2
27.90,2
27.94,2
27.99,2
271.0,2
271.8,2
2715,2
272.7,2
273.0,2
273.1,2
273.2,2
275.0,2
275.13,2
275.7,2
275.8,2
275.9,2
276.3,2
27607,2
277.3,2
277.7,2
278.5,2
278.75,2
27826591674,2
279.07,2
279.63,2
279.7,2
28.00,2
28.03,2
28.08,2
28.11,2
28.15,2
28.23,2
28.30,2
28.35,2
28.36,2
28.42,2
28.47,2
28.60,2
28.79,2
28.96,2
28.98,2
280.59,2
280.8,2
280.9,2
2800,2
281.1,2
281.16,2
281.9,2
282.8,2
28255,2
283.7,2
283.9,2
284.5,2
284.7,2
285.5,2
286.6,2
287.0,2
287.50,2
288.35,2
2892,2
29.14,2
29.16,2
29.24,2
29.26,2
29.38,2
29.42,2
29.44,2
29.48,2
29.49,2
29.51,2
29.54,2
29.55,2
29.58,2
29.59,2
29.60,2
29.64,2
29.73,2
29.78,2
29.781,2
29.83,2
29.85,2
29.89,2
29.94,2
29.95,2
29.96,2
29.98,2
290.8,2
291.1,2
291.74,2
2911,2
292.6,2
293.0,2
293.26,2
293.3,2
293.50,2
294.0,2
294.3,2
294.6,2
295.1,2
295.7,2
296.4,2
298.0,2
298.19,2
298.9,2
299.0,2
299.01,2
299.3,2
299.8,2
3.020,2
3.032,2
3.093,2
3.111,2
3.124,2
3.134,2
3.157,2
3.173,2
3.220,2
3.239,2
3.267,2
3.272,2
3.278,2
3.279,2
3.316,2
3.333,2
3.381,2
3.389,2
3.390,2
3.434,2
3.453,2
3.460,2
3.501,2
3.5227,2
3.525,2
3.534,2
3.554,2
3.571,2
3.589,2
3.601,2
3.645,2
3.6450,2
3.670,2
3.707,2
3.714,2
3.720,2
3.732,2
3.770,2
3.785,2
3.807,2
3.833,2
3.849,2
3.880,2
3.881,2
3.931,2
3.938,2
3.942,2
30.04,2
30.07,2
30.12,2
30.17,2
30.28,2
30.34,2
30.50,2
30.513,2
30.52,2
30.61,2
30.65,2
30.68,2
30.70,2
30.71,2
30.93,2
30.98,2
300.3,2
300.58,2
301.3,2
301.32,2
301.4,2
302.3,2
304.2,2
304.5,2
304.8,2
305.0,2
305.5,2
305.8,2
306.25,2
306.62,2
307.34,2
307.5,2
308.17,2
308.4,2
308.6,2
31.03,2
31.08,2
31.19,2
31.22,2
31.29,2
31.32,2
31.35,2
31.46,2
31.51,2
31.56,2
31.60,2
31.65,2
31.67,2
31.70,2
31.72,2
31.85,2
31.89,2
31.95,2
31.98,2
31.99,2
3100,2
311.32,2
3117,2
312.1,2
312.8,2
313.2,2
313.5,2
313.7,2
315.19,2
315.5,2
315.7,2
316.3,2
316.7,2
317.1,2
317.7,2
317.8,2
318.63,2
318.8,2
318.9,2
319.0,2
319.5,2
319.7,2
319.78,2
32.05,2
32.08,2
32.13,2
32.30,2
32.32,2
32.37,2
32.47,2
32.48,2
32.49,2
32.566,2
32.62,2
32.67,2
32.68,2
32.71,2
32.73,2
32.78,2
32.83,2
32.96,2
320.3,2
320.55,2
321.4,2
322.6,2
322.9,2
322.92,2
323.5,2
324.1,2
324.10,2
324.5,2
325.0,2
325.1,2
325.22,2
325.6,2
325.7,2
326.0,2
326.2,2
326.4,2
326.5,2
326.6,2
327.7,2
3270,2
328.5,2
329.4,2
329956095,2
33.03,2
33.07,2
33.09,2
33.16,2
33.27,2
33.50,2
33.62,2
33.65,2
33.80,2
33.86,2
33.89,2
33.92,2
33.98,2
33.99,2
330.9,2
331.0,2
332.0,2
333.2,2
333.6,2
333.8,2
334.1,2
334.35,2
334.4,2
334.9,2
335.6,2
335.9,2
3351,2
3353,2
336.4,2
337.50,2
338.3,2
338.9,2
339.5,2
339.8,2
34.01,2
34.12,2
34.13,2
34.26,2
34.32,2
34.35,2
34.39,2
34.44,2
34.54,2
34.60,2
34.84,2
34.86,2
34.96,2
34.98,2
340.3,2
340.5,2
340.9,2
341.2,2
342.1,2
342.7,2
343.2,2
343.8,2
344.0,2
344.5,2
344.9,2
345.8,2
346.0,2
346.3,2
346.5,2
346.88,2
347.26,2
35.01,2
35.23,2
35.25,2
35.35,2
35.43,2
35.48,2
35.52,2
35.53,2
35.54,2
35.58,2
35.61,2
35.64,2
35.66,2
35.74,2
35.75,2
35.79,2
35.89,2
35.91,2
35.98,2
350.7,2
351.0,2
351.5,2
351.7,2
35298,2
353.1,2
353.4,2
355.4,2
355.56,2
355.6,2
356.47,2
357.1,2
357.3,2
357.9,2
358.0,2
358.2,2
359.1,2
359.3,2
359.5,2
359.8,2
36.09,2
36.17,2
36.35,2
36.52,2
36.57,2
36.58,2
36.59,2
36.76,2
36.82,2
36.87,2
36.88,2
36.94,2
36.95,2
36.96,2
360.9,2
361.5,2
3611,2
3618,2
363.0,2
363.2,2
363.6,2
364.1,2
364.2,2
364.3,2
364.6,2
364.7,2
364.9,2
365.39,2
366.5,2
366.9,2
3678,2
368.8,2
368.92,2
3695,2
37.04,2
37.07,2
37.10,2
37.173,2
37.20,2
37.25,2
37.36,2
37.49,2
37.50,2
37.59,2
37.71,2
37.81,2
371.4,2
371.9,2
372.4,2
373.6,2
373.8,2
374.1,2
375.0,2
375.00,2
375.1,2
377.2,2
377.3,2
377.92,2
378.0,2
379.0,2
379.2,2
379.6,2
38.02,2
38.05,2
38.13,2
38.21,2
38.25,2
38.26,2
38.28,2
38.34,2
38.35,2
38.37,2
38.39,2
38.42,2
38.55,2
38.59,2
38.60,2
38.62,2
38.64,2
38.67,2
38.85,2
38.92,2
38.96,2
380.7,2
381.1,2
381.7,2
38141,2
382.18,2
382.99,2
383.2,2
383.3,2
383.9,2
384.1,2
385.7,2
386.0,2
386.25,2
387.3,2
388.6,2
389.1,2
389.2,2
389.4,2
389.7,2
389.9,2
389.92,2
39.14,2
39.15,2
39.16,2
39.28,2
39.33,2
39.38,2
39.41,2
39.50,2
39.53,2
39.55,2
39.57,2
39.62,2
39.68,2
39.76,2
39.85,2
39.92,2
39.94,2
39.97,2
39.98,2
391.1,2
391.2,2
392.0,2
392.4,2
392.7,2
392.9,2
3921,2
393.4,2
394.1,2
394.17,2
395.0,2
395.5,2
396.3,2
397.0,2
397.6,2
398.1,2
398.2,2
398.3,2
398.5,2
398.9,2
3980,2
399.12,2
399.4,2
399.9,2
4.002,2
4.016,2
4.043,2
4.048,2
4.108,2
4.149,2
4.160,2
4.165977,2
4.174,2
4.210,2
4.257,2
4.272,2
4.279,2
4.319,2
4.420,2
4.444,2
4.449,2
4.460,2
4.471,2
4.507,2
4.532,2
4.550,2
4.553,2
4.570,2
4.576,2
4.659,2
4.711,2
4.833,2
4.862,2
4.889,2
4.929,2
4.956,2
4.961,2
4.975,2
4.989,2
4.995,2
40.01,2
40.08,2
40.25,2
40.28,2
40.30,2
40.37,2
40.380,2
40.43,2
40.46,2
40.51,2
40.56,2
40.59,2
40.65,2
40.656,2
40.83,2
400.6,2
400.7,2
401.3,2
4013,2
402.1,2
402.5,2
402.8,2
403.4,2
403.90,2
4039,2
404.5,2
404.8,2
405.0,2
405.39,2
405.8,2
4055419,2
406.1,2
407.5,2
407.64,2
407.7,2
408.2,2
408.6,2
408.9,2
41.04,2
41.10,2
41.13,2
41.23,2
41.32,2
41.38,2
41.46,2
41.52,2
41.54,2
41.59,2
41.62,2
41.69,2
41.71,2
41.72,2
41.74,2
41.75,2
41.76,2
41.77,2
41.80,2
41.85,2
41.93,2
41.99,2
410.0,2
410.3,2
410.4,2
410.7,2
410.8,2
411.6,2
412.5,2
412.9,2
413.2,2
413.7,2
413.9,2
4136,2
414.5,2
414.6,2
415.3,2
416.8,2
4163,2
417.2,2
417.4,2
418.5,2
4180,2
419.1,2
419.4,2
419.41,2
419.5,2
419.8,2
4190,2
42.04,2
42.10,2
42.11,2
42.17,2
42.20,2
42.31,2
42.35,2
42.40,2
42.44,2
42.45,2
42.50,2
42.54,2
42.57,2
42.65,2
42.72,2
42.826,2
42.89,2
42.895,2
42.91,2
42.96,2
420.7,2
421.6,2
422.4,2
423.3,2
423.4,2
423.7,2
423.9,2
424.2,2
4242,2
426.6,2
426.7,2
428.7,2
429.4,2
429.5,2
43.03,2
43.17,2
43.21,2
43.22,2
43.24,2
43.34,2
43.35,2
43.37,2
43.38,2
43.39,2
43.41,2
43.43,2
43.50,2
43.64,2
43.65,2
43.80,2
43.85,2
43.96,2
43.97,2
4300,2
431.25,2
431.35,2
431.5,2
432.5,2
432.7,2
433.99,2
434.0,2
434.5,2
435.0,2
435.2,2
435.7,2
435.9,2
436.5,2
436.8,2
438.2,2
438.3,2
438.61,2
438516,2
439.0,2
439.4,2
44.13,2
44.14,2
44.23,2
44.24,2
44.29,2
44.49,2
44.51,2
44.53,2
44.63,2
44.65,2
44.68,2
44.73,2
44.85,2
44.87,2
44.91,2
44.97,2
44.98,2
440.2,2
440.3,2
442.1,2
443.3,2
443.6,2
444.1,2
444.2,2
444.3,2
4441,2
446.3,2
446.6,2
446.8,2
447.1,2
447.7,2
449.0,2
449.17,2
449.3,2
449.94,2
45.00,2
45.04,2
45.11,2
45.15,2
45.23,2
45.24,2
45.52,2
45.54,2
45.56,2
45.68,2
45.87,2
45.91,2
45.92,2
45.94,2
45.97,2
450.00,2
450.3,2
450.8,2
453.3,2
454.0,2
454.8,2
455.2,2
455.6,2
455.7,2
456.5,2
456.9,2
4561,2
457.50,2
457.8,2
45763,2
458.0,2
458.9,2
459.38,2
459.8,2
459200,2
46.08,2
46.12,2
46.14,2
46.17,2
46.22,2
46.23,2
46.27,2
46.28,2
46.29,2
46.30,2
46.31,2
46.38,2
46.40,2
46.41,2
46.52,2
46.58,2
46.64,2
46.66,2
46.72,2
46.77,2
46.78,2
46.83,2
46.84,2
46.91,2
46.95,2
46.97,2
460.2,2
460.5,2
460.7,2
460.8,2
461.25,2
4613,2
462.5,2
462.6,2
462.7,2
463.0,2
463.2,2
464.6,2
464.68,2
464.9,2
465.4,2
465.6,2
465.9,2
466.3,2
466.7,2
467.0,2
467.3,2
467.9,2
468.1,2
468.5,2
469.1,2
47.03,2
47.12,2
47.15,2
47.17,2
47.18,2
47.24,2
47.26,2
47.28,2
47.37,2
47.48,2
47.61,2
47.66,2
470.5,2
472.0,2
472.22,2
472.5,2
472.9,2
473.7,2
474.5,2
474.6,2
474.7,2
476.7,2
4760,2
477.0,2
477.1,2
477.8,2
4779,2
4797,2
48.03,2
48.04,2
48.06,2
48.11,2
48.12,2
48.13,2
48.18,2
48.27,2
48.30,2
48.32,2
48.33,2
48.35,2
48.41,2
48.45,2
48.50,2
48.52,2
48.53,2
48.64,2
48.68,2
48.69,2
48.72,2
48.81,2
48.89,2
480.3,2
480.8,2
483.9,2
4830,2
484.8,2
485.4,2
485.8,2
486.3,2
486.6,2
486.7,2
4867,2
487.7,2
487.8,2
4875,2
488.0,2
488.1,2
489.7,2
49.03,2
49.07,2
49.12,2
49.13,2
49.16,2
49.21,2
49.25,2
49.30,2
49.33,2
49.34,2
49.37,2
49.49,2
49.54,2
49.56,2
49.57,2
49.62,2
49.63,2
49.71,2
49.77,2
49.78,2
49.79,2
49.800,2
49.85,2
49.86,2
49.90,2
49.95,2
4900,2
492.2,2
492.5,2
493.7,2
493.8,2
494.5,2
494.8,2
4942,2
495.0,2
495.9,2
496.1,2
496.8,2
497.1,2
497.4,2
497.5,2
497.6,2
498.0,2
498.1,2
498.6,2
4980,2
4999622,2
5.080,2
5.099,2
5.100,2
5.188,2
5.210,2
5.216,2
5.219,2
5.235,2
5.247,2
5.267,2
5.289,2
5.349,2
5.350,2
5.450,2
5.459,2
5.486,2
5.555,2
5.620,2
5.656,2
5.683,2
5.728,2
5.736,2
5.767,2
5.773,2
5.942,2
50.07,2
50.15,2
50.17,2
50.21,2
50.27,2
50.31,2
50.32,2
50.33,2
50.47,2
50.52,2
50.54,2
50.61,2
50.63,2
50.72,2
50.81,2
50.82,2
50.87,2
50.92,2
50.93,2
50.94,2
50.95,2
50.98,2
50.99,2
501.3,2
502.2,2
502.4,2
502.7,2
503.0,2
5036,2
504.0,2
504.6,2
505.0,2
506.1,2
506.2,2
506.25,2
506.50,2
507.5,2
509.3,2
509.4,2
509.5,2
509.55,2
509.6,2
509.8,2
51.07,2
51.09,2
51.10,2
51.16,2
51.19,2
51.23,2
51.41,2
51.51,2
51.57,2
51.572626,2
51.60,2
51.65,2
51.66,2
51.78,2
51.79,2
51.82,2
51.86,2
51.87,2
51.95,2
51.97,2
51.98,2
510.4,2
512.2,2
512.4,2
512.7,2
513.1,2
513.5,2
514.0,2
514.2,2
5146,2
515.0,2
515.1,2
515.3,2
516.0,2
516.8,2
5169,2
517.0,2
518.0,2
518.2,2
519.8,2
519.9,2
52.05,2
52.08,2
52.11,2
52.16,2
52.20,2
52.22,2
52.24,2
52.25,2
52.33,2
52.35,2
52.38,2
52.53,2
52.61,2
52.66,2
52.67,2
52.68,2
52.72,2
52.73,2
52.74,2
52.75,2
52.78,2
52.87,2
52.93,2
52.98,2
520.1,2
520.8,2
521.0,2
521.5,2
522.3,2
522.4,2
523.51,2
526.6,2
526.8,2
527.8,2
527123,2
528.6,2
5291,2
53.03,2
53.05,2
53.07,2
53.19,2
53.20,2
53.21,2
53.25,2
53.26,2
53.29,2
53.31,2
53.34,2
53.36,2
53.41,2
53.47,2
53.49,2
53.52,2
53.57,2
53.73,2
53.75,2
53.79,2
53.88,2
53.98,2
5304,2
532.0,2
533.3,2
533.5,2
533.6,2
533.8,2
533.9,2
534.0,2
534.8,2
534.9,2
535.2,2
535.4,2
535.7,2
536.3,2
536.9,2
537.0,2
537.7,2
5376,2
538.0,2
538.3,2
54.04,2
54.15,2
54.19,2
54.22,2
54.25,2
54.28,2
54.32,2
54.39,2
54.41,2
54.48,2
54.49,2
54.67,2
54.77,2
54.80,2
54.97,2
540.0,2
540.2,2
540.4,2
541.0,2
541.4,2
542.1,2
542.2,2
542.7,2
543.2,2
543.74,2
544.2,2
544.9,2
545.9,2
546.7,2
547.5,2
547.7,2
547.94,2
5476,2
549.26,2
549.4,2
549.6,2
55.01,2
55.16,2
55.184,2
55.20,2
55.21,2
55.27,2
55.29,2
55.39,2
55.44,2
55.51,2
55.56,2
55.57,2
55.656,2
55.66,2
55.68,2
55.77,2
55.94,2
55.99,2
551.4,2
552.1,2
552.85,2
554.2,2
554.9,2
555.2,2
5555606,2
556.0,2
556.6,2
557.0,2
557.2,2
557.3,2
557.4,2
557.7,2
558.1,2
558.5,2
559.2,2
56.03,2
56.07,2
56.08,2
56.11,2
56.15,2
56.16,2
56.21,2
56.24,2
56.43,2
56.45,2
56.47,2
56.56,2
56.61,2
56.66,2
56.67,2
56.69,2
56.74,2
56.82,2
56.91,2
56.92,2
56.98,2
560.0,2
560.8,2
561.1,2
561.2,2
561.5,2
561.7,2
562.3,2
563.5,2
563.7,2
563.8,2
564.8,2
564.9,2
565.7,2
565.8,2
565.9,2
566.9,2
567.7,2
568.8,2
569.1,2
569.5,2
57.16,2
57.17,2
57.43,2
57.48,2
57.53,2
57.61,2
57.86,2
57.88,2
57.91,2
57.99,2
571.3,2
571.4,2
571.6,2
571.7,2
572.3,2
572.5,2
572.7,2
573.1,2
573.2,2
573.8,2
574.0,2
574.2,2
574.9,2
576.6,2
576.8,2
577.5,2
58.01,2
58.05,2
58.08,2
58.09,2
58.13,2
58.14,2
58.30,2
58.35,2
58.40,2
58.41,2
58.55,2
58.67,2
58.69,2
58.79,2
58.85,2
58.91,2
58.93,2
58.96,2
58.99,2
580.5,2
580.6,2
5808,2
581.3,2
581.4,2
582.1,2
582.6,2
582.9,2
583.2,2
583.6,2
5839,2
584.1,2
584.7,2
5842,2
5847,2
587.28,2
587.4,2
588.4,2
589.3,2
59.15,2
59.18,2
59.24,2
59.30,2
59.38,2
59.427,2
59.46,2
59.52,2
59.53,2
59.55,2
59.62,2
59.66,2
59.67,2
59.71,2
59.74,2
59.75,2
59.78,2
59.83,2
59.89,2
591.1,2
5918,2
592.1,2
5923,2
593.0,2
593.4,2
593.5,2
594.4,2
594.7,2
595.3,2
595.4,2
596.6,2
596.7,2
596.8,2
597.1,2
597.2,2
599.2,2
599.7,2
6.058,2
6.087,2
6.093,2
6.271,2
6.2710,2
6.287,2
6.295,2
6.410,2
6.438,2
6.440,2
6.467,2
6.489,2
6.545,2
6.660,2
6.829,2
6.8290,2
6.870,2
6.878,2
6.925,2
6.940,2
60.11,2
60.13,2
60.138,2
60.18,2
60.24,2
60.26,2
60.27,2
60.37,2
60.41,2
60.46,2
60.54,2
60.55,2
60.66,2
60.74,2
60.85,2
60.87,2
60.96,2
60.97,2
600.3,2
600.7,2
600.9,2
601.7,2
602.3,2
6029,2
603.00,2
6035,2
604.4,2
604.74,2
605.1,2
605.3,2
605.5,2
605.60,2
60529,2
606.4,2
606.9,2
60654,2
607.7,2
608.3,2
608.4,2
609.3,2
61.01,2
61.05,2
61.06,2
61.13,2
61.25,2
61.27,2
61.34,2
61.43,2
61.58,2
61.59,2
61.64,2
61.67,2
61.69,2
61.73,2
61.76,2
61.77,2
61.89,2
61.90,2
61.91,2
61.94,2
610.4,2
610.6,2
6107,2
611.4,2
612.2,2
612.9,2
614.0,2
615.4,2
615.98,2
616.6,2
617.0,2
617.2,2
618.6,2
619.0,2
619.2,2
62.01,2
62.02,2
62.16,2
62.18,2
62.28,2
62.31,2
62.40,2
62.44,2
62.46,2
62.47,2
62.49,2
62.60,2
62.61,2
62.63,2
62.75,2
62.77,2
62.82,2
620.6,2
620.7,2
6207,2
621.99,2
622.6,2
622.8,2
623.4,2
623.6,2
6236,2
624.3,2
624.8,2
625.2,2
625.3,2
625.7,2
627.3,2
628.8,2
629.1,2
629.38,2
63.02,2
63.03,2
63.05,2
63.17,2
63.28,2
63.35,2
63.43,2
63.44,2
63.53,2
63.62,2
63.63,2
63.86,2
63.87,2
63.89,2
63.95,2
630.7,2
6304,2
631.2,2
631.3,2
6316,2
634.30,2
635.2,2
636.3,2
637.8,2
639.0,2
639.4,2
639.6,2
639.7,2
639.9,2
64.01,2
64.05,2
64.20,2
64.22,2
64.29,2
64.48,2
64.55,2
64.58,2
64.70,2
64.78,2
64.82,2
64.96,2
640.0,2
640.0555,2
640.1,2
640.2,2
640.3,2
640.6348,2
642.2,2
643.4,2
6437,2
646.2,2
646.4,2
646.5,2
647.1,2
647.2,2
648.9,2
649.0,2
649.8,2
65.02,2
65.09,2
65.11,2
65.19,2
65.26,2
65.27,2
65.32,2
65.49,2
65.52,2
65.53,2
65.73,2
65.875,2
65.89,2
65.99,2
650.1,2
6501,2
651.1,2
652.4,2
654.4,2
655.8,2
656.2,2
656.4,2
658.5,2
6582,2
659.6,2
659.7,2
6595,2
66.04,2
66.08,2
66.16,2
66.20,2
66.27,2
66.36,2
66.41,2
66.54,2
66.69,2
66.72,2
66.81,2
66.82,2
66.98,2
66.99,2
660.5,2
661.4,2
661.5,2
661.6,2
661.8,2
662.7,2
663.05,2
664.2,2
664.5,2
665.2,2
666.1,2
666.8,2
667.1,2
667.2,2
667.8,2
668.1,2
668.2,2
668.4,2
668.7,2
67.24,2
67.25,2
67.28,2
67.32,2
67.44,2
67.46,2
67.66,2
670.1,2
671.1,2
671.3,2
673.1,2
673.4,2
673.6,2
673.9,2
674.3,2
674.5,2
675.0,2
676.1,2
678.2,2
678.8,2
6782,2
679.5,2
68.03,2
68.24,2
68.29,2
68.37,2
68.43,2
68.49,2
68.52,2
68.54,2
68.72,2
68.78,2
68.80,2
68.81,2
68.91,2
68.96,2
68.98,2
680.5,2
681.4,2
682.2,2
682.9,2
6829,2
683.6,2
683.8,2
683.9,2
684.1,2
684.2,2
684.8,2
685.0,2
686.3,2
687.1,2
687.4,2
687.8,2
688.3,2
688.6,2
688.7,2
688.9,2
6883539,2
689.0,2
689.3,2
689.4,2
69.13,2
69.21,2
69.22,2
69.52,2
69.58,2
69.60,2
69.67,2
69.71,2
69.74,2
69.76,2
69.82,2
69.88,2
69.89,2
69.96,2
69.97,2
690.8,2
690.9,2
691.5,2
692.7,2
692.8,2
693.0,2
693.9,2
694.4,2
694.7,2
694.9,2
695.3,2
695.5,2
695.9,2
696.2,2
696.3,2
697.0,2
697.3,2
698.80,2
699.5,2
7.165,2
7.201,2
7.355,2
7.473,2
7.504,2
7.535,2
7.74,2
7.80,2
7.881,2
7.906,2
70.03,2
70.07,2
70.08,2
70.21,2
70.23,2
70.31,2
70.33,2
70.39,2
70.41,2
70.54,2
70.57,2
70.73,2
70.97,2
700.6,2
701.1,2
701.2,2
701.7,2
701.8,2
701.9,2
7014,2
702.9,2
703.2,2
703.4,2
704.5,2
707.1,2
707.7,2
707.9,2
7075,2
708.2,2
708.6,2
709.8,2
71.03,2
71.08,2
71.16,2
71.19,2
71.23,2
71.26,2
71.43,2
71.49,2
71.513,2
71.59,2
71.69,2
71.81,2
71.85,2
710.5,2
711.2,2
711.3,2
7119,2
712.3,2
7121,2
713.0,2
713.5,2
713.6,2
714.9,2
715.4,2
715.5,2
715.7,2
715.8,2
716.2,2
717.2,2
717.5,2
7172,2
719.6,2
719.9,2
72.03,2
72.05,2
72.08,2
72.16,2
72.22,2
72.27,2
72.30,2
72.36,2
72.40,2
72.49,2
72.52,2
72.60,2
72.61,2
72.63,2
72.71,2
72.96,2
720.7,2
720.8,2
721.7,2
7214,2
7215,2
7220,2
723.2,2
723.8,2
724.1,2
724.3,2
724.6,2
724.8,2
725.2,2
725.3,2
725.7,2
725.8,2
726.7,2
727.7,2
727965,2
728.9,2
73.00,2
73.11,2
73.18,2
73.20,2
73.24,2
73.35,2
73.38,2
73.44,2
73.45,2
73.52,2
73.70,2
73.90,2
73.98,2
730.1,2
730.8,2
730.9,2
731766,2
732.1,2
7325,2
733.6,2
733.7,2
733.8,2
734.6,2
735.1,2
735.9,2
736.3,2
736.8,2
737.2,2
738.4,2
738.5,2
738.8,2
74.04,2
74.06,2
74.19,2
74.23,2
74.26,2
74.30,2
74.38,2
74.51,2
74.55,2
74.56,2
74.69,2
74.70,2
74.93,2
74.99,2
740.3,2
740.9,2
741.9,2
742.7,2
7428,2
743.4,2
744.2,2
744.4,2
744.9,2
745.0,2
745.2,2
745.6,2
745.8,2
7458,2
746.1,2
746.2,2
746.3,2
746.5,2
747.2,2
747.5,2
749.0,2
75.04,2
75.17,2
75.23,2
75.25,2
75.26,2
75.28,2
75.33,2
75.36,2
75.46,2
75.54,2
75.66,2
75.67,2
75.71,2
75.85,2
75.92,2
753.2,2
753.75,2
7559,2
757.4,2
758.9,2
759.4,2
759.7,2
759.8,2
76.00,2
76.15,2
76.17,2
76.26,2
76.34,2
76.44,2
76.45,2
76.52,2
76.56,2
76.65,2
76.70,2
76.76,2
76.78,2
76.81,2
76.89,2
76.96,2
760.0,2
760.1,2
760.6,2
760.7,2
761.1,2
762.2,2
762.9,2
764.6,2
7646,2
765.0,2
765.5,2
766.0,2
767.0,2
767.2,2
767.4,2
768.0,2
768.3,2
768.8,2
769.1,2
77.12,2
77.15,2
77.16,2
77.32,2
77.41,2
77.42,2
77.46,2
77.54,2
77.62,2
77.68,2
77.70,2
77.71,2
77.72,2
77.82,2
77.86,2
77.93,2
77.97,2
770.2,2
770.5,2
770.9,2
7700,2
771.3,2
771.4,2
771.5,2
771.9,2
772.2,2
772.4,2
772.7,2
773.7,2
773.9,2
7736,2
774.4,2
774.9,2
775.0,2
775.4,2
775.6,2
776.3,2
776.6,2
7773,2
778.5,2
778.6,2
779.4,2
7795,2
78.09,2
78.14,2
78.23,2
78.24,2
78.26,2
78.28,2
78.31,2
78.45,2
78.50,2
78.55,2
78.57,2
78.68,2
78.76,2
78.77,2
78.79,2
78.86,2
78.91,2
78.92,2
780.5,2
781.5,2
781.6,2
782.0,2
782.2,2
782.6,2
7823,2
783.7,2
784.1,2
784.5,2
785.0,2
785.1,2
785.4,2
785.5,2
786.7,2
786.8,2
78763,2
788.0,2
788.2,2
788.3,2
788.6,2
788.8,2
789.5,2
78985,2
78993,2
79.01,2
79.15,2
79.25,2
79.33,2
79.34,2
79.36,2
79.43,2
79.45,2
79.51,2
79.62,2
79.66,2
79.72,2
79.74,2
79.83,2
79.84,2
79.86,2
79.87,2
79.93,2
791.3,2
791.8,2
792.5,2
792.6,2
7920,2
793.7,2
794.2,2
794.6,2
794.8,2
794.9,2
795.0,2
795.6,2
796.5,2
797.6,2
797.9,2
798.9,2
7986,2
8.0324,2
8.173,2
8.24,2
8.29,2
8.290,2
8.293,2
8.354,2
8.474,2
8.498,2
8.83,2
8.87,2
8.90,2
8.97,2
8.97361,2
80.00,2
80.15,2
80.23,2
80.29,2
80.37,2
80.40,2
80.45,2
80.52,2
80.59,2
80.64,2
80.65,2
80.67,2
80.69,2
80.75,2
80.79,2
80.86,2
80.90,2
80.96,2
800.0,2
800.5,2
801.4,2
801.6,2
801.7,2
802.1,2
802.7,2
803.3,2
803.9,2
805.1,2
805.2,2
806.4,2
807.57,2
807.9,2
808.5,2
809.6,2
81.01,2
81.02,2
81.23,2
81.35,2
81.43,2
81.45,2
81.47,2
81.52,2
81.55,2
81.58,2
81.62,2
81.66,2
81.75,2
81.80,2
81.81,2
81.87,2
810.7,2
811.8,2
812.0,2
812.4,2
812.5,2
814.7,2
815.0,2
816.5,2
8160,2
817.5,2
818.1,2
818.3,2
819.1,2
819.2,2
82.00,2
82.01,2
82.12,2
82.15,2
82.19,2
82.24,2
82.32,2
82.35,2
82.64,2
82.66,2
82.70,2
82.74,2
82.78,2
82.92,2
822.7,2
823.4,2
823.5,2
824.1,2
824.3,2
826.0,2
827.1,2
827.3,2
827.4,2
827.5,2
8273,2
828.1,2
828.6,2
828.7,2
829.6,2
829.7,2
83.06,2
83.14,2
83.21,2
83.23,2
83.31,2
83.32,2
83.66,2
83.71,2
83.77,2
83.80,2
83.81,2
83.83,2
83.87,2
83.91,2
83.98,2
83.99,2
830.2,2
830.8,2
832.6,2
83290,2
833.6,2
833.7,2
834.4,2
836.6,2
837.4,2
837.9,2
839.2,2
84.02,2
84.06,2
84.12,2
84.18,2
84.19,2
84.25,2
84.32,2
84.43,2
84.53,2
84.78,2
84.91,2
841.8,2
842.8,2
843.3,2
843.4,2
844.3,2
844.5,2
844.6,2
845.2,2
845.4,2
845.9,2
846.0,2
846.3,2
846.7,2
847.0,2
847.1,2
847.2,2
8476,2
848.1,2
849.9,2
85.07,2
85.08,2
85.11,2
85.12,2
85.13,2
85.14,2
85.19,2
85.25,2
85.35,2
85.45,2
85.47,2
85.48,2
85.54,2
85.56,2
85.57,2
85.59,2
85.62,2
85.66,2
85.72,2
85.84,2
85.87,2
850.0,2
852.7,2
852.9,2
855.4,2
855.6,2
856.6,2
856.8,2
857.4,2
857.5,2
858.0,2
859.1,2
86.02,2
86.08,2
86.16,2
86.32,2
86.33,2
86.52,2
86.54,2
86.55,2
86.71,2
86.76,2
86.81,2
86.85,2
86.86,2
86.87,2
860.0,2
8609,2
861.3,2
861.5,2
862.7,2
863.5,2
863.8,2
864.1,2
864.92,2
865.0,2
8658,2
867.0,2
867.2,2
868.3,2
868.8,2
8686,2
869.3,2
87.02,2
87.07,2
87.19,2
87.21,2
87.28,2
87.37,2
87.47,2
87.55,2
87.58,2
87.64,2
87.65,2
87.72,2
87.80,2
87.82,2
87.83,2
87.84,2
87.96,2
871.4,2
872.2,2
872.5,2
873.7,2
874.4,2
875.0,2
875.1,2
875.4,2
877.5,2
877.7,2
879.6,2
88.04,2
88.10,2
88.19,2
88.25,2
88.27,2
88.29,2
88.30,2
88.33,2
88.62,2
88.69,2
88.73,2
88.83,2
88.91,2
880.1,2
880.4,2
88085,2
88096,2
881.4,2
883.4,2
884.5,2
885.3,2
885.5,2
886.8,2
887.1,2
887.2,2
889.1,2
89.01,2
89.05,2
89.06,2
89.20,2
89.23,2
89.26,2
89.34,2
89.42,2
89.43,2
89.51,2
89.54,2
89.58,2
89.65,2
89.81,2
89.83,2
89.84,2
89.90,2
891.1,2
893.3,2
893.6,2
893.7,2
893.8,2
894.1,2
897.2,2
9.143,2
9.260,2
9.4602,2
9.461,2
9.482,2
9.57,2
9.574,2
9.660,2
9.72,2
9.822,2
9.825,2
9.97,2
9.997,2
90.08,2
90.18,2
90.21,2
90.47,2
90.49,2
90.66,2
90.70,2
90.71,2
90.74,2
90.85,2
90.91,2
90.99,2
900237,2
900342,2
901.0,2
901.3,2
901.4,2
901.7,2
903.2,2
904.1,2
904.5,2
904.8,2
904.9,2
905.7,2
905.8,2
907.5,2
9075479,2
908.6,2
908.9,2
91.00,2
91.07,2
91.09,2
91.22,2
91.27,2
91.35,2
91.42,2
91.44,2
91.51,2
91.84,2
91.86,2
91.89,2
91.97,2
91.98,2
910.2,2
911.6,2
912.3,2
912.4,2
912.7,2
915.5,2
916.8,2
916.9,2
917.2,2
917.3,2
918.1,2
919.4,2
919.91,2
92.04,2
92.05,2
92.13,2
92.14,2
92.32,2
92.36,2
92.39,2
92.40,2
92.41,2
92.58,2
92.67,2
92.72,2
92.75,2
92.78,2
92.84,2
92.88,2
92.89,2
92.93,2
92.97,2
920.1,2
920.3,2
920.4,2
920.5,2
923.5,2
925.3,2
925.5,2
925.6,2
925.9,2
926.6,2
927.4,2
927.5,2
927.6,2
928.2,2
928.6,2
928.9,2
929.2,2
93.03,2
93.14,2
93.16,2
93.26,2
93.31,2
93.32,2
93.57,2
93.59,2
93.61,2
93.66,2
93.70,2
93.72,2
93.75,2
93.84,2
93.86,2
93.89,2
93.97,2
932.6,2
933.8,2
933.9,2
934.4,2
934.9,2
935.9,2
936.2,2
936.4,2
936.9,2
937.1,2
937.4,2
938.2,2
938.4,2
939.9,2
94.00,2
94.01,2
94.07,2
94.46,2
94.48,2
94.51,2
94.55,2
94.58,2
94.66,2
94.72,2
94.74,2
94.81,2
94.88,2
94.91,2
94.98,2
940.1,2
94043,2
941.3,2
941.9,2
94102,2
942.2,2
942.6,2
943.0,2
943.4,2
944.7,2
945.8,2
946.2,2
946.4,2
947.1,2
947.3,2
949.0,2
95.10,2
95.14,2
95.16,2
95.34,2
95.35,2
95.44,2
95.46,2
95.55,2
95.68,2
95.76,2
95.81,2
95.83,2
95.86,2
95.87,2
95.88,2
95.95,2
95.96,2
950.0,2
950.51,2
950.8,2
951.0,2
951.5,2
952.05,2
952.4,2
952.9,2
953.0,2
953.8,2
954.6,2
955.6,2
955.9,2
956.2,2
956.4,2
956.5,2
957.0,2
957.1,2
957.5,2
959.5,2
96.01,2
96.03,2
96.04,2
96.09,2
96.10,2
96.18,2
96.27,2
96.29,2
96.33,2
96.47,2
96.50,2
96.59,2
96.66,2
96.67,2
96.74,2
96.77,2
96.83,2
96.86,2
96.87,2
96.91,2
96.94,2
960.0,2
960.5,2
961.2,2
961.5,2
962.2,2
962.8,2
963.0,2
964.0,2
966.0,2
966.4,2
966.9,2
967.4,2
967.6,2
968.0,2
968.6,2
969.0,2
969.3,2
969.9,2
97.02,2
97.15,2
97.17,2
97.18,2
97.25,2
97.43,2
97.45,2
97.46,2
97.49,2
97.52,2
97.57,2
97.59,2
97.65,2
97.71,2
97.74,2
97.77,2
97.78,2
97.81,2
97.82,2
97.88,2
97.93,2
97.99,2
970.0,2
970.3,2
971.6,2
971566824213,2
972.6,2
972.7,2
972.9,2
973.4,2
973.61,2
974.2,2
975.0,2
975.4,2
976.4,2
977.5,2
9770,2
978.3,2
978.6,2
9783,2
979.7,2
98.02,2
98.03,2
98.10,2
98.12,2
98.17,2
98.23,2
98.37,2
98.42,2
98.45,2
98.72,2
98.7611,2
98.78,2
98.81,2
98.82,2
98.84,2
98.87,2
98.89,2
98.90,2
98.94,2
98.98,2
981.3,2
982.7,2
983.7,2
984.0,2
986.1,2
986.9,2
987.0,2
987.3,2
989.2,2
989.4,2
99.00,2
99.04,2
99.07,2
99.107,2
99.154,2
99.181,2
99.20,2
99.242,2
99.312,2
99.342,2
99.37,2
99.400,2
99.42,2
99.434,2
99.47,2
99.50,2
99.515,2
99.52,2
99.557,2
99.592,2
99.630,2
99.638,2
99.65,2
99.67,2
99.675,2
99.692,2
99.71,2
99.762,2
99.78,2
99.787,2
99.796,2
99.797,2
99.80,2
99.800,2
99.81,2
99.821,2
99.845,2
99.85,2
99.88,2
99.89,2
99.894,2
99.91,2
99.93,2
99.930,2
99.951,2
99.98,2
990.1,2
991.2,2
992.1,2
992.8,2
993.0,2
994.4,2
994.5,2
995.0,2
995.6,2
995.7,2
995.8,2
996.5,2
997.0,2
997.2,2
997.3,2
997.5,2
997.6,2
997.7,2
9974,2
998.1,2
998.4,2
999.0,2
999.5,2
a$2.3,2
a$250,2
a-series,2
a-shares,2
a.3,2
a.i,2
a.ii,2
a0.75notesdue2023member,2
a0125notesdue2029ko29amember,2
a0125notesdue2029ko29bmember,2
a03312018ex9918-k.htm,2
a0400notesdue2030member,2
a0500notesdue2033member,2
a0950notesdue2036member,2
a1000notesdue2041member,2
a12312022ex9918-k.htm,2
a14,2
a15,2
a2021q3exhibit991.htm,2
a2022q4exhibit992.htm,2
a6,2
aaa-a3,2
aacr-nci-eortc,2
aah,2
aara,2
aas,2
ab398,2
abating,2
abby,2
abdominal,2
abdul,2
abena,2
ablations,2
aboutmcdonalds,2
aboutvisa,2
above-target,2
abr,2
abrasivos,2
absorbency,2
acadia,2
acccumulated,2
accelerations,2
accidentally,2
accor,2
account-opening,2
accountingstandardsupdate201409member,2
accountingstandardsupdate201601member,2
accountspayableandaccruedliabilitiescurrent,2
accountspayablemember,2
accruable,2
accruedliabilitiesmember,2
accumulatedtranslationadjustmentmember,2
acetone,2
aclar,2
acneiform,2
aco,2
acompay,2
acqis,2
acquittances,2
activesync,2
actuator,2
actus,2
ad3,2
ad6,2
adaptations,2
adaptix,2
additons,2
adebayo,2
ademco,2
adept,2
aditya,2
administrating,2
administration's,2
admire,2
adopter,2
adoptions,2
adrian,2
advantageously,2
adversity,2
advertise,2
advertising-based,2
advocate4me,2
adwords,2
adyen,2
aecb,2
aeocc,2
aero,2
aeronautica,2
aerospace-grade,2
aerospace-related,2
aersols,2
aes,2
aevovias,2
afar,2
afatinib,2
affiants,2
affiliations,2
affirmed-in-part,2
affixing,2
affronti,2
afib,2
afraid,2
african-american,2
afrotech,2
after-school,2
aftermarket-installed,2
ageas,2
agencyabtfsupport,2
agerlt,2
agg,2
aggressors,2
agr,2
agreement's,2
agreement-retention,2
agroforestry,2
ahold,2
ai-empowered,2
ai-infused,2
ai-led,2
ai-optimized,2
aileron,2
ainsi,2
aip,2
airflow,2
airframe,2
airspace,2
airtime,2
aisn,2
aizant,2
aj3,2
akash,2
akeega,2
akhil,2
al-jubail,2
alarm.com,2
albertson,2
albuquerque,2
alchemy,2
alchemyapi,2
alcohol-free,2
alderoni,2
alenia,2
alessandro,2
alexandra,2
alfonse,2
ali,2
alias,2
aliens,2
alignments,2
aliments,2
alistair,2
aliyev,2
all-737,2
all-electric,2
all-pro,2
all-screen,2
allergenic,2
alleviated,2
alliance's,2
alliant,2
alll,2
alloy,2
allstate,2
alluded,2
allure,2
already-completed,2
alta,2
alternately,2
alternative-fuel,2
alternativeinvestmentsmember,2
alth,2
aluminas,2
alums,2
am6,2
amaas,2
amass,2
amassing,2
amatil's,2
amazon-related,2
amazon.com.be,2
amazon.comdedc,2
amazon.eg,2
amazon.es,2
amazon.nl,2
amazonian,2
ambalat,2
ambiance,2
ambies,2
ambrosia,2
america-specific,2
americas.lm,2
ametrano,2
amevive,2
amherst,2
amick,2
amidon,2
amir,2
amisch,2
ammirati,2
amoco,2
amor,2
amphitheatre,2
amps,2
amputations,2
amx,2
analyzer,2
anaplastic,2
anbang,2
anca,2
anca-associated,2
ancestry,2
andersen,2
android-based,2
andy's,2
ang1,2
ang2,2
angelos,2
anghami,2
angove,2
anhydrase,2
anita,2
ankara,2
anniversaried,2
annotation,2
annoucements,2
annualize,2
annuitization,2
annuity-like,2
anodized,2
anomalous,2
answerable,2
antennae,2
anthea,2
anti-cd20,2
anti-fibroblast,2
anti-freeze,2
anti-neutrophil,2
anti-retaliation,2
anti-vegf,2
anti-virus,2
anticoagulants,2
anticoagulation,2
antiepileptic,2
antimony,2
antiplatelet,2
antipyretics,2
anybody,2
anymore,2
anyway,2
anz,2
aoc,2
apb,2
apc,2
aperto,2
aphic,2
api-gravity,2
apm,2
apn,2
apolipoprotein,2
appellants,2
appendage,2
appended,2
appflow,2
application-centric,2
appraise,2
appreciating,2
apprentice,2
approachable,2
approximatel,2
approximativement,2
appscan,2
aprocitentan,2
apu,2
aquiline,2
aquired,2
ar5,2
arbitrating,2
arbitrative,2
arch,2
ard,2
ardmore,2
arete,2
argonne,2
ariela,2
arket,2
arm-,2
armacost,2
armorall,2
armstrong,2
arne,2
arnett,2
arnings,2
arp,2
arsenal,2
artemisiifolia,2
arthrex,2
arztneimittel,2
as-originated,2
ascribes,2
ascvd,2
asda.com,2
asic-based,2
aso,2
asos,2
aspac,2
aspera,2
aspinity,2
assay,2
asserters,2
assessable,2
assessor,2
asset-intensive,2
asset-to-equity,2
assets-beginning,2
assets-end,2
assets-held-for-sale,2
associate-,2
assures,2
aston,2
astrazenca,2
at-a-glance,2
at-issue,2
at-market,2
atelvia,2
athanasatos,2
ati,2
atmos,2
atmos-enabled,2
atmospheric,2
atonit,2
atp,2
atr,2
atsg,2
attendee,2
atterson,2
attorneys-at-law,2
attractively,2
attrib-utable,2
au7,2
au8,2
auckland,2
aud450,2
auditory,2
audrey,2
aujourd,2
auriemma,2
aussi,2
australiandollarnotesdue20202024member,2
australiandollarnotesdue2024member,2
auto-adjusting,2
auto-create,2
auto-generated,2
auto-generating,2
autoantibody-associated,2
autocallable,2
autodrive,2
autonomic,2
autrui,2
av-ready,2
ava,2
avatar-inspired,2
avatar-themed,2
avenger,2
avermectin,2
aviacion,2
aviators,2
avios,2
avoids,2
avolon,2
avolon's,2
avolon.aero,2
avoton,2
avp,2
avril,2
awacs,2
awaken,2
awesomenesstv,2
ax2,2
axes,2
axs,2
axxia,2
aybintio,2
ayer,2
ayments,2
az2,2
az5,2
azs,2
b-roll,2
b.com,2
b.e,2
b.ii,2
b2-b3,2
b5,2
ba1-ba2,2
ba3-b1,2
ba9,2
baa1-baa3,2
baas,2
babelfish,2
babson,2
backend,2
backsheet,2
backwards,2
baclite,2
bacon,2
badges,2
badlands,2
baer,2
baked,2
balmer-millar,2
balversa,2
baml.com,2
banca,2
bandwidth-intensive,2
bank-centric,2
bank-grade,2
bank-issued,2
bank-level,2
bank-owned,2
banking-as-a-service,2
banking2,2
baptiste,2
barajas,2
barbosa,2
barc,2
barclayscapital.com,2
bardem,2
barefoot,2
barge,2
bariatric,2
barloworld,2
barn,2
barometer,2
baron,2
barrage,2
barrister,2
barstock,2
bartz's,2
barueri,2
basilea,2
basketball's,2
bateman,2
batiste,2
battaglia,2
bauma,2
bauml,2
bbb-rated,2
bbc,2
bbj,2
bbjs,2
bd5,2
be3,2
beacon,2
becca,2
becker,2
becton,2
bedaquiline,2
bedford,2
beechcraft,2
beginner,2
beginnings,2
behavior-based,2
behaviour,2
beiersdorf,2
beirne,2
belize,2
belut,2
beneath,2
benevolent,2
benguela,2
benko,2
benson,2
benz,2
berger,2
besoin,2
besoins,2
best's,2
best-ever,2
bestseller,2
bestsellers,2
beta-andrenergic,2
betting,2
bexar,2
beyondcore's,2
bf9,2
bhalla,2
bharti's,2
bhd,2
bhp,2
bi-directional,2
bi-monthly,2
bianco,2
biannual,2
bickers,2
bid-ask,2
bigcommerce,2
bigfix,2
bigquery,2
bike,2
bill.com,2
billionth,2
bilondo,2
binary,2
binge,2
bio-feedstocks,2
biocon,2
bioenergy,2
biofuel,2
biomarker-testing,2
biomarkers,2
biomonitoring,2
bionic,2
biorefineries,2
biostatistical,2
bioterrorism,2
biotherapuetics,2
biovail,2
biphenyls,2
birmingham,2
bishop,2
bisphosphonate,2
bisphosphonates,2
bitcoin,2
bivalent,2
bj,2
bl7,2
black-,2
blackboard,2
blacks,2
blackweb,2
blak,2
blanks,2
blazer,2
blekko,2
blended-ice,2
blindness,2
blinds,2
block12,2
blockchain-based,2
blockers,2
bloomingdale,2
blowout,2
blu,2
blue-penciling,2
blue-ray,2
bluetab,2
blurred,2
bm5,2
bmd,2
bna,2
bnpparibas.com,2
board-certified,2
boarding,2
boca,2
bodyarmormember,2
boeing-led,2
bohemian,2
boilermakers,2
boingo,2
bone-related,2
bono,2
bookstores,2
bops,2
bordonaro,2
boserolimab,2
botanic,2
botanicals,2
bothell,2
bottle-to-bottle,2
bottler-related,2
bottlingoperationsmember,2
bottom-,2
bottomline,2
bottoms,2
bounce,2
bourne,2
bout,2
bowden,2
bowdler,2
bowls,2
br1,2
brain-penetrant,2
braket,2
braly,2
bramante,2
bramble,2
brandford,2
brandon,2
break-down,2
breakers,2
breakfasts,2
breber,2
brennan,2
brenneman,2
brgs,2
brics,2
brightness,2
brita,2
brl,2
broadcast-quality,2
broking,2
bromodomain,2
bronx,2
brooke,2
brookings,2
broom,2
brosnahan,2
browns,2
bruary,2
brudac,2
brugger,2
brumby,2
brun,2
brunch,2
brunner,2
brutus,2
bruyette,2
bryan-mc,2
bryan-mc.kuo,2
btki,2
bts,2
bu7,2
budapest,2
budget-conscious,2
bueckers,2
buffing,2
build-operate-maintain-transfer,2
bunch,2
bureaucratic,2
burgienne,2
burnett,2
burning,2
burroughs,2
burstable,2
burton,2
bushansky,2
bushfire,2
busin,2
business-to-employee,2
butter,2
buy-side,2
buzz,2
bw9,2
bx7,2
by_________________________________________,2
bye,2
bypassed,2
bytes,2
bz6,2
c$10,2
c$100.00,2
c$13.86556164,2
c$17,2
c$400,2
c$800,2
c-band-related,2
c-block,2
c.1,2
c.4,2
c.d,2
c.w,2
c12,2
c13,2
c3260,2
c7g,2
c8,2
ca0,2
ca254687cd65,2
ca254687fu53,2
ca6,2
caa-d,2
cabello,2
cabenuva,2
cabinetry,2
cabrera,2
cached,2
cactus,2
cadre,2
cairy,2
calbiogas,2
calculable,2
calculator,2
calgary,2
calif.--,2
california-based,2
calixto,2
calming,2
cals,2
caltech,2
caltex's,2
camila,2
camt,2
canadianbottlingoperationsmember,2
canaveral,2
candi,2
candy's,2
cannes,2
canoe,2
canoga,2
cantlay,2
canvas-r,2
caouette,2
capacity-building,2
capecitabine,2
capella,2
capital-efficient,2
capital-spending,2
capitan,2
capitol,2
capmatinib,2
caravello,2
carbon-dependent,2
carbon-intensity,2
carbon-reduction,2
carbonic,2
carboplatin-pemetrexed,2
carcinogen,2
carcinogenic,2
carcinogenicity,2
card-accepting,2
card-on-file,2
card-present,2
cardinals,2
cardiogenic,2
cardiopulmonary,2
cardon,2
carleton,2
carlson,2
carnegie,2
carplay,2
carri,2
carrybacks,2
caryn,2
casb,2
caseros,2
cash-favorable,2
cash-related,2
cashers,2
cashier,2
cashiers,2
casino,2
castl,2
castration,2
cat6,2
catalogic,2
catching,2
caterpillar-designed,2
caterpillars-2022-investor-day,2
cathleen,2
caucasian,2
cavatax,2
cavill,2
cb4,2
cb8,2
cbb,2
cbc,2
cbrs,2
ccamember,2
ccbamember,2
ccbc,2
ccci,2
ccordingly,2
ccounts,2
cd20-positive,2
cd3,2
cd6,2
cdma-based,2
cdsm,2
cear,2
cecp,2
cefto-biprole,2
ceftolozone,2
celebrity-interview,2
celimmune,2
cell-directing,2
cell-selective,2
cemment,2
centoni,2
centricity,2
centrifugally,2
centrino,2
century-long,2
ceo-driven,2
cerulli,2
cetera,2
cf7,2
cfsi,2
cft,2
cg3,2
cg5,2
ch1,2
ch3,2
chagas,2
chairing,2
challengers,2
changemakers,2
changer,2
changi,2
changzhou,2
channel-specific,2
chappell,2
chaps,2
charissa,2
chase.com,2
chassis,2
chatbots,2
chauffeur,2
chaz,2
chcho,2
check-ins,2
checklist,2
checkouts,2
checkreplay,2
cheetah,2
chelsea,2
cheng,2
cherished,2
chery,2
chevalier,2
chevrolet,2
chevron.com,2
chihuahua,2
chiller,2
china-related,2
chip-based,2
chiplet,2
chipmaking,2
chipotle,2
chippewa,2
chirag,2
chiropractors,2
chlo,2
chloe,2
chmp's,2
choi,2
cholecystitis,2
chores,2
chrysalis,2
chrysalis-2,2
chung,2
church,2
ciai,2
ciation,2
cicero,2
cicoletti,2
cids,2
cinemark,2
cinematography,2
cipher,2
circulate,2
circumference,2
circumventing,2
cis-ineligible,2
cisplatin-ineligible,2
cit,2
citation,2
cite,2
citicorp,2
cj,2
cj7,2
ck,2
ck4,2
claim-handling,2
claire,2
clalit,2
clarence,2
clarke,2
classic.clinicaltrials.gov,2
classroom-style,2
claudia,2
claudin,2
clay,2
cldn18.2,2
cleanest,2
clear-eyed,2
clearleap,2
cleat,2
clecs,2
cleversafe,2
cli,2
client-,2
client-cleared,2
client-focused,2
client-serving,2
client-valued,2
climate-friendly,2
climate-resilient,2
clinicaltrials.gov,2
clippers,2
clive,2
clone,2
closest-to-the-pin,2
closet,2
cloud-accelerated,2
cloud-like,2
cloudant,2
cloudburst,2
cloudcenter,2
clowes,2
cltv,2
cma's,2
cmc,2
cmet,2
cnet,2
cnhi,2
cnp,2
cnt,2
cnts,2
co-administration,2
co-authenticating,2
co-badge,2
co-creates,2
co-creating,2
co-general,2
co-gm,2
co-insurance,2
co-inventorship,2
co-investments,2
co-investor,2
co-issued,2
co-led,2
co-ownership,2
co-packaged,2
co-plaintiffs,2
co-produces,2
co-sell,2
co.ltd,2
coachella,2
coagulation,2
coal-related,2
coalinga,2
coast-based,2
coban,2
cobb,2
cobra,2
cobrand-related,2
coca-,2
coca-colacompany.com,2
cocacolaamatilmember,2
cocacolabeverageafricamember,2
cocacolaco,2
codec,2
codeguru,2
codeva,2
coe,2
cohesion,2
cohesiveness,2
coie,2
coincides,2
coinciding,2
coinvesting,2
coking,2
cold-water,2
colin,2
collaborative's,2
collapse,2
collapsed,2
collateral's,2
collectable,2
collective-action,2
collectors,2
college-bound,2
colonnade,2
color-matched,2
colorants,2
colorful,2
combinational,2
comcast.com,2
comedic,2
comic-con,2
comm-,2
commandes,2
commencements,2
commentator,2
commercial-,2
commercial-spend,2
commerciality,2
commerz,2
commissionaire,2
commo-,2
common-law,2
commonly-prescribed,2
commons,2
communicative,2
community-,2
commute,2
comp-,2
compana,2
compania,2
company-conducted,2
company-match,2
company-subsidized,2
comparably,2
compete.com,2
competed,2
competitively-sensitive,2
compile,2
compiles,2
complacency,2
complicating,2
compostable,2
comptoir,2
compute-and-data,2
compute-optimized,2
computer-aided,2
computing's,2
comscore,2
concealed,2
concessionaire,2
conde,2
condition-monitoring,2
condolences,2
conexant,2
conexpo-con,2
coney,2
conference-related,2
conferma,2
confessions,2
confirmations,2
conflictfree.intel.com,2
confluence,2
congested,2
congratulating,2
congresses,2
conjunctival,2
connectedness,2
connecticut-domiciled,2
connection-related,2
conners,2
connors,2
conroy,2
consommer,2
consorcio,2
constitutive,2
constrict,2
constructs,2
consumer-grade,2
consumer-owned,2
consumer-protection,2
consumer-related,2
consumer-responsive,2
consumer-use,2
consumption-like,2
contact-free,2
contactless-enabled,2
container-based,2
conte,2
content-providers,2
contentguard,2
context-rich,2
contextref,2
contextualized,2
continent's,2
continuations-in-part,2
continuer,2
contractile,2
contractility,2
contractually-required,2
contraindication,2
control-,2
controller-based,2
contrucci,2
conventionally-franchised,2
converse-owned,2
conversion-driving,2
convinced,2
cookie,2
cooley,2
copays,2
cor-1,2
coremotion,2
cornerback,2
coronavirus-related,2
corpor,2
correll,2
corso,2
cortex,2
corticosteroid-free,2
cosmic,2
cosmos,2
cost-optimization,2
cotransporter-2,2
cott,2
coughlan,2
counteracted,2
counterfeits,2
country-focused,2
coupa,2
coupal,2
couponless,2
courage,2
courageous,2
couriers,2
cours,2
courseware,2
courthouse,2
cova-322,2
covax,2
coverag,2
covert,2
covid-19's,2
covid-based,2
covid19,2
covidien's,2
cowen,2
coworkers,2
cp6,2
cq1,2
cquisition,2
cragle,2
crain,2
cranio-maxillofacial,2
cranston,2
crave,2
crawford,2
crazy,2
cre5,2
creases,2
createspace,2
credco's,2
credicard,2
credit-risk-sharing,2
credit-suisse.com,2
creole,2
crept,2
crespo,2
crewed,2
cronin,2
crooke,2
crooks,2
cross-enterprise,2
cross-licensed,2
cross-marketing,2
cross-platform,2
cross-promotional,2
cross-training,2
crossy,2
crow,2
crowd-funding,2
crowds,2
crowdsourced,2
croyons,2
crude-oil,2
crush,2
crushed,2
crystal-clear,2
csdr,2
csp,2
csssi,2
ct2,2
ctep-sponsored,2
ctf,2
ctgtac,2
cts800,2
cu,2
cu5,2
cubs,2
culinary,2
cult-classic,2
cultivates,2
culture-centric,2
culturing,2
cumbersome,2
cunningham,2
cuno,2
cup-related,2
cur,2
curbing,2
curing,2
curit,2
currency-,2
currency-exchange,2
currency-linked,2
cushing,2
custodian_________________________,2
custom-branded,2
custom-sized,2
customer-back,2
customer-enabling,2
customer-friendly,2
customer-like,2
customer-rated,2
customer-relevant,2
cuti,2
cuy,2
cv-01597-jst,2
cv-3372,2
cv-related,2
cv004367,2
cv182035,2
cvix,2
cvx-06.30.2015-8-k,2
cvx-06302015x8xkex991.htm,2
cvx-09.30.2013-8-k,2
cvx-09302013x8xkex991.htm,2
cwpp,2
cyber-based,2
cyber-risk,2
cyber-threats,2
cyberinsurance,2
cyberspace,2
cyberthreats,2
cyclesure,2
cyclophexanol,2
cyclops,2
cymric,2
cytoplasmic,2
d'enfant,2
d-,2
d-sib,2
d-wave,2
d.2,2
d.drd,2
d205610dex991.htm,2
d241636dex991.htm,2
d241636dex992.htm,2
d3,2
d333805dex991.htm,2
da5,2
dads,2
daft,2
dahlb,2
daigler,2
dailey,2
dailywish,2
daisy,2
damon,2
dana,2
dancing,2
dangers,2
danske,2
daojia,2
dar,2
dare,2
darroch,2
dartmouth,2
data's,2
data-backed,2
data-center,2
data-modeling,2
data-science-driven,2
data.com,2
database-as-a-service,2
database.com,2
databricks,2
datalink,2
datazone,2
daunting,2
davita's,2
daxas,2
day-and-night,2
dayquil,2
db3,2
dcs,2
de-consolidate,2
de-duplication,2
de-emphasize,2
de-stocking,2
deadly,2
dealer-rental,2
death-1,2
debbie,2
debottleneck,2
debt-ceiling,2
debt-for-equity,2
debt-plus-stockholders,2
debuts,2
dec.31,2
decarbonisation,2
decarbonizing,2
decelerating,2
decision-enabling,2
decision-makers,2
decision-support,2
declassification,2
decode's,2
decoder,2
decorated,2
decouple,2
dedicoat,2
deeplens,2
deering,2
default-related,2
defined-life,2
defunct,2
delaney,2
delco,2
delegatee,2
delineated,2
delineations,2
delinquency-related,2
delist,2
dellphi-300,2
dellphi-302,2
delphi,2
delve,2
demerger,2
demers,2
demethylase,2
demming,2
demobilized,2
democracy,2
democrats,2
dense-storage,2
departs,2
departures.com,2
dependant,2
deployable,2
deposit-based,2
derbez,2
derivatively,2
deriviatives,2
dermatologist,2
dern,2
derogate,2
descartes,2
deserves,2
desi,2
design-led,2
designed-to-order,2
desktop-caliber,2
destabilizing,2
destination-based,2
desulfurization,2
detachable,2
detachment,2
detections,2
determi,2
detoxify,2
deus,2
deux,2
devcloud,2
developmentally-licensed,2
device-based,2
devicor,2
devitt,2
devrient,2
dex102.htm,2
dex51.htm,2
dg.hg_ua_notices,2
dharmasthira,2
dhg,2
dialed,2
dialexa,2
dibi,2
dibianca,2
dicom2,2
dicos,2
dictionary-driven,2
dieffenbacher,2
diesel-powered,2
diesels,2
difficult-to-drug,2
difficult-to-treat,2
digestible,2
digging,2
digital-only,2
digitalglobe,2
digitalisation,2
digitalizing,2
dillon,2
dilorenzo,2
dimeglumine,2
dimer,2
dimick,2
dina,2
diplomas,2
direct-,2
direct-to,2
direct-to-customer,2
direct-to-patient,2
directement,2
directeur,2
dirt,2
dis-continued,2
disability-aware,2
disagreeing,2
disassembled,2
discards,2
disclaimed,2
discontinuations,2
discontinuous,2
discover.com,2
discrepancy,2
discretes,2
discriminators,2
disease-causing,2
disease-related,2
disgorge,2
dishes,2
dismantled,2
dismantling,2
disney-owned,2
disneyoutlet.com,2
disparage,2
disparaging,2
displaces,2
displacing,2
disposability,2
disproportionally,2
disruptor,2
dissenting,2
dissolving,2
distro,2
disturb,2
disturbed,2
dities,2
diverse-owned,2
diversity-related,2
dives,2
division's,2
diwali,2
dixons,2
dkeatinge,2
dms,2
dmt,2
dmvpd,2
docker,2
docomo,2
docs,2
doctor-patient,2
docu-series,2
documental,2
dod's,2
dodge,2
dogadan,2
doherty,2
dohnalek,2
dolan,2
dollar-euro,2
dollar-terms,2
dollar-value,2
dominates,2
donors,2
dons,2
dora,2
dorm,2
dots,2
double-,2
double-blinded,2
double-dip,2
double-hulled,2
doublet,2
downlight,2
dozer,2
drag-and-drop,2
draggers,2
drake,2
drastic,2
dreamlifter,2
dress-up,2
drive-through,2
drivers1,2
drl's,2
drr,2
drug-delivery,2
drugmakers,2
dry-docks,2
drying,2
ds8k,2
dsg,2
dtw,2
dual-tranche,2
dually-eligible,2
dubey,2
dubilier,2
dublon,2
duchy,2
duire,2
dumping,2
dundalk,2
dunkin,2
dunlop,2
dunnhumby,2
durant,2
dust-resistant,2
dustin,2
dv2,2
dw0,2
dw3,2
dwight,2
dynamic-positioning,2
e's,2
e-,2
e-10,2
e-2,2
e-mailing,2
e-trading,2
e.c,2
e3,2
e7,2
earlier-than-usual,2
early-adopted,2
earmarking,2
earnings-4q21,2
earningspersharebasic,2
earningspersharediluted,2
easier-to-recycle,2
easy-to-deploy,2
easy-to-search,2
eaver,2
eb5,2
ebay.com,2
ebf,2
ebolavirus,2
ec2n,2
ec3,2
eco-crush,2
eco-system,2
ecopreneurs,2
ecornell,2
ecx.io,2
eczac,2
ed1,2
eddy,2
edley,2
edny,2
edof,2
edsca,2
edtech,2
educated,2
educates,2
educator,2
edv,2
edvs,2
ee9,2
eeo,2
effectually,2
efferdent,2
effergrip,2
efficient-cores,2
efit,2
efore,2
eg-09,2
eg7,2
egfr-mutant,2
egfr-tkis,2
egwp,2
eh1900642_ex9901.htm,2
eh220260041_ex9901.htm,2
ehudin,2
eia,2
eicc,2
eight-month,2
eight-quarter,2
eighty-eight,2
eighty-five,2
eighty-nine,2
eighty-six,2
eileen,2
eisenhower,2
eith,2
ek5,2
el1125,2
el1126,2
el1138,2
el3,2
elanco,2
elasticache,2
elated,2
elb,2
electrolyzer,2
electronify,2
electrophysiologists,2
eleni,2
elephant,2
elevation,2
eleven-year,2
elicited,2
elizabeth.gunn,2
elkiner,2
elling,2
elo,2
eloquii,2
elt,2
elusive,2
em1,2
embassy,2
emcure,2
emden,2
emergency-use,2
emhunt,2
emission-related,2
emit,2
emollient,2
emotionally,2
emoved,2
empire,2
emplo,2
employee-share,2
employeestockoptionsgrantedfrom1999throughjuly2003member,2
employment-at-will,2
en9,2
enbrel's,2
encapsulates,2
enclave,2
encode,2
encore,2
end-customer,2
end-point,2
ende,2
endings,2
endocrinologic,2
endocrinology,2
endure,2
enear,2
enema,2
energizer,2
energy's,2
energy-,2
enfant,2
enfants,2
england--,2
enhanced-oil-recovery,2
enhancer,2
eni,2
enjoying,2
enko,2
enlarge,2
ennovate,2
enormously,2
enraf,2
entangled,2
enticing,2
entre,2
entrepreneur-in-residence,2
entreprise,2
entreprises,2
entry-point,2
enumerating,2
environmentally-innovative,2
eor,2
eortc,2
ep4,2
epayments,2
epcra,2
eporatio,2
eport,2
epoxy,2
eptember,2
eq2,2
equalization,2
equips,2
equity3,2
equityholders,2
equitymethodinvesteemember,2
erating,2
ericka,2
erin,2
erlotinib,2
erren,2
es1,2
esade,2
esg-driven,2
esg-hub.html,2
esign,2
eskew,2
eskyguide.com,2
esox,2
essen,2
etail,2
etched,2
ethanol,2
etrs,2
ettled,2
eu's,2
eu-regulated,2
eugene,2
eukanuba,2
euretina,2
eurointerbankofferedratemember,2
euronotesdue20192036member,2
euronotesdue2021member,2
euronotesdue20232040member,2
europay,2
eux,2
ev-103,2
ev-2,2
eva,2
evader,2
evangelize,2
evels,2
event-details,2
event-insurance,2
events.q4inc.com,2
ever-improving,2
evestment,2
eviction,2
evite,2
evolution-data,2
evolutions,2
evotech,2
evs,2
ex-10.4,2
ex-12.1,2
ex-23,2
ex-3.ii,2
ex-5.2,2
ex-8.1,2
ex-8.2,2
ex-conduits,2
ex-parte,2
ex19del,2
ex2-1.htm,2
ex99181414pressrelease.htm,2
ex992toformxretailstatisti.htm,2
ex_99-1.htm,2
exacerbations,2
exacttarget's,2
exafluoropropylene,2
examinership,2
exceedances,2
excelling,2
exchange-compliant,2
exchangetradedmember,2
exclusives,2
execution--,2
executive's,2
exelis,2
exhibit_10_4,2
exhibit_12,2
exhibit_121,2
exhibit_1_2,2
exhibit_23,2
exhibit_2_1,2
exhibit_4_3,2
exhibit_4_4,2
exhibit_52,2
exhibit_81,2
exhibit_82,2
exhibit_99_154,2
exp,2
expectant,2
expected-to-be-released,2
expense-ongoing,2
expense1,2
expert's,2
expert-led,2
explorers,2
exposure1,2
express2,2
exterior-only,2
extremes,2
eye-level,2
eyeing,2
eyeq6,2
eyes-off,2
eyes-on,2
ez,2
ezsource,2
f125,2
fabric-based,2
fabricated,2
fabrications,2
fact-sheets,2
factfinder,2
facturers,2
faculties,2
fair-pay,2
fair-pricing,2
fairchild,2
falcon,2
fam,2
fame,2
familiarization,2
family-friendly,2
family-oriented,2
family-targeted,2
familyflex,2
fan-voted,2
faqs,2
fare,2
fargate,2
fargo's,2
farm-down,2
farm-out,2
farmed,2
farming,2
farnan,2
fastpass,2
fat,2
fatalities,2
father,2
favourite,2
fcm,2
fctours,2
federally-funded,2
fedexcup,2
fee-generating,2
feedings,2
feit,2
feith,2
fekkai,2
femsa's,2
fend,2
ferragnez,2
ferreyros,2
fertilization,2
fest,2
festin,2
festival's,2
festive,2
ffelp,2
fg6,2
fgfr2b-positive,2
fh4,2
fica,2
fiction,2
fictional,2
field-based,2
fielding,2
fiesta,2
fifth-gen,2
fights,2
figuring,2
filipek,2
fima,2
financial-aid,2
financiere,2
findagent,2
finders,2
finished-goods,2
finix,2
finkelstein,2
finlab.cfsinnovation.com,2
fipronil,2
fire-lite,2
firetv,2
firm-driven,2
firm-provided,2
first-and-subsequent,2
first-dose,2
first-hand,2
first-listed,2
first-of-its,2
fit4,2
five-month,2
five-well,2
fixed-function,2
fixed-interest-rate,2
fixedinterestratedebtwithamaturitydatein2020member,2
fixedinterestratedebtwithmaturitydatesrangingfrom2021to2050member,2
fixedinterestratedebtwithmaturitydatesrangingfrom2023to2026member,2
fixedinterestratedebtwithmaturitydatesrangingfrom2025to2060member,2
fixedinterestratedebtwithmaturitydatesrangingfrom2028to2051member,2
fj0,2
flappy,2
flashsystems,2
flat-rate,2
flatten,2
flatts,2
flawless,2
fleece,2
flexcore,2
flexera,2
flexran,2
flips,2
floatingratenotesdue2021member,2
floss,2
flour,2
fluidly,2
flutie,2
fms-like,2
foams,2
fold,2
folders,2
folgers,2
folsom,2
font,2
fontan,2
foodandwine.com,2
foot-wide,2
footballer,2
footballers,2
footsteps,2
forbidden,2
fordham,2
foreclosure-related,2
foregone,2
foreign-exchange,2
foreigndefinedcontributionplanmember,2
forensic-based,2
foreseen,2
forgone,2
forklift,2
forklifts,2
form10-k,2
form10-q,2
formalize,2
formative,2
forno,2
fortitude-301,2
forward-purchase,2
forward-thinking,2
forwarding,2
fosaprepitant,2
fostamatinib,2
foundational-level,2
four-day,2
four-time,2
four-well,2
fournir,2
foursquare.com,2
fourth-,2
fourth-tier,2
fowl,2
foyers,2
fpga-based,2
fps,2
fractionation,2
fragment,2
fran,2
franchis,2
francisco-based,2
frand,2
franklyn,2
fraud-related,2
fre,2
freebee,2
freeport,2
freeport-mcmoran,2
freeze-up,2
freezeout,2
freshdesk,2
freshmen,2
freshpet,2
frey,2
friday-worthy,2
fridays,2
frigidaire,2
frivolous,2
from10nm,2
front-,2
front-row,2
frustrating,2
fs-17,2
fs-36,2
fs-38,2
fs-4,2
fs-57,2
fs-61,2
fs-62,2
fs-65,2
fs-67,2
fs-68,2
fs-9,2
fu5,2
fuels-marketing,2
fugitive,2
fukushima,2
full-motion,2
full-page-history,2
full-priced,2
full-rate,2
full-surround,2
full-value,2
fully-human,2
fully-subscribed,2
fully-vested,2
funeral,2
fungibility,2
furstenberg,2
fuses,2
fut,2
future-period,2
future-proof,2
fv,2
fv3,2
fw1,2
fx9,2
fy2022,2
fynomab,2
g-powered,2
g.l,2
g1,2
g12c-mutant,2
gabelli,2
gaga,2
gagner,2
galement,2
gall,2
gallardo,2
gallery,2
gallium,2
gamelift,2
gamma-glutamyl,2
gamme,2
ganic,2
gao,2
gapping,2
garanti,2
garaufis,2
garnished,2
garnishment,2
gas-ca,2
gas-henry,2
gas-rocky,2
gast,2
gavi,2
gavriel,2
gb-month,2
gbm,2
gbtg's,2
gbu's,2
geagea,2
geared,2
gefitinib,2
geismar,2
gellhaus,2
gen-a-spending-more-time-online-than-offline-new-iet-research-reveals,2
genentech's,2
generalandadministrativeexpense,2
generously,2
genesolv,2
genesys,2
genetical,2
geno,2
genomer,2
gens,2
geodis,2
geogr,2
geophysics,2
geotechnical,2
gerber,2
gerencia,2
geronimo,2
gesture,2
gethers,2
gfes,2
ghazar,2
gianna,2
gibbon,2
gibbons,2
gie,2
giesecke,2
gift-giving,2
gifted,2
gifting,2
gil,2
gila,2
gillette-branded,2
gilt,2
gilts,2
girard,2
glare-free,2
glassware,2
glen,2
glimpse,2
glitches,2
global-warming,2
globalize,2
globally-sourced,2
globalplatform,2
globe-winning,2
glocer,2
glycoside,2
gmcr's,2
gment,2
gmt,2
gnc,2
go-live,2
go-to,2
goc,2
godaddy,2
godward,2
gogo,2
goizueta,2
goldbergs,2
gomez,2
gonzalez,2
goodthreads,2
goodwillmember,2
gorgeous,2
gortimer,2
gourmet,2
government-established,2
govt,2
gpa,2
gpt-powered,2
gpz,2
gracemont,2
graduating,2
grafoplast,2
grandfathering,2
grant-making,2
granulate,2
granulomatosis,2
grappling,2
gratifying,2
gratuit,2
gravitant,2
graviton2-based,2
graviton3e,2
grayling.com,2
graziano,2
grease,2
greases,2
greater-than-50,2
greement,2
green-by-design,2
greenwashing,2
gren,2
gridmate,2
grievance,2
grocer,2
grosfield,2
grossed-up,2
grossing,2
grossly,2
grossprofit,2
group-based,2
growlers,2
gsfm,2
guardium,2
guardrails,2
guava,2
guest-centric,2
guidances,2
guild,2
guinness,2
gulatory,2
gulf-wide,2
gum,2
gun,2
gunningham,2
guru,2
gustavson,2
guttridge,2
gyms,2
h-47f,2
h-series,2
habteab,2
hacked,2
hacker,2
haemek,2
hailing,2
hailstorms,2
haitian,2
haiyan,2
halfdan,2
halftime,2
hambers,2
hamill,2
hamptons,2
hamri,2
hand-curated,2
hand-washing,2
handmaiden,2
handover,2
handpicked,2
hands-off,2
harary,2
harbisonwalker,2
harbour,2
hard-of-hearing,2
hard-to-replicate,2
hardly,2
hareowners,2
hargrett,2
harkey,2
harlem,2
hartweger,2
hartwig,2
hasbro,2
hassle,2
haulage,2
hawker,2
hayneedle.com,2
haynesville,2
hbs,2
hd-dvr,2
hdtv,2
hea,2
head-mounted,2
headache,2
headaches,2
headends,2
headlined,2
headlining,2
health-plan-type,2
health4me,2
healthlake,2
healthline,2
heat-resistant,2
heater,2
heaven,2
heavily-franchised,2
hec,2
hedgeable,2
hedis,2
heightens,2
heir,2
heliostar,2
hepatic,2
hepatotoxicity,2
her2-overexpressing,2
hereinbefore,2
hermann,2
herrmann,2
hesitate,2
hester,2
hevron-,2
hfa,2
hi-c,2
hi-k,2
hib-containing,2
hickey,2
higgs,2
high-acuity,2
high-concept,2
high-fidelity,2
high-hazard,2
high-hydrogen,2
high-ltv,2
high-powered,2
high-rise,2
high-spend,2
high-stakes,2
high-twenties,2
high-velocity,2
highberger,2
higher-,2
higher-growth,2
higher-level,2
higher-risk,2
higher-tax,2
highest-played,2
highest-watched,2
highly-liquid,2
highly-scalable,2
highly-vaccinated,2
hike,2
hikvision,2
hindering,2
hinders,2
hint,2
hipaa-regulated,2
hippa,2
histologic,2
histologies,2
historique,2
hl,2
hmt,2
ho,2
hobbert,2
hogg,2
hold-back,2
holes,2
holiday-driven,2
holko,2
hollick,2
holtz,2
hom,2
home-renovation,2
home.html,2
homebuilders,2
homedepot.ca,2
homefusion,2
homemade,2
homepages,2
homeservices,2
homolog,2
honda,2
honor-all-card,2
hoped,2
hopefully,2
hopefuls,2
hopper,2
hormone-sensitive,2
horowitz,2
horsham,2
hospitable,2
hot-and-cold,2
hotspur,2
hours-saved,2
houselift,2
howlader,2
howsoever,2
hpc-ai,2
hpi,2
hqla-eligible,2
hrrm,2
hrs,2
hsf,2
hsm,2
huddle,2
huddles,2
hue,2
hug,2
hugely,2
huggies,2
hugglemonster,2
huguet,2
hui,2
huiyuan,2
hulu.com,2
human-centred,2
humanitarian-based,2
humanize,2
humidity,2
humility,2
hump,2
hunches,2
hungarian,2
hunted,2
hunter,2
hunterdon,2
huntsman,2
hurley's,2
hustle,2
hy-vee,2
hydrogen-fueled,2
hydrogen-powered,2
hydrotreater,2
hyperion,2
hyperphosphatemia,2
hyperscaler,2
hypertext,2
hz25-1,2
hz25-3,2
i-3,2
i2,2
i5,2
i7,2
i9,2
iac,2
iarriccio,2
iasb's,2
ibcm-legal,2
ibm-related,2
ibook,2
ica,2
iceberg,2
icensing,2
ices,2
ichorcumab,2
ici,2
icons,2
icos,2
idcs,2
ideas42,2
identically,2
idlers,2
idopathic,2
idx21459,2
ie,2
iec,2
ifpr,2
iga,2
igarashi,2
ignited,2
ignition,2
ii-1,2
ii-2,2
ii-3,2
ii-4,2
iii-2,2
iiic,2
iijima,2
il-12,2
il-17,2
ild,2
ilding,2
illumina,2
iluted,2
iman,2
imdb.com,2
img-7289,2
imi,2
imimobile,2
immigrant,2
immobile,2
immucor,2
immune-modulatory,2
immutable,2
imnovid,2
impartus,2
impatience,2
impost,2
impoverished,2
impracticability,2
imprint,2
improvidently,2
in-1s,2
in-cabin,2
in-office,2
in-principle,2
in-quarter,2
in-room,2
in-stadium,2
in-the-moment,2
in-theater,2
inaugurated,2
inbox,2
inc.in,2
inca,2
incandescent,2
inceptions,2
inchausti,2
incidences,2
includ,2
inclusiveness,2
incomelossfromcontinuingoperationsbeforeincometaxesextraordinaryitemsnoncontrollinginterest,2
incometaxexpensebenefit,2
incomparable,2
incorp,2
increas,2
increment,2
incubators,2
incyte,2
indelible,2
index-linked,2
indians,2
indie,2
indiscernible,2
inditex,2
individual's,2
indoxacrb,2
inducers,2
inducted,2
indulgence,2
indulgent,2
industry-recognized,2
industry-related,2
indymac,2
inedible,2
inequity,2
inexperience,2
inf2,2
infecting,2
infer,2
inferencing,2
inferiority,2
infertility,2
infield,2
infinitesimal,2
inflation-related,2
infliximab-axxq,2
influencer,2
informatio,2
information-,2
information-centric,2
information-security,2
infrared,2
infusion-related,2
infusor,2
ingenious,2
ingo,2
ingrid,2
injurious,2
injuryimpactreport,2
inning,2
innocence,2
innopharma,2
innovation-based,2
innovation-driven,2
innovativeness,2
inr,2
inscribed,2
inserts,2
insignia,2
inspectorate,2
inst,2
instacart,2
instant-messaging,2
instawatch,2
insteon,2
instill,2
institut,2
institutional-grade,2
insurance-based,2
integrados,2
integration-related,2
intelbras,2
intelilight,2
intellect,2
intention-to-treat,2
interacted,2
intercom,2
interleukin,2
interleukin-21,2
intermediate-1,2
intermediate-light,2
intermittently,2
internal-model,2
internal-ratings-based,2
internally-developed-intellectual,2
internet-focused,2
interpose,2
interrogation,2
intersystem,2
intervenor-plantiff,2
interviewed,2
interwoven,2
intex,2
intimacy,2
intimate,2
intimately,2
intra,2
intra-network,2
intra-period,2
intra-year,2
intracytoplasmic,2
intrinsically,2
intrusion-prevention,2
intuition,2
inventorie,2
inventory-related,2
investissement,2
investm,2
investment-specific,2
investments-retained,2
investor-ranked,2
investor.honeywell.com,2
investor.sourcefire.com,2
investors.coca-colacompany.com,2
invicta,2
ioc,2
iol,2
iom,2
ionq,2
iosco,2
iot-based,2
iottie,2
ipaas,2
iphoneinstallments_us,2
iptv,2
iqwig,2
ir.towersemi.com,2
ird,2
irey,2
iridium,2
irketi,2
irm,2
iro,2
irregularly,2
irreparably,2
irreversible,2
irreversibly,2
irrevocability,2
irrs,2
irwebcast,2
isdafix,2
isis-ready,2
isl,2
isney,2
isolating,2
isomers,2
isr-ax,2
israel-hamas,2
iss,2
issue-that,2
issuer8,2
ita,2
itau,2
item1,2
item1b,2
item_3_03_current_report,2
itemize,2
iterating,2
ithaca,2
itie,2
iv-2,2
iv-administered,2
iveco,2
ividend,2
ivoire,2
iwatani,2
ixt,2
j.a,2
j.g,2
jab-led,2
jacket,2
jacoby,2
jagdale,2
jagruti,2
jaguar-land,2
jain,2
jak,2
jal,2
jamaica,2
jamistry,2
janet,2
jania,2
janis,2
janssenglobal,2
jared,2
jarratt,2
jasmina,2
javed,2
javelin,2
javits,2
jbl,2
jboss,2
jco.23.00515,2
jco2300515,2
ject,2
jeffries,2
jenbacher,2
jenifer,2
jenkins,2
jenkins-blum,2
jenna,2
jennifer.c.non,2
jennifer.skyler,2
jerome,2
jersey's,2
jerseys,2
jesse.lewin,2
jha,2
jhenderson,2
jjprd,2
jla,2
jm,2
joanne,2
job-matching,2
job-related,2
jobseeker,2
johanna,2
johannesburg,2
john_demming,2
jointly-owned,2
jointpoint,2
jos,2
joselin,2
joule,2
journ,2
journals,2
jplp's,2
jpmcb,2
jpmel,2
jto.0b013e3182779d18,2
judd,2
judging,2
judgment-sharing,2
julia,2
jumbo,2
jumped,2
jun-19,2
jun-20,2
jun-21,2
juncture,2
juneteenth,2
juno,2
jupiter,2
jurassic,2
juris,2
justice's,2
k-1's,2
k-1s,2
k.k,2
k1-3049,2
kabc-tv,2
kai-4169,2
kaling,2
kanoa,2
kappa-b,2
kardon,2
karina,2
kashiv,2
kashkari,2
kass,2
katsuyuki,2
kcnsc,2
keatinge,2
kee,2
keefe,2
keegan,2
keeth,2
keller,2
ken.f.paukowits,2
kenchiku,2
kendra,2
kenkyusho,2
kenna,2
kennebunk,2
kennedy's,2
kenworthy,2
keratitis,2
kerensen,2
kershaw,2
kessel,2
keurig's,2
kevarkian,2
keyboards,2
keying,2
keynote-002,2
keynote-006,2
keynote-013,2
keynote-017,2
keynote-035,2
keynote-052,2
keynote-170,2
keynote-242,2
keynote-799,2
keynote-869,2
keyspaces,2
keystone,2
keyword,2
kfsn-tv,2
kgo-tv,2
khosla,2
khuguet,2
killing,2
kilometers,2
kilroy,2
kimihiko,2
kimmet,2
kinder,2
kindles,2
kior,2
kip,2
kirana,2
kirby,2
kirsten,2
klawe,2
knauss,2
ko21c,2
ko23b,2
ko29b,2
ko30b,2
ko33a,2
ko36a,2
ko41,2
koefoed,2
koenigsberg,2
koepka,2
kohl,2
kola,2
kold,2
koller,2
kolors,2
konrath,2
korn,2
kospi,2
koutsaftes,2
kovacevich,2
kraken,2
kransnik,2
krauss,2
kristin,2
krolik,2
krux's,2
kruzich,2
ktrk-tv,2
kuantan,2
kubernetes-based,2
kubernetes-native,2
kubo,2
kuito,2
kumail,2
kuo,2
kurian,2
kurt,2
ky,2
kynapid,2
kyocera,2
kyrie,2
l'ann,2
l'omrm,2
l'ouverture,2
l.f,2
l.l.p,2
l1,2
l858r,2
laboratory-confirmed,2
laclede,2
lacoste,2
ladder,2
lading,2
ladislaus,2
lagacy,2
lagavulin,2
lagrange,2
lainie,2
lakeside,2
lale,2
lamborghini,2
lambs,2
laminar,2
lamont,2
landana,2
landers,2
lantzsch,2
laquers,2
large-language,2
largest-selling,2
lars,2
lasalle,2
laser301,2
late-2012,2
late-2023,2
lated,2
later-expiring,2
latinamericabottlingoperationsmember,2
latinos,2
laura.c.watson,2
laurence,2
lavizzo-mourey,2
law's,2
lawnmowers,2
lawrenceville,2
lawson,2
lay-off,2
lcfrey,2
lcharlie,2
lead-based,2
lead-safe,2
leaderboards,2
league's,2
leaking,2
leap-011,2
learner,2
learners,2
learning-enabled,2
learning-focused,2
learning-powered,2
leaseholdimprovementsmember,2
lectured,2
lefebvre,2
legal-related,2
legally-recognized,2
legislating,2
lehi,2
lehigh,2
lender-placed,2
lender-related,2
lendistry,2
lengthier,2
leos,2
ler,2
leroy,2
lesego,2
lesion,2
less-developed,2
less-interest,2
less-than-100,2
leurs,2
leverage-and,2
lexisnexis,2
lexus,2
lgd,2
liab,2
liabilities-supplier,2
liability-latest,2
liaisons,2
liberte,2
libo,2
libowitz,2
liddy,2
life's,2
lifelike,2
lifeworks,2
lifornia,2
lifua,2
ligacon,2
ligands,2
lightsail,2
lightwire,2
lignes,2
likeness,2
lilienfeld,2
lim,2
lime,2
limited's,2
limited-europe,2
limited-source,2
limousine,2
lin,2
lindleymember,2
line-haul,2
lingualtechnik,2
lions,2
lisa.stevensharary,2
list-stoll,2
lithuanian,2
litigious,2
live-sports,2
livelihoods,2
livery,2
livestreaming,2
liz,2
llamasoft,2
lle,2
llion,2
llr,2
lmm,2
lntel,2
loa,2
loan's,2
loan-related,2
lobito,2
local-language,2
locality,2
locheng,2
locke,2
lockeford,2
log4shell,2
lonafarnib,2
lonely,2
long-life,2
long-run,2
long-term-investment,2
longer-tenured,2
longest-serving,2
longmont,2
longshoremen,2
lords,2
loree,2
lors,2
lottery,2
lou,2
loud,2
lovefilm,2
loveless,2
lovestruck,2
loving,2
lovington,2
low-dose,2
low-intensity,2
low-margin,2
low-quality,2
low-wage,2
lower-extremity,2
lower-list,2
lower-power,2
lower-taxed,2
lower-value,2
lower-volume,2
lowest-power,2
lowndes,2
lsps,2
lt101,2
lt101-650,2
lta,2
ltd.'s,2
lti,2
ltros,2
lucid,2
luding,2
luis,2
lulu,2
lumen,2
lung-cancer,2
lung-health-diseases,2
luxair,2
luxair's,2
luxury-marketing,2
lyfnua,2
lymphocytes,2
lymphoid,2
lynk-003,2
lynn,2
lyrics,2
lysine-specific,2
m6g,2
macario,2
macfarlane,2
machine-readable,2
machineryequipmentandvehiclefleetmember,2
macie,2
macquarie,2
macy,2
madam,2
maddie,2
madoff,2
madura,2
mag-stripe,2
magats,2
magicband,2
magnets,2
maher,2
mahle,2
mailbox,2
mainframe-based,2
maintenant,2
majorit,2
majority-owner,2
maker's,2
maktoum,2
malade,2
malfunctioned,2
malignancy,2
mallory,2
maluma,2
malvertising,2
manifests,2
manion,2
manipulating,2
manmade,2
manoir,2
manufactura,2
manufacturer's,2
mapped,2
marianna,2
marie,2
marissa,2
markedly,2
marketing-cloud,2
marketo,2
marketreg,2
markus,2
marquardt,2
marsh,2
marsha,2
marvel-branded,2
marvel-inspired,2
marvel-themed,2
mascot,2
masquerading,2
massachusetts-only,2
masses,2
mastercard.com,2
masterobjects,2
matalas,2
maters,2
mathew,2
mathews,2
mathis,2
matindi,2
mattel,2
mattern,2
maturity-related,2
mauer,2
maui,2
mauricio,2
mauritania,2
maxon,2
maybelline,2
mazzaferro,2
mber,2
mbl-cda1,2
mbl-cdb1,2
mbms,2
mbna,2
mbordona,2
mccomb,2
mcconaughey,2
mcdonaldscorp,2
mcevoy,2
mcgs,2
mcilroy,2
mcintyre,2
mclaren,2
mclean,2
mclg,2
mcloughlin,2
mcm,2
mcmuffins,2
mcnabb,2
md-90,2
mdcc,2
mde,2
mdos,2
mdx-066,2
mdx-1388,2
meaningfulness,2
measurability,2
medalist,2
medi-gap,2
mediaconvert,2
mediapackage,2
mediarelations,2
medical-grade,2
medically-vulnerable,2
medicare's,2
mediostream,2
medium-cost,2
megabits,2
meggitt,2
mehret,2
meijer,2
melamed,2
melissa.j.filipek,2
member-news,2
member-news-2023,2
member-news-april-to-june-2023,2
memoir,2
memorabilia,2
memory-based,2
memorydb,2
menard,2
meningococcal,2
mentality,2
mercedes,2
merete,2
merisant,2
merlo,2
merrifield,2
mervyn,2
mesaieed,2
mesenchymal-epithelial,2
message-based,2
metallic,2
metalmark,2
metastases-free,2
metaverse,2
metcon,2
meteor,2
meteorology,2
methodical,2
methodology5,2
metrolgic,2
mewis,2
mg51,2
mg51e,2
mgives,2
mgm-produced,2
mhpaea,2
mia,2
miami-based,2
mice,2
michelin,2
micro-businesses,2
microcontrollers,2
microeletronics,2
microfilm,2
micromobility,2
microseconds,2
microservers,2
microsite,2
microsoft-branded,2
mid-2019,2
mid-first,2
mid-june,2
mid-level,2
mid-november,2
mid-stage,2
mid-twenties,2
middle-east,2
middlebury,2
midha,2
mifir,2
migdal,2
mighty,2
mikan,2
milam's,2
mildly,2
military-commercial,2
milken,2
milkshake,2
milled,2
mindmeld's,2
mindy,2
minehan,2
minexpo,2
ming.k.chu,2
minitenders,2
minkoff,2
minnesota-domiciled,2
miracle,2
mirfin,2
mirzapur,2
mis,2
misapplication,2
miscalculated,2
mise,2
mission-driven,2
mistresses,2
mistry,2
misunderstanding,2
mitchell,2
mixing,2
mixtures,2
mj,2
mk,2
mk-0431,2
mk-3475a,2
mk-4621,2
mk-7418,2
ml-powered,2
mlpfs,2
mm2,2
mmcfd,2
mmlf,2
mmwave,2
mobile-led,2
mock,2
model-,2
moderator,2
modularity,2
moelis,2
mogas,2
moiti,2
mojgan,2
mon,2
mondiale,2
moneygram,2
monitise,2
monocrystalline,2
montebello,2
montgomery,2
moorman,2
morals,2
more-informed,2
moretz,2
morphea-like,2
morrow,2
mortgage-specific,2
most-listened-to,2
most-used,2
motivators,2
mounted,2
movil,2
mow,2
mower,2
mowers,2
moyo,2
mp-,2
mp-2017,2
mrx,2
msd.com,2
mse,2
msnbc,2
mu,2
muc17,2
mucin,2
mullens,2
multi-access,2
multi-account,2
multi-billion-dollar,2
multi-center,2
multi-cycle,2
multi-directional,2
multi-discipline,2
multi-divisional,2
multi-faceted,2
multi-factored,2
multi-function,2
multi-gig,2
multi-modal,2
multi-offering,2
multi-prong,2
multi-service,2
multi-sport,2
multi-standard,2
multi-threaded,2
multi-threat,2
multi-train,2
multicode,2
multicurrency,2
multiforme,2
multigenerational,2
multigrain,2
multilingual,2
multimodal,2
multimode,2
multiplatform,2
multiple-performance,2
multiprocessor,2
multishelf,2
multistage,2
multistate,2
multithreading,2
muncie,2
mundane,2
munsey,2
mutants,2
mvisa,2
mwc,2
myalgia,2
myelofibrosis,2
myhabit,2
myinvenio,2
myotrope,2
mystery,2
mytravelers,2
n.j.s.a,2
n5x,2
naacp,2
nada,2
nader,2
naics,2
nal,2
nancial,2
nanjiani,2
nanos,2
napp,2
nappamerri,2
narrow-based,2
natural-gas,2
nature-inspired,2
navin,2
ncc,2
nccn.org,2
ncluding,2
ncpi,2
ncreased,2
ncreases,2
nct02609776,2
nct04077463,2
nct04487080,2
nct04538664,2
nct04606381,2
nct04988295,2
nct05388669,2
nct05488314,2
nct05498428,2
nct05663866,2
nct05908734,2
nded,2
ndstr,2
near-record,2
necessities,2
nectar,2
neel,2
nement,2
neo-adjuvant,2
neobanks,2
neodron,2
neon,2
neonates,2
neoplasms,2
neovascular,2
nephrology's,2
neptune,2
nest,2
net-zero-by-2050,2
netherlands-based,2
networking-as-a-service,2
neukine,2
neuraflash,2
neurodiverse-inclusive,2
nevis,2
new-technology,2
new.york.syndicate,2
newly-acquired,2
newly-enacted,2
newly-filed,2
newmont,2
news-room,2
newscorp,2
ngfw,2
ngk,2
ngs-based,2
nhs,2
niac,2
nica,2
nichols,2
nicholson,2
nicolaus,2
nics,2
nietzsche,2
niketown,2
nikeunited,2
nile,2
nimbleness,2
nimbly,2
nina.krauss,2
nine-quarter,2
ninja,2
nipocalimab,2
niro,2
nissan,2
nitags,2
nitrosamine,2
nitroso-stg-19,2
nivestim,2
nlrb,2
nm-,2
nm-based,2
nm10,2
nmol,2
nmpa-approved,2
noise-cancelling,2
non-423,2
non-acquisition-related,2
non-action,2
non-approvable,2
non-asset-,2
non-associated,2
non-automatic,2
non-biologic,2
non-california,2
non-card-based,2
non-centrally,2
non-cleared,2
non-commercial,2
non-compliant,2
non-connectivity,2
non-costco,2
non-daily,2
non-dealer,2
non-defendants,2
non-detectable,2
non-discretionary,2
non-disparagement,2
non-fios,2
non-fraudulent,2
non-freestanding,2
non-fungible,2
non-hardwired,2
non-invasive,2
non-issuance,2
non-kinetic,2
non-leather,2
non-legal,2
non-liquid,2
non-locking,2
non-managing,2
non-media,2
non-misleading,2
non-missouri,2
non-municipal,2
non-occupational,2
non-owned,2
non-parcel,2
non-partnered,2
non-perfection,2
non-personally,2
non-premium,2
non-pro,2
non-programming,2
non-proxy,2
non-recoverable,2
non-recruitment,2
non-recurrence,2
non-reloadable,2
non-restructuring,2
non-same,2
non-small-,2
non-travel-related,2
non-u.k,2
non-ve,2
non-verbal,2
non-weather,2
non-wovens,2
nonadjudicative,2
nonassignable,2
nonclinical,2
noncommercial,2
nonexecutive,2
nonexempt,2
nonparticipating,2
nonrecognized,2
nonrepeating,2
nonresponsive,2
nonsignificant,2
nonstatistical,2
nontrading,2
nontransferable,2
nonvesting,2
nora,2
nordcloud,2
nordeste,2
normal-course,2
norsa,2
nortberto,2
nortonlifelock,2
norwich,2
nosocomial,2
not-approvable,2
not-yet-commenced,2
notarized,2
notary,2
notes-series,2
notesdueapril12018member,2
notesduein2021member,2
notesduejanuary292018member,2
notesduemarch142018member,2
notesduemay152098member,2
notesduenovember12018member,2
notesdueon2022member,2
notesdueon2024member,2
notesdueon2026member,2
notesdueon2029member,2
notesdueon2031member,2
notifier,2
novacardia,2
novembre,2
novopayment,2
novvi,2
now-launched,2
nphase,2
npls,2
npls1,2
nr,2
nrg,2
nsc,2
nsn,2
nsolidated,2
nstruments,2
nted,2
nterprises,2
nticipate,2
nttp,2
nuance,2
nuclear-related,2
nufer,2
nufil,2
number-one,2
numpy,2
nuno,2
nvme,2
ny1-050-12-01,2
nye,2
nyquil,2
nz,2
nz$7.5,2
o-intensive,2
o.c.g.a,2
obain,2
oberrender,2
obert,2
obese,2
obfuscate,2
obinutuzumab,2
obligation-,2
obligation-beginning,2
obligation-end,2
obrentz,2
obtainable,2
oc,2
occ-regulated,2
occipito-cervico-thoracic,2
occupancy-related,2
ocio,2
oco,2
oconomowoc,2
ocotillo,2
ocr,2
ocs,2
octaray,2
odd-lot,2
odities,2
odyssey,2
ofdma,2
off-road,2
offer-procedures,2
office's,2
offrent,2
offrons,2
oftware,2
oger,2
ogunlesi,2
ohiohealth,2
oil-based,2
oil-derivative,2
oil-dri,2
oil-spill-response,2
ok,2
oklng,2
okrs,2
okta,2
oleoductos,2
oleska,2
oliva,2
olliver,2
olokola,2
ome,2
ompared,2
on-boarding,2
on-display,2
on-purpose,2
on-screen,2
on-track,2
on-venue,2
onchain,2
oncogene,2
oncogenic,2
oncol,2
oncotarget,2
ond,2
ondeck,2
onducts,2
one-handed,2
one-off,2
one-point,2
one-sided,2
one-twenty-fourth,2
oneamerica,2
oneapi-based,2
oneplus,2
onetto,2
onramp,2
onscreen,2
ontap,2
onths,2
open-,2
opera,2
operations-liquidity,2
ophthalmologist,2
opinium,2
opioid-induced,2
opioids-related,2
oppy,2
oprb,2
optevia,2
optiblue,2
opticom,2
optimum,2
optioned,2
optionee,2
optionee-designated,2
optionholders,2
optum360,2
optuminsight's,2
optumserve,2
orderbook,2
organizaci,2
orp,2
ortega,2
ortho-mcneil,2
orthostatic,2
orthrus,2
osborn,2
oscar-nominated,2
oslo,2
osteoporo,2
otal,2
other-long,2
other-than-temporary-impairments,2
otherassetscurrent,2
otherequitymethodinvesteesmember,2
otherfinitelivedandindefinitelivedmember,2
otherliabilitiescurrent,2
othernoncurrentassetsmember,2
othersegmentsmember,2
otx015,2
ourada,2
out-of-pattern,2
out-standing,2
outcome-driven,2
outgoing,2
outing,2
outlast,2
outlaws,2
outlicensing,2
outperforming,2
outperforms,2
outpost,2
outpouring,2
ove,2
over-ear,2
overcharge,2
overexertion,2
overlying,2
oversized,2
overview-business,2
overwhelmingly,2
owl,2
owner-operators,2
oxime-silanes,2
oxnard,2
p1189,2
p1191,2
p1194,2
p1196,2
p2,2
p3,2
pablo,2
pacesetters,2
pachama,2
packets,2
pacsun,2
padding,2
paddock,2
pagsolingan,2
paintings,2
palette,2
palmaz,2
palmdale,2
paloma-2,2
paloma-3,2
pandemicon,2
pang,2
panini,2
panoptica,2
pans,2
paola,2
paperless,2
papillon,2
parachutes,2
parco,2
pared,2
parity.org,2
parkway,2
paronychia,2
parsabiv's,2
partie,2
partner-built,2
partner-led,2
pat,2
patent's,2
patent-pending,2
paternoster,2
paterson,2
pathogen,2
patience,2
patient-,2
patient-centered,2
patrice,2
patrol,2
patuxent,2
patzke,2
paukowits,2
pavilion,2
paw,2
paws,2
pay-as-you-grow,2
pay-for-value,2
pay-per-megabyte,2
payment-decisioning,2
payment-enabled,2
paymentech,2
paysend,2
pbsua,2
pc-iol,2
pcie,2
pcy0,2
pdab,2
pdabs,2
pdd5,2
pdm,2
pdm1,2
pdn9,2
peaceful,2
pear,2
pearson,2
pecuniary,2
ped,2
pedestals,2
pedvaxhib,2
peek,2
peel,2
peer-based,2
pegging,2
pelco,2
pellegrino,2
pendant,2
penetrated,2
penfed,2
peng,2
penned,2
pennell,2
penshorn,2
pentafluoride,2
people-centric,2
people-managers,2
pepperdine,2
per-click,2
per-member,2
per-minute,2
per-month,2
per-second,2
per-watt,2
perales,2
percents,2
perez's,2
perfluorobutanoic,2
perforation,2
performance-cores,2
performanceperiod2017to2019member,2
performanceperiod2018to2020member,2
performanceperiod2021to2023member,2
performancesharesmember,2
performanceshareunits20172020awardmember,2
performanceshareunitsmember,2
perfunctory,2
perio,2
permettent,2
permis,2
perrin,2
perry,2
personalweb,2
personas,2
pert,2
pests,2
petabyte-scale,2
petaflop,2
peter.thonis,2
petersburgh,2
petits,2
petproof,2
petrifilm,2
petrino,2
petrol,2
petroleum-,2
petroleum-derived,2
petvalue,2
pfba,2
pfs2,2
pfsa-related,2
pg23a,2
pg24a,2
pg24b,2
pg25,2
pg26d,2
pg27a,2
pg28,2
pg29a,2
pg29b,2
pg30,2
pg30c,2
pg31a,2
pg33,2
pg38,2
pg41,2
ph-negative,2
pharmacoeconomics,2
pharmascience's,2
phd,2
phenolic,2
philadelphia-based,2
philadelphia-negative,2
philanthropies,2
philipp,2
philippinebottlingoperationsmember,2
phishing-attacks,2
phleum,2
phlx,2
phosphatase,2
photo-realistic,2
photocopy,2
photographers,2
picciano,2
pictorial,2
pictured,2
pilgrim,2
pillai,2
pillsbury,2
pin-always,2
pin-based,2
pincus,2
pitera,2
pitter,2
pittman,2
pixel-by-pixel,2
pjia,2
placebo-treated,2
plain,2
plaintiff-wholesaler,2
plasma,2
plastic-free,2
plateforme,2
platform's,2
platinum-and,2
platinum-ineligible,2
platt,2
platts,2
plausible,2
playground,2
playhouse,2
playspan's,2
plccs,2
pleasant,2
plot,2
plow,2
pluggable,2
plum,2
plusieurs,2
pmorgan,2
pmr,2
pneu-age,2
pneu-flu,2
pneu-ped,2
pneu-way,2
pneumonitis,2
pochowicz,2
pockets,2
podcaster,2
podcasting,2
podium,2
podtrac,2
poe,2
pointing,2
policymaker,2
polimeri,2
polyangiitis,2
polycarbonate,2
polychlorinated,2
polycythemia,2
polydamas,2
polyvinyl,2
ponesimod,2
pool-level,2
popularized,2
porter,2
portfolio-,2
poser,2
position-dependent,2
possessor,2
post-age-65,2
post-call,2
post-completion,2
post-consumer,2
post-default,2
post-exit,2
post-injury,2
post-salt,2
post-service,2
post-vesting,2
post-wedding,2
poste,2
posters,2
postgame,2
postpath,2
postponing,2
postsecondary,2
postural,2
pottery,2
pouches,2
pound-sterling,2
power-conserving,2
power-saving,2
power6,2
power9-based,2
powerwash,2
pporting,2
pproximately,2
pratense,2
prayers,2
pre-2020,2
pre-2021,2
pre-builds,2
pre-cancerous,2
pre-commencement,2
pre-configured,2
pre-deconsolidation,2
pre-disaster,2
pre-game,2
pre-industrial,2
pre-installation,2
pre-litigation,2
pre-payment,2
pre-planned,2
pre-processed,2
pre-proof,2
pre-purchased,2
pre-recession,2
pre-sales,2
pre-season,2
pre-selected,2
pre-stated,2
preacquisition,2
precancers,2
precipitating,2
precision-guided,2
preconditions,2
preconstruction,2
predecessor-in-interest,2
predominate,2
predosa,2
preinstalled,2
prem,2
premedicate,2
premedication,2
preminent,2
prenatal,2
prennent,2
preoperative,2
prepa,2
preparatory,2
preschool-age,2
prescott,2
presenter,2
presenters,2
president-,2
presidente,2
preventers,2
previously-funded,2
previously-held,2
previously-mentioned,2
previously-stated,2
prevnar,2
price-per-share,2
price-value,2
pricing-related,2
prime-eligible,2
prime-exclusive,2
primrose,2
principled,2
prism,2
pristine,2
privatbank,2
private-brand,2
private-labeled,2
private-market,2
privatelink,2
privies,2
pro-code,2
pro-rs,2
probation,2
process-based,2
processer,2
processing-only,2
procore,2
prodrugs,2
product-supply,2
production-grade,2
productivity-to,2
productmember,2
prof,2
professional-grade,2
professorship,2
profile-based,2
profit-dependant,2
progeria,2
program.these,2
programmatically,2
progress_rail,2
progressrail.com,2
project-oriented,2
prolia's,2
prolongation,2
prolongs,2
promotion-related,2
prop,2
propelled,2
propelling,2
proquip,2
prorating,2
proscribe,2
protec,2
proteus,2
protocol-defined,2
protocol-specified,2
prouder,2
provider-friendly,2
provisionals,2
provisos,2
prowess,2
prudentially,2
prudentiel,2
pruritus,2
pstn,2
psychiatrists,2
publicly-disclosed,2
publicly-funded,2
publicly-readable,2
publix,2
pulls,2
purclean,2
purecycle,2
puredata,2
purell,2
purifiers,2
purolator,2
purpose-inspired,2
purposed,2
purveyors,2
push-to-card,2
pushdown,2
pvps,2
pws,2
px1,2
px8,2
pyongtaek,2
q-chem,2
q08,2
q1'20,2
q18.html,2
q19.html,2
q1labs,2
q2w,2
q3'20,2
q3-2022,2
q4-2022,2
q4w,2
qantas,2
qatari,2
qhd-32-6,2
qiao,2
qip's,2
qj,2
qldb,2
qu'elles,2
qu'il,2
quadrants,2
quadrupled,2
quadruplet,2
quarter-by-quarter,2
quarter-ended,2
questionable,2
queues,2
quintillion,2
quip's,2
quity,2
qw,2
qwerty,2
r$17,2
r$642,2
r.d,2
r.e,2
r.o.c,2
r1700,2
r2,2
r5,2
r6g,2
rable,2
rachna,2
racially,2
racism,2
racketeering,2
racks,2
radhakrishnan,2
radio-frequency,2
radiofrequency,2
radiographically-assessed,2
raducanu,2
rahn,2
raig,2
rail's,2
rainey,2
raisio,2
rakesh,2
rakuten,2
raley,2
ramada,2
ramat,2
ramos,2
ramp-c,2
random-access,2
randstad,2
raney,2
range-bound,2
ransfers,2
rant,2
rapide,2
rapinoe,2
rapp,2
raquel,2
rascal,2
rat,2
ratched,2
rate2,2
rate4,2
ratifies,2
ratio1,2
ratios1,2
raton,2
raul,2
raven,2
ravi,2
razr,2
rcap,2
rcw,2
rda,2
re-,2
re-adjudication,2
re-allocation,2
re-assignment,2
re-balance,2
re-bid,2
re-branding,2
re-categorized,2
re-convey,2
re-default,2
re-defined,2
re-design,2
re-engineer,2
re-enroll,2
re-evaluating,2
re-focus,2
re-introduce,2
re-introduction,2
re-invested,2
re-nominated,2
re-offering,2
re-plead,2
re-profiled,2
re-sell,2
re-signing,2
re-siting,2
re-skill,2
re-sold,2
re-value,2
reaccelerate,2
reach-,2
reactors,2
readings,2
readjusted,2
readouts,2
real-estate,2
real-fruit,2
real-life,2
reality-based,2
realtors,2
reapply,2
reased,2
reauthorizing,2
rebiana,2
rebook,2
rebooking,2
rebookings,2
rebranding,2
recalibration,2
recasts,2
receive-floating,2
recently-adopted,2
recently-enacted,2
recently-launched,2
recessed,2
recharacterize,2
recipe,2
recist,2
reclass,2
reclassifed,2
recognise,2
recommit,2
reconfigurability,2
record-low,2
recoupments,2
recoverables-latest,2
rectum,2
redeemers,2
redelegation,2
redenominated,2
redenominations,2
redeploying,2
redex,2
redfin,2
redis,2
redis-compatible,2
redistributed,2
redness,2
reed-klages,2
reelgood,2
reevaluating,2
refarming,2
refit,2
refocuses,2
reformer,2
refrescos,2
refreshes,2
regan,2
regasified,2
regi,2
regretful,2
regular-season,2
regulations-related,2
regulatory-,2
rehausser,2
rehearsal,2
rehire,2
reimagination,2
reimportation,2
rein,2
reinstitution,2
reinventions,2
reinvents,2
reissues,2
related-assets,2
relatedtolicenseeinmexicomember,2
relatedtotransferpricingadjustmentmember,2
relatives,2
religrast,2
relinquishing,2
relinquishments,2
reloading,2
rem,2
remediation-related,2
remes,2
ren-ai,2
renner,2
renomm,2
renwick,2
reopro,2
repercussion,2
replicating,2
reporting-unit,2
repose,2
repositories,2
representativeness,2
reprocurement,2
req,2
rescinds,2
research's,2
research-related,2
researchanddevelopmentexpense,2
resemble,2
resettling,2
resideo's,2
resisted,2
resource-constrained,2
resourceful,2
restauration,2
resting,2
restores,2
restrictedstockawardplanmember,2
results-people,2
resurrection,2
resuscitation,2
retail-focused,2
retail-oriented,2
retailer's,2
retro,2
return-seeking,2
returnship,2
revenue-lenvima,2
revenue-lynparza,2
revenue-reblozyl,2
revenue5,2
revenues-professional,2
revenues-subscription,2
reversed-in-part,2
revitalize,2
revival,2
revoking,2
revolutioncard,2
revolutionise,2
rhapsody,2
rheumatologic,2
ribbit,2
ricardo,2
richest,2
rid,2
rideshare,2
rience,2
rietavas,2
rieur,2
rieure,2
rig-i,2
rigel,2
rigetti,2
right-of-use-assets,2
rigid,2
rilpiravine,2
ringing,2
riode,2
riots,2
risa,2
risc-v-based,2
riser,2
rising-rate,2
risk-assessment,2
risk-aware,2
risk-data,2
risk-reduction,2
risk-reward,2
risk-transfer,2
risk-weightings,2
risk-weights,2
riskmanagementprogramsmember,2
ritam,2
rivals,2
riverwoods,2
rl,2
rlap,2
rlj,2
rlpp,2
rnings,2
roadblocks,2
roadshow,2
robby,2
roberto,2
robertweiss,2
robinson-patman,2
roce-i,2
rocess,2
rockland,2
rocks,2
rodeo,2
rodricks,2
roe1,2
roe2,2
roe5,2
rofit,2
rogaine,2
rogen,2
roku,2
roland-garros,2
rolfe,2
roll-off,2
rollers,2
rolodexes,2
rolofylline,2
romanelli,2
romanoffs,2
romantic,2
roo,2
rory,2
rosen,2
rosenthal,2
roshe,2
rotat,2
rotating,2
routine-,2
rover,2
rpg,2
rss-feeds.html,2
rst,2
rule-based,2
rules-based,2
ruments,2
runaway,2
runice,2
runyon,2
rushing,2
russianjuiceoperationsmember,2
russo,2
rving,2
rvsv-ebov,2
rxpass,2
ryvald,2
s.a.a,2
s.e.c,2
s.m.a.s.h,2
s9,2
saas-delivered,2
saas-focused,2
sabco,2
sabores,2
sacha,2
safe-harbor,2
safecharge,2
safety-first,2
sag,2
sage,2
saint-g,2
saishio,2
saito,2
sake,2
salaam,2
salable,2
salades,2
sale-,2
sales-support,2
salesblazer,2
salesman,2
salisbury,2
salomon,2
samantha,2
samatasvir,2
sametran,2
sanaa,2
sanct,2
sand,2
sandia,2
santiago,2
santilli,2
satcom,2
satellite-based,2
satyr,2
saver,2
sberbank,2
sbg,2
sblc,2
sbu,2
sbu-agreed,2
scarce,2
scent-release,2
sch-number,2
schauffele,2
schechter,2
scheffler,2
scheldt,2
schell,2
schellhase,2
scheper,2
schip,2
schiro,2
schmid,2
schwab,2
schwan,2
science's,2
science-themed,2
scientific-community,2
scientist,2
scikit-learn,2
sclavos,2
sclerosis,2
sco's,2
scolnick,2
scotford,2
scottie,2
scottsmiracle-gro,2
scrambles,2
scratch,2
screwdriver,2
screwdrivers,2
scribe,2
sculptures,2
sdns,2
seafloor,2
searchable,2
sec-filings.cfm,2
sec_filings,2
secondary-market,2
secondment,2
secops,2
secretarial,2
section1.01,2
sectionmain.shtml,2
securities-available-for-sale,2
securities-trading,2
seeds,2
seer,2
seer.cancer.gov,2
seesaw,2
segment-level,2
seidenberg,2
seidman-becker,2
selectables,2
self-adherent,2
self-diagnostic,2
self-employment,2
self-executing,2
self-health,2
self-identifications,2
self-learning,2
self-monitoring,2
self-publishing,2
selipsky,2
sell-throughs,2
selling-related,2
sellingandmarketingexpense,2
semi-custom,2
semi-finals,2
senior-most,2
sensation,2
sensible,2
sensitivity-based,2
sensory,2
seo,2
sep-20,2
sep-21,2
separately-billable,2
separateness,2
separation-,2
sephora,2
sequoya,2
sera,2
seramount,2
serge,2
sergeants,2
serp,2
serv,2
servant,2
serve.com,2
server-based,2
service-au-volant,2
service-driven,2
service-enabled,2
service-level,2
serviceability,2
serviceable,2
serviceothermember,2
services1,2
servicios,2
servicos,2
servier's,2
servlet,2
setbacks,2
seterus,2
setoffs,2
settleable,2
settop,2
setups,2
seulement,2
seuss,2
seven-for-one,2
seventy-nine,2
severances,2
seville,2
sfas,2
sgcl,2
sgx,2
shades,2
shadow,2
shadowing,2
shales,2
shallower,2
shameen,2
shanahan,2
shapiro,2
share-counting,2
share3,2
shared-vehicle,2
shareplans,2
shark,2
sharpened,2
sharpening,2
sharpens,2
shasta's,2
shaul,2
shaun,2
she's,2
sheba,2
sheedy,2
sheetings,2
sheffield,2
sheikh,2
sheiner,2
sheley,2
shen,2
shenoy,2
shephard,2
sheraton,2
sheriff,2
shigeru,2
shih,2
shines,2
shining,2
ship-from-club,2
ship-to,2
shipping-related,2
shiqiang,2
shiseido,2
sho,2
shoes.com,2
shop.com,2
shopability,2
shopaholic,2
shopmarvel,2
short-chain,2
short-haul,2
short-selling,2
shorting,2
shorttermdebtmember,2
shouldn,2
shouldn't,2
showers,2
shurtleff,2
shy,2
sia072401.htm,2
sib,2
sibos,2
sic,2
sicily,2
sidente,2
siem,2
sifford,2
sifi's,2
sift,2
sights,2
signifies,2
sikorsky,2
silhouette,2
silhouettes,2
silicon-enhanced,2
siloes,2
silopi,2
silverlight,2
silvermont,2
silvertip,2
similarity-based,2
simoniz,2
simplyengaged,2
simpson's,2
simspace,2
single-county,2
single-dosing,2
single-family,2
single-line,2
single-tablet,2
sinochem,2
sirturo,2
sister,2
sit-down,2
sita2,2
site-to-store,2
situational,2
six-notch,2
six-unit,2
skf,2
skill-building,2
skilling,2
skills-based,2
skinguard,2
skipper,2
skippirr,2
skt,2
skyguide,2
skytrax,2
skywave,2
skyworks,2
sl,2
slattery,2
sled,2
sleeve,2
slew,2
slices,2
slido,2
slips,2
slo-mo,2
slots,2
slow-moving,2
slr2,2
slynch2,2
small-cell-lung,2
small-dollar,2
small-mid,2
small-sized,2
small-to-medium,2
smartless,2
smartrent,2
smartstream,2
smi,2
smilegate,2
smo,2
smokers,2
snapchatters,2
snapshots,2
sneaky,2
snkrs,2
socio-demographic,2
soenke,2
software's,2
soho,2
soit,2
sol,2
sole-,2
solexa,2
solidated,2
solides,2
solidifies,2
sols,2
solucoes,2
solution-based,2
sonny,2
sopcak,2
sorcerer,2
sorenson,2
soundbar,2
soundbars,2
souq.com,2
sourcebook,2
soybean,2
spaced,2
spadorcia,2
sparing,2
sparking,2
sparrow,2
spd,2
spe-related,2
specialty-wealth,2
spectra,2
speeches,2
speed-to-market,2
spend-based,2
sperm,2
spga,2
spider,2
spitaletta,2
splash-,2
splinter,2
split-ups,2
splitter,2
spokane,2
spoofed,2
sportscaster,2
sportslands,2
spotlighting,2
sprains,2
spreadtrum,2
sq,2
srl,2
sse,2
stabilizer,2
stabilizers,2
stablecoin,2
stablecoins,2
stacking,2
stackrox,2
stagflation,2
stagger,2
stakeholderimpactreport.salesforce.com,2
stamina,2
standard-body,2
staphlococcus,2
star-branded,2
state-spending,2
stateless,2
statem,2
statue,2
steady-state,2
steaming,2
sted,2
steel-fed,2
stegemeyer,2
steijaert,2
step-acquisition,2
step-ups,2
sterlings,2
sterrad,2
stevia-based,2
stewarding,2
still-higher-speed,2
still-recovering,2
stills,2
stinky,2
stipend,2
stock-up,2
stockholder-requested,2
stoffels,2
stop-transfer,2
stop-work,2
storage-as-a-service,2
store.disney,2
storediq,2
stp,2
str,2
stragent,2
strategist,2
streak,2
streamer,2
streck,2
street-connected,2
stress-testing,2
stretched,2
strictest,2
stride,2
string,2
structurer,2
struggles,2
stub,2
stuck,2
studentuniverse,2
studio-on-wheels,2
studio-quality,2
stutzes,2
style-by-style,2
stylers,2
sub-millisecond,2
sub-par,2
sub-plan,2
subcarrier-cluster,2
subcategory,2
subcommittees,2
subfacility,2
sublicenses,2
submarkets,2
subscribing,2
subsumed,2
subvariants,2
subvert,2
succ,2
success-based,2
successively,2
successors-in-interest,2
suicides,2
sulfuric,2
sultats,2
sumerian,2
suncare,2
sunfire,2
super-fast,2
superb,2
supercharges,2
superdry,2
superhero,2
superintend,2
superior-performing,2
supermodel,2
superstar,2
superstars,2
supervalu,2
suppl,2
supplier-focused,2
surcharging-related,2
sureties,2
surfacing,2
surgeons,2
surpasses,2
surreptitious,2
surveying,2
surveyors,2
survivability,2
suzy,2
swa,2
swaddlers,2
swainson,2
sweden-based,2
sweeping,2
sweeps,2
sweepstakes,2
swiatek,2
swisse,2
swissfrancnotesdue20222028member,2
swissfrancnotesdue20222028membermember,2
sx,2
sylvera,2
sylvie,2
symbiotic,2
symfony,2
symptoms-diagnosis,2
syndtrak,2
synthesis,2
sysco,2
system-on-module,2
systems-builder,2
systems-related,2
systolic,2
t140000,2
t790m,2
t800,2
tabapay,2
taberski,2
tachycardia,2
tae,2
taft-hartley,2
tagging,2
tail-f,2
taiwanese,2
takedowns,2
takula,2
tamara,2
tang,2
tannous,2
tanto,2
tanvex,2
tanzania's,2
taos,2
tap-to-pay-enabled,2
taptic,2
target.com,2
targeted-exam,2
tarrant,2
taser,2
taskforce,2
tasters,2
tasty,2
tatkal,2
tax-effect,2
taxe,2
taxis,2
taxreformactmember,2
taxus,2
tay,2
tazobactum,2
tb-month,2
tbd,2
tc,2
tdcc,2
tdp,2
tealeaf,2
tech-based,2
techcrunch,2
technip,2
techstars,2
techsystems,2
tecnis,2
tecsec,2
telecast,2
telecommunications-related,2
telecommute,2
telef,2
telegraphed,2
telekom,2
telemundo,2
televisaunivisions,2
televised,2
tempo,2
temps,2
tendons,2
tendre,2
tenet,2
tenofivir,2
tensor,2
terea,2
term-out,2
terrence,2
tescher,2
tessel,2
test-drive,2
test-kit,2
testifying,2
tetration,2
textbooks,2
texture,2
tezspire's,2
tf40b,2
thanksgiving,2
thanksgiving-through-cyber-monday,2
theirs,2
thematically,2
then-applicable,2
then-operative,2
thereafter-,2
thermally,2
theses,2
thevenard,2
thi,2
thingspace,2
thinksmart,2
thinqi,2
third-country,2
thirty-first,2
thirty-five,2
thirty-one,2
thirty-three,2
thomasville,2
thonis,2
thorac,2
thoracic,2
three-minute,2
three-tax-year,2
three-to-five,2
three-wheelers,2
thrifts,2
thrombocythemia,2
thromboprophylaxis,2
thromobocytopenia,2
thrones,2
through-the-cycle,2
thumbs,2
thwart,2
ticketed,2
tidal,2
tie2,2
tier-one,2
tiered-menu,2
tiff,2
tightens,2
tiktokers,2
tilt,2
time-lapse,2
time-limited,2
time-to-close,2
timebasedrestrictedstockunitawardsmember,2
timeless,2
timestream,2
timi,2
ting,2
tirehub,2
tivo's,2
tkis,2
tkruzich,2
tlfamily.com,2
tlgolf.com,2
tmc,2
tnf-alpha,2
tnfr,2
to-5,2
to-consumer,2
toczydlowski,2
toe,2
toedman,2
tofacitinib,2
tofino,2
tokenisation,2
tokenizing,2
tolerates,2
tomball,2
tomboco,2
tombua,2
tomers,2
tomlinson,2
toolbox,2
top-spending,2
topped,2
topside,2
toromont,2
toronto-based,2
torquest,2
tosoh,2
total-year,2
tottenham,2
touch-based,2
touch-free,2
touch-sensitive,2
tougher,2
toujours,2
tourist,2
tournament-record,2
towed,2
toxicities,2
tpex,2
tpo-ra,2
trade-execution,2
trademarksandbrandsmember,2
trademarksmember,2
tradespeople,2
traffic-driving,2
tragedies,2
trailblazerdx,2
trailblazing,2
trainium-powered,2
traitements,2
traits,2
tramadol,2
tranquility,2
trans-atlantic,2
transcend,2
transcends,2
transcription,2
transferase,2
transgenic,2
transition-related,2
translator,2
transmembrane,2
transmissible,2
transponders,2
transylvania,2
trault,2
trautmann,2
travcomp,2
travelandleisure.com,2
traveler's,2
travelling,2
travelodge,2
treas,2
treasures,2
treasury's,2
treatment-resistant,2
trematinib,2
trendforce,2
trends1,2
tri-cylen,2
trialogue,2
tribolati,2
tribute,2
trimmer,2
trimmers,2
tripadvisor,2
triphosphate,2
triple-digit,2
triplet,2
tripling,2
tririga,2
tristan,2
trivia,2
trn1,2
trn1n,2
trolls,2
troop,2
tropp,2
troppo,2
tross,2
trove,2
trups,2
trust-based,2
trustee's,2
trusting,2
truthfulness,2
truths,2
truvia,2
trx,2
tsp,2
tsps,2
tss-related,2
ttbw,2
tucks,2
tuckson,2
tuning,2
turbohercules,2
turk,2
turn-by-turn,2
turntide,2
turtle,2
tus,2
tutorials,2
tuxis,2
tv-only,2
tweets,2
twelves,2
twenty-seven,2
twenty-six,2
twice-yearly,2
twill,2
twinmaker,2
two-cent,2
two-dose,2
two-drug,2
two-pillar,2
two-sector,2
two-to,2
two-wheelers,2
type-2,2
type-egfr,2
tyvek,2
u.a.e,2
u.s.-russia,2
u.s.air,2
u.s.dollarnotesdue20192093member,2
u.s.dollarzerocouponnotesdue2020member,2
u25497aw5,2
u25497bb0,2
u25497bg9,2
u9221aas7,2
u9221aay4,2
ua,2
uarter,2
uav,2
ubisoft,2
ubstantially,2
udaap,2
uf,2
uft,2
uhcc,2
uhd,2
uhg.com,2
uhic,2
uig,2
uires,2
ultra-high,2
ultra-high-net-worth,2
ultra-low-voltage,2
ultra-reliable,2
ultra-slim,2
ultra-thin,2
ultram,2
ultrawarm,2
uly,2
umc,2
un-hedged,2
unaccrued,2
unacquired,2
unagreed,2
unattainable,2
unbelievable,2
unbundles,2
uncharted,2
uncle,2
uncollectable,2
uncounted,2
undeniable,2
under-withholding,2
underdiagnosis,2
underestimation,2
underprivileged,2
undersecretariat,2
underwear,2
undoubtedly,2
unemployed,2
unemployment-related,2
unenacted,2
unexercisable,2
unextended,2
uni,2
uniab,2
unibanco,2
unichem,2
unicorn,2
unintentionally,2
uniqlo,2
unitedstatesdefinedcontributionplanmember,2
unitref,2
universality,2
university's,2
unleashed,2
unloading,2
unmarked,2
unmodified,2
unofficial,2
unpack,2
unpatched,2
unpredictibly,2
unreasonableness,2
unrecoverable,2
unsupervised,2
unsurrendered,2
untitled,2
untouched,2
uo,2
up-limit,2
update's,2
updater,2
upending,2
upset,2
upsize,2
upstream-enabling,2
uptime,2
urbancode,2
ure,2
urgently,2
urgoiti,2
urification,2
uropean,2
ursula,2
us$1.1,2
us$1.5,2
us$147,2
us$154,2
us$25,2
us$32,2
us$37,2
us$73,2
us$74,2
us$77,2
us$78,2
us$80,2
us.lm,2
us254687fg67,2
us254687fh41,2
us254687fj07,2
us254687fv35,2
us254687fw18,2
us254687fx90,2
us25468pcy07,2
us25468pdd50,2
us437076az51,2
us437076ba91,2
us458140bv11,2
us458140bw93,2
us458140bx76,2
us458140ca64,2
us458140cb48,2
us458140cc21,2
us458140cf51,2
us458140cg35,2
us458140ch18,2
us458140cj73,2
us458140ck47,2
us91324pcf71,2
us91324pcg54,2
us91324pdm14,2
us91324pdn96,2
us931142au74,2
us931142bf98,2
us931142cp61,2
us931142cu56,2
us931142dv21,2
us931142dw04,2
us931142eb57,2
us931142ec31,2
us931142ed14,2
us931142ee96,2
us931142ek56,2
us931142el30,2
us931142em13,2
us931142en95,2
us931142ep44,2
us931142eq27,2
usb-c,2
usdollardebenturesdue2020through2098member,2
usdollardebenturesdue2022through2098member,2
usdollarnotesdue20232093member,2
usdollarzerocouponnotesmember,2
useless,2
user's,2
user-centric,2
usgc,2
ushs,2
usmag,2
usmcr,2
ustr,2
ustreasurycash,2
usv,2
usw,2
utopia,2
uva,2
uvb,2
uveitis,2
uzbekistan,2
v-114,2
v.3.2022,2
v.me,2
v.w.p.l,2
v1.1,2
v114-018,2
v114-021,2
v2,2
v2p,2
v4,2
v710,2
vacances,2
vacated-in-part,2
vaccine-resistant,2
vaccine-type,2
valhalla,2
valorant,2
valtix,2
valuables,2
value-adding,2
value-conscious,2
value-enhancing,2
value-priced,2
values-,2
valvoline,2
vanderlinden,2
vania,2
vanson,2
vantage,2
vapormax,2
vaposteam,2
vardenofil,2
variableinterestratedebtwithmaturitydatein2021member,2
vasudevan,2
vbj2,2
vbr4,2
vbs,2
vbt0,2
vcc6,2
vck8,2
vcm4,2
vcs,2
vcx0,2
vcz5,2
vdc5,2
vdd3,2
vdm3,2
vdms,2
vdp,2
vdq4,2
vdr2,2
vds0,2
vdu5,2
vdv3,2
vdx9,2
veb6,2
vei,2
ven0,2
vendor-related,2
vendu,2
venezuela-related,2
vers,2
versapay,2
vertafore,2
vesi,2
vesicular,2
veteran-owned,2
veto,2
vfs8,2
vgd0,2
vgf5,2
vgg3,2
viacomcbs,2
viatris,2
vice-chairman,2
vickers,2
vidcast,2
video-sharing,2
videolabs,2
vient,2
vierte,2
vietnamese,2
ville,2
vimeo.com,2
virus-like,2
vis,2
vis-,2
visa-,2
visa-economic-empowerment-institute.html,2
visa.co.uk,2
visacommercialpay,2
visaultconv,2
visceral,2
viscosity,2
vito,2
vitt,2
viva,2
vl,2
vns,2
voc,2
vocalink,2
voice-first,2
voice-over-ip,2
voip-pal.com,2
volodymyr,2
volt,2
volume5,2
volunteerism,2
vom,2
vondriska,2
vonpar,2
vorable,2
vos,2
vpc,2
vpu,2
vpus,2
vtex,2
vx,2
vytorin-related,2
vzqtr20fin,2
w-2,2
w-8,2
w-8exp,2
w7,2
wa-24-r,2
wa-392-p,2
waas,2
wabc-tv,2
waeg,2
wai,2
waitman,2
walk-off,2
walken,2
walkers,2
wallbox,2
walmsley,2
wamu,2
wander,2
wane,2
warburg,2
warriors,2
washers,2
washes,2
washington--,2
wasilewski,2
waste-to-energy,2
wasteful,2
watchabcfamily,2
watchdisneychannel,2
watchdisneychannel.com,2
watchdisneyjunior,2
watchdisneyjunior.com,2
watchdisneyxd,2
watchdisneyxd.com,2
water.org,2
watts,2
waverly,2
wayfair,2
wc,2
wcc,2
wclc,2
wearegolden,2
weather-,2
weather.com,2
weaves,2
web-crawling,2
web-properties,2
weblink,2
webos,2
webvan,2
week-long,2
week-over-week,2
wegener,2
weightedaveragenumberofdilutedsharesoutstanding,2
weightedaveragenumberofsharesoutstandingbasic,2
weisslaw,2
welcome.us,2
weld,2
well-aligned,2
well-conducted,2
well-deserved,2
well-paying,2
well-protected,2
well-suited,2
wellstone,2
wellstone-pete,2
wer,2
werner,2
westbrook,2
westlake,2
westminster,2
westrac,2
wethersfield,2
wework,2
wfc,2
what-is.html,2
wheatley,2
wheelchair,2
wheelers,2
when-and-if,2
whereabouts,2
whisper,2
whit,2
white-label,2
whiteboarding,2
whitewave,2
whitman,2
wholesaler-purchasers,2
whomsoever,2
whq,2
wide-spread,2
widens,2
widest,2
wigginton,2
wildcats,2
wildman,2
wilensky,2
williams-sonoma,2
willie,2
wilsey,2
winchester,2
windshield,2
winters,2
winthrop,2
wire-free,2
wireles,2
wires,2
wis,2
wisconsin-only,2
wislocki,2
within-,2
witness-related,2
wizards,2
wlan,2
wls-tv,2
wmm,2
wo,2
wojcicki,2
wolfe,2
wonderful,2
woodland,2
woodpulp-based,2
woodworth,2
woolworths,2
worcester,2
wording,2
work-based,2
work-for-hire,2
work-pay-and-benefits,2
workbooks,2
workcell,2
workdocs,2
workforce-development,2
worklink,2
works-in-progress,2
world-changing,2
world-renowned,2
worldline,2
worrying,2
would-be,2
wpvi-tv,2
wrap-up,2
write-,2
writedown,2
writing-off,2
wsi,2
wsj,2
wssi,2
wto-permitted,2
wtvd-tv,2
wunsch,2
wurster,2
www.audible.com,2
www.avolon.aero,2
www.boj.or.jp,2
www.cancer.org,2
www.clinicaltrials.gov,2
www.confermapay.com,2
www.corporate.walmart.com,2
www.discover.com,2
www.docusign.com,2
www.endless.com,2
www.ethnicity-facts-figures.service.gov.uk,2
www.federalreserve.gov,2
www.imdb.com,2
www.lung.org,2
www.mastercard.com,2
www.mcdonalds.ca,2
www.mulesoft.com,2
www.rybrevant.com,2
www.sustainabilitytogether.aero,2
www.theiet.org,2
www.travelerscanada.ca,2
www.trust.salesforce.com,2
www.unitedheatlhgroup.com,2
www.virtualshareholdermeeting.com,2
www.webex.com,2
www.who.int,2
www.wireless.amazon.com,2
www.yellowpepper.com,2
wyett,2
wyndham,2
wyo,2
x-66a,2
x-treme,2
x3,2
x4,2
x5,2
x7,2
x9,2
xaver,2
xgboost,2
xiagong,2
xli,2
xm02,2
xmab,2
xmpp-compliant,2
xoom,2
xpertuniverse's,2
xr7,2
xs,2
xs2233154538,2
xtify,2
xware,2
yale,2
yankee,2
yanna,2
yasmine,2
ye19,2
yearlong,2
yeboah,2
yellowglen,2
yellowpepper's,2
yield-to-maturity,2
yip,2
yl,2
yonder,2
york's,2
yosi,2
yougov,2
yous,2
youtubers,2
ystems,2
ytd'20,2
yuanyuan,2
yuhan,2
yvette,2
zack,2
zack.sopcak,2
zalando,2
zamoff,2
zap,2
zealot,2
zeke,2
zelenskyy,2
zendesk,2
zepto,2
zerex,2
zero-etl,2
zero-liability,2
zimbabwean,2
zinman,2
zinn,2
zollar,2
zoological,2
zprime,2
zune,2
zwijndrecht-related,2
zynga,2
zzz,2
zzzquil,2
0.0007,1
0.0011,1
0.002,1
0.004,1
0.009375,1
0.010,1
0.01613,1
0.0252,1
0.044,1
0.049,1
0.055,1
0.072,1
0.0825,1
0.09876545,1
0.0987655,1
0.101,1
0.115,1
0.1191,1
0.1193,1
0.1275,1
0.139,1
0.144,1
0.148,1
0.149,1
0.162,1
0.170,1
0.191,1
0.209,1
0.222,1
0.235,1
0.240,1
0.2400,1
0.2675,1
0.28010,1
0.283,1
0.293,1
0.3075,1
0.322,1
0.3328,1
0.333,1
0.344,1
0.348,1
0.351,1
0.403,1
0.410,1
0.426,1
0.445,1
0.451,1
0.4510,1
0.4517,1
0.459,1
0.460,1
0.4684,1
0.4800,1
0.487,1
0.503,1
0.510,1
0.543,1
0.546,1
0.556,1
0.559,1
0.560,1
0.5620,1
0.5650,1
0.584,1
0.601,1
0.603,1
0.6296,1
0.6300,1
0.6436,1
0.660,1
0.665,1
0.670,1
0.675,1
0.687,1
0.695,1
0.705,1
0.707,1
0.711,1
0.7143,1
0.725,1
0.728,1
0.737,1
0.7400,1
0.752,1
0.7725,1
0.788,1
0.806,1
0.807,1
0.836,1
0.860,1
0.870,1
0.8750,1
0.886,1
0.9075,1
0.910,1
0.917,1
0.940,1
0.967,1
0.9712,1
0.985,1
0.990,1
000.5,1
000000,1
0000000,1
00000000.00,1
000000000,1
00000000000,1
000000000000,1
000000000000000000,1
0000050863,1
000005086311000020,1
000073176619000011,1
000073176619000023,1
000415,1
001.1,1
001.6,1
0010,1
0012,1
0016,1
002.2,1
002.3,1
002.7,1
003.00,1
003.06,1
003.3,1
003.5,1
0031,1
004.3,1
0048,1
005.0,1
005.3,1
005.4,1
005.5,1
005.6,1
005.9,1
007.0,1
007.4,1
007.44,1
008.3,1
0088,1
009.4,1
009.5,1
009.6,1
0097,1
010.3,1
010.8,1
010.9,1
0100,1
01069,1
011.2,1
011.25,1
011.4,1
0111,1
012.0,1
012.34,1
0122,1
013.2,1
013.3,1
014.38,1
014.62,1
014.88,1
0159,1
016.0,1
016.1,1
016.31,1
016.9,1
017.00,1
017.1,1
017.7,1
018.3,1
018.4,1
018.5,1
018.56,1
018.6,1
019.4,1
019.44,1
019.8,1
0190,1
020.5,1
021.2,1
02101,1
022.6,1
023.6,1
024.2,1
025.3,1
026.0,1
026.2,1
026.6,1
026.7,1
0263,1
027.3,1
027.4,1
027.6,1
027.7,1
028.6,1
028.84,1
029.2,1
029.7,1
031.2,1
031.4,1
032.4,1
032.69,1
0327,1
033.24,1
033.3,1
034.3,1
035.1,1
035.3,1
035.38,1
036.9,1
037.0,1
037.01,1
037.1,1
037.4,1
037.6,1
038.1,1
038.5,1
039.0,1
039.64,1
039.9,1
040.8,1
040.9,1
041.2,1
042.6,1
043.2,1
043.5,1
043.8,1
044.5,1
0448,1
045.7,1
046.5,1
046.63,1
046.9,1
0469,1
048.0,1
048.4,1
048.45,1
048.5,1
048.9,1
0495,1
0500,1
050606653,1
051.05,1
051.7,1
051.8,1
052.05,1
052.6,1
05231,1
053.0,1
0538,1
054.2,1
054.3,1
05447,1
055.1,1
055.3,1
055.5,1
055.7,1
056.27,1
056.6,1
056.8,1
057.0,1
057.4,1
058.5,1
060.1,1
060.5,1
0601,1
0607,1
061.2,1
061.7,1
06115,1
062.6,1
063.05,1
063.06,1
063.2,1
063.37,1
063.7,1
064.0,1
064.5,1
064.69,1
065.1,1
065.3,1
065.4,1
065.8,1
066.3,1
067.2,1
067.3,1
067.9,1
068.0,1
069.81,1
06901,1
070.1,1
070.3,1
070.6,1
070.9,1
07065,1
0708,1
071.8,1
072.8,1
073.3,1
073.4,1
073.6,1
07365,1
07387,1
074.8,1
075.0,1
075.4,1
075.5,1
0751,1
076.5,1
076.6,1
076.9,1
077.3,1
078.59,1
078.6,1
0786,1
079.1,1
079.7,1
079.8,1
080.2,1
080.7,1
0806,1
081.1,1
081.8,1
0819,1
082.5,1
084.0,1
084.2,1
084.90,1
086.09,1
086.8,1
0860,1
087.0,1
087.3,1
087.4,1
087.45,1
087.7,1
087.8,1
087378594,1
0877,1
088.4,1
088.5,1
088.6,1
088.7,1
08812,1
08889,1
089.1,1
089.7,1
089.9,1
090.0,1
091.0,1
091.5,1
091.6,1
092.0,1
093.8,1
094.0,1
094.3,1
094.6,1
095.2,1
095.4,1
095.5,1
095.6,1
096.2,1
096.9,1
097.1,1
097.8,1
097.85,1
097023,1
098.9,1
099.1,1
099.86,1
099.9,1
09903,1
0996,1
1.001,1
1.003,1
1.005,1
1.007,1
1.009,1
1.010,1
1.016,1
1.026,1
1.029,1
1.031,1
1.033,1
1.0400,1
1.0408,1
1.045,1
1.049,1
1.0500,1
1.051,1
1.055,1
1.062,1
1.0651,1
1.066,1
1.0725,1
1.076,1
1.080,1
1.082,1
1.084,1
1.090,1
1.0908,1
1.0958,1
1.096,1
1.0983,1
1.104,1
1.107,1
1.109,1
1.1098,1
1.111,1
1.117,1
1.1175,1
1.1202,1
1.1217,1
1.129,1
1.131,1
1.134,1
1.136,1
1.1364,1
1.1395,1
1.1445,1
1.147,1
1.1471,1
1.153,1
1.154,1
1.1581,1
1.163,1
1.1641,1
1.168,1
1.1681,1
1.174,1
1.177,1
1.1777,1
1.179,1
1.1800,1
1.183,1
1.185,1
1.1870,1
1.1900,1
1.198,1
1.2037,1
1.205,1
1.2050,1
1.207,1
1.208,1
1.210,1
1.2143,1
1.215,1
1.219,1
1.2199,1
1.220,1
1.221,1
1.229,1
1.2323,1
1.233,1
1.2353,1
1.236,1
1.239,1
1.241,1
1.243,1
1.2431,1
1.2474,1
1.254,1
1.255,1
1.257,1
1.261,1
1.2709,1
1.271,1
1.272,1
1.2757,1
1.276,1
1.279,1
1.280,1
1.2800,1
1.281,1
1.282,1
1.284,1
1.286,1
1.2874,1
1.288,1
1.3033,1
1.304,1
1.309,1
1.3123,1
1.314,1
1.316,1
1.317,1
1.323,1
1.3258,1
1.326,1
1.3266,1
1.327,1
1.330,1
1.332,1
1.336,1
1.337,1
1.338,1
1.3415,1
1.3418,1
1.342,1
1.346,1
1.3465,1
1.347,1
1.348,1
1.349,1
1.350,1
1.3503,1
1.354,1
1.358,1
1.3595,1
1.3634,1
1.3669,1
1.367,1
1.370,1
1.371,1
1.373,1
1.374,1
1.377,1
1.3809,1
1.383,1
1.392,1
1.393,1
1.395,1
1.397,1
1.401,1
1.4050,1
1.4063,1
1.407,1
1.408,1
1.410,1
1.411,1
1.415,1
1.4167,1
1.420,1
1.421,1
1.422,1
1.424,1
1.435,1
1.436,1
1.4373,1
1.4380,1
1.439,1
1.443,1
1.446,1
1.455,1
1.456,1
1.457,1
1.4600,1
1.461,1
1.464,1
1.466,1
1.469,1
1.473,1
1.4750,1
1.481,1
1.485,1
1.4901,1
1.493,1
1.496,1
1.502,1
1.504,1
1.506,1
1.509,1
1.518,1
1.519,1
1.52125,1
1.5237,1
1.524,1
1.5248,1
1.527,1
1.536,1
1.541,1
1.544,1
1.545,1
1.546,1
1.549,1
1.553,1
1.5542,1
1.557,1
1.558,1
1.559,1
1.560,1
1.561,1
1.564,1
1.565,1
1.572,1
1.5742,1
1.578,1
1.5814,1
1.5819,1
1.584,1
1.586,1
1.5885,1
1.599,1
1.5991,1
1.6042,1
1.605,1
1.614,1
1.6227,1
1.626,1
1.628,1
1.631,1
1.637,1
1.642,1
1.651,1
1.653,1
1.661,1
1.666,1
1.667,1
1.669,1
1.670,1
1.673,1
1.683,1
1.692,1
1.696,1
1.7014,1
1.707,1
1.7075,1
1.708,1
1.712,1
1.721,1
1.723,1
1.725,1
1.728,1
1.734,1
1.756,1
1.760,1
1.762,1
1.766,1
1.771,1
1.774,1
1.7850,1
1.787,1
1.791,1
1.793,1
1.794,1
1.796,1
1.803,1
1.806,1
1.819,1
1.8266,1
1.827,1
1.8438232,1
1.847,1
1.849,1
1.851,1
1.857,1
1.860,1
1.861,1
1.866,1
1.868,1
1.8750,1
1.886,1
1.892,1
1.906,1
1.908,1
1.917,1
1.925,1
1.928,1
1.930,1
1.9325,1
1.937,1
1.942,1
1.9450331126,1
1.946,1
1.951,1
1.952,1
1.954,1
1.955,1
1.958,1
1.959,1
1.961,1
1.964,1
1.966,1
1.974,1
1.975,1
1.982,1
1.987,1
1.988,1
1.989,1
1.994,1
10.075,1
10.1002,1
10.1007,1
10.1016,1
10.136,1
10.143,1
10.251,1
10.318,1
10.332,1
10.3389,1
10.342,1
10.471,1
10.493,1
10.532,1
10.562,1
10.573,1
10.635,1
10.743,1
10.83,1
10.833,1
10.92,1
10.943,1
100.003,1
100.02,1
100.0224,1
100.03,1
100.0437,1
100.05,1
100.07,1
100.08,1
100.082,1
100.09,1
100.1068,1
100.12,1
100.1408,1
100.15,1
100.1599,1
100.161,1
100.1856,1
100.1861,1
100.23,1
100.24,1
100.25,1
100.2519,1
100.2675,1
100.28,1
100.3158,1
100.3471,1
100.36,1
100.39,1
100.41,1
100.43,1
100.45,1
100.50,1
100.505,1
100.5175,1
100.56,1
100.571,1
100.5726,1
100.58,1
100.63,1
100.6416,1
100.71,1
100.72,1
100.74,1
100.7547,1
100.77,1
100.78,1
100.79,1
100.80,1
100.8064,1
100.81,1
100.82,1
100.85,1
100.8654,1
100.87,1
100.8883,1
100.9168,1
100.94,1
100.9552,1
100.97,1
1002,1
1004,1
1005,1
10070516,1
1009,1
101.018,1
101.0205,1
101.0247,1
101.0338,1
101.0367,1
101.05,1
101.0963,1
101.13,1
101.14,1
101.16,1
101.17,1
101.2228,1
101.223,1
101.2529,1
101.2664,1
101.29,1
101.2918,1
101.3335,1
101.3355,1
101.3735,1
101.38,1
101.39,1
101.3907,1
101.41,1
101.4281,1
101.43,1
101.44,1
101.4625,1
101.4644,1
101.48,1
101.52,1
101.53,1
101.63,1
101.66,1
101.68,1
101.69,1
101.7003,1
101.7085,1
101.74,1
101.80,1
101.8914,1
101.8942,1
101.93,1
101.9372,1
101.9408,1
101.95,1
101.961,1
101.9928,1
1010,1
1012,1
101340,1
1014,1
10153,1
102.00,1
102.03,1
102.05,1
102.09,1
102.17,1
102.20,1
102.2067,1
102.2335,1
102.24,1
102.27,1
102.274,1
102.2917,1
102.30,1
102.31,1
102.33,1
102.35,1
102.38,1
102.3836,1
102.392,1
102.40,1
102.4024,1
102.41,1
102.4375,1
102.44,1
102.46,1
102.57,1
102.59,1
102.639,1
102.64,1
102.66,1
102.73,1
102.735,1
102.76,1
102.7688,1
102.79,1
102.8371,1
102.84,1
102.8757,1
102.88,1
102.89,1
102.8905,1
102.91,1
102.92,1
102.95,1
102.96,1
102.9632,1
102.97,1
1023,1
102623,1
10281,1
10285,1
103.0641,1
103.0764,1
103.09,1
103.14,1
103.198,1
103.32,1
103.323,1
103.3329,1
103.34,1
103.3646,1
103.39,1
103.4021,1
103.42,1
103.48,1
103.55,1
103.58,1
103.62,1
103.64,1
103.69,1
103.70,1
103.7044,1
103.71,1
103.7126,1
103.72,1
103.78,1
103.84,1
103.90,1
103.926,1
103.9856,1
1034,1
1036,1
1039,1
104.02,1
104.03,1
104.0327,1
104.05,1
104.06,1
104.0681,1
104.09,1
104.0936,1
104.1004,1
104.12,1
104.25,1
104.27,1
104.33,1
104.35,1
104.37,1
104.45,1
104.485,1
104.50,1
104.53,1
104.56,1
104.62,1
104.65,1
104.66,1
104.69,1
104.71,1
104.78,1
104.81,1
104.86,1
104.87,1
104.93,1
104.94,1
104.95,1
104.98,1
104.99,1
1043,1
10462,1
105.01,1
105.02,1
105.03,1
105.05,1
105.08,1
105.09,1
105.13,1
105.21,1
105.23,1
105.27,1
105.36,1
105.41,1
105.45,1
105.57,1
105.62,1
105.70,1
105.72,1
105.82,1
105.85,1
105.91,1
105.93,1
105.99,1
1050,1
1051,1
105300,1
10532,1
105713,1
10576,1
1058,1
106.00,1
106.07,1
106.08,1
106.09,1
106.12,1
106.13,1
106.15,1
106.16,1
106.17,1
106.21,1
106.22,1
106.23,1
106.26,1
106.41,1
106.43,1
106.47,1
106.49,1
106.54,1
106.55,1
106.59,1
106.65,1
106.68,1
106.72,1
106.75,1
106.89,1
106.91,1
106.94,1
106.95,1
1061,1
106284,1
1068,1
107.07,1
107.13,1
107.14,1
107.18,1
107.23,1
107.29,1
107.32,1
107.35,1
107.39,1
107.43,1
107.44,1
107.45,1
107.48,1
107.49,1
107.51,1
107.52,1
107.53,1
107.58,1
107.60,1
107.65,1
107.71,1
107.73,1
107.76,1
107.81,1
107.82,1
107.84,1
107.86,1
107.93,1
107.94,1
107.95,1
107.98,1
1071,1
1073,1
1074,1
10762,1
1079,1
108.05,1
108.09,1
108.15,1
108.17,1
108.23,1
108.24,1
108.28,1
108.30,1
108.31,1
108.38,1
108.40,1
108.43,1
108.49,1
108.56,1
108.57,1
108.59,1
108.74,1
108.76,1
108.79,1
108.81,1
108.87,1
108.9,1
108.93,1
108000000,1
1082,1
1086,1
1088,1
108843,1
1089,1
10890,1
109.05,1
109.07,1
109.08,1
109.17,1
109.21,1
109.24,1
109.31,1
109.34,1
109.36,1
109.39,1
109.41,1
109.44,1
109.72,1
109.990323,1
109185,1
1092,1
1099,1
11.144,1
11.147,1
11.258,1
11.30,1
11.350,1
11.36,1
11.392,1
11.431,1
11.48,1
11.51,1
11.61,1
11.665,1
11.763,1
11.780,1
11.80,1
11.849,1
11.92,1
11.942,1
110.03,1
110.12,1
110.14,1
110.17,1
110.19,1
110.31,1
110.32,1
110.35,1
110.37,1
110.39,1
110.51,1
110.52,1
110.58,1
110.62,1
110.63,1
110.65,1
110.72,1
110.73,1
110.74,1
110.76,1
110.81,1
110.82,1
110.83,1
110.84,1
110.88,1
110.95,1
110.98,1
11010,1
111.03,1
111.31,1
111.32,1
111.37,1
111.41,1
111.42,1
111.44,1
111.47,1
111.48,1
111.56,1
111.65,1
111.68,1
111.70,1
111.88,1
111.95,1
111.99,1
1114558,1
111977,1
111995,1
112.03,1
112.05,1
112.13,1
112.14,1
112.21,1
112.38,1
112.41,1
112.49,1
112.55,1
112.63,1
112.65,1
112.75,1
112.88,1
112.89,1
112.94,1
11200000000,1
1125,1
1126,1
113.03,1
113.16,1
113.19,1
113.21,1
113.33,1
113.37,1
113.39,1
113.45,1
113.64,1
113.66,1
113.68,1
113.75,1
113.76,1
113.80,1
113.91,1
113.94,1
113.95,1
113.99,1
113993,1
114.01,1
114.04,1
114.07,1
114.15,1
114.17,1
114.20,1
114.26,1
114.42,1
114.43,1
114.49,1
114.51,1
114.60,1
114.76,1
114.83,1
114.93,1
114.96,1
114.99,1
1140,1
1144442,1
115.01,1
115.05,1
115.19,1
115.23,1
115.26,1
115.34,1
115.38,1
115.50,1
115.51,1
115.72,1
115.76,1
115.77,1
115.79,1
115.85,1
115.96,1
1154,1
1156,1
1157,1
1159,1
116.12,1
116.17,1
116.18,1
116.19,1
116.20,1
116.23,1
116.28,1
116.32,1
116.45,1
116.55,1
116.59,1
116.63,1
116.67,1
116.76,1
116.78,1
116.83,1
116.84,1
116.88,1
116.89,1
116.95,1
1163,1
1168,1
117.06,1
117.15,1
117.27,1
117.34,1
117.39,1
117.47,1
117.52,1
117.56,1
117.7,1
117.77,1
117.84,1
117.87,1
117.93,1
1172,1
1177,1
1178,1
117860,1
118.00,1
118.02,1
118.13,1
118.31,1
118.36,1
118.39,1
118.41,1
118.45,1
118.49,1
118.53,1
118.56,1
118.62,1
118.63,1
118.64,1
118.65,1
118.67,1
118.69,1
118.77,1
118.85,1
118.92,1
118.97,1
118.99,1
118238,1
118764,1
118870,1
1189,1
119.07,1
119.12,1
119.24,1
119.26,1
119.37,1
119.54,1
119.55,1
119.57,1
119.58,1
119.63,1
119.66,1
119.75,1
119.76,1
119.78,1
119.93,1
119.95,1
1191,1
1192,1
1199,1
119954,1
12.00,1
12.023,1
12.052,1
12.053,1
12.115,1
12.126,1
12.148,1
12.20,1
12.26,1
12.314,1
12.49,1
12.491,1
12.583,1
12.70,1
12.7750,1
12.859,1
12.966,1
12.9660,1
120.00,1
120.03,1
120.09,1
120.14,1
120.16,1
120.20,1
120.41,1
120.51,1
120.68,1
120.71,1
120.73,1
120.76,1
120.77,1
120.85,1
120.91,1
120.92,1
120.93,1
120.95,1
120064,1
1203,1
1205,1
1206,1
1208,1
120843,1
120844,1
1209,1
121.01,1
121.10,1
121.14,1
121.25,1
121.33,1
121.37,1
121.48,1
121.5,1
121.50,1
121.52,1
121.57,1
121.59,1
121.60,1
121.62,1
121.68,1
121.81,1
121.92,1
121.94,1
121.97,1
1212,1
121307,1
122.15,1
122.16,1
122.17,1
122.22,1
122.23,1
122.29,1
122.31,1
122.42,1
122.45,1
122.47,1
122.49,1
122.55,1
122.59,1
122.63,1
122.65,1
122.7,1
122.78,1
122.89,1
122.91,1
122.94,1
1225,1
1226,1
122946,1
123.00,1
123.06,1
123.12,1
123.15,1
123.17,1
123.20,1
123.21,1
123.22,1
123.28,1
123.36,1
123.52,1
123.64,1
123.71,1
123.88,1
123.90,1
123.94,1
123.99,1
123239,1
1233,1
1234567,1
1234567890,1
123656,1
123872,1
1239,1
124.13,1
124.17,1
124.25,1
124.27,1
124.28,1
124.32,1
124.33,1
124.36,1
124.38,1
124.50,1
124.57,1
124.63,1
124.71,1
124.73,1
1240,1
1249,1
125.02,1
125.10,1
125.15,1
125.25,1
125.30,1
125.44,1
125.45,1
125.46,1
125.49,1
125.53,1
125.69,1
125.72,1
125.75,1
125.89,1
1252,1
1253,1
125568,1
125570,1
125573,1
126.03,1
126.08,1
126.19,1
126.2,1
126.22,1
126.27,1
126.28,1
126.29,1
126.34,1
126.36,1
126.39,1
126.45,1
126.50,1
126.52,1
126.53,1
126.54,1
126.78,1
126.88,1
126.92,1
126430,1
126750,1
1268,1
126841,1
127.05,1
127.07,1
127.08,1
127.14,1
127.23,1
127.25,1
127.27,1
127.38,1
127.55,1
127.57,1
127.66,1
127.69,1
127.72,1
127.75,1
127.93,1
1272,1
1274,1
1276,1
1277,1
128.01,1
128.03,1
128.16,1
128.36,1
128.57,1
128.61,1
128.62,1
128.65,1
128.72,1
128.77,1
128.79,1
128.80,1
128.89,1
128.99,1
128755,1
12876,1
1288,1
129.00,1
129.02,1
129.04,1
129.28,1
129.36,1
129.40,1
129.44,1
129.46,1
129.56,1
129.61,1
129.69,1
129.76,1
129.78,1
129.92,1
129.98,1
129.99,1
1293,1
129434104,1
1297,1
129706,1
129719,1
129802,1
129866,1
1299,1
13.01,1
13.08,1
13.114,1
13.210,1
13.245,1
13.32,1
13.357,1
13.388,1
13.3880,1
13.423,1
13.589,1
13.594,1
13.656,1
13.70,1
13.719,1
13.7220,1
13.742,1
13.875,1
13.893,1
13.8930,1
13.894,1
13.945,1
130.00,1
130.02,1
130.06,1
130.10,1
130.19,1
130.37,1
130.39,1
130.40,1
130.41,1
130.42,1
130.53,1
130.58,1
130.63,1
130.70,1
130.98,1
1301,1
130120,1
130341,1
130426,1
130510,1
130620,1
130642,1
130749,1
1308,1
130830,1
130837,1
131.09,1
131.13,1
131.20,1
131.26,1
131.29,1
131.42,1
131.44,1
131.50,1
131.64,1
131.68,1
131.7,1
131.71,1
131.76,1
131.79,1
131.81,1
131.83,1
131.88,1
131.90,1
131.92,1
131.93,1
131057,1
1311,1
131283,1
1313,1
131597,1
131703,1
131723,1
1318,1
131931,1
131992,1
132.16,1
132.19,1
132.43,1
132.68,1
132.72,1
132.74,1
132.77,1
132.80,1
132.86,1
132.93,1
132050,1
132100,1
132125,1
13224,1
132344,1
1325,1
132553,1
132690,1
132888,1
133.28,1
133.37,1
133.39,1
133.43,1
133.44,1
133.49,1
133.50,1
133.54,1
133.78,1
133.82,1
133.87,1
133.93,1
133040,1
1331,1
133246,1
1334,1
133436,1
133509,1
133748,1
133825,1
133932,1
134.00,1
134.01,1
134.10,1
134.19,1
134.25,1
134.31,1
134.48,1
134.62,1
134.67,1
134.71,1
134.73,1
134.81,1
134.86,1
134.92,1
134.95,1
134013,1
134157,1
134339,1
134467,1
134517,1
134669,1
134825,1
135.09,1
135.10,1
135.21,1
135.23,1
135.36,1
135.4,1
135.48,1
135.57,1
135.59,1
135.6,1
135.66,1
135.84,1
135.99,1
135074,1
135257,1
1353,1
135546,1
135687,1
135688,1
135689,1
1357,1
135873,1
136.10,1
136.18,1
136.32,1
136.34,1
136.38,1
136.39,1
136.40,1
136.49,1
136.56,1
136.57,1
136.58,1
136.71,1
136.78,1
136.84,1
136.88,1
136.92,1
136.97,1
13601317722,1
136096,1
1361,1
136279,1
136391,1
136646,1
136821,1
137.00,1
137.21,1
137.24,1
137.42,1
137.61,1
137.71,1
137.73,1
137.77,1
137.85,1
137.90,1
137041,1
137317,1
13736719,1
137372,1
13741036,1
13742660,1
1375,1
137561,1
137653,1
137654,1
137671,1
1377,1
137712,1
137985,1
138.01,1
138.30,1
138.38,1
138.39,1
138.4,1
138.56,1
138.57,1
138.84,1
138.90,1
1381,1
13811089058,1
138298,1
138513,1
138849,1
139.05,1
139.09,1
139.24,1
139.38,1
139.50,1
139.55,1
139.62,1
139.69,1
139.72,1
139.77,1
139.85,1
139.88,1
139.92,1
139072,1
139175,1
139255,1
139269,1
139563,1
1396,1
139798,1
1399,1
14.011,1
14.047,1
14.244,1
14.247,1
14.312,1
14.40,1
14.442,1
14.581,1
14.590,1
14.769,1
14.80,1
14.87,1
14.994,1
140.05,1
140.07,1
140.17,1
140.22,1
140.58,1
140.72,1
140.77,1
140.88,1
140.94,1
140069,1
140089,1
140364,1
1404,1
140568,1
140576662,1
140576689,1
140576727,1
140576972,1
14065,1
1407,1
140821,1
140827,1
140923,1
141.08,1
141.13,1
141.15,1
141.22,1
141.28,1
141.3,1
141.44,1
141.48,1
141.49,1
141.62,1
141.88,1
141.89,1
141.95,1
141.98,1
1411,1
141123,1
141196,1
14141,1
141538,1
141709,1
141770,1
141945,1
141991,1
142.17,1
142.18,1
142.49,1
142.52,1
142.54,1
142.55,1
142.57,1
142.58,1
142.61,1
142.64,1
142.85,1
142.92,1
142125,1
142275,1
142332,1
142333,1
1424,1
142460,1
142548,1
142579,1
142733,1
142808,1
142863,1
143.17,1
143.18,1
143.27,1
143.29,1
143.32,1
143.41,1
143.47,1
143.56,1
143.61,1
143.67,1
143.70,1
143.71,1
143.86,1
143.87,1
143.95,1
143077,1
143126358,1
143161,1
143210,1
143380,1
143389,1
1434,1
143406,1
1435,1
143506,1
143662,1
1437,1
14383,1
143854,1
143900,1
143997,1
144.00,1
144.03,1
144.11,1
144.12,1
144.32,1
144.35,1
144.36,1
144.37,1
144.54,1
144.57,1
144.75,1
144.87,1
144.88,1
144147,1
144232,1
144305,1
1445,1
144520,1
144587,1
144661,1
144967,1
145.09,1
145.12,1
145.22,1
145.27,1
145.38,1
145.45,1
145.49,1
145.52,1
145.67,1
145.76,1
145.8,1
145.81,1
145.89,1
145.92,1
145183,1
1454,1
145408,1
145628,1
1457,1
145820,1
145846,1
145970,1
146.11,1
146.42,1
146.43,1
146.47,1
146.58,1
146.65,1
146.73,1
146.81,1
146.82,1
146.93,1
146175,1
1462,1
14632,1
146380,1
146583,1
14661,1
146762,1
146772,1
14679,1
146919,1
147.26,1
147.33,1
147.34,1
147.37,1
147.42,1
147.53,1
147.66,1
147.70,1
147.71,1
147.72,1
147.80,1
147.97,1
147008,1
147149,1
1473,1
147314,1
147372,1
147522,1
147660,1
147763,1
147771,1
148.00,1
148.03,1
148.04,1
148.20,1
148.22,1
148.39,1
148.49,1
148.52,1
148.55,1
148.56,1
148.59,1
148.75,1
148.85,1
148054,1
14823,1
148280,1
148420,1
148572,1
148576,1
148742,1
1488,1
148960,1
149.19,1
149.21,1
149.33,1
149.34,1
149.47,1
149.51,1
149.53,1
149.56,1
149.70,1
149.72,1
149.74,1
149.8,1
149.80,1
149.85,1
149020,1
149230,1
149277,1
149358,1
1495,1
149527,1
149617,1
1498,1
149809,1
149816,1
15.17,1
15.19,1
15.306,1
15.335,1
15.382,1
15.412,1
15.431,1
15.640,1
15.67,1
15.690,1
15.815,1
15.964,1
15.981,1
150.02,1
150.27,1
150.30,1
150.38,1
150.48,1
150.56,1
150.70,1
150.84,1
150.94,1
150.97,1
150006,1
150060,1
150067,1
150295,1
150448,1
150591,1
150618,1
1507,1
150825,1
150838,1
150895,1
150937,1
151.13,1
151.16,1
151.21,1
151.23,1
151.25,1
151.26,1
151.31,1
151.42,1
151.48,1
151.52,1
151.53,1
151.69,1
151.74,1
151.77,1
151.79,1
151.85,1
1510,1
151169,1
151180,1
151315,1
151365,1
1514,1
151460,1
151623,1
151667,1
15177,1
151794,1
151924,1
152.04,1
152.07,1
152.13,1
152.19,1
152.27,1
152.31,1
152.35,1
152.38,1
152.39,1
152.49,1
152.55,1
152.69,1
152.74,1
152.84,1
152.89,1
152.94,1
152031,1
152214,1
152293,1
152358,1
1526,1
153.00,1
153.02,1
153.04,1
153.17,1
153.44,1
153.49,1
153.63,1
153.66,1
153.67,1
153.87,1
153.90,1
153.91,1
153.98,1
153072,1
153248,1
153362,1
153582,1
153808,1
153939,1
154.08,1
154.24,1
154.31,1
154.36,1
154.49,1
154.51,1
154.53,1
154.57,1
154.60,1
154.73,1
154.77,1
154.86,1
154242,1
154342,1
154776,1
1548,1
155.14,1
155.19,1
155.21,1
155.30,1
155.34,1
155.46,1
155.56,1
155.74,1
155.79,1
155.80,1
155.96,1
155066,1
1551,1
155134,1
155494,1
155495,1
156.00,1
156.19,1
156.26,1
156.38,1
156.48,1
156.62,1
156.66,1
156.67,1
156.68,1
156.69,1
156.76,1
156.88,1
156.89,1
156.94,1
156333540,1
1568,1
156896667,1
157.00,1
157.17,1
157.20,1
157.54,1
157.56,1
157.60,1
157.63,1
157.7,1
157.70,1
157.75,1
157.78,1
157.83,1
157.93,1
157177,1
157368,1
1577,1
1579,1
158.16,1
158.21,1
158.3,1
158.44,1
158.45,1
158.52,1
158.75,1
158.84,1
158.87,1
158.94,1
1581,1
1589,1
159.11,1
159.16,1
159.25,1
159.32,1
159.34,1
159.50,1
159.53,1
159.54,1
159.6,1
159.65,1
159.67,1
159.69,1
159.76,1
159.78,1
159.85,1
1594,1
159554,1
159679,1
159681,1
1597,1
16.02,1
16.092,1
16.30,1
16.46,1
16.51,1
16.568,1
16.76,1
16.82,1
16.83,1
16.929,1
16.951,1
160.00,1
160.11,1
160.21,1
160.24,1
160.40,1
160.45,1
160.5,1
160.56,1
160.63,1
160.72,1
160.75,1
160.79,1
160.83,1
160.91,1
160.94,1
160.98,1
161.07,1
161.23,1
161.28,1
161.30,1
161.34,1
161.38,1
161.40,1
161.45,1
161.54,1
161.61,1
161.62,1
161.71,1
161.72,1
161.76,1
161.90,1
161.91,1
161.93,1
1614,1
161516,1
162.0,1
162.02,1
162.18,1
162.24,1
162.51,1
162.52,1
162.73,1
162.78,1
162.81,1
162.85,1
162.90,1
162.97,1
162.98,1
1621,1
163.02,1
163.16,1
163.22,1
163.36,1
163.40,1
163.48,1
163.49,1
163.5,1
163.54,1
163.60,1
163.68,1
1630,1
163858,1
163864,1
163953,1
163954,1
164.12,1
164.36,1
164.39,1
164.40,1
164.55,1
164.57,1
164.61,1
164.63,1
164.67,1
164.72,1
164.78,1
164.87,1
164.91,1
164.98,1
165.15,1
165.21,1
165.27,1
165.36,1
165.40,1
165.42,1
165.44,1
165.5,1
165.52,1
165.60,1
165.61,1
165.67,1
165.71,1
165.8,1
165.84,1
165.89,1
165.9,1
1650,1
16577,1
166.11,1
166.28,1
166.30,1
166.58,1
166.87,1
166.90,1
166.94,1
1662,1
1667,1
167.02,1
167.12,1
167.19,1
167.20,1
167.23,1
167.27,1
167.28,1
167.29,1
167.34,1
167.51,1
167.70,1
167.79,1
167.80,1
167.81,1
167.88,1
167.98,1
167190,1
167430,1
1674621843,1
168.04,1
168.09,1
168.14,1
168.20,1
168.22,1
168.26,1
168.39,1
168.42,1
168.8,1
168364,1
169.10,1
169.26,1
169.35,1
169.38,1
169.40,1
169.5,1
169.69,1
169.99,1
1696,1
169653,1
169655,1
1699,1
17.04,1
17.134,1
17.14,1
17.19,1
17.374,1
17.387,1
17.40,1
17.50,1
17.51,1
17.60,1
17.635,1
17.71,1
17.73,1
17.797,1
17.938,1
170.25,1
170.26,1
170.29,1
170.33,1
170.46,1
170.47,1
170.68,1
170.75,1
170.77,1
170.78,1
170.84,1
170.88,1
170.92,1
170.95,1
1702,1
1705,1
171.10,1
171.17,1
171.27,1
171.36,1
171.4,1
171.44,1
171.49,1
171.50,1
171.52,1
171.81,1
171.82,1
171.86,1
171.9,1
1712,1
171659,1
172.07,1
172.1,1
172.17,1
172.27,1
172.28,1
172.31,1
172.4,1
172.46,1
172.57,1
172.61,1
172.89,1
172.9,1
172.92,1
1722,1
17287,1
173.00,1
173.3,1
173.31,1
173.32,1
173.49,1
173.55,1
173.58,1
17336,1
1735,1
174.03,1
174.05,1
174.36,1
174.48,1
174.52,1
174.55,1
174.70,1
174.78,1
174.80,1
174.84,1
174.99,1
174209,1
175.15,1
175.21,1
175.23,1
175.32,1
175.42,1
175.47,1
175.5,1
175.55,1
175.64,1
175.78,1
175.80,1
175.9,1
1757,1
176.00,1
176.07,1
176.17,1
176.21,1
176.62,1
176.79,1
176.83,1
176.86,1
176.87,1
176.93,1
176.95,1
176.99,1
1764,1
177.01,1
177.17,1
177.18,1
177.23,1
177.29,1
177.41,1
177.71,1
177.73,1
177018,1
1774118,1
178.08,1
178.39,1
178.67,1
178.71,1
178.79,1
178.95,1
17839,1
178606,1
179.08,1
179.38,1
179.40,1
179.50,1
179.55,1
179.6,1
179.63,1
179.64,1
179.81,1
179.87,1
179317,1
18.13,1
18.148,1
18.34,1
18.38,1
18.42,1
18.424,1
18.43,1
18.441,1
18.46,1
18.519,1
18.74,1
18.77,1
18.89,1
18.928,1
18.97,1
18.99,1
180.11,1
180.13,1
180.16,1
180.22,1
180.40,1
180.41,1
180.42,1
180.64,1
180.68,1
180.69,1
180.90,1
180.91,1
181.09,1
181.11,1
181.35,1
181.37,1
181.75,1
181.78,1
181.8,1
181.96,1
181698,1
182.24,1
182.44,1
182.62,1
182.74,1
1820,1
183.22,1
183.33,1
183.46,1
183.53,1
183.71,1
183.73,1
183.8,1
183.91,1
183580,1
183885,1
184.07,1
184.20,1
184.26,1
184.29,1
184.51,1
184.52,1
184.7,1
184.98,1
185.0,1
185.12,1
185.40,1
185.46,1
185.55,1
185.68,1
185.71,1
185.82,1
18518,1
185757,1
1859067,1
186.02,1
186.08,1
186.12,1
186.16,1
186.44,1
186.48,1
186.53,1
186.56,1
186.62,1
186949,1
186950,1
187.40,1
187.42,1
187.5,1
187.57,1
187.8,1
187.88,1
187.90,1
1870,1
188.2,1
188.39,1
188850,1
189.07,1
189.12,1
189.19,1
189.3,1
189.47,1
189.48,1
189.56,1
189.72,1
189.75,1
189249,1
1898,1
189801,1
189980,1
19.05,1
19.133,1
19.14,1
19.196,1
19.362,1
19.39,1
19.57,1
19.65,1
19.70,1
19.714,1
19.795,1
19.803,1
19.83,1
19.84,1
19.906,1
19.978,1
19.99,1
190.13,1
190.43,1
190.50,1
190.59,1
190.63,1
190.66,1
190.73,1
190.88,1
190.93,1
1904,1
1909,1
191.02,1
191.10,1
191.16,1
191.39,1
191.58,1
191.65,1
191.66,1
191.91,1
1913,1
1917,1
192.4,1
192.68,1
192.95,1
1923,1
193.00,1
193.17,1
193.18,1
193.3,1
193.60,1
193.61,1
193.7,1
193.74,1
193.84,1
1932,1
1935,1
1937,1
194.0,1
194.04,1
194.3,1
194.48,1
194.5,1
194.99,1
194103,1
194214,1
1944,1
195.00,1
195.17,1
195.29,1
195.6,1
195.72,1
195.76,1
195.90,1
1951,1
1954,1
196.00,1
196.06,1
196.28,1
196.5,1
196.68,1
196.89,1
196.93,1
196003,1
197.07,1
197.28,1
197.33,1
197.34,1
197.39,1
197.50,1
197.69,1
197.70,1
197.75,1
197.76,1
197.93,1
197.99,1
198.09,1
198.10,1
198.3,1
198.30,1
198.48,1
198.55,1
198.66,1
198.75,1
198.89,1
19808,1
198360,1
198361,1
199.03,1
199.20,1
199.34,1
199.56,1
199.67,1
199.75,1
199.91,1
199.92,1
199594,1
2.002,1
2.004,1
2.005,1
2.012,1
2.017,1
2.018,1
2.023,1
2.025,1
2.028,1
2.037,1
2.041,1
2.047,1
2.054,1
2.057,1
2.059,1
2.061,1
2.0688,1
2.071,1
2.072,1
2.084,1
2.093,1
2.094,1
2.097,1
2.102,1
2.108,1
2.109,1
2.119,1
2.120,1
2.123,1
2.124,1
2.132,1
2.133,1
2.144,1
2.155,1
2.167,1
2.170,1
2.178,1
2.187,1
2.205,1
2.210,1
2.219,1
2.220,1
2.227,1
2.232,1
2.233,1
2.235,1
2.2350,1
2.239,1
2.241,1
2.244,1
2.248,1
2.251,1
2.253,1
2.258,1
2.266,1
2.270,1
2.271,1
2.281,1
2.285,1
2.289,1
2.290,1
2.292,1
2.298,1
2.309,1
2.311,1
2.323,1
2.325,1
2.327,1
2.331,1
2.338,1
2.340,1
2.342,1
2.343,1
2.346,1
2.347,1
2.348,1
2.366,1
2.367,1
2.368,1
2.380,1
2.397,1
2.408,1
2.411,1
2.419,1
2.420,1
2.423,1
2.425,1
2.436,1
2.437,1
2.447,1
2.448,1
2.459,1
2.465,1
2.478,1
2.498,1
2.499,1
2.504,1
2.505,1
2.512,1
2.513,1
2.515,1
2.526,1
2.530,1
2.531,1
2.547,1
2.548,1
2.552,1
2.55621,1
2.562,1
2.567,1
2.569,1
2.579,1
2.585,1
2.586,1
2.590,1
2.595,1
2.596,1
2.599,1
2.604,1
2.6094,1
2.613,1
2.622,1
2.624,1
2.629,1
2.631,1
2.632,1
2.642,1
2.666,1
2.676,1
2.681,1
2.684,1
2.685,1
2.686,1
2.690,1
2.697,1
2.6981,1
2.699,1
2.710,1
2.718,1
2.724,1
2.728,1
2.729,1
2.753,1
2.754,1
2.761,1
2.763,1
2.777,1
2.786,1
2.787,1
2.794,1
2.804,1
2.806,1
2.808,1
2.829,1
2.830,1
2.833,1
2.838,1
2.841,1
2.842,1
2.846,1
2.861,1
2.874,1
2.877,1
2.884,1
2.891,1
2.906,1
2.912,1
2.917,1
2.918,1
2.937,1
2.941,1
2.942,1
2.943,1
2.951,1
2.954,1
2.958,1
2.9580,1
2.961,1
2.983,1
20.03,1
20.09,1
20.19,1
20.39,1
20.48,1
20.52,1
20.54,1
20.617,1
20.65,1
20.66,1
20.70,1
20.740,1
20.92,1
20.96,1
20.98,1
200.00,1
200.04,1
200.06,1
200.12,1
200.13,1
200.19,1
200.39,1
200.60,1
200.70,1
200.90,1
20004,1
200610,1
201.03,1
201.27,1
201.37,1
201.38,1
201.4,1
201.6,1
201.60,1
201.69,1
201.70,1
201.74,1
201.76,1
20101,1
20103,1
20122,1
20146,1
20150723006558,1
20151022006570,1
20157,1
20160128006357,1
20160428006852,1
20160728006553,1
20161027006743,1
20162,1
201621,1
20170202006227,1
20170427006658,1
20170727006456,1
20170905006457,1
20170926006688,1
20171017006703,1
20171026006422,1
20171116006350,1
20171130006056,1
20171221005979,1
20180201006454,1
20180215006361,1
20180222006414,1
20180322006196,1
20180426006732,1
20180510006190,1
20180531006347,1
20180628006267,1
20180726005861,1
20180809005679,1
20180828005755,1
20180925006121,1
20181025005964,1
20181115005980,1
20181120005681,1
20181220005862,1
20190131005900,1
20190214005827,1
20190221005839,1
20190321005716,1
20190425005943,1
20190509005891,1
20190530005778,1
20190627005883,1
20190725005814,1
20190731005187,1
20190731005339,1
20190808005784,1
20190820005295,1
20190822005711,1
20190826005143,1
20190827005751,1
20190829005776,1
20190906005071,1
20190912005236,1
20190913005323,1
20190920005082,1
20190924005231,1
20190924006033,1
20190930005132,1
20191002005238,1
20191022005204,1
20191022005420,1
20191023005450,1
20191024005962,1
20191024005990,1
20191029005414,1
20191030005371,1
20191105006034,1
20191105006303,1
20191106005917,1
20191113005219,1
20191113005904,1
20191114005796,1
20191120005969,1
20191203005707,1
20191203005963,1
20191205005539,1
20191210005409,1
20191211005218,1
20191219005745,1
202.2,1
202.23,1
202.41,1
202.46,1
202.55,1
202.56,1
202.63,1
202.81,1
202.92,1
202.94,1
202.96,1
20200130005814,1
20200204006032,1
20200213005846,1
20200225006006,1
20200324005736,1
20200507005784,1
20200528005752,1
20200622005135,1
20200622005251,1
20200622005749,1
20200624005276,1
20200625005876,1
20200707005860,1
20200708005300,1
20200722005305,1
20200722005822,1
20200728005980,1
20200729006040,1
20200804005389,1
20200806005996,1
20200811005278,1
20200826005289,1
20200826005705,1
20200827005284,1
20200910005248,1
20200910005766,1
20200921005150,1
20200922005775,1
20200922005991,1
20200929006051,1
20201007005369,1
20201013005312,1
20201019005752,1
20201021005235,1
20201023005038,1
20201026005532,1
20201027006264,1
20201028006156,1
20201029006103,1
20201103005763,1
20201105005804,1
20201112005989,1
20201117005848,1
20201118005362,1
20201118005935,1
20201119005159,1
20201119005458,1
20201120005196,1
20201120005677,1
20201123005446,1
20201123006218,1
20201201005704,1
20201203005556,1
20201215005642,1
20201216005302,1
20201218005683,1
202019,1
20210111005686,1
20210121005465,1
20210125005403,1
20210127005580,1
20210202006100,1
20210209005681,1
20210215005391,1
20210217005577,1
20210303005565,1
20210308005473,1
20210312005251,1
20210315005452,1
20210329005649,1
20210331005631,1
20210405005286,1
20210413005714,1
20210420005637,1
20210422005598,1
20210426005528,1
20210429006037,1
20210510005490,1
20210511005770,1
20210517005569,1
20210524005489,1
20210526005744,1
20210611005194,1
20210616005536,1
20210621005479,1
20210627005066,1
20210713005790,1
20210714005451,1
20210715005594,1
20210720005645,1
20210729006106,1
20210825005864,1
20210830005365,1
20210907005502,1
20210907005511,1
20210913005511,1
20210929005518,1
20211004005570,1
20211019005633,1
20211028006145,1
20211101005581,1
20211108005639,1
20211111005695,1
20211214005825,1
20219,1
20220110005584,1
20220112005638,1
20220118006168,1
20220127005556,1
20220202005957,1
20220210005299,1
20220222005331,1
20220222005577,1
20220228005593,1
20220301005835,1
20220307005785,1
20220311005249,1
20220314005277,1
20220321005823,1
20220324005102,1
20220328005255,1
20220330005565,1
20220415005196,1
20220421005620,1
20220427006081,1
20220428005273,1
20220502005074,1
20220505005300,1
20220509005050,1
20220509005051,1
20220509005621,1
20220524005921,1
20220531005657,1
20220602005733,1
20220614005611,1
20220620005303,1
20220626005081,1
20220627005703,1
20220629005542,1
20220719005311,1
20220719006075,1
20220725005472,1
20220803005817,1
20220804005239,1
20220824005494,1
20220825005044,1
20220830005792,1
20220912005857,1
20220914005317,1
20220929005854,1
20221018005309,1
20221110005364,1
20221115006354,1
20221122005768,1
20221130005717,1
20221130006066,1
20221220005681,1
2023.1,1
20230209005574,1
20230221005706,1
20230315005642,1
20230321005914,1
20230424005250,1
20230504005948,1
20230509006137,1
20230512005013,1
20230601005934,1
20230628808016,1
20230629371330,1
20230803573669,1
20230807587886,1
20230816763323,1
20230817,1
20230821033927,1
20230901421016,1
20230928600658,1
20231114769552,1
20231116,1
20231121958589,1
20231221310303,1
203.04,1
203.05,1
203.08,1
203.19,1
203.22,1
203.23,1
203.28,1
203.3,1
203.30,1
203.36,1
203.4,1
204.09,1
204.21,1
204.39,1
204.6,1
204.73,1
205.0,1
205.00,1
205.05,1
205.20,1
205.26,1
205.34,1
205.59,1
205.61,1
205.7,1
205.72,1
205.82,1
205.90,1
205.95,1
2058,1
206.0,1
206.01,1
206.33,1
206.35,1
206.47,1
206.48,1
206.61,1
207.20,1
207.28,1
207.42,1
207.52,1
207.76,1
207.82,1
207643,1
208.08,1
208.15,1
208.28,1
208.30,1
208.31,1
208.36,1
208.39,1
208.43,1
208.49,1
208.50,1
208.65,1
208.93,1
208.96,1
209.14,1
209.24,1
209.30,1
209.37,1
209.41,1
209.44,1
209.52,1
209.65,1
209.9,1
209.93,1
209.99,1
2090,1
2091,1
209964,1
209965,1
21.21,1
21.38,1
21.509,1
21.51,1
21.52,1
21.560,1
21.61,1
21.727,1
21.74,1
21.82,1
21.855,1
21.87,1
21.88,1
21.92,1
210.00,1
210.26,1
210.4,1
210.80,1
2102,1
2103,1
2104,1
2105,1
211.10,1
211.26,1
211.29,1
211.34,1
211.4,1
211.85,1
2111,1
211510,1
212.08,1
212.250,1
212.6,1
212.81,1
212.9,1
2120,1
213.37,1
213.38,1
213.76,1
213.86,1
213.87,1
213418,1
213419,1
213420,1
213437,1
213439,1
213506,1
213507,1
213684,1
213685,1
214.10,1
214.45,1
214.9,1
214.98,1
2143848,1
2146200,1
214746,1
214747,1
215.1,1
215.15,1
215.28,1
215.33,1
215.35,1
215.8,1
215.84,1
215.95,1
216.04,1
216.08,1
216.18,1
216.4,1
216.52,1
216.71,1
216.85,1
216.9,1
2162,1
21674246,1
217.199,1
217.281,1
217.29,1
217.353,1
217.403,1
217.488,1
217.605,1
217.74,1
217.77,1
217.8,1
217.82,1
217.84,1
217.923,1
218.06,1
218.275,1
218.60,1
218.73,1
218.82,1
218.94,1
2181,1
21841623,1
21847521,1
2185,1
21858140,1
218598,1
219.035,1
219.15,1
219.49,1
219.59,1
21900593,1
21972037,1
21999288,1
21999289,1
21999290,1
21999291,1
22.00,1
22.12,1
22.15,1
22.16,1
22.180,1
22.23,1
22.25,1
22.39,1
22.403,1
22.66,1
22.74,1
22.797,1
22.874,1
22.88,1
22.92,1
22.934,1
22.95,1
22.987,1
220.38,1
220.4,1
220.472,1
220.6,1
220.78,1
2202,1
22024173,1
22024174,1
22024175,1
22024176,1
2205,1
2207,1
2209,1
221.0,1
221.17,1
221.187,1
221.38,1
221.4,1
221.55,1
221.61,1
221.70,1
221.77,1
221.898,1
221170,1
222.36,1
222.50,1
222.95,1
22202,1
222133,1
223.046,1
223.41,1
223.61,1
223.77,1
223.89,1
223315526,1
223315534,1
224.01,1
224.093,1
224.13,1
224.41,1
224.79,1
224.89,1
224573,1
224597,1
224610,1
225.395,1
225.5,1
225.85,1
225.93,1
225638,1
226.106,1
226.4,1
226.597,1
226.75,1
226.77,1
2262,1
22672,1
227.16,1
227.169,1
227.223,1
227.842,1
227.91,1
227233,1
2273,1
228.09,1
228.16,1
228.329,1
228.51,1
228.524,1
228.59,1
228.6,1
228.60,1
228.67,1
228.713,1
228.807,1
228.97,1
229.13,1
229.187,1
229.23,1
229.58,1
229.601,1
229.63,1
229.918,1
229.97,1
2290,1
23.00,1
23.052,1
23.09,1
23.12,1
23.16,1
23.231832,1
23.267,1
23.27,1
23.28,1
23.375,1
23.39,1
23.48,1
23.59,1
23.612,1
23.625,1
23.67,1
23.677,1
23.689,1
23.72,1
23.738,1
23.75,1
23.752,1
23.76,1
23.776,1
23.82,1
23.906,1
23.94,1
23.964,1
230.00,1
230.28,1
230.32,1
230.37,1
230.6,1
230.7,1
230.71,1
231.015,1
231.221,1
231.249,1
231.32,1
231.34,1
231.4,1
231.638,1
231.65,1
231.679,1
231.77,1
231.79,1
231.797,1
231.893,1
231.9,1
231.91,1
2318,1
232.282,1
232.445,1
232.61,1
232.937,1
232028,1
232032,1
232036,1
232530,1
233.19,1
233.41,1
233.456,1
233.544,1
233.58,1
233.62,1
233.669,1
233.8,1
233.82,1
233.9,1
233.96,1
2336,1
234.719,1
234.747,1
234.9,1
2341391,1
235.04,1
235.07,1
235.2,1
235.288,1
235.342,1
235.547,1
235.6,1
235.976,1
236.028,1
236.222,1
236.252,1
236.468,1
236.918,1
236.983,1
2361738,1
2367,1
237.001,1
237.231,1
237.24,1
237.32,1
237.336,1
237.43,1
237.46,1
237.477,1
237.5,1
237.50,1
237.6,1
237.652,1
237.657,1
237.733,1
237.761,1
2372,1
2376,1
238.017,1
238.033,1
238.034,1
238.08,1
238.12,1
238.17,1
238.46,1
238.5,1
238.9,1
238.992,1
239.2,1
239.3,1
239.37,1
239.38,1
239.557,1
239.66,1
239.85,1
239.9,1
2394,1
2398,1
239959,1
24.01,1
24.06,1
24.07,1
24.10,1
24.168,1
24.19,1
24.21,1
24.30,1
24.33,1
24.36,1
24.40,1
24.462,1
24.47,1
24.61,1
24.67,1
24.69,1
24.78,1
24.811,1
24.86,1
24.88,1
240.101,1
240.22,1
240.222,1
240.545,1
241.09,1
241.11,1
241.176,1
241.3,1
241.6,1
241.61,1
241.74,1
241.741,1
241.83,1
2410,1
242.026,1
242.1,1
242.637,1
242.82,1
243.3,1
243.618,1
243.892,1
243.9,1
244.004,1
244.006,1
244.163,1
244.193,1
244.243,1
244.3,1
244.5,1
245.18,1
245.183,1
245.19,1
245.20,1
245.3,1
245.33,1
245.8,1
24559,1
246.2,1
246.21,1
246.3,1
246.41,1
246.435,1
246.47,1
246.626,1
246.84,1
2468,1
247.0,1
247.22,1
247.284,1
247.35,1
247.57,1
247.805,1
24741,1
2478484,1
247994149,1
247994157,1
247994203,1
248.26,1
248.57,1
248.8,1
248.80,1
248.859,1
249.08,1
249.529,1
249.577,1
249.65,1
249.86,1
249.99,1
24917230,1
2492839,1
25.02,1
25.05,1
25.06,1
25.12,1
25.14,1
25.15,1
25.16,1
25.18,1
25.20,1
25.21,1
25.22,1
25.24,1
25.269,1
25.44,1
25.49,1
25.531,1
25.54,1
25.55,1
25.5625,1
25.57,1
25.64,1
25.72,1
25.80,1
25.84,1
25.85,1
25.88,1
25.94,1
25.99,1
250.01,1
250.18,1
250.227,1
250.792,1
250.80,1
250.85,1
250.89,1
251.018,1
251.20,1
251.214,1
251.663,1
251.7,1
251.76,1
252.182,1
252.561,1
252.594,1
252.767,1
252.772,1
252.97,1
2522,1
2528,1
253.319,1
253.45,1
253.53,1
253077,1
254.21,1
254.277,1
254.58,1
2546,1
254703,1
255.19,1
255.213,1
255.233,1
255.24,1
255.27,1
255.296,1
255.80,1
256.032,1
256.036,1
256.43,1
256.71,1
256.84,1
257.0,1
257.042,1
257.155,1
257.22,1
257.3,1
257.879,1
258.00,1
258.076,1
258.352,1
258.6,1
258.63,1
258.8,1
258.83,1
258374193,1
258374223,1
259.127,1
259.25,1
259.29,1
259.30,1
259.316,1
259.48,1
259.52,1
259.6,1
259.77,1
259.997,1
26.07,1
26.10,1
26.11,1
26.14,1
26.22,1
26.23,1
26.24,1
26.32,1
26.36,1
26.39,1
26.40,1
26.41,1
26.56,1
26.585,1
26.69,1
26.72,1
26.73,1
26.870,1
26.95,1
260.319,1
260.5,1
260.911,1
2607,1
261.06,1
261.17,1
262.045,1
262.6,1
262.687,1
262.86,1
2624,1
26251,1
263.01,1
263.07,1
263.21,1
263.3,1
263.54,1
263.57,1
263.579,1
2631,1
264.04,1
264.3,1
264.6,1
264.84,1
264.961,1
2642,1
265.23,1
265.53,1
265.63,1
266.21,1
266.4,1
266.6,1
266.614,1
267.6,1
2675177,1
268.07,1
268.3,1
268.383,1
268.7,1
2680,1
269.1,1
269.17,1
269.71,1
269.84,1
269670,1
2698,1
27.05,1
27.10,1
27.12,1
27.15,1
27.16,1
27.19,1
27.24,1
27.26,1
27.28,1
27.35,1
27.37,1
27.39,1
27.43,1
27.44,1
27.48,1
27.49,1
27.55,1
27.65,1
27.69,1
27.71,1
27.73,1
27.78,1
27.79,1
27.81,1
27.836,1
27.84,1
27.86,1
27.88,1
27.98,1
270.22,1
270.40,1
270.6,1
270.654,1
270.73,1
271.32,1
271.6,1
271.903,1
2711,1
272.2,1
272.3,1
272.50,1
272.676,1
273.29,1
273.49,1
273.91,1
274.16,1
274.8,1
274.9,1
275.10,1
275.69,1
276.41,1
276.42,1
276.55,1
276.8,1
2760000000,1
277.07,1
277.21,1
2772000000,1
278.33,1
278.919,1
278.92,1
279.14,1
279.18,1
279.3,1
279.32,1
279.66,1
2796,1
28.06,1
28.10,1
28.12,1
28.13,1
28.14,1
28.17,1
28.22,1
28.269,1
28.29,1
28.31,1
28.32,1
28.33,1
28.474,1
28.48,1
28.49,1
28.50,1
28.51,1
28.53,1
28.54,1
28.57,1
28.59,1
28.63,1
28.64,1
28.65,1
28.69,1
28.71,1
28.73,1
28.75,1
28.80,1
28.82,1
28.887,1
28.92,1
28.95,1
28.963,1
280.20,1
280.7,1
280.845,1
281.0,1
281.37,1
281.62,1
281.7,1
2813,1
282.0,1
282.19,1
282.3,1
282.543,1
2829,1
283.04,1
283.78,1
284.25,1
284.6,1
284.80,1
284.85,1
285.50,1
286.0,1
286.9,1
286.97,1
2865,1
287.14,1
287.674,1
287.8,1
2870,1
2871,1
2878,1
288.2,1
288.4,1
288.561,1
288.61,1
288.8,1
2883,1
289.9,1
29.00,1
29.03,1
29.06,1
29.07,1
29.09,1
29.156,1
29.201,1
29.22,1
29.29,1
29.31,1
29.33,1
29.57,1
29.63,1
29.67,1
29.69,1
29.70,1
29.732,1
29.74,1
29.76,1
29.77,1
29.79,1
29.82,1
29.84,1
29.86,1
29.99,1
290.1,1
290.2,1
290.28,1
290.30,1
290.37,1
2904,1
291.25,1
291.298,1
291.4,1
291.6,1
292.0,1
292.1,1
292.56,1
292.99,1
293.2,1
293.63,1
2939,1
294.28,1
294.4,1
294.8,1
294.84,1
294.91,1
294.913,1
294.957,1
2941,1
295.097,1
295.19,1
295.2,1
295.8,1
295.92,1
296.08,1
296.3,1
296.349,1
296.84,1
2961,1
297.1,1
297.29,1
297.3,1
297.5,1
2973,1
298.007,1
298.786,1
298.832,1
299.2,1
299.33,1
3.004,1
3.005,1
3.018,1
3.022,1
3.033,1
3.035,1
3.037,1
3.040,1
3.041,1
3.044,1
3.052,1
3.054,1
3.058,1
3.061,1
3.063,1
3.067,1
3.076,1
3.084,1
3.087,1
3.099,1
3.103,1
3.116,1
3.137,1
3.149,1
3.163,1
3.175,1
3.179,1
3.214,1
3.215,1
3.217,1
3.241,1
3.245,1
3.251,1
3.253,1
3.256,1
3.258,1
3.297,1
3.298,1
3.301,1
3.309,1
3.310,1
3.313,1
3.322,1
3.325,1
3.337,1
3.341,1
3.353,1
3.356,1
3.357,1
3.372,1
3.374,1
3.377,1
3.380,1
3.386,1
3.388,1
3.393,1
3.409,1
3.415,1
3.426,1
3.465,1
3.489,1
3.504,1
3.505,1
3.507,1
3.515,1
3.522,1
3.524,1
3.533,1
3.538,1
3.543,1
3.546,1
3.556,1
3.557,1
3.562,1
3.569,1
3.574,1
3.579,1
3.594,1
3.607,1
3.622,1
3.631,1
3.634,1
3.6340,1
3.662,1
3.681,1
3.685,1
3.687,1
3.692016,1
3.695,1
3.696,1
3.699,1
3.706,1
3.733,1
3.737,1
3.753,1
3.759,1
3.773,1
3.780,1
3.787,1
3.789,1
3.792,1
3.799,1
3.824,1
3.829,1
3.836,1
3.844,1
3.864,1
3.897,1
3.908,1
3.917,1
3.919,1
3.961,1
3.966,1
3.970,1
3.980,1
3.984,1
3.986,1
3.995,1
30.02,1
30.03,1
30.09,1
30.15,1
30.207,1
30.21,1
30.23,1
30.24,1
30.25,1
30.29,1
30.30,1
30.31,1
30.35,1
30.40,1
30.43,1
30.45,1
30.47,1
30.49,1
30.51,1
30.54,1
30.55,1
30.60,1
30.73,1
30.74,1
30.76,1
30.79,1
30.84,1
30.85,1
30.90,1
30.96,1
30.97,1
300.2,1
300.42,1
300.66,1
300.96,1
300.97,1
3001,1
30071749,1
301.45,1
301.5,1
301.821,1
302.1,1
302.2,1
302.6,1
302.7,1
3028000000,1
303.0,1
303.3,1
303.55,1
303.7,1
3035,1
304.0,1
304.4,1
304.44,1
3043,1
305.14,1
305.3,1
306.0,1
306.26,1
306.9,1
3063,1
307.0,1
307.2,1
307.3,1
307.4,1
307.72,1
307.77,1
307.88,1
3078,1
308.1,1
308.22,1
308.5,1
308.51,1
308.85,1
308.9,1
309.74,1
309.8,1
309.83,1
31.02,1
31.04,1
31.05,1
31.11,1
31.20,1
31.21,1
31.24,1
31.39,1
31.57,1
31.59,1
31.64,1
31.68,1
31.69,1
31.73,1
31.75,1
31.78,1
31.82,1
31.88,1
31.93,1
31.959,1
310.0,1
3105,1
311.9,1
312.06,1
312.5,1
313.3,1
313.8,1
314.4,1
314.5,1
314.64,1
3140,1
315.00,1
315.4,1
3158,1
316.38,1
316.5,1
316317,1
317.6,1
3177,1
3186,1
319.3,1
319.96,1
32.00,1
32.02,1
32.03,1
32.06,1
32.09,1
32.10,1
32.15,1
32.19,1
32.2630,1
32.27,1
32.29,1
32.39,1
32.50,1
32.56,1
32.57,1
32.59,1
32.61,1
32.81,1
32.84,1
32.85,1
32.89,1
32.91,1
32.92,1
32.95,1
320.4,1
320.6,1
320.78,1
320.9,1
3203,1
321.0,1
321.7,1
321.73,1
3215,1
322.0,1
322.07,1
322.35,1
32256,1
323.1,1
323.3,1
323.7,1
323.74,1
323.9,1
324.02,1
324.3,1
324.57,1
324.58,1
324.60,1
324.76,1
324.8,1
326.1,1
326.3,1
3261,1
327.0,1
327.3,1
327.32,1
327.5,1
327.6,1
327.9,1
328.2,1
328.69,1
328.8,1
328.9,1
3283,1
329.0,1
329.28,1
329.8,1
33.02,1
33.04,1
33.05,1
33.08,1
33.11,1
33.13,1
33.15,1
33.19,1
33.21,1
33.23,1
33.24,1
33.28,1
33.32,1
33.35,1
33.355,1
33.41,1
33.42,1
33.46,1
33.47,1
33.48,1
33.49,1
33.51,1
33.52,1
33.54,1
33.56,1
33.58,1
33.75,1
33.76,1
33.81,1
33.88,1
330.4,1
330.5,1
330.6,1
3301,1
3304,1
33093,1
331.05,1
331.3,1
331.6,1
331.86,1
331.9,1
3310,1
332.3,1
332.71,1
332.8,1
3325,1
333.1,1
333.24,1
333.26,1
333.34,1
334.01,1
334.90,1
3347,1
335.00,1
335.1,1
335.4,1
336.7,1
336.8,1
3360499,1
33613,1
33619,1
33663,1
337.32,1
3377,1
338.4,1
338.5,1
3381,1
3389,1
339.6,1
339.7,1
34.02,1
34.03,1
34.07,1
34.08,1
34.10,1
34.11,1
34.16,1
34.17,1
34.18,1
34.29,1
34.31,1
34.40,1
34.43,1
34.48,1
34.51,1
34.53,1
34.55,1
34.57,1
34.61,1
34.63,1
34.64,1
34.71,1
34.73,1
34.76,1
34.82,1
34.89,1
34.90,1
34.92,1
34.93,1
34.95,1
3401,1
341.17,1
341.68,1
342.6,1
342.75,1
343.30,1
343.5,1
343.6,1
343.7,1
343.9,1
3439,1
344.84,1
34400,1
345.0,1
345.00,1
345.5,1
345.9,1
3455,1
346.2,1
346.55,1
346.6,1
346.64,1
3461,1
3464694,1
347.17,1
347.6,1
347.7,1
3484,1
34849,1
349.21,1
349.3,1
35.03,1
35.04,1
35.05,1
35.06,1
35.11,1
35.12,1
35.13,1
35.15,1
35.22,1
35.26,1
35.28,1
35.36,1
35.38,1
35.414,1
35.45,1
35.49,1
35.59,1
35.60,1
35.65,1
35.68,1
35.69,1
35.76,1
35.85,1
35.88,1
35.90,1
35.92,1
35.93,1
35.95,1
350.2,1
350.20,1
350.4,1
351.9,1
3519,1
352.0,1
352.05,1
352.3,1
352.6,1
35246,1
353.2,1
353.7,1
353.8,1
354.4,1
354.5,1
355.22,1
355.3,1
3558,1
356.25,1
356.6,1
3562,1
357.42,1
357.7,1
358.5,1
358.50,1
35805,1
359.2,1
36.00,1
36.04,1
36.07,1
36.08,1
36.15,1
36.16,1
36.25,1
36.28,1
36.29,1
36.37,1
36.40,1
36.42,1
36.43,1
36.48,1
36.49,1
36.54,1
36.56,1
36.60,1
36.64,1
36.65,1
36.67,1
36.70,1
36.71,1
36.72,1
36.75,1
36.80,1
36.89,1
36.93,1
36.97,1
360.4,1
3601,1
36015,1
36034,1
361.67,1
36124,1
36126,1
36156,1
36197,1
362.1,1
362.2,1
362.7,1
3629,1
363.5,1
3635,1
36414,1
365.0,1
365.03,1
365.2,1
366.1,1
366.2,1
366.7,1
366.70,1
367.0,1
367.2,1
367.57,1
368.1,1
368.2,1
368.6,1
368.7,1
369.0,1
369.3,1
369.9,1
37.05,1
37.09,1
37.15,1
37.21,1
37.23,1
37.24,1
37.27,1
37.29,1
37.35,1
37.40,1
37.44,1
37.45,1
37.47,1
37.56,1
37.66,1
37.67,1
37.68,1
37.70,1
37.72,1
37.74,1
37.76,1
37.77,1
37.79,1
37.80,1
37.82,1
37.83,1
37.85,1
37.93,1
37.96,1
370.2,1
370.5,1
370.8,1
3703,1
370513291,1
3709,1
371.3,1
371.7,1
372.6,1
372.92,1
37203,1
3729,1
373.10,1
373.3,1
373.33,1
373.7,1
3736,1
374.6,1
375.2,1
375.7,1
376.93,1
377.5,1
3770,1
378.3,1
378.4,1
378.49,1
378.75,1
379.04,1
379.1,1
379.23,1
379.24,1
379.60,1
3790,1
3793,1
38.04,1
38.07,1
38.09,1
38.10,1
38.12,1
38.14,1
38.15,1
38.17,1
38.22,1
38.23,1
38.27,1
38.30,1
38.36,1
38.44,1
38.46,1
38.48,1
38.56,1
38.61,1
38.63,1
38.70,1
38.73,1
38.78,1
38.82,1
38.89,1
38.90,1
38.95,1
380.00,1
380.4,1
381.4,1
381.9,1
382.7,1
382.8,1
382.9,1
383.21,1
383.37,1
383.6,1
384.2,1
384.37,1
384.4,1
384.6,1
384276,1
3846,1
385.3,1
386.8,1
387.7,1
387.92,1
38738,1
388.5,1
3889,1
39.00,1
39.01,1
39.17,1
39.18,1
39.21,1
39.22,1
39.24,1
39.29,1
39.31,1
39.35,1
39.47,1
39.58,1
39.60,1
39.61,1
39.67,1
39.73,1
39.75,1
39.82,1
39.83,1
39.87,1
39.90,1
39.91,1
39.95,1
390.3,1
390.8,1
3907,1
39086,1
391.3,1
391.59,1
39108,1
392.1,1
394.11,1
394.5,1
395.28,1
395.3,1
395.57,1
395.6,1
395.9,1
3956,1
3957815,1
396.65,1
396.9,1
3962,1
3963,1
3966,1
397.2,1
397.5,1
397.50,1
397.9,1
398.64,1
39818,1
3985390,1
39858,1
399.0,1
399.3,1
39902,1
4.005,1
4.021,1
4.027,1
4.041,1
4.058,1
4.082,1
4.091,1
4.096,1
4.112,1
4.135,1
4.136,1
4.138,1
4.144,1
4.164,1
4.170,1
4.176,1
4.178,1
4.179,1
4.181,1
4.182,1
4.183,1
4.187,1
4.192,1
4.225,1
4.234,1
4.24028,1
4.255,1
4.275,1
4.287,1
4.306,1
4.325,1
4.326,1
4.329,1
4.335,1
4.349,1
4.364,1
4.369,1
4.370,1
4.372,1
4.373,1
4.380,1
4.390,1
4.392,1
4.406,1
4.410,1
4.419,1
4.426,1
4.435,1
4.441,1
4.448,1
4.475,1
4.484,1
4.502,1
4.511,1
4.544,1
4.547,1
4.564,1
4.567,1
4.582,1
4.599,1
4.605,1
4.627,1
4.695,1
4.706,1
4.713,1
4.725,1
4.732,1
4.743,1
4.762,1
4.767,1
4.776,1
4.778,1
4.790,1
4.795,1
4.809,1
4.817,1
4.837,1
4.838,1
4.843,1
4.848,1
4.850,1
4.852,1
4.854,1
4.8580858086,1
4.881,1
4.884,1
4.886,1
4.894,1
4.904,1
4.906,1
4.912,1
4.913,1
4.916,1
4.939,1
4.951,1
4.987,1
40.02,1
40.04,1
40.07,1
40.09,1
40.15,1
40.21,1
40.22,1
40.24,1
40.47,1
40.50,1
40.63,1
40.67,1
40.68,1
40.70,1
40.76,1
40.77,1
40.78,1
40.80,1
40.81,1
40.82,1
40.86,1
40.87,1
40.91,1
40.92,1
40.93,1
40.95,1
40.96,1
400.8,1
4000000000,1
4009.2,1
401.17,1
401.7,1
402.0,1
4027,1
403.55,1
4034,1
40362332,1
404.1,1
404.3,1
404.6,1
405.38,1
40509,1
4057,1
406.6,1
407.0,1
407.3,1
407.9,1
4070988,1
4071,1
4078904,1
408.3,1
408.75,1
4083,1
41.01,1
41.05,1
41.07,1
41.09,1
41.11,1
41.12,1
41.17,1
41.18,1
41.254,1
41.26,1
41.31,1
41.34,1
41.36,1
41.37,1
41.40,1
41.42,1
41.53,1
41.57,1
41.63,1
41.66,1
41.68,1
41.70,1
41.73,1
41.760,1
41.84,1
41.86,1
41.97,1
410.6,1
411.5,1
412.03,1
412.08,1
412.3,1
412.4,1
412.7,1
413.3,1
414.0,1
414.2,1
414.4,1
414.7,1
414.88,1
415.281,1
4156,1
416.1,1
416.50,1
416.70,1
4164,1
417.0,1
417.3,1
417.9,1
4176,1
417690,1
418.0,1
418.6,1
418.7,1
418.8,1
419.79,1
42.00,1
42.01,1
42.05,1
42.06,1
42.14,1
42.16,1
42.18,1
42.19,1
42.22,1
42.24,1
42.29,1
42.34,1
42.39,1
42.48,1
42.49,1
42.51,1
42.52,1
42.53,1
42.55,1
42.56,1
42.58,1
42.588,1
42.62,1
42.66,1
42.75,1
42.77,1
42.78,1
42.80,1
42.830,1
42.85,1
42.86,1
42.95,1
42.97,1
42.99,1
420.69,1
421.68,1
421.7,1
421.9,1
4212,1
4214,1
4219,1
422.1,1
42249,1
4229051,1
423.2,1
424.3,1
424.9,1
4241,1
4245,1
425.1,1
426.33,1
426.5,1
426.8,1
4267,1
427.8,1
428.8,1
428.9,1
429.0,1
429.2,1
429.7,1
429.9,1
4296,1
43.00,1
43.04,1
43.05,1
43.06,1
43.08,1
43.18,1
43.19,1
43.27,1
43.28,1
43.33,1
43.40,1
43.44,1
43.45,1
43.47,1
43.54,1
43.55,1
43.57,1
43.61,1
43.68,1
43.70,1
43.71,1
43.75,1
43.77,1
43.81,1
43.82,1
43.92,1
43.93,1
431.9,1
43120,1
432.9,1
433.4,1
433.7,1
434.2,1
43449,1
435.18,1
435.8,1
435.83,1
436.4,1
436.7,1
43628,1
43632,1
437.6,1
437.7,1
437.8,1
437.9,1
43700077724064000,1
438.4,1
438.6,1
438.8,1
438.85,1
4382,1
4384,1
439.5,1
439.6,1
439.7,1
439.8,1
439.9,1
44.00,1
44.03,1
44.08,1
44.10,1
44.11,1
44.12,1
44.20,1
44.26,1
44.27,1
44.33,1
44.37,1
44.39,1
44.40,1
44.43,1
44.46,1
44.57,1
44.61,1
44.66,1
44.78,1
44.79,1
44.80,1
44.84,1
44.86,1
44.89,1
440.15,1
440.6,1
440.7,1
4404803,1
441.1,1
441.7,1
441.8,1
442.0,1
442.02,1
44221,1
443.8,1
443.9,1
4430,1
445.11,1
445.3,1
445.4,1
445.5,1
445.6,1
445.8,1
445.9,1
4455,1
447.3,1
4470,1
448.0,1
448.2,1
449.2,1
449.8,1
4497,1
45.02,1
45.08,1
45.13,1
45.14,1
45.18,1
45.25,1
45.26,1
45.28,1
45.32,1
45.33,1
45.42,1
45.43,1
45.47,1
45.51,1
45.57,1
45.58,1
45.60,1
45.62,1
45.65,1
45.69,1
45.70,1
45.71,1
45.73,1
45.74,1
45.75,1
45.77,1
45.80,1
45.82,1
45.85,1
45.86,1
45.95,1
45.98,1
450.1,1
450.4,1
450.5,1
450.7,1
451.2,1
452.1,1
452.2,1
452.8,1
4522,1
453.4,1
453.5,1
4539,1
454.4,1
454.6,1
45478,1
455.09,1
455.4,1
456.0,1
4565,1
457.0,1
457.1,1
457.6,1
45788,1
45794,1
458.07,1
458.1,1
4583,1
4584,1
4589,1
4589375,1
45898,1
459.3,1
459.39,1
459.4,1
459.5,1
459.9,1
46.00,1
46.04,1
46.10,1
46.13,1
46.34,1
46.37,1
46.39,1
46.54,1
46.57,1
46.59,1
46.68,1
46.69,1
46.75,1
46.76,1
46.79,1
46.81,1
46.87,1
46.93,1
46.94,1
46.98,1
460.3,1
460.4,1
4603,1
4604,1
461.2,1
461.35,1
461.9,1
46124,1
462.3,1
462.8,1
463.23,1
463.3,1
464.0,1
464.11,1
464.3,1
465.3,1
465.93,1
466.1,1
466.4,1
466.58,1
466.6,1
466.9,1
46625,1
4662706,1
467.61,1
468.4,1
468.8,1
469.0,1
469.00,1
469.3,1
469.6,1
47.01,1
47.05,1
47.06,1
47.11,1
47.14,1
47.16,1
47.19,1
47.27,1
47.29,1
47.32,1
47.36,1
47.38,1
47.44,1
47.50,1
47.54,1
47.58,1
47.63,1
47.64,1
47.67,1
47.70,1
47.74,1
47.76,1
47.83,1
47.84,1
47.88,1
47.89,1
47.91,1
47.95,1
47.97,1
47.99,1
470.1,1
470.2,1
470.6,1
471.6,1
471.9,1
47159,1
47191,1
472.3,1
472.50,1
473.5,1
473.6,1
474.0,1
474.4,1
475.6,1
475.8,1
4750,1
4756,1
4758115,1
476.1,1
476.8,1
477.6,1
478.1,1
478.2,1
478.3,1
478.38,1
47828,1
479.6,1
47920,1
47922,1
4799,1
48.10,1
48.17,1
48.20,1
48.24,1
48.36,1
48.40,1
48.42,1
48.43,1
48.47,1
48.54,1
48.57,1
48.61,1
48.62,1
48.63,1
48.65,1
48.66,1
48.73,1
48.79,1
48.85,1
48.88,1
48.92,1
48.95,1
48.98,1
481.2,1
481.3,1
481.4,1
481.8,1
4816,1
482.1,1
482.8,1
4822,1
484.2,1
484.5,1
485.12,1
486.82,1
48663033839,1
489.0,1
489.2,1
489.91,1
489.94,1
48912,1
48949,1
49.01,1
49.02,1
49.05,1
49.06,1
49.08,1
49.09,1
49.17,1
49.19,1
49.28,1
49.31,1
49.38,1
49.41,1
49.42,1
49.46,1
49.50,1
49.53,1
49.60,1
49.64,1
49.66,1
49.68,1
49.72,1
49.75,1
49.81,1
49.82,1
49.84,1
49.87,1
49.92,1
49.93,1
49.96,1
49.97,1
490.2,1
490.3,1
490.4,1
4901,1
4907,1
491.06,1
491.3,1
491.93,1
49141,1
492.11,1
493.29,1
494.2,1
4951,1
496.6,1
496.9,1
496.99,1
497.41,1
4976,1
498.3,1
498.75,1
499.1,1
499.5,1
499.7,1
499.9,1
5.018,1
5.025,1
5.038,1
5.053,1
5.062,1
5.063,1
5.064,1
5.075,1
5.088,1
5.095,1
5.097,1
5.105,1
5.108,1
5.130,1
5.131,1
5.157,1
5.166,1
5.212,1
5.214,1
5.230,1
5.237,1
5.240,1
5.258,1
5.261,1
5.262,1
5.263,1
5.283,1
5.295,1
5.299,1
5.317,1
5.320,1
5.322,1
5.328,1
5.345,1
5.361,1
5.384,1
5.407,1
5.480,1
5.498,1
5.508,1
5.524,1
5.527,1
5.550,1
5.571,1
5.598,1
5.612,1
5.619,1
5.628,1
5.630,1
5.640,1
5.657,1
5.677,1
5.693,1
5.703,1
5.713,1
5.720,1
5.724,1
5.731,1
5.758,1
5.776,1
5.777,1
5.778,1
5.790,1
5.791,1
5.794,1
5.815,1
5.817,1
5.825,1
5.843,1
5.850,1
5.903,1
5.941,1
5.946,1
5.958,1
50.02,1
50.04,1
50.05,1
50.09,1
50.10,1
50.11,1
50.14,1
50.18,1
50.22,1
50.26,1
50.35,1
50.37,1
50.40,1
50.41,1
50.43,1
50.50,1
50.53,1
50.56,1
50.65,1
50.66,1
50.67,1
50.74,1
50.76,1
50.77,1
50.80,1
50.83,1
50.84,1
50.86,1
50.88,1
50.91,1
50.97,1
5000000,1
50001,1
5002,1
501.0,1
501.2,1
501.67,1
501.9,1
501000000,1
502.5,1
502.50,1
502.76,1
5022,1
503.2,1
503.7,1
503.8,1
504.2,1
504.20,1
504.7,1
5040,1
5043,1
505.2,1
505.6,1
506.4,1
5060,1
5065077,1
5069,1
507.7,1
5079,1
508.1,1
508.3,1
508.8,1
5086,1
50863,1
5088,1
51.03,1
51.05,1
51.06,1
51.08,1
51.18,1
51.24,1
51.26,1
51.31,1
51.324,1
51.36,1
51.39,1
51.40,1
51.43,1
51.48,1
51.53,1
51.61,1
51.67,1
51.72,1
51.75,1
51.84,1
51.91,1
51.94,1
510.5,1
51089,1
51093,1
511.60,1
51114,1
51118,1
5112,1
512.0,1
512.1,1
512.6,1
512.8,1
512.9,1
51280,1
513.7,1
513.983,1
51315,1
514.3,1
5148067,1
51487,1
516.2,1
516.4,1
516.7,1
51671664,1
517.1,1
517.2,1
517.3,1
517.7,1
517.8,1
5170,1
5185,1
519.3,1
519.92,1
5193,1
52.01,1
52.03,1
52.07,1
52.12,1
52.15,1
52.26,1
52.27,1
52.29,1
52.32,1
52.37,1
52.42,1
52.43,1
52.45,1
52.47,1
52.49,1
52.52,1
52.55,1
52.56,1
52.62,1
52.69,1
52.77,1
52.84,1
52.85,1
52.88,1
52.97,1
520.4,1
520.7,1
520.9,1
52064829,1
521528,1
522.67,1
522.8,1
5223,1
523.0,1
523.2,1
523.5,1
523.6,1
524.0,1
524.3,1
524.4,1
524.9,1
524000000,1
525.1,1
525.2,1
525.4,1
525.6,1
525.89,1
526.1,1
526.67,1
527.1,1
527.2,1
528.31,1
528.4,1
528.8,1
528.9,1
52826,1
528460,1
52852,1
529.1,1
529.6,1
5292,1
53.04,1
53.06,1
53.09,1
53.11,1
53.12,1
53.13,1
53.14,1
53.18,1
53.23,1
53.24,1
53.32,1
53.38,1
53.42,1
53.45,1
53.46,1
53.51,1
53.53,1
53.56,1
53.58,1
53.66,1
53.68,1
53.69,1
53.71,1
53.72,1
53.74,1
53.86,1
53.89,1
53.92,1
53.93,1
53.94,1
530.0,1
530.09,1
530.2,1
531.2,1
531.4,1
531.9,1
532.1,1
532.3,1
532.5,1
534.93,1
535.1,1
535.3,1
5359,1
536.0,1
537.18,1
537.3,1
537.9,1
539.0,1
539.2,1
539.8,1
54.01,1
54.05,1
54.06,1
54.07,1
54.16,1
54.21,1
54.27,1
54.30,1
54.35,1
54.37,1
54.43,1
54.44,1
54.45,1
54.46,1
54.47,1
54.53,1
54.54,1
54.56,1
54.62,1
54.64,1
54.65,1
54.69,1
54.74,1
54.75,1
54.78,1
54.83,1
54.85,1
54.93,1
540.3,1
541.22,1
541.3,1
541.8,1
542.4,1
542.6,1
54248,1
543.06,1
543.8,1
544.4,1
544.8,1
545.4,1
545.6,1
545.7,1
5451,1
54622693,1
547.2,1
547.62,1
548.0,1
548.4,1
549.7,1
55.02,1
55.05,1
55.08,1
55.13,1
55.15,1
55.17,1
55.23,1
55.25,1
55.30,1
55.32,1
55.35,1
55.37,1
55.40,1
55.42,1
55.43,1
55.45,1
55.47,1
55.62,1
55.64,1
55.70,1
55.71,1
55.75,1
55.79,1
55.82,1
55.83,1
55.84,1
55.87,1
55.91,1
55.93,1
55.95,1
55.96,1
550.50,1
550.7,1
5505,1
551.3,1
551.7,1
551.9,1
55102,1
55133,1
552.3,1
552.5,1
5527,1
553.09,1
553.4,1
553.5,1
553.6,1
5533,1
554.0,1
554.7,1
55422,1
555.1,1
555.5,1
5552,1
5553,1
556.2,1
5560,1
5563,1
557.1,1
557.61,1
55742,1
558.19,1
559.4,1
559.7,1
5593,1
56.06,1
56.18,1
56.19,1
56.25,1
56.27,1
56.34,1
56.46,1
56.52,1
56.53,1
56.54,1
56.57,1
56.65,1
56.68,1
56.71,1
56.75,1
56.76,1
56.77,1
56.79,1
56.81,1
56.84,1
56.89,1
56.95,1
560.5,1
56004,1
560103,1
5605,1
561.4,1
561.9,1
5615,1
562.9,1
56224,1
5627,1
563.0,1
563.51,1
564.4,1
564.94,1
565.1,1
565.5,1
565.60,1
566.5,1
567.6,1
56756,1
568.0,1
568.5,1
568.77,1
569.3,1
569.7,1
56916,1
56960,1
57.01,1
57.02,1
57.11,1
57.12,1
57.13,1
57.14,1
57.18,1
57.21,1
57.22,1
57.23,1
57.25,1
57.26,1
57.33,1
57.34,1
57.44,1
57.45,1
57.51,1
57.52,1
57.54,1
57.57,1
57.58,1
57.60,1
57.62,1
57.63,1
57.64,1
57.65,1
57.66,1
57.68,1
57.71,1
57.73,1
57.74,1
57.75,1
57.78,1
57.82,1
57.83,1
57.84,1
57.92,1
57.95,1
57.96,1
570.0,1
570.6,1
5709,1
571.0,1
571.1,1
571.15,1
571.79,1
571.8,1
572.9,1
573.41,1
573.6,1
573.72,1
5730,1
57328,1
574.1,1
575.2,1
575.6,1
5754,1
576.2,1
5760,1
578.1,1
578.5,1
578.7,1
578.72,1
579.09,1
579.14,1
579.4,1
579.8,1
5797,1
58.00,1
58.02,1
58.03,1
58.07,1
58.21,1
58.27,1
58.28,1
58.29,1
58.44,1
58.50,1
58.51,1
58.52,1
58.53,1
58.56,1
58.59,1
58.66,1
58.71,1
58.75,1
58.84,1
58.87,1
58.88,1
58.94,1
580.0,1
580.4,1
580.53,1
5805,1
5820,1
583.1,1
5835426,1
584.2,1
584.6,1
584.8,1
585.0,1
585.2,1
58533,1
58556,1
58584,1
586.6,1
5868,1
587.8,1
587.83,1
5883,1
589.9,1
59.01,1
59.02,1
59.05,1
59.08,1
59.14,1
59.17,1
59.21,1
59.22,1
59.23,1
59.33,1
59.39,1
59.43,1
59.44,1
59.56,1
59.57,1
59.65,1
59.77,1
59.85,1
59.87,1
59.91,1
59.93,1
59.95,1
59.96,1
59.98,1
590.8,1
5902,1
5910,1
5919,1
592.2,1
592.3,1
5921,1
593.1,1
593.6,1
594.1,1
594.8,1
5950,1
5960,1
597.3,1
597.83,1
598.0,1
599.5,1
599.8,1
6.001,1
6.009,1
6.033,1
6.055,1
6.0550,1
6.105,1
6.115,1
6.148,1
6.153,1
6.172,1
6.186,1
6.205,1
6.224,1
6.276,1
6.300,1
6.317,1
6.339,1
6.358,1
6.368,1
6.3680,1
6.373,1
6.388,1
6.401,1
6.418,1
6.447,1
6.450,1
6.456,1
6.466,1
6.495,1
6.537,1
6.539,1
6.668,1
6.705,1
6.745,1
6.824,1
6.8240,1
6.840,1
6.853,1
6.8530,1
6.905,1
6.958,1
60.06,1
60.07,1
60.12,1
60.16,1
60.20,1
60.21,1
60.28,1
60.30,1
60.31,1
60.32,1
60.45,1
60.47,1
60.49,1
60.52,1
60.53,1
60.69,1
60.71,1
60.72,1
60.76,1
60.77,1
60.86,1
60.88,1
60.89,1
60.99,1
600.0,1
6003,1
6010,1
6012,1
602.2,1
602.4,1
602.65,1
603.4,1
603.7,1
603.9,1
604.0,1
6045,1
605.0,1
606.0,1
6061,1
607.73,1
608.2,1
608.9,1
609.14,1
61.11,1
61.12,1
61.14,1
61.15,1
61.16,1
61.18,1
61.19,1
61.20,1
61.21,1
61.22,1
61.26,1
61.33,1
61.36,1
61.42,1
61.45,1
61.46,1
61.55,1
61.61,1
61.62,1
61.65,1
61.70,1
61.74,1
61.82,1
61.86,1
61.88,1
610.2,1
610.5,1
611.0,1
611.3,1
611.5,1
611.7,1
6119,1
612.88,1
6122,1
61238,1
6128,1
613.0,1
613.2,1
614.7,1
614.8,1
6142,1
6145,1
615.11,1
615.3,1
615.5,1
615.7,1
615.83,1
6155,1
616.1,1
616.2,1
616.4,1
6160,1
617.5,1
618.50,1
618.67,1
619.11,1
619.4,1
619.9,1
6190,1
62.10,1
62.13,1
62.19,1
62.22,1
62.27,1
62.29,1
62.41,1
62.42,1
62.48,1
62.50,1
62.54,1
62.56,1
62.58,1
62.71,1
62.72,1
62.73,1
62.85,1
62.86,1
62.87,1
62.92,1
62.93,1
62.94,1
62.97,1
62.99,1
620.0,1
620.3,1
6206,1
621.43,1
6217,1
6218,1
622.3,1
622.5,1
6221,1
6225,1
6226,1
623.0,1
623.1,1
623.2,1
624.62,1
625.1,1
625.4,1
62502737,1
626.0,1
626.1,1
626.5,1
626.6,1
626.9,1
627.1,1
627.17,1
628.1,1
628.34,1
628.4,1
629.4,1
6297,1
63.00,1
63.07,1
63.08,1
63.11,1
63.15,1
63.16,1
63.20,1
63.27,1
63.29,1
63.31,1
63.33,1
63.34,1
63.38,1
63.41,1
63.42,1
63.48,1
63.51,1
63.52,1
63.55,1
63.59,1
63.67,1
63.68,1
63.69,1
63.72,1
63.80,1
63.91,1
63.92,1
63.98,1
630.1,1
630.2,1
631.5,1
631.6,1
631.8,1
631.9,1
6311,1
633.5,1
6331,1
63331,1
634.0,1
634.5,1
634.64,1
635.4,1
6351,1
637.0,1
637.1,1
637.4,1
637.5,1
6375,1
638.1,1
638.5,1
638.6,1
638.66,1
63859285,1
639.2827,1
639.8,1
64.00,1
64.03,1
64.06,1
64.09,1
64.14,1
64.18,1
64.19,1
64.23,1
64.24,1
64.25,1
64.30,1
64.36,1
64.37,1
64.42,1
64.43,1
64.50,1
64.60,1
64.62,1
64.76,1
64.87,1
64.90,1
64.94,1
64.95,1
640.4,1
640.5951,1
640.6,1
641.1,1
641.7,1
641.8,1
642.0,1
642.1,1
642.4,1
642.6,1
642.7,1
6422,1
64283,1
643.6,1
643.9,1
644.4,1
644.6,1
644.8,1
6442,1
6445,1
645.3,1
645.9,1
646.8,1
646.81,1
64651,1
6469,1
64774224,1
648.1,1
649.6,1
649.7,1
65.01,1
65.03,1
65.05,1
65.07,1
65.08,1
65.15,1
65.16,1
65.18,1
65.21,1
65.23,1
65.24,1
65.37,1
65.39,1
65.40,1
65.43,1
65.47,1
65.48,1
65.51,1
65.54,1
65.56,1
65.59,1
65.60,1
65.63,1
65.65,1
65.70,1
65.71,1
65.76,1
65.81,1
65.83,1
65.91,1
65.94,1
65.95,1
650.3,1
650.6,1
650.7,1
650.9,1
6504322990,1
6507038675,1
651.2,1
651.310,1
651.4,1
651.71,1
651.9,1
652.2,1
652.6,1
6521,1
653.1,1
653.3,1
6537,1
654.3,1
654.5,1
6542,1
655.0,1
656.3,1
656.5,1
656.8,1
656.9,1
657.4,1
657.7,1
65867,1
65871,1
659.5,1
66.09,1
66.10,1
66.11,1
66.13,1
66.14,1
66.15,1
66.18,1
66.21,1
66.23,1
66.26,1
66.28,1
66.31,1
66.32,1
66.33,1
66.34,1
66.38,1
66.39,1
66.45,1
66.49,1
66.51,1
66.53,1
66.63,1
66.65,1
66.66,1
66.68,1
66.70,1
66.73,1
66.74,1
66.75,1
66.76,1
66.79,1
66.84,1
66.87,1
660.0,1
6606,1
66074654,1
661.27,1
661.7,1
662.1,1
662.6,1
662.8,1
6623,1
6627,1
663.0,1
663.2,1
663.3,1
664.1,1
664.7,1
6647568,1
665.3,1
6650,1
666.66,1
666.9,1
668.3,1
669.66,1
669.8,1
6691,1
67.04,1
67.05,1
67.07,1
67.08,1
67.11,1
67.33,1
67.35,1
67.41,1
67.42,1
67.54,1
67.55,1
67.59,1
67.60,1
67.62,1
67.68,1
67.71,1
67.79,1
67.83,1
67.85,1
67.88,1
67.98,1
670.14,1
670.9,1
6704637,1
671.9,1
672.7,1
672121,1
674.2,1
674.7,1
675.4,1
675.6,1
676.5,1
676.6,1
676.7,1
6765563,1
6768456,1
677.1,1
677.9,1
67789,1
678.4,1
678.6,1
678.7,1
678.9,1
679.1,1
679.2,1
679.3,1
67905186,1
68.01,1
68.05,1
68.06,1
68.07,1
68.10,1
68.16,1
68.19,1
68.22,1
68.27,1
68.28,1
68.30,1
68.31,1
68.33,1
68.36,1
68.53,1
68.55,1
68.59,1
68.61,1
68.62,1
68.66,1
68.75,1
68.79,1
68.83,1
68.86,1
68.94,1
681.0,1
681.1,1
681.6,1
6815,1
682.4,1
682.5,1
682.7,1
683.0,1
683.3,1
683.7,1
68335,1
684.0,1
684.9,1
685.2,1
685.6,1
686.11,1
686.4,1
686.6,1
686.7,1
687.5,1
68707283,1
6876987,1
688.8,1
6887,1
689.8,1
6892,1
69.01,1
69.02,1
69.06,1
69.12,1
69.16,1
69.17,1
69.23,1
69.25,1
69.26,1
69.27,1
69.28,1
69.33,1
69.34,1
69.36,1
69.37,1
69.38,1
69.42,1
69.50,1
69.53,1
69.54,1
69.59,1
69.62,1
69.63,1
69.66,1
69.68,1
69.70,1
69.73,1
69.77,1
69.79,1
69.83,1
69.84,1
69.92,1
69.95,1
69.98,1
69.99,1
691.0,1
691.9,1
69117,1
692.1,1
6928,1
693.5,1
6930,1
6933,1
6934,1
694.0,1
694.3,1
695.8,1
6955,1
696.4,1
696.6,1
696.9,1
697.1,1
697.5,1
6979,1
698.3,1
6987,1
699.4,1
7.028,1
7.070,1
7.091,1
7.1429,1
7.160,1
7.170,1
7.209,1
7.215,1
7.224,1
7.234,1
7.247,1
7.254,1
7.266,1
7.269,1
7.298,1
7.350,1
7.436,1
7.445,1
7.505,1
7.532,1
7.551,1
7.580,1
7.648,1
7.739,1
7.814,1
7.861,1
7.898,1
7.899,1
7.904,1
7.932,1
7.945,1
7.957,1
7.995,1
70.09,1
70.11,1
70.12,1
70.17,1
70.26,1
70.28,1
70.35,1
70.38,1
70.42,1
70.51,1
70.55,1
70.56,1
70.65,1
70.66,1
70.79,1
70.80,1
70.88,1
70.89,1
70.94,1
70.96,1
70.99,1
700.0,1
700.62,1
700.8,1
701.6,1
702.1,1
7023,1
7030,1
704.2,1
7040000000,1
7042022,1
705.0,1
705.1,1
705.2,1
705.3,1
705.4,1
7056857,1
706.0,1
706.1,1
706.2,1
7066,1
707.3,1
707.4,1
709.0,1
7097727,1
71.01,1
71.04,1
71.05,1
71.06,1
71.10,1
71.15,1
71.22,1
71.24,1
71.27,1
71.29,1
71.31,1
71.34,1
71.36,1
71.41,1
71.52,1
71.53,1
71.58,1
71.61,1
71.64,1
71.65,1
71.66,1
71.67,1
71.72,1
71.76,1
71.77,1
71.78,1
71.80,1
71.87,1
71.88,1
71.89,1
71.92,1
71.94,1
71.95,1
71.96,1
71.98,1
710.2,1
710.8,1
710.93,1
711.0,1
712.0,1
712.1,1
713.8,1
7134,1
715.9,1
7154,1
7156,1
716.0,1
716.1,1
716.5,1
716.7,1
716.8,1
7173,1
718.2,1
71860,1
719.2,1
719.3,1
719.4,1
719.7,1
72.01,1
72.07,1
72.18,1
72.20,1
72.24,1
72.25,1
72.31,1
72.33,1
72.34,1
72.42,1
72.43,1
72.51,1
72.57,1
72.59,1
72.62,1
72.65,1
72.68,1
72.69,1
72.85,1
72.90,1
72.92,1
72.95,1
720.3,1
7200,1
722.0,1
722.1,1
722.22,1
722.4,1
722.7,1
723.0,1
723.1,1
7234,1
724.2,1
724.4,1
724.7,1
726.5,1
726.6,1
727.0,1
727.3,1
727.59,1
727.9,1
7293,1
7296,1
73.04,1
73.05,1
73.06,1
73.07,1
73.08,1
73.09,1
73.13,1
73.14,1
73.15,1
73.19,1
73.23,1
73.26,1
73.30,1
73.31,1
73.32,1
73.36,1
73.39,1
73.43,1
73.57,1
73.63,1
73.66,1
73.71,1
73.72,1
73.73,1
73.75,1
73.77,1
73.86,1
73.87,1
73.92,1
73.94,1
73.95,1
730.4,1
730.7,1
731.0,1
731.7,1
731.9,1
7315,1
7316,1
732.7,1
7329,1
733.5,1
733.9,1
7332,1
734.1,1
734.3,1
735.7,1
736.5,1
737.9,1
738.6,1
739.5,1
74.00,1
74.05,1
74.08,1
74.10,1
74.18,1
74.24,1
74.27,1
74.34,1
74.41,1
74.43,1
74.44,1
74.45,1
74.52,1
74.58,1
74.59,1
74.62,1
74.65,1
74.72,1
74.81,1
74.90,1
740.0,1
740.2,1
740.7,1
7406,1
7408,1
741.5,1
742.0,1
742.8,1
74237,1
742718,1
743.9,1
7439,1
744.8,1
746.9,1
747.6,1
749.2,1
749.9,1
7492,1
75.03,1
75.05,1
75.06,1
75.07,1
75.09,1
75.14,1
75.32,1
75.34,1
75.35,1
75.41,1
75.47,1
75.49,1
75.51,1
75.52,1
75.58,1
75.59,1
75.63,1
75.64,1
75.65,1
75.69,1
75.72,1
75.80,1
75.83,1
75.84,1
75.86,1
75.87,1
75.89,1
75.93,1
75.98,1
750.2,1
750.7,1
7500,1
75009,1
75024,1
7504,1
751.5,1
7514,1
7516,1
75243,1
7529,1
753.6,1
753.7,1
754.4,1
754.9,1
7548,1
755.0,1
755.8,1
756.1,1
757.5,1
757.6,1
758.8,1
7581418,1
759.1,1
7595,1
76.06,1
76.14,1
76.16,1
76.19,1
76.27,1
76.28,1
76.35,1
76.36,1
76.37,1
76.38,1
76.42,1
76.47,1
76.51,1
76.55,1
76.58,1
76.60,1
76.62,1
76.63,1
76.64,1
76.67,1
76.68,1
76.69,1
76.71,1
76.82,1
76.84,1
76.87,1
76.88,1
76.91,1
76.95,1
76.98,1
76.99,1
760.3,1
761.0,1
761.3,1
761.7,1
76184,1
762.5,1
762.8,1
7628,1
764.1,1
764.4,1
764.5,1
764.7,1
765.1,1
765.3,1
765.8,1
765.9,1
766.2,1
766.3,1
766.8,1
7660,1
767.1,1
7672,1
768.4,1
77.00,1
77.02,1
77.04,1
77.06,1
77.07,1
77.08,1
77.11,1
77.14,1
77.19,1
77.21,1
77.22,1
77.24,1
77.27,1
77.29,1
77.31,1
77.34,1
77.38,1
77.39,1
77.40,1
77.43,1
77.44,1
77.45,1
77.51,1
77.53,1
77.57,1
77.58,1
77.63,1
77.64,1
77.66,1
77.79,1
77.81,1
77.87,1
77.91,1
77.95,1
77002,1
772.23,1
772.5,1
772.6,1
773.27,1
774.1,1
774.3,1
774.5,1
774.67,1
774.8,1
775.9,1
776.1,1
776.2,1
776.4,1
7768,1
778.0,1
778.1,1
778.29,1
778.7,1
778.8,1
779.9,1
78.04,1
78.13,1
78.17,1
78.40,1
78.41,1
78.43,1
78.46,1
78.60,1
78.61,1
78.64,1
78.73,1
78.82,1
78.88,1
78.90,1
78.95,1
78.96,1
78.97,1
78.98,1
780.33,1
780.4,1
780.7,1
781.1,1
781.4,1
781.8,1
781.9,1
7815,1
782.1,1
782.3,1
7821,1
7827032417,1
783.6,1
7848,1
785.2,1
785121,1
786.1,1
787.0,1
787.3,1
788.1,1
7885,1
7885822964,1
789.7,1
789.9,1
79.00,1
79.03,1
79.07,1
79.10,1
79.18,1
79.19,1
79.20,1
79.22,1
79.28,1
79.31,1
79.32,1
79.35,1
79.38,1
79.40,1
79.41,1
79.42,1
79.47,1
79.53,1
79.55,1
79.64,1
79.67,1
79.69,1
79.76,1
79.81,1
79.89,1
79.91,1
79.94,1
79.95,1
79.99,1
790.5,1
791.20,1
791.5,1
7918,1
792.4,1
7922326,1
793.9,1
794.1,1
7948268,1
795.5,1
795.8,1
796.2,1
796.6,1
797.1,1
79717,1
7972,1
79721,1
7973,1
7975,1
798.2,1
798.4,1
79941,1
7995,1
7996,1
8.021,1
8.032,1
8.0549,1
8.105,1
8.135,1
8.181,1
8.206,1
8.300,1
8.324,1
8.336,1
8.350,1
8.367,1
8.456,1
8.469,1
8.515,1
8.517,1
8.546,1
8.653,1
8.69880,1
8.75375,1
8.829,1
8.86492,1
8.87500,1
8.878,1
8.921,1
8.93666,1
8.94,1
8.952,1
8.98056,1
80.01,1
80.06,1
80.07,1
80.08,1
80.10,1
80.16,1
80.20,1
80.21,1
80.22,1
80.24,1
80.27,1
80.28,1
80.31,1
80.32,1
80.43,1
80.46,1
80.48,1
80.51,1
80.53,1
80.57,1
80.58,1
80.60,1
80.66,1
80.76,1
80.80,1
80.88,1
80.91,1
80.98,1
800.502,1
800.9,1
801.5,1
802.0,1
802.8,1
803.2,1
803.4,1
803.6,1
803.8,1
804.9,1
805.5,1
805.6,1
805.9,1
806.3,1
806.8,1
807.15,1
807.3,1
808.3,1
809.0,1
809.2,1
81.00,1
81.05,1
81.07,1
81.13,1
81.15,1
81.18,1
81.19,1
81.24,1
81.28,1
81.30,1
81.33,1
81.34,1
81.36,1
81.40,1
81.41,1
81.42,1
81.46,1
81.57,1
81.63,1
81.65,1
81.68,1
81.69,1
81.70,1
81.72,1
81.74,1
81.78,1
81.82,1
81.84,1
81.85,1
81.86,1
81.93,1
81.96,1
81.97,1
810.33,1
812.7,1
813.6,1
814.4,1
814.8,1
8140,1
815.3,1
815.6,1
816.9,1
8165,1
817.6,1
817.7,1
818.0,1
818.4,1
818.5,1
818.9,1
8181,1
819.0,1
819.6,1
819.7,1
81971,1
82.05,1
82.07,1
82.11,1
82.14,1
82.16,1
82.23,1
82.25,1
82.28,1
82.42,1
82.46,1
82.47,1
82.49,1
82.51,1
82.52,1
82.53,1
82.54,1
82.56,1
82.58,1
82.59,1
82.61,1
82.62,1
82.63,1
82.67,1
82.69,1
82.71,1
82.72,1
82.73,1
82.75,1
82.76,1
82.81,1
82.83,1
82.86,1
82.89,1
82.93,1
82.94,1
82.97,1
820.2,1
820.7,1
8206435,1
821.4,1
821.6,1
822.2,1
822.3,1
822.5,1
8229,1
823.8,1
823.9,1
824.5,1
824.8,1
8242,1
825.5,1
826.8,1
827.0,1
828.3,1
82891322,1
829.1,1
829.2,1
829.3,1
82945,1
83.03,1
83.07,1
83.08,1
83.12,1
83.13,1
83.17,1
83.19,1
83.25,1
83.26,1
83.29,1
83.30,1
83.33,1
83.35,1
83.36,1
83.38,1
83.40,1
83.45,1
83.52,1
83.53,1
83.56,1
83.61,1
83.64,1
83.65,1
83.67,1
83.72,1
83.73,1
83.78,1
83.79,1
83.82,1
83.90,1
83.92,1
83.95,1
83.96,1
83045,1
831.1,1
831.2,1
831.4,1
832.4,1
832.5,1
832.9,1
83227,1
83270,1
83277,1
833.0,1
833.4,1
833.98,1
834.1,1
834.2,1
834.53,1
834.6,1
834.7,1
835.1,1
835.2,1
835.3,1
835.8,1
836.1,1
836.7,1
837.7,1
838.2,1
839.5,1
84.04,1
84.07,1
84.10,1
84.13,1
84.14,1
84.28,1
84.29,1
84.34,1
84.37,1
84.39,1
84.46,1
84.48,1
84.49,1
84.54,1
84.5619,1
84.61,1
84.64,1
84.66,1
84.68,1
84.69,1
84.74,1
84.75,1
84.82,1
84.83,1
84.86,1
84.88,1
84.98,1
84.99,1
840.3,1
841.2,1
841.61,1
842.6,1
843.1,1
843.2,1
843.5,1
843.7,1
843.84,1
844.1,1
845.61,1
845.7,1
846.8,1
846.9,1
84663,1
847.8,1
848.0,1
848.3,1
848.5,1
848.9,1
849.74,1
85.00,1
85.02,1
85.04,1
85.15,1
85.21,1
85.29,1
85.37,1
85.38,1
85.42,1
85.44,1
85.46,1
85.61,1
85.65,1
85.71,1
85.74,1
85.75,1
85.76,1
85.79,1
85.81,1
85.83,1
85.88,1
85.89,1
85.91,1
85.93,1
85.9604,1
85.97,1
85.99,1
850.7,1
8501,1
851.5,1
8514,1
852.1,1
852.6,1
852.85,1
853.5,1
8530,1
854.01,1
854.2,1
854.6,1
854.9,1
855.0,1
8553,1
856.0,1
856.9,1
8568,1
857.1,1
857.6,1
858.3,1
858.7,1
859.8,1
859.88,1
859.9,1
859.91,1
8591,1
8592,1
8596,1
86.04,1
86.09,1
86.19,1
86.21,1
86.23,1
86.28,1
86.30,1
86.31,1
86.34,1
86.35,1
86.38,1
86.42,1
86.44,1
86.45,1
86.49,1
86.51,1
86.59,1
86.61,1
86.62,1
86.68,1
86.74,1
86.79,1
86.80,1
86.82,1
86.93,1
86.96,1
860.17,1
860.2,1
860.3,1
860.502,1
860.7,1
860.8,1
861.4,1
861.40,1
862.0,1
862.6,1
862.9,1
863.0,1
863.2,1
863.4,1
864.3,1
864.4,1
864.7,1
864.9,1
8645,1
8648,1
865.46,1
866.1,1
866.4,1
866.7,1
866.8,1
867.6,1
867.8,1
868.7,1
8688,1
869.7,1
87.00,1
87.04,1
87.05,1
87.06,1
87.08,1
87.09,1
87.10,1
87.11,1
87.12,1
87.15,1
87.17,1
87.22,1
87.23,1
87.24,1
87.35,1
87.40,1
87.43,1
87.48,1
87.51,1
87.56,1
87.61,1
87.63,1
87.66,1
87.67,1
87.74,1
87.81,1
87.86,1
87.94,1
870.1,1
870.43,1
870.6,1
87096,1
872.0,1
872.3,1
873.1,1
873.6,1
873.9,1
874.5,1
874.6,1
875.00,1
875.3,1
875.7,1
8768,1
877.0,1
877.1,1
877.3,1
877.6,1
877.9,1
878.04,1
878.4,1
878.9,1
879.1,1
879.2,1
88.02,1
88.05,1
88.08,1
88.09,1
88.12,1
88.15,1
88.34,1
88.36,1
88.37,1
88.41,1
88.47,1
88.52,1
88.54,1
88.55,1
88.61,1
88.67,1
88.68,1
88.71,1
88.74,1
88.75,1
88.86,1
88.87,1
88.89,1
88.93,1
88.96,1
88.99,1
880.5,1
880.6,1
880.8,1
880.9,1
8800,1
88014350,1
8803,1
881.0,1
881.1,1
881.3,1
881.8,1
8813,1
882.1,1
883.2,1
8831,1
8833,1
884.0,1
884.9,1
885.4,1
885.8,1
885.9,1
88695,1
88699,1
8871,1
888.1,1
888.95,1
88831,1
8888,1
889.2,1
889.8,1
88917,1
89.02,1
89.04,1
89.07,1
89.09,1
89.17,1
89.24,1
89.29,1
89.30,1
89.32,1
89.33,1
89.3426,1
89.36,1
89.45,1
89.52,1
89.56,1
89.57,1
89.6779,1
89.69,1
89.74,1
89.78,1
89.79,1
89.80,1
89.85,1
89.87,1
89.88,1
89.93,1
89.94,1
89.96,1
8907,1
891.2,1
891.3,1
8913,1
892.0,1
892.1,1
892.7,1
893.4,1
8937,1
894.07,1
894.4,1
894.8,1
8942,1
895.1,1
895.2,1
895.4,1
895.6,1
8955,1
8959,1
896.84,1
8969,1
897.4,1
897.5,1
897.8,1
897.9,1
898.1,1
898.4,1
898.8,1
89893,1
899.4,1
9.020,1
9.047,1
9.05438,1
9.05925,1
9.086,1
9.136,1
9.137,1
9.149,1
9.160,1
9.198,1
9.223,1
9.225,1
9.306,1
9.32522,1
9.33,1
9.34,1
9.360,1
9.367,1
9.37333,1
9.396,1
9.40,1
9.64,1
9.668,1
9.68,1
9.750,1
9.810,1
9.83,1
9.844,1
9.887,1
9.943,1
9.951,1
9.963,1
90.02,1
90.04,1
90.06,1
90.09,1
90.17,1
90.20,1
90.23,1
90.25,1
90.26,1
90.29,1
90.2928,1
90.30,1
90.33,1
90.37,1
90.42,1
90.43,1
90.45,1
90.52,1
90.53,1
90.56,1
90.5991,1
90.63,1
90.64,1
90.65,1
90.73,1
90.75,1
90.81,1
90.83,1
90.84,1
90.88,1
90.89,1
90.90,1
90.95,1
90.96,1
900.2,1
900.3,1
900.8,1
900222,1
900265,1
900274,1
900395,1
900435,1
9008,1
9012,1
902.3,1
902.5,1
902.7,1
902.70,1
9020,1
90212,1
9023,1
9036,1
9039,1
904.3,1
904.4,1
904.861,1
905.5,1
906.5,1
906.8,1
907.0,1
907.2,1
907.3,1
907.7,1
9074,1
908.5,1
908.8,1
9082877,1
90883,1
90885,1
909.3,1
909.7,1
91.02,1
91.03,1
91.11,1
91.12,1
91.13,1
91.16,1
91.18,1
91.21,1
91.23,1
91.25,1
91.26,1
91.29,1
91.36,1
91.37,1
91.39,1
91.40,1
91.45,1
91.46,1
91.48,1
91.49,1
91.55,1
91.56,1
91.59,1
91.5934,1
91.66,1
91.69,1
91.71,1
91.74,1
91.79,1
91.823,1
91.85,1
91.87,1
91.88,1
91.91,1
91.95,1
91.9928,1
910.3,1
910.6,1
911.1,1
911.3,1
911.33,1
91134398,1
912.8,1
91239,1
91241,1
91258,1
91285,1
913.1,1
913.2,1
913.7,1
914.0,1
914.2,1
914.263,1
915.31,1
915.4,1
916.3,1
916.7,1
916.78,1
917.0,1
917.408,1
917.734,1
917.8,1
91755,1
918.8,1
91813,1
91897,1
919.1,1
91911,1
92.02,1
92.03,1
92.08,1
92.11,1
92.16,1
92.20,1
92.22,1
92.23,1
92.24,1
92.27,1
92.34,1
92.3421,1
92.38,1
92.42,1
92.43,1
92.46,1
92.47,1
92.51,1
92.53,1
92.55,1
92.57,1
92.62,1
92.6805,1
92.6903,1
92.70,1
92.73,1
92.74,1
92.7709,1
92.79,1
92.8571,1
92.86,1
92.92,1
92.94,1
92.9537,1
92.96,1
9200,1
9208,1
921.0,1
921.4,1
921.8,1
921.9,1
922.5,1
922.7,1
922.8,1
923.22,1
923.23,1
9239,1
924.4,1
924.5,1
924.6,1
92435,1
92439,1
92441,1
925.7,1
926.1,1
92625,1
9268,1
927.1,1
927.2,1
927.8,1
927.9,1
928.1,1
92802,1
929.3,1
9291,1
9295268,1
93.02,1
93.08,1
93.09,1
93.1102,1
93.13,1
93.23,1
93.25,1
93.27,1
93.34,1
93.38,1
93.43,1
93.4814,1
93.49,1
93.52,1
93.63,1
93.64,1
93.65,1
93.6787,1
93.68,1
93.73,1
93.74,1
93.76,1
93.77,1
93.7749,1
93.83,1
93.888,1
93.91,1
930.13,1
930.4,1
931.2,1
931.4,1
931.80,1
93281,1
93283,1
934.0,1
934.1,1
934.2,1
934.3,1
935.7,1
936.3,1
936.66,1
936.7,1
936.8,1
937.3,1
937.5,1
938.5,1
939.1,1
939.2,1
94.03,1
94.06,1
94.0788,1
94.08,1
94.12,1
94.172,1
94.18,1
94.19,1
94.20,1
94.21,1
94.22,1
94.23,1
94.25,1
94.26,1
94.27,1
94.29,1
94.33,1
94.37,1
94.38,1
94.44,1
94.59,1
94.60,1
94.61,1
94.62,1
94.636,1
94.64,1
94.65,1
94.68,1
94.69,1
94.71,1
94.75,1
94.82,1
94.83,1
94.86,1
94.93,1
94.96,1
940.0,1
940.3,1
9400,1
941.1,1
941.4,1
94128,1
94129,1
942.8,1
94225,1
943.1,1
94303,1
94365,1
944.0,1
944.5,1
944.90,1
946.5,1
946.7,1
947.22,1
947.7,1
94753,1
948.0,1
948.5,1
948.7,1
949.3,1
949.5,1
949.7,1
9499465,1
95.02,1
95.0256,1
95.04,1
95.06,1
95.09,1
95.15,1
95.19,1
95.1961,1
95.20,1
95.24,1
95.27,1
95.2749,1
95.28,1
95.29,1
95.32,1
95.37,1
95.39,1
95.45,1
95.47,1
95.49,1
95.53,1
95.56,1
95.58,1
95.61,1
95.6149,1
95.71,1
95.72,1
95.73,1
95.75,1
95.8485,1
95.8568,1
95.92,1
95.94,1
95.9549,1
95.9669,1
95.98,1
95.99,1
950.1,1
951.1,1
951.6,1
952.8,1
953.3,1
953.6,1
953.7,1
954.1,1
954.3,1
954.4,1
954.5,1
955.0,1
955.4,1
956.8,1
957.19,1
957.2,1
957.8,1
958.6,1
959.4,1
96.025,1
96.06150,1
96.11,1
96.16,1
96.3571,1
96.41,1
96.46,1
96.53,1
96.54,1
96.55,1
96.57,1
96.65,1
96.68,1
96.69,1
96.73,1
96.7394,1
96.775,1
96.84250,1
96.85,1
96.88,1
96.92,1
96.93,1
96.9318,1
96.98,1
961.4,1
961.6,1
962.0,1
96203,1
963.2,1
963.4,1
963.5,1
9630,1
96367,1
9637,1
964.1,1
964.2,1
9645,1
9646315,1
965.0,1
965.1,1
965.4,1
966.6,1
9665,1
967.3,1
967.8,1
9678,1
96797,1
968.8,1
96848677,1
969.4,1
97.0816,1
97.149,1
97.16,1
97.2435,1
97.26,1
97.29,1
97.30,1
97.32,1
97.36,1
97.37,1
97.381,1
97.39,1
97.4078,1
97.41,1
97.427,1
97.4359,1
97.4525,1
97.50,1
97.53,1
97.56,1
97.599,1
97.61,1
97.62,1
97.653,1
97.66,1
97.6609,1
97.6663,1
97.67,1
97.7193,1
97.76,1
97.87,1
97.8713,1
97.92,1
97.94,1
97.95,1
97.96,1
97.97,1
97.98,1
97.987,1
970.6,1
970.66,1
970.9,1
9700,1
971.3,1
971.5,1
971.9,1
97213,1
974.0,1
975.3,1
976.3,1
976.6,1
97618,1
9767,1
977.0,1
977.3,1
979.8,1
979.9,1
98.04,1
98.067,1
98.0777,1
98.095,1
98.14,1
98.15,1
98.16,1
98.197,1
98.21,1
98.24,1
98.27,1
98.28,1
98.302,1
98.3096,1
98.3101,1
98.32,1
98.3342,1
98.3491,1
98.363,1
98.3646,1
98.3856,1
98.40,1
98.4184,1
98.439,1
98.49,1
98.495,1
98.513,1
98.515,1
98.517,1
98.528,1
98.533,1
98.54,1
98.55,1
98.5587,1
98.57,1
98.599,1
98.60,1
98.605,1
98.61,1
98.62,1
98.64,1
98.6421,1
98.65,1
98.652,1
98.68,1
98.691,1
98.703,1
98.7457,1
98.75,1
98.789,1
98.7941,1
98.83,1
98.840,1
98.853,1
98.8579,1
98.862,1
98.863,1
98.878,1
98.8822,1
98.8833,1
98.91,1
98.940,1
98.945,1
98.95,1
98.956,1
98.97,1
98.977,1
98.981,1
98.9992,1
980.1,1
980.2,1
980.56,1
981.0,1
981.7,1
981.8,1
9812,1
98124,1
982.0,1
982.2,1
982.5,1
9832,1
984.1,1
984.2,1
984.5,1
984.6,1
984.7,1
984.9,1
984101753,1
9845,1
985.3,1
985.7,1
985.8,1
986.2,1
9864507,1
987.2,1
9872199,1
988.6,1
988.8,1
988.9,1
99.004,1
99.0137,1
99.02,1
99.0214,1
99.030,1
99.0417,1
99.0445,1
99.073,1
99.0814,1
99.087,1
99.105,1
99.1065,1
99.109,1
99.111,1
99.112,1
99.114,1
99.12,1
99.13,1
99.14,1
99.142,1
99.144,1
99.150,1
99.151,1
99.152,1
99.16,1
99.17,1
99.1839,1
99.19,1
99.1921,1
99.201,1
99.206,1
99.219,1
99.235,1
99.237,1
99.268,1
99.27,1
99.275,1
99.313,1
99.32,1
99.324,1
99.325,1
99.328,1
99.344,1
99.35,1
99.369,1
99.378,1
99.380,1
99.386,1
99.387,1
99.388,1
99.3897,1
99.391,1
99.394,1
99.397,1
99.399,1
99.401,1
99.41,1
99.423,1
99.424,1
99.427,1
99.4333,1
99.44,1
99.444,1
99.446,1
99.447,1
99.452,1
99.454,1
99.471,1
99.476,1
99.48,1
99.481,1
99.482,1
99.492,1
99.498,1
99.508,1
99.51,1
99.526,1
99.528,1
99.5298,1
99.53,1
99.542,1
99.554,1
99.559,1
99.5607,1
99.567,1
99.572,1
99.576,1
99.578,1
99.583,1
99.590,1
99.594,1
99.595,1
99.601,1
99.602,1
99.603,1
99.608,1
99.61,1
99.612,1
99.619,1
99.62,1
99.624,1
99.644,1
99.646,1
99.653,1
99.6543,1
99.656,1
99.66,1
99.668,1
99.680,1
99.6925,1
99.695,1
99.72,1
99.726,1
99.73,1
99.734,1
99.740,1
99.741,1
99.75,1
99.751,1
99.752,1
99.764,1
99.7664,1
99.77,1
99.772,1
99.776,1
99.778,1
99.783,1
99.79,1
99.7954,1
99.7987,1
99.799,1
99.803,1
99.824,1
99.837,1
99.838,1
99.844,1
99.850,1
99.857,1
99.862,1
99.864,1
99.880,1
99.892,1
99.896,1
99.900,1
99.908,1
99.909,1
99.917,1
99.921,1
99.932,1
99.94,1
99.940,1
99.954,1
99.956,1
99.957,1
99.96,1
99.962,1
99.964,1
99.965,1
99.971,1
99.976,1
99.981,1
99.999,1
990.0,1
990.7,1
991.8,1
9915,1
992.5,1
992.97,1
993.05,1
993.1,1
993.6,1
993.7,1
994.7,1
9944,1
995.2,1
995.4,1
996.3,1
996.7,1
9961349,1
997.8,1
998.17,1
998.2,1
998.8,1
999.8,1
a$2.25,1
a$550,1
a-11,1
a-16,1
a-6-1,1
a-6-10,1
a-6-11,1
a-6-2,1
a-6-3,1
a-6-4,1
a-6-5,1
a-6-6,1
a-6-7,1
a-6-8,1
a-6-9,1
a-7-1,1
a-7-10,1
a-7-11,1
a-7-2,1
a-7-3,1
a-7-4,1
a-7-5,1
a-7-6,1
a-7-7,1
a-7-8,1
a-7-9,1
a-7b,1
a-share,1
a.5,1
a.521,1
a.b,1
a.d,1
a.p,1
a.r.r.o.w,1
a0.000notesdue2021member,1
a0.125notesdue2022member,1
a0125notesdue2029member,1
a03032022exhibit991,1
a03032022exhibit991.htm,1
a0331201810qdocument.htm,1
a03312022ex9918-k.htm,1
a0929201810qdocument.htm,1
a1.125notesdue2022member,1
a10,1
a10-20025_1ex99d1.htm,1
a10-2243_1ex99d1.htm,1
a10-2562_1ex99.htm,1
a10-3390_1ex99d1.htm,1
a100,1
a11,1
a11-11079_1ex99d1.htm,1
a11-29716_1ex10d1.htm,1
a11-6206_1ex99d1.htm,1
a12,1
a12-20562_6ex4d1.htm,1
a12-20562_6ex5d1.htm,1
a12-22038_1ex99d1.htm,1
a12-3141_1ex99d1.htm,1
a12292018q4-10kdocument.htm,1
a13,1
a13-22420_1ex99d1.htm,1
a13-4621_1ex99.htm,1
a13-5019_5ex1d1.htm,1
a13-5019_5ex4d1.htm,1
a13-5019_5ex5d1.htm,1
a13-6735_1ex1d1.htm,1
a13-6735_1ex4d4.htm,1
a14-11018_1ex99d1.htm,1
a14-18628_1ex3d2.htm,1
a14-26235_1ex99d1.htm,1
a14-6159_1ex10d1.htm,1
a14-7411_1ex99.htm,1
a15-13610_6ex1d1.htm,1
a15-13610_6ex4d4.htm,1
a15-16992_1ex99d1.htm,1
a15-19686_1ex1d1.htm,1
a15-19686_1ex4d1.htm,1
a15-3619_1ex99d1.htm,1
a15-5624_1ex10d1.htm,1
a16-11455_6ex1d1.htm,1
a16-11455_6ex4d1.htm,1
a16-19797_2ex99d1.htm,1
a16-3346_1ex99d1.htm,1
a17-11406_1ex99d1.htm,1
a17-12140_1ex99d1.htm,1
a17-18349_1ex99.htm,1
a17-23996_1ex99d1.htm,1
a18-12417_1ex99d1.htm,1
a18-13222_1ex99.htm,1
a18-36505_1ex99d1.htm,1
a19-2018_1ex99d1.htm,1
a19-3795_1ex99d1.htm,1
a19-7798_1ex99d1.htm,1
a19-8856_1ex99d1.htm,1
a1q22erfex992supplement.htm,1
a1q22erfexhibit991narrative.htm,1
a2011q4exhibit991.htm,1
a201208068-kex99bapineuzum.htm,1
a2012q1earningsreleaseex-9.htm,1
a20130819aragonex99.htm,1
a201412dec198kexhibit991.htm,1
a2014q28kexhibit9915.htm,1
a2014q28kexhibit992o.htm,1
a2014q4earningsreleaseex-9.htm,1
a2015q48kexhibit9915.htm,1
a2015q48kexhibit992o.htm,1
a201610xxexhibit32by-laws.htm,1
a201610xxexhibit991.htm,1
a2017q2earningsreleaseex-9.htm,1
a2017q4exhibit99.htm,1
a2017seniornotesduedecember2047at3.73member,1
a201904apr05exhibit991.htm,1
a201909208-kexhibit231.htm,1
a2019q1er8-k.htm,1
a2019q2er8-k.htm,1
a2019seniornotesduedecember2049at3.25member,1
a2019seniornotesduenovember2029at245member,1
a202001jan138kexhibit991.htm,1
a202108aug318kex32.htm,1
a202108aug318kex991.htm,1
a202109sep308kprex991.htm,1
a202110oct258kex101.htm,1
a2021q1earningsreleaseex-9.htm,1
a2021q2exhibit991.htm,1
a2021q3earningsreleaseex-9.htm,1
a2021q3exhibit99.htm,1
a2021q3exhibit992.htm,1
a2021q3exhibit993.htm,1
a202209sep308kprex991.htm,1
a202212dec318kprex991.htm,1
a2022directorelectionex991.htm,1
a2022q2earningsreleaseex-9.htm,1
a2022q2exhibit99.htm,1
a2022q3exhibit991.htm,1
a2022q3exhibit992.htm,1
a2022q4earningsreleaseex-9.htm,1
a2022restructuringprogrammember,1
a2022variablerateunsecuredrevolvingcreditagreementmaturinginnovember2023member,1
a202302feb168kex991.htm,1
a22123mini8-kex99.htm,1
a320,1
a3322exhibit992.htm,1
a350-900,1
a3mbylawsexhibit3ii.htm,1
a3q21erfex992supplement.htm,1
a3q21erfexhibit991narrative.htm,1
a40,1
a40-based,1
a50,1
a500oregonandarizonabondsdueseptember2042member,1
a500oregonandarizonabondsdueseptember2052member,1
a60,1
a60m,1
a6404.10seniornotesdueaugust2047member,1
a8-kex991q1202312312022.htm,1
a8-kex991q4202109252021.htm,1
a8-kexhibit991122019.htm,1
a8-kexhibit991q420179302017.htm,1
a8-kexhibit991q4201992.htm,1
a8-kexhibit992q420179302017.htm,1
a8k2016q4exhibit9915.htm,1
a8k2016q4exhibit992o.htm,1
a8kq3fy15erccexhibit991.htm,1
aaaa,1
aabp,1
aacr,1
aadvantage,1
aam,1
aami,1
aanem,1
aapi,1
aaptiv,1
aarstol,1
aav,1
aavcagscd59,1
aaww,1
ab2,1
aba,1
abacus,1
abates,1
abbot,1
abbvie's,1
abdelhamid,1
abdelkader,1
abdulkerimov,1
abecma,1
abercrombie,1
abiding,1
abiratone,1
abl,1
abled,1
ablish,1
abloh,1
abm,1
abode,1
aboitiz,1
abolish,1
abos,1
about.att.com,1
about.jpmorganchase.com,1
above-average,1
above-named,1
abovementioned,1
abreast,1
absenteeism,1
abstractions,1
abt-874,1
abundant,1
abzil,1
ac1,1
ac9,1
aca-complaint,1
academies,1
academy's,1
acadesine,1
acams,1
acba,1
acbebidasmember,1
acc.23,1
accc's,1
accedian,1
accel,1
accelera,1
acceleratedcomputingsystemsandgraphicsmember,1
accelerateur,1
accelerator's,1
accent,1
accents,1
accentuate,1
acceptpay,1
accessibles,1
accines,1
accion,1
acciona,1
accomplishes,1
account's,1
account-by-account,1
account1,1
accountholder,1
accountholders,1
accountings,1
accountingstandardsupdate201507member,1
accountingstandardsupdate201602member,1
accountingstandardsupdate201616member,1
accounts2,1
accountspayablecurrent,1
accountsreceivablemember,1
accountsreceivablenetcurrent,1
accro,1
accrued.because,1
accruedincometaxescurrent,1
accruedincometaxesnoncurrent,1
acctg,1
accts,1
accueillante,1
accumulateddefinedbenefitplansadjustmentnetgainlossincludingportionattributabletononcontrollinginterestmember,1
accumulatednetgainlossfromcashflowhedgesincludingportionattributabletononcontrollinginterestmember,1
accumulatedothercomprehensiveincomelossnetoftax,1
accuracy-related,1
accuspray,1
accuweather,1
acert,1
aces,1
acg's,1
ach-based,1
achats,1
achilles,1
ackerman,1
acm,1
acme-1,1
acmi,1
acpr,1
acqui-,1
acquirer10,1
acquirer17,1
acquirer5,1
acquirer6,1
acquirors,1
acquisitionsnetofcashacquiredandpurchasesofintangibleandotherassets,1
acquisitively,1
acquitted,1
acqusitions,1
acrhd,1
acrobat,1
acsaa's,1
acsi,1
acsimile,1
acta,1
action-comedy,1
action-oriented,1
action-role-playing,1
actionpacs,1
activ,1
active-comparator,1
active-duty,1
activewash,1
activit,1
activitie,1
actriia-fc,1
actuals,1
actuelle,1
actuels,1
aculab,1
acuminate,1
ad-free,1
ad26.zebov,1
adage,1
adapte,1
adas-cog,1
adashek,1
adband,1
adcolor's,1
addback,1
addenda,1
addi,1
additional-paid-in-capital,1
addou,1
addressees,1
ade,1
adele,1
adelphia,1
aden,1
adenylate,1
adient,1
adjuste,1
administrated,1
admissible,1
adoptent,1
adoption's,1
adoption.the,1
adp.com,1
adresse,1
adrs,1
adt's,1
adtalem,1
adtech,1
adulte,1
adulthood,1
advamed,1
advancect,1
advanced-functionality,1
advanced-node,1
advantage-and,1
adventurous,1
advisability,1
aeb,1
aebsfb,1
aeg,1
aegis,1
aem,1
aercap,1
aercap's,1
aeroarchitects,1
aerodynamic,1
aerodynamics,1
aeroflot,1
aerogenes,1
aerolineas,1
aeroloft,1
aeronautical,1
aeronauts,1
aeroreact,1
aes67,1
aetn's,1
aev,1
aexp,1
affable,1
affection,1
affiliatedentitymember,1
affiliates3,1
affina,1
affirmations,1
affixation,1
affluents,1
affordably,1
afloat,1
afp,1
africa-focused,1
africa-headquartered,1
afrilabs,1
afterburn,1
afterplace,1
afterthought,1
agc,1
age-old,1
agee,1
agement,1
agencia,1
agency-generated,1
agency.tax.reporting,1
agensys,1
agentport,1
aggravated,1
aggreg,1
aglipay,1
agnes,1
agrawal,1
agric,1
agriculture-based,1
agrotoken,1
aground,1
aguas,1
ah,1
ahead1,1
ahmaud,1
ahs,1
ahsoka,1
ai-backed,1
ai-centric,1
ai-created,1
ai-enhanced,1
ai-fueled,1
ai-influenced,1
ai-readiness,1
ai-related,1
ai21,1
aia,1
aic246,1
aicha,1
aicpa,1
aidan,1
aidant,1
aident,1
aider,1
aideront,1
aiedu,1
aif,1
aifm,1
ailment,1
ailments,1
aime,1
aiment,1
aiops-derived,1
aiops-driven,1
air-algerie-orders-eight-boeing-737-max-jets-commits-to-two-737-800-boeing-converted-freighters-301855147.html,1
air-canada-to-fly-every-model-in-787-dreamliner-family-orders-18-boeing-787-10s-301937420.html,1
air-india-finalizes-order-for-up-to-290-boeing-single-aisle-and-widebody-jets-301855448.html,1
air-india-selects-up-to-290-boeing-jets-to-serve-its-strategy-for-sustainable-growth-301746488.html,1
air-niugini-becomes-new-dreamliner-customer-finalizing-order-for-two-boeing-787-8s-301842937.html,1
air-tanzania-takes-delivery-of-its-first-boeing-737-max-301945818.html,1
air-to-air,1
air-traffic,1
airbridgecargo,1
aircraft's,1
airdrop,1
airframes,1
airkit.ai,1
airlifts,1
airliner,1
airplane-arrives-at-boeing-site-for-x-66a-modification-301903852.html,1
airplay-enabled,1
airport-based,1
airpower,1
airshow's,1
airtag,1
airventure,1
airwallex,1
airway,1
ais,1
aite,1
aiu,1
ajani,1
ajayi,1
ajit,1
ajnussbaum,1
ajoute,1
ajovy,1
akasa,1
akasa-air-orders-four-737-8s-to-support-international-growth-plans-301856480.html,1
akasaka,1
akashdeep,1
akashi,1
akerson,1
akg,1
akshay,1
al-omar,1
al-qadi,1
ala,1
alaminos,1
alard,1
alarming,1
alas,1
albermarle,1
alberty,1
albian,1
alc,1
alc's,1
aldosterone,1
aldridge,1
ale,1
alejandro,1
alert-to-response,1
alex.dudley,1
alex.johnson,1
alex.riethmiller,1
alexa's,1
alexa-hosted,1
alexa-related,1
alexa-specific,1
alexey,1
alg,1
algerian,1
algerie,1
ali.zigami,1
alias2,1
alibaba's,1
alicia,1
alimentation,1
alisation,1
alison.zoellner,1
all-clad,1
all-comer,1
all-composite,1
all-day-long,1
all-encompassing,1
all-expense-paid,1
all-hands,1
all-of-the-above,1
all-perils,1
all-up,1
all-weather,1
all-women,1
all-you-can-eat,1
allabilities,1
allaire,1
allan,1
allant,1
allegra,1
alley,1
alliancebernstein,1
allianz,1
allianz1,1
allianz9,1
alliedsignal-honeywell,1
allocation1,1
allocators,1
allot,1
allothersegmentsmember,1
allowance2,1
allx,1
allyce,1
allyce.buniak,1
allyship,1
almond,1
aln,1
aloft,1
alopecia,1
alors,1
aloud,1
aloza,1
alphabetically,1
alphafly,1
alpharadin,1
already-manufactured,1
already-owned,1
alsh,1
alt-,1
alterative,1
alternates,1
alternative-power,1
altice,1
altman,1
altongy,1
altour,1
alts,1
aluation,1
always-connected,1
aly,1
alyssa,1
am7,1
amagine-1,1
amalgamate,1
amalgamated,1
amalia,1
amalia.kentasi,1
amar,1
amassed,1
amasser,1
amatil-europe,1
amazed,1
amazon's,1
amazon-donated,1
amazon-led,1
amazon.co.jp,1
amazon.com-owned,1
amazon.com.au,1
amazon.com.tr,1
amazon.it,1
amazon.pl,1
amazon.se,1
amazonbasics,1
amazoncrossing,1
amazonencore,1
amazonsmile,1
amberha,1
ambiente,1
amblyomma,1
ambrose,1
ambulance,1
amd-based,1
amd-powered,1
amdocs,1
amelio,1
americal,1
american-owned,1
americana,1
americanexpressfhr.com,1
americanexpressvacations.com,1
americano,1
americanum,1
americares,1
ames,1
amf,1
amgen-announces-2022-fourth-quarter-dividend-301662703.html,1
amgen-announces-positive-top-line-results-from-phase-3-study-of-abp-959-biosimilar-candidate-to-soliris-eculizumab-301610376.html,1
amgen-announces-webcast-of-2022-bank-of-america-healthcare-conference-301542008.html,1
amgen-announces-webcast-of-2022-bank-of-america-merrill-lynch-global-healthcare-conference-301622367.html,1
amgen-announces-webcast-of-2022-citi-global-healthcare-conference-301617205.html,1
amgen-announces-webcast-of-2022-first-quarter-financial-results-301531256.html,1
amgen-announces-webcast-of-2022-jefferies-healthcare-conference-301561169.html,1
amgen-announces-webcast-of-2022-morgan-stanley-global-healthcare-conference-301620837.html,1
amgen-announces-webcast-of-2022-second-quarter-financial-results-301597095.html,1
amgen-announces-webcast-of-2022-third-quarter-financial-results-301663650.html,1
amgen-announces-webcast-of-2022-wells-fargo-healthcare-conference-301617204.html,1
amgen-announces-webcast-of-goldman-sachs-43rd-annual-healthcare-conference-301566045.html,1
amgen-astellas,1
amgen-reports-first-quarter-2021-financial-results-301278308.html,1
amgen-reports-first-quarter-2022-financial-results-301534573.html,1
amgen-reports-fourth-quarter-and-full-year-2021-financial-results-301476867.html,1
amgen-reports-fourth-quarter-and-full-year-2022-financial-results-301735074.html,1
amgen-reports-second-quarter-2021-financial-results-301347523.html,1
amgen-reports-second-quarter-2022-financial-results-301600356.html,1
amgen-reports-third-quarter-2021-financial-results-301414586.html,1
amgen-sponsored,1
amgen-to-webcast-investor-meeting-at-2020-world-conference-on-lung-cancer-301215566.html,1
amgen.com,1
amgn-2021930xq3ex991.htm,1
amgn-ex992_20221231xq4.htm,1
amia,1
amica,1
amin,1
amino,1
amira,1
amis,1
amity,1
amkor,1
amman,1
ammonia,1
amnon,1
amo's,1
amorphous,1
amort,1
ampersand,1
amphenol,1
amplifiers,1
amusing,1
amway,1
amwins,1
amy.kircos,1
amzn-2015.03.31-ex99.1,1
amzn-2015.03.31-ex99.2,1
amzn-2015.03.31-ex99.3,1
amzn-20150331xex991.htm,1
amzn-20150331xex992.htm,1
amzn-20150331xex993.htm,1
amzn-2019331xex991.htm,1
amzn-2019331xex992.htm,1
amzn-20200331xex991.htm,1
amzn-20200331xex992.htm,1
amzn-20210930xex991.htm,1
amzn-20210930xex992.htm,1
amzn-20220930xex991.htm,1
amzn-20220930xex992.htm,1
amzn-20221231xex991.htm,1
amzn-20221231xex992.htm,1
anabel,1
anacetrapib-treated,1
anadarko's,1
anaerobic,1
analyse,1
analyti,1
analytics-as-a-service,1
analytics-driven,1
ananda,1
anaphylaxis,1
anc,1
ance,1
anciens,1
ancient,1
and$34,1
and-,1
and-led,1
andean,1
andersson,1
andr,1
andrade,1
andreesen,1
andreessen,1
andrew.rodger,1
anecdotes,1
aneke,1
anew,1
ang,1
ange,1
angeles-based,1
anger,1
anges,1
angioedema,1
angiogenesis,1
angiography,1
angiopoietin,1
angles,1
angola's,1
angolan,1
angolans,1
anhui,1
aniek,1
animal-welfare-rated,1
animas's,1
animatedly,1
anitab.org,1
anker,1
anl,1
annie.chung,1
anniston,1
annonc,1
annotate,1
announced4,1
announcer,1
announcers,1
annoyance,1
annual-report.html,1
annualizing,1
annualreport2019,1
annualreport2020,1
annualreport2022,1
annualreport2023,1
annuel,1
anon-gaap,1
anonim,1
anorexia,1
anpd,1
ansan,1
ansar,1
ansari,1
anser,1
ansps,1
anssi,1
answer-holding,1
ant,1
antage,1
antalya,1
antecedent,1
antetokounmpo,1
anthracycline-containing,1
anti-b-cell,1
anti-cd20-,1
anti-cd38,1
anti-circumvention,1
anti-consumer,1
anti-counterfeiting,1
anti-defamation,1
anti-discrimination,1
anti-epidermal,1
anti-financial,1
anti-fms-like,1
anti-hunger,1
anti-leukemia,1
anti-microbial,1
anti-oxidant,1
anti-pcsk9,1
anti-psychotics,1
anti-surface,1
anti-tamper,1
anti-tslp,1
antibody.3,1
antidilution,1
antifraud,1
antigen-specific,1
antigua,1
antimonopoly,1
antimycobacterial,1
antioxidant,1
antiquated,1
antiseptic,1
antitumor,1
antitumour,1
antivirals,1
antofagasta,1
antony,1
anurag,1
anvisa,1
anyday,1
anyhow,1
anyiah,1
anyone's,1
aociincludingportionattributabletononcontrollinginterestmember,1
aol's,1
aot,1
aov,1
ap9,1
apaas,1
apartments,1
apec's,1
api-driven,1
api-first,1
api-led,1
apl,1
apo-epo,1
apoe4,1
apologized,1
apoptosis,1
apotovsky,1
app's,1
app-,1
app15,1
app4,1
appareils,1
appcentrica,1
appdynamics.com,1
appearances,1
appeler,1
appellant,1
appending,1
appfabric,1
appiagyei,1
apple-specific,1
appleby,1
apples,1
application's,1
application-centric-infrastructure,1
application-level,1
application-related,1
application-security,1
applicator,1
appoin,1
appoint_______________________________________________________________________________,1
appoint________________________________________________________________________________,1
apport,1
apportion,1
apportionments,1
appreciates,1
approche,1
approixmate,1
approva,1
approval-related,1
approver,1
approx,1
approximately$2.3,1
approximately12,1
appui,1
appuy,1
appuyer,1
appuyons,1
apr.10,1
april25,1
apsca,1
apsg,1
apto,1
aq7,1
ar-09,1
ar-10,1
ar-11,1
ar-12,1
ar3,1
ara,1
arabica,1
aragon's,1
aralez,1
arava,1
arbelaez,1
arbery,1
arbitrable,1
arbitron,1
archambeau,1
archer-daniels-midland,1
architecture-agnostic,1
ardan,1
ardene,1
ardent,1
arduino,1
areva,1
arevon,1
arg,1
argent,1
argentinas,1
argentum's,1
arget_uuid,1
argin,1
argins,1
argonauts,1
argue,1
ari,1
arianespace,1
arianna,1
arience,1
arikawe,1
arily,1
arima,1
arion,1
arish,1
ariz,1
arizona-based,1
arizonafabllcmember,1
arjan,1
arke,1
arketable,1
arkets,1
arkin,1
arkit,1
armando,1
armanta,1
armisen,1
armorblox,1
arnaud,1
arnhem,1
arnhold,1
arnoldo,1
arnon,1
aro,1
arrangment,1
arreaga,1
arrearages,1
arresting,1
arrhythmia,1
arriola,1
arrondir,1
arson,1
arte,1
arthralgia,1
articulating,1
articulos,1
artificiality,1
artistic,1
artlett,1
aruna,1
arvind's,1
arx,1
ary,1
aryx,1
as-of,1
as-yet,1
as1,1
asan,1
asbestos-and,1
ascending,1
ascent,1
asco's,1
ascribing,1
ase,1
aseman,1
asgarov,1
asghar,1
ashida,1
ashulga,1
asi,1
asiapacificmember,1
asix,1
asllani,1
asmita,1
asn,1
asn's,1
asp-,1
aspecct,1
aspired,1
aspiring,1
ass,1
assault,1
assaults,1
assembles,1
assented,1
assertively,1
assetpledgedascollateralmember,1
assets-debt,1
assets-derivative,1
assets-net,1
assets1,1
assets2,1
assetscurrent,1
assetsmeasuredatnetassetvaluemember,1
assignation,1
assignors,1
assistoc,1
asso,1
assort,1
assorted,1
assps,1
assumedlongtermdebtmember,1
assurer,1
ast,1
astanov,1
astella,1
asterick,1
asthenia,1
asthma-chronic,1
astoria,1
astrazeneca's,1
astronaut,1
astronautics-kearfott,1
astrophysicist,1
astute,1
asust,1
asustek,1
asymmetry,1
asynchronously,1
at7,1
at9,1
atacenter,1
atalay,1
atascadero,1
atements,1
atessa,1
atf,1
athea,1
atheros,1
atherothrombosis,1
athlete's,1
aticaprant,1
atif,1
atkins,1
atkinson,1
atl-l-3406-07-mt,1
atlant,1
atlanta's,1
atlantis,1
atlassian,1
atmp,1
ato,1
aton,1
atop,1
atrophy,1
att,1
attacment,1
attanasio,1
atteinte,1
attendu,1
attention-deficit,1
attentive,1
attibutable,1
attire,1
attitudinal,1
attrayante,1
attributions,1
attrition2,1
attrition3,1
au-del,1
aubry,1
aucr,1
auctioned,1
auctioning,1
aucun,1
aucune,1
audio-first,1
audiophiles,1
auditorium,1
audiusa.com,1
auec,1
aug12exhibit41.htm,1
augments,1
augustus,1
aujourd'hui,1
aum1,1
auman,1
auparavant,1
aupr,1
aur,1
aura,1
auradkar,1
aurie,1
aurons,1
auront,1
aurus,1
austral,1
australians,1
autant,1
auth,1
authentically,1
authentications,1
authenticators,1
authentique,1
authentiques,1
authoring,1
authoriti,1
authority-to-construct,1
auto-calculating,1
auto-deletion,1
auto-focus,1
auto-provision,1
auto-related,1
auto-scan,1
auto-summarize,1
auto-workout,1
auto1,1
autoantibody,1
autocatalog,1
autoconfigurable,1
autocount,1
autofocus,1
automagic,1
automaker,1
automatiquement,1
automatoys,1
automotive-compliant,1
automotive-grade,1
automotives,1
autoparts,1
autoprivacy,1
autoscaling,1
autosql,1
autre,1
av-related,1
av1,1
av2,1
avaient,1
available-or-sale,1
avanc,1
avant,1
avantor,1
avera,1
average-minute-audience,1
average2,1
average3,1
avfuel,1
avg.3,1
avia,1
aviate,1
aviationcapital.com,1
avic,1
avid,1
avila,1
aviserons,1
avocados,1
avoisinant,1
aw.ds,1
aw0,1
award-nominated,1
awe-inspiring,1
awful,1
awm1,1
awofisayo,1
aws's,1
aws-certified,1
aws-developed,1
aws-hosted,1
aws-specific,1
aws.amazon.com,1
awsannounced,1
ax3,1
ax3944839,1
ax3944847,1
axcentis,1
axel,1
axle,1
axon,1
ay,1
ay6,1
ayala,1
ayana,1
aydan,1
ayele,1
aylesbury,1
ayodeji,1
ayomiposi,1
ayotte,1
ays,1
azal,1
azal.az,1
azd8630,1
azerbaijan-airlines-expands-long-haul-fleet-finalizing-order-for-more-boeing-787-dreamliners-301810535.html,1
azerbaijan-based,1
azerbaijani,1
azeri-,1
azithromycin,1
azzi,1
b-$22b,1
b-6,1
b-8,1
b-cells,1
b-g,1
b-ready,1
b-ready.org,1
b-well,1
b.07.230,1
b.07.290,1
b12,1
b122,1
b2.5,1
b403.4,1
b403.5,1
b737-ngs,1
b8,1
ba058,1
ba7,1
babies,1
babineaux,1
bac2,1
bacardi,1
bachmann,1
back-and-forth,1
back-book,1
back-half,1
back-loaded,1
back-neck,1
back-stopped,1
backorder,1
backpack,1
backpacks,1
backstage,1
backward,1
bact,1
badamyar-lcp,1
bader,1
badi,1
badly,1
badminton,1
badri,1
bagdad,1
bagdad's,1
baggu,1
bagri,1
bahrololoumi,1
baidu,1
baiji,1
bailment,1
bailout,1
baincapitalspecialsituationsmember,1
baird,1
baisse,1
bait,1
bakersfield,1
baku-tbilisi-,1
bala,1
balanc,1
balance-to-go,1
balancer,1
balancers,1
balances3,1
balances4,1
balderas,1
balderton,1
balfour,1
ballard's,1
ballast,1
ballen,1
ballpark,1
ballroom,1
balow,1
balpreet,1
balsham,1
balugrastim,1
bambi,1
baml,1
bananas,1
bancaires,1
bancolombia,1
bancomer,1
bandana,1
banded,1
bang-olufsen.com,1
banijay,1
banj,1
bank-administered,1
bank-related,1
bank2,1
bank25,1
bank3,1
bankamericard,1
bankers1,1
bankinforeg,1
banks2,1
bankwatch,1
banned,1
banorte,1
banorte-ixe,1
banque,1
banyu,1
bao,1
baptist,1
bar-code,1
barbados,1
barbie,1
barbour,1
barclaycard,1
barclayscorp.com,1
barclaysprospectus,1
bardelli,1
barden,1
barella,1
bareskinproject,1
barfi,1
barges,1
barking,1
barlow,1
barnesville,1
barnett,1
barnholtz-sloan,1
barrels-per-day,1
barrett,1
barrier-breaking,1
barrondo,1
barros,1
barshay,1
bart,1
bascus,1
basdeo,1
base-erosion,1
base-oil,1
base-period,1
base1,1
baserunners,1
basketball-based,1
baskin-robbins,1
bassett,1
basspro,1
bastian,1
bastien,1
bates,1
bathroom,1
battery-electric,1
battery-swapping,1
battles,1
bau,1
baudoin,1
bausch,1
bawal,1
baylor,1
bayside,1
bb5,1
bbam1,1
bbbb,1
bbp-398,1
bbq,1
bbsw,1
bc3,1
bc8,1
bcd,1
bcrs,1
bd,1
bd6,1
bdc,1
bdcs,1
bdo,1
be0,1
be4,1
be4k,1
beachbody,1
bead,1
beal,1
beard,1
bearer,1
beasley,1
beatles,1
beatty,1
beaumont,1
beautytech,1
bebe,1
becau,1
beckert,1
bedell,1
bedfordshire,1
bedru,1
beds,1
bee,1
beecarbonize,1
beefeater,1
beeliked,1
beeping,1
beerse,1
behavior-change,1
behcet,1
beholden,1
bei,1
beier,1
beige,1
beigene's,1
beijerinck,1
beings,1
bejingunisoctechnologyltdmember,1
bekasap,1
belady,1
belding,1
belle,1
belles,1
below-market-share,1
below-trend,1
beltran,1
bema,1
bemsid,1
ben-e,1
ben1,1
benched,1
benchmrk,1
benckieser,1
bendza,1
beneficial-interest,1
benefits-related,1
benefits.html,1
bengay,1
bens,1
benslimane,1
berentson,1
bergement,1
bergman,1
beringen,1
berkley,1
bernal,1
berni,1
bernie,1
bernstein-2022-38th-annual-sdc,1
bernstein-2023-39th-annual-sdc,1
berrien,1
berry's,1
bert,1
berwitz,1
beside,1
besirli,1
bess,1
best-managed,1
beta-amyloid,1
betas,1
bethune,1
betis,1
betrayal,1
bets--based,1
better-,1
better-than-estimated,1
better-than-expected,1
better.1,1
better.2,1
beurden,1
beverley,1
bevin,1
bevin.maguire,1
beware,1
bf1,1
bf7,1
bfloat16,1
bg3,1
bgp,1
bh1,1
bhargavi,1
bhargavi.wadhwa,1
bhatt,1
bhp's,1
bhp-caterpillar-and-finning-announce-an-agreement-to-replace-entire-haul-truck-fleet-at-escondida-mine-in-chile-301615036.html,1
bhp.com,1
bhullar,1
bhutan,1
biathlon,1
bibi,1
bicarbonate,1
bicknese,1
bicmos,1
bicr,1
bictegravir,1
biddle,1
bienfaisance,1
big-bet,1
bigdl,1
biggar,1
biggest-ever,1
biginsights,1
bild.macht.deutschland,1
biles,1
bilingual,1
bilirubin,1
bill's,1
bill-of-materials,1
billboard,1
billgo,1
billi,1
billion-,1
billion-and-a-half,1
billion-dollar-plus,1
billion-plus,1
binarization,1
bindi,1
bing-powered,1
bingham,1
bingo,1
binning,1
bio-refinery,1
bioanalytical,1
biochemical,1
biochemistry,1
bioequivalence,1
biogas,1
biogeneric,1
bioiq,1
biologically-sourced,1
biomass,1
biomass-based,1
biomedicine,1
biopharmaceutical-product,1
biorenewable,1
biosimilar-type,1
biosimiliar,1
biosolids-treated,1
biotech's,1
biotime,1
birdsong,1
birnbaum,1
birthdays,1
biscay,1
biscuits,1
biser,1
bisexual,1
bishko,1
bit.ly,1
bite-sized,1
bitly,1
bitong,1
bitsy,1
bittersweet,1
biweekly,1
bixby,1
bj's,1
bj7,1
bj8,1
bj9,1
bk,1
bk1,1
bk6,1
bk9,1
blackbaud,1
blackmon,1
blackout-period,1
blackstone,1
blacktip,1
blaine,1
blaise,1
blakeney,1
blanchett,1
blanco,1
blanket,1
blasio,1
blavity,1
blazers,1
ble,1
bleaching,1
blecher,1
bleichroeder,1
blessed,1
blige,1
blinken,1
blippi,1
blitz,1
blizzards,1
blk,1
blk1,1
bloc,1
block16,1
blockbusters,1
blockchains,1
blockfi,1
blocks.in,1
blockscale,1
blogs.cisco.com,1
blonde,1
bloombergnef,1
bloomfield,1
blowdown,1
blower,1
blown,1
blu-rays,1
blue-sky,1
blueberry,1
bluecross,1
blueshield,1
bluesnap,1
bluestar,1
bluestarall.com,1
bluestream,1
blumhouse,1
blurs,1
blythe,1
bm6,1
bmll,1
bmt,1
bmw's,1
bmwi,1
bmx,1
bn0,1
bn4,1
bnpp,1
bnpp's,1
bnsf,1
bnsf's,1
bnt162b2,1
board-160203-item05-commissioners-report-v2.pdf,1
board-appointed,1
board-nominated,1
boarder,1
boarders,1
boardrooms,1
boater,1
boaters,1
boating,1
bobcat,1
bobl,1
bock,1
bodes,1
bodyshop,1
bodysuit,1
boe,1
boeing-2023-sustainability-report-highlights-progress-and-partners-to-decarbonize-aerospace-301850270.html,1
boeing-air-lease-corporation-announce-order-for-two-787-dreamliners-301856391.html,1
boeing-air-tanzania-celebrate-first-767-freighter-delivery-to-africa-301841779.html,1
boeing-and-us-government-launch-initiative-to-advance-sustainable-aviation-fuel-among-apec-economies-301991307.html,1
boeing-announces-first-quarter-deliveries-301793225.html,1
boeing-announces-scholarships-for-pilot-training-301883605.html,1
boeing-announces-second-quarter-deliveries-301873500.html,1
boeing-announces-third-quarter-deliveries-301951520.html,1
boeing-appoints-key-senior-leaders-302015922.html,1
boeing-atlas-air-celebrate-delivery-of-final-747-an-airplane-that-transformed-aviation-and-global-air-travel-301735470.html,1
boeing-aviation-capital-group-finalize-order-for-13-737-max-jets-301917995.html,1
boeing-avolon-agree-on-new-order-for-40-737-max-jets-302012678.html,1
boeing-avolon-announce-order-for-40-737-max-jets-301854818.html,1
boeing-built-x-37b-orbital-test-vehicle-embarks-on-seventh-mission-302023897.html,1
boeing-business-jets-unveils-premium-cabin-selections-for-vip-jets-301957853.html,1
boeing-chief-engineer-greg-hyslop-to-retire-new-engineering-leaders-named-301759828.html,1
boeing-donates-250-000-to-assist-with-tornado-recovery-and-relief-efforts-in-mississippi-and-alabama-301785860.html,1
boeing-donates-300-000-to-assist-moroccan-earthquake-relief-efforts-301927081.html,1
boeing-donates-500-000-to-assist-with-wildfire-recovery-and-relief-efforts-in-hawaii-301900316.html,1
boeing-donates-500-000-usd-to-earthquake-recovery-and-relief-efforts-in-turkey-301743221.html,1
boeing-doubles-sustainable-aviation-fuel-purchase-for-commercial-operations-buying-5-6-million-gallons-for-2023--301746897.html,1
boeing-expands-ecodemonstrator-flight-testing-with-explorer-airplanes-announces-2023-plan-301809058.html,1
boeing-expands-partnership-with-invictus-games-to-support-wounded-veterans-301800596.html,1
boeing-fast-growing-china-domestic-air-travel-driving-20-year-demand-for-8-560-airplanes-301932773.html,1
boeing-forecasts-demand-for-2-3-million-new-commercial-pilots-technicians-and-cabin-crew-in-next-20-years-301884203.html,1
boeing-forecasts-demand-for-42-600-new-commercial-jets-over-next-20-years-301853705.html,1
boeing-forecasts-resiliency-and-increased-growth-for-aircraft-finance-301772116.html,1
boeing-launches-saf-dashboard-to-track-and-project-sustainable-aviation-fuel-production-301855188.html,1
boeing-middle-east-fleet-to-more-than-double-by-2042-with-new-technology-widebodies-leading-the-way-301983966.html,1
boeing-names-stephanie-pope-chief-operating-officer-302011310.html,1
boeing-nasa-united-airlines-to-test-saf-benefits-with-air-to-air-flights-301954254.html,1
boeing-nominates-sabrina-soussan-to-board-of-directors-301760998.html,1
boeing-owned,1
boeing-publicly-launches-cascade-to-support-aviations-net-zero-goal-301827625.html,1
boeing-reports-first-quarter-results-301808132.html,1
boeing-reports-fourth-quarter-results-301730342.html,1
boeing-reports-second-quarter-results-301886215.html,1
boeing-reports-third-quarter-results-301967194.html,1
boeing-ryanair,1
boeing-to-release-first-quarter-results-on-april-26th-301789846.html,1
boeing-to-release-second-quarter-results-on-july-26-301870209.html,1
boeing-to-release-third-quarter-results-on-october-25-301945974.html,1
boeingairplanes,1
boeingdefense,1
boeingeurope,1
boeingmideast,1
boem,1
boemre,1
boire,1
bois,1
boise,1
boldea,1
bolden,1
boldly,1
boldness,1
boler,1
bollwage,1
bolt-on,1
bomar,1
bomber,1
bon-rabais,1
bona-fide,1
bonanni,1
bonaparte,1
bondo,1
bondy,1
bones,1
bonnie,1
bonobos.com,1
bontang,1
bonvoy,1
bonzani,1
book-and-claim,1
book-value,1
bookbuild,1
bookends,1
bookerly,1
booking.com,1
bookmarked,1
bookrunner23,1
booming,1
boomitra,1
booster's,1
bootcamp,1
border-adjustable,1
borger,1
borgetti,1
borland,1
bornes,1
borowiecki,1
borowik,1
borrero,1
borrower-paid,1
borrowi,1
borsa,1
borussia,1
bosch-mahle,1
bose's,1
bose-turns-up-the-volume-on-digital-customer-experiences-with-salesforce-301517331.html,1
bossier,1
bostrom,1
bota-vec,1
botaretigene,1
bottleneck,1
bottlersfranchiserightsmember,1
bottlingoperationsinafricamember,1
bottomed,1
bottoms-up,1
botts,1
botwinick,1
boughman,1
boundless,1
bountiful,1
bousbib,1
boutiques,1
bovbjerg,1
bow,1
bowie,1
bowles,1
box-free,1
box-office,1
boxboat,1
boy,1
boycotting,1
boyega,1
bozic,1
bp4,1
bp9,1
bpc,1
bpea,1
bpet,1
bpn,1
br0,1
bra,1
brace,1
braced,1
bracket,1
bracketed,1
brackets,1
brackish,1
braden,1
bradshai,1
bradshaw,1
bradyarrhythmias,1
brains,1
brainstorm,1
brainstorming,1
branch-,1
branch-centric,1
branch2,1
branchless,1
brand-average,1
branded-cards,1
brandon.vandyke,1
bration,1
bratton,1
brauer,1
braunstein,1
braveheart,1
brawny,1
brazin,1
brb,1
brca-positive,1
brea,1
breach-related,1
breakouts,1
breakroom,1
breastfeeding,1
breath,1
breathability,1
breathable,1
brederode,1
brederode-1,1
breeding,1
breezy,1
breloff,1
breonna,1
bres,1
brevity,1
brew,1
brewed,1
brewers,1
brhc10028249_ex99-1.htm,1
bri,1
brian's,1
bricking,1
brides,1
bridge-linked,1
bridgebio,1
bridgebio's,1
bridgeline,1
bridgespan,1
bridgette,1
brigadier,1
brightly,1
brightwell,1
brij,1
brilliance,1
brilliantly,1
bring-up,1
brink,1
brinks,1
brisa,1
brisk,1
brittain,1
brittle,1
bro,1
broad-,1
broadband-enabled,1
broadbell,1
broadhurst,1
broadly-,1
broadridge.com,1
brock,1
brockton,1
broker-originated,1
brolin,1
bromley,1
brooke.buchanan,1
brookstone,1
brosnan,1
browne,1
brownfield,1
bruins,1
brunello,1
brushing,1
bryce,1
brzezinski,1
bs0,1
bs1,1
bs9,1
bsalles,1
bsam,1
bsb,1
bsquare,1
bto,1
btr,1
bu5,1
bubal-eup,1
bubba,1
buchanan,1
bucharest,1
bucket,1
buckle,1
bucryus,1
bucyrus-related,1
bud,1
budget-deficit,1
bueno,1
buffalo,1
buffett,1
buick,1
build-buy-partner,1
buildable,1
building's,1
building-related,1
buildingmember,1
bulb-lit,1
bulkhead,1
bulls,1
bump,1
bund,1
bundesobligationen,1
bundeswehr,1
bunds,1
bunheads,1
buniak,1
bunker,1
buoyancy,1
buoyed,1
buoys,1
buprenorphine,1
burial,1
buried,1
burlington,1
burma,1
burnout,1
buro,1
burrell,1
bursary,1
burson,1
burundi,1
busby,1
bushel,1
busi,1
business-,1
business--three,1
business-centric,1
business-marketing,1
business-minded,1
business-only,1
business-oriented,1
business-ready,1
business-regulation,1
business-skills,1
business-value,1
business.the,1
business1,1
businessnetwork,1
businessperson,1
bust-out,1
busting,1
butaney,1
butantan,1
butte,1
butterfield,1
butterfly,1
buttermilk,1
buttoned,1
buy-and-bill,1
buy-backs,1
buy-outs,1
buycrus,1
buyer's,1
bv3,1
bw1,1
bx9,1
by-,1
by-product,1
by1,1
by12.4,1
by13.6,1
by20,1
by7,1
by______________________,1
by_____________________________,1
bye-law,1
bye-laws,1
byna,1
bynder,1
byo,1
byol,1
bz,1
c$1.028,1
c$1.2500,1
c$1.4034,1
c$103.60,1
c$11.2,1
c$2.2,1
c$21,1
c$21.52,1
c$3,1
c$36,1
c$433,1
c$50,1
c$6,1
c$7.1,1
c$900,1
c-,1
c-3,1
c-4,1
c-5,1
c-6,1
c-7,1
c-cation,1
c-crest,1
c-level,1
c-span,1
c.2,1
c.5,1
c.7,1
c.h,1
c13d,1
c212.net,1
c360,1
c3g,1
c3i,1
c59863_ex99-1.htm,1
c5a,1
c5ar,1
c5d,1
c5l2,1
c5n,1
c63360_ex99-1.htm,1
c66340_ex99.htm,1
c6gn,1
c71941_ex3-ii.htm,1
c71941_ex99-1.htm,1
c76240_ex99.htm,1
c81055_ex99-1.htm,1
c84042_ex5-1.htm,1
c86220_ex99-1.htm,1
c86220_ex99-2.htm,1
c88257_ex10-1.htm,1
c88257_ex10-2.htm,1
c9,1
c90015_ex99-1.htm,1
c91763_ex99-1.htm,1
c91763_ex99-2.htm,1
c919,1
ca$21,1
ca-27,1
ca231118,1
ca231214,1
ca231346,1
ca231637,1
ca23429,1
ca7,1
caa1,1
caac,1
cab-over,1
cabg,1
cabify,1
cablegram,1
cabs,1
cacao,1
caches,1
cad$575,1
cademenos,1
cadet,1
cadillac,1
caedge,1
caesar-tonga,1
cafe,1
cafes,1
cafeteria,1
caffeine-free,1
cafmo,1
cagny,1
cagr1,1
cagr2,1
cagr3,1
cagr4,1
cagr5,1
cahill,1
cai,1
caillec,1
cairo,1
cake,1
cal-train,1
calado,1
calamities,1
calamore,1
calbio,1
calculatrice,1
caleb,1
caledonian,1
calendar-driven,1
calgem,1
callability,1
callie,1
calling's,1
callisto,1
calls...coverage,1
calogero,1
caluwe,1
calyx,1
cambodiabottlingoperationsmember,1
cambridge's,1
camcorder,1
camcorders,1
camelia,1
camelina-derived,1
camera-only,1
camille,1
camo,1
camouflaging,1
camp-themed,1
campagne,1
campagnes,1
campaign's,1
campari,1
camper,1
camperdown,1
campers,1
campfire-like,1
cams,1
camuto,1
canada-selects-boeings-p-8a-poseidon-as-its-multi-mission-aircraft-302002426.html,1
canadien,1
canadienne,1
canan,1
canary's,1
cancida,1
candidacies,1
candidat,1
candidats,1
candidature,1
canga,1
cange,1
canique,1
canned,1
cannibalized,1
cannon,1
canonical,1
canva,1
canvases,1
cap.32,1
cap.571,1
capacitymember,1
capcom,1
capeheart,1
capi,1
capital-backed,1
capital-reducing,1
capital1,1
capital2,1
capital5,1
capitaladditionsmember,1
capitaliq,1
capitalists,1
capitaliz,1
capitalrelatedgrantfederalmember,1
capitalrelatedgrantforeignmember,1
capitalrelatedgrantmember,1
capitalrelatedgrantstatemember,1
capitals,1
capline,1
cappuccino,1
capstone,1
capway,1
car.software,1
caravana,1
carbide,1
carbon-based,1
carbon-cost,1
carbon-fiber,1
carbon-intensive,1
carbon-related,1
carbonates,1
carboncapture,1
carboncure,1
carbonpoint,1
card's,1
card-acceptance,1
card-in-hand,1
card-program,1
card-to-card,1
card1,1
cardholder-level,1
cardio,1
cardiologists,1
cardiovascular-renal,1
cardmember-related,1
cardoso,1
care.com,1
careem,1
career-connected,1
career-defining,1
career-focused,1
career-long,1
career-oriented,1
career-readiness,1
career-ready,1
careers.html,1
carelessly,1
cargolux,1
cargos,1
cariad.technology,1
caribou,1
caricature,1
carla,1
carleigh,1
carli,1
carload,1
carmax,1
carmelo,1
carnival's,1
carport,1
carrion,1
carro,1
carryingreportedamountfairvaluedisclosuremember,1
carson,1
carsten,1
carstens,1
carta,1
carte,1
carto,1
carve,1
carve-outs,1
cascade's,1
cascades,1
cascal,1
casdin,1
cased,1
caseload,1
casero,1
caseworkers,1
caseys-delivers-more-personalized-customer-experiences-with-salesforce-301703818.html,1
cash-and-carry,1
cash-equivalent,1
cash-for-stock,1
cash-free,1
cash-n-carry,1
cash-only,1
cash-u.s,1
cash-unfavorable,1
cashandcashequivalentsatcarryingvalue,1
cashcashequivalentsandshortterminvestments,1
cashcashequivalentsrestrictedcashandrestrictedcashequivalents,1
cashcashequivalentsrestrictedcashandrestrictedcashequivalentsperiodincreasedecreaseincludingexchangerateeffect,1
cashequivalentsmember,1
cashflowtool,1
cashout,1
casse-cro,1
cassidee,1
cassidy,1
cassiterite,1
caste,1
castillo,1
castleman,1
castlight,1
castration-,1
castro-wright,1
casts,1
casualties,1
casy,1
catalano,1
catalogue,1
cataloguing,1
catalyst's,1
catalyzed,1
catch-22,1
cate,1
cated,1
category-,1
category-defining,1
category-specific,1
caterpillar-2021-diversity--inclusion-report-highlights-progress-with-growth-in-diverse-populations-301546962.html,1
caterpillar-acquires-carbonpoint-solutions-301373323.html,1
caterpillar-acquires-tangent-energy-solutions-301540920.html,1
caterpillar-acquires-weir-oil--gas-launches-spm-oil--gas-301220011.html,1
caterpillar-again-named-to-dow-jones-sustainability-indices-301428100.html,1
caterpillar-and-certarus-sign-memorandum-of-understanding-to-explore-lower-carbon-energy-solutions-301276991.html,1
caterpillar-and-the-caterpillar-foundation-donate-additional-3-4-million-in-covid-19-relief-301286251.html,1
caterpillar-and-the-national-hockey-league-announce-multiyear-global-sponsorship-301569176.html,1
caterpillar-announces-appointment-of-two-new-independent-directors-301736568.html,1
caterpillar-announces-board-of-directors-changes-301270618.html,1
caterpillar-announces-collaboration-with-luck-stone-to-scale-autonomous-solutions-to-the-aggregates-industry-301704147.html,1
caterpillar-announces-executive-officer-retirement-301857374.html,1
caterpillar-announces-investment-in-lithos-energy-inc-to-further-battery-pack-development-and-manufacturing-301715424.html,1
caterpillar-announces-new-2030-sustainability-goals-and-reports-environmental-social-and-governance-esg-progress-301288710.html,1
caterpillar-announces-virtual-2021-shareholder-meeting-301281359.html,1
caterpillar-announces-virtual-2022-shareholder-meeting-301536402.html,1
caterpillar-announces-virtual-2023-shareholder-meeting-301816038.html,1
caterpillar-appoints-chief-operating-officer-301957438.html,1
caterpillar-appoints-new-energy--transportation-group-president-302016007.html,1
caterpillar-at-construction-on-the-national-mall,1
caterpillar-bnsf-and-chevron-agree-to-pursue-hydrogen-locomotive-demonstration-301444199.html,1
caterpillar-ceo-jim-umpleby-to-participate-in-a-fireside-chat-at-conexpo-hosted-by-goldman-sachs-301763414.html,1
caterpillar-ceo-to-participate-at-bernsteins-virtual-37th-annual-conference-on-june-2-webcast-available-301295008.html,1
caterpillar-cfo-andrew-bonfield-to-participate-at-15th-annual-evercore-isi-industrial-conference-301759461.html,1
caterpillar-cfo-to-participate-at-evercore-isi-industrial-conference-2021-on-march-2-webcast-available-301228945.html,1
caterpillar-chairman--ceo-jim-umpleby-to-participate-in-a-fireside-chat-at-bernsteins-39th-annual-conference-301828360.html,1
caterpillar-chairman--ceo-to-participate-at-bernsteins-38th-annual-conference-301553936.html,1
caterpillar-expands-construction-industries-portfolio-with-four-battery-electric-machines-301640250.html,1
caterpillar-foundation-donation-creates-first-african-american-innovation-entrepreneurship-curator-with-smithsonians-national-museum-of-african-american-history-and-culture-301417585.html,1
caterpillar-group-president-denise-johnson-to-participate-at-minexpo-on-september-15-webcast-available-301367240.html,1
caterpillar-highlights-progress-on-esg-and-strategy-execution-in-company-reports-301812416.html,1
caterpillar-highlights-services-and-energy-transition-growth-opportunities-at-2022-investor-day-301548959.html,1
caterpillar-highlights-services-technology-and-sustainability-at-2023-conexpo-conagg-301771506.html,1
caterpillar-inc-increases-dividend-301309152.html,1
caterpillar-inc-increases-dividend-301564078.html,1
caterpillar-inc-increases-dividend-301850863.html,1
caterpillar-inc-june,1
caterpillar-inc-june-2021,1
caterpillar-inc-maintains-dividend-301268914.html,1
caterpillar-inc-maintains-dividend-301399358.html,1
caterpillar-inc-maintains-dividend-301440363.html,1
caterpillar-inc-maintains-dividend-301524838.html,1
caterpillar-inc-maintains-dividend-301647492.html,1
caterpillar-inc-maintains-dividend-301703226.html,1
caterpillar-inc-maintains-dividend-301795593.html,1
caterpillar-inc-maintains-dividend-301953681.html,1
caterpillar-inc-maintains-dividend-302014228.html,1
caterpillar-inc-to-announce-first-quarter-2021-financial-results-on-april-29-301269853.html,1
caterpillar-inc-to-announce-first-quarter-2022-financial-results-on-april-28-301525746.html,1
caterpillar-inc-to-announce-first-quarter-2023-financial-results-on-april-27-301796642.html,1
caterpillar-inc-to-announce-fourth-quarter-and-full-year-2020-financial-results-on-january-29-301209320.html,1
caterpillar-inc-to-announce-fourth-quarter-and-full-year-2021-financial-results-on-january-28-301461238.html,1
caterpillar-inc-to-announce-fourth-quarter-and-full-year-2022-financial-results-on-january-31-301723356.html,1
caterpillar-inc-to-announce-second-quarter-2021-financial-results-on-july-30-301335581.html,1
caterpillar-inc-to-announce-second-quarter-2022-financial-results-on-august-2-301589072.html,1
caterpillar-inc-to-announce-second-quarter-2023-financial-results-on-aug-1-301879554.html,1
caterpillar-inc-to-announce-third-quarter-2021-financial-results-on-october-28-301400366.html,1
caterpillar-inc-to-announce-third-quarter-2022-financial-results-on-october-27-301648521.html,1
caterpillar-inc-to-announce-third-quarter-2023-financial-results-on-oct-31-301958849.html,1
caterpillar-is-showcasing-products-and-services-that-help-build-americas-infrastructure-on-the-national-mall-301823204.html,1
caterpillar-june,1
caterpillar-launches-bigger-more-competitive-global-operator-challenge-301483724.html,1
caterpillar-names-first-chief-sustainability--strategy-officer-and-will-enhance-climate-related-disclosures-301401193.html,1
caterpillar-names-new-chief-sustainability--strategy-officer-301956441.html,1
caterpillar-names-new-chief-sustainability-officer-301707706.html,1
caterpillar-raises-record-14-8-million-in-united-way-campaign-301951034.html,1
caterpillar-reports-first-quarter-2021-results-301279971.html,1
caterpillar-reports-fourth-quarter-and-full-year-2020-results-301217987.html,1
caterpillar-reports-fourth-quarter-and-full-year-2021-results-301470543.html,1
caterpillar-successfully-demonstrates-first-battery-electric-large-mining-truck-and-invests-in-sustainable-proving-ground-301685087.html,1
caterpillar-successfully-demonstrates-to-newmont-its-expanding-portfolio-of-sustainable-underground-solutions-and-technologies-302018174.html,1
caterpillar-to-expand-hydrogen-powered-solutions-to-customers-301367435.html,1
caterpillar-to-launch-demonstration-project-using-hydrogen-fuel-cell-technology-for-backup-power-at-microsoft-data-center-301429877.html,1
caterpillar-to-launch-demonstration-project-using-hydrogen-fueled-combined-heat-and-power-system-301557844.html,1
caterpillar-to-offer-video-webcast-of-2022-investor-day-301538385.html,1
caterpillar-to-relocate-global-headquarters-to-dallas-fort-worth-area-301567753.html,1
caterpillar-to-showcase-sustainability-safety-and-the-future-of-mining-at-minexpo-2021-301375462.html,1
caterpillar-to-showcase-technology-autonomy-and-sustainability-at-ces-2023-301714583.html,1
caterpillar-to-sponsor-major-league-soccer-301555870.html,1
caterpillar-to-supply-locomotives-to-union-pacific-railroad-supporting-investment-in-worlds-largest-battery-electric-locomotive-fleet-301470905.html,1
caterpillar-updates-enterprise-strategy-with-focus-on-sustainability-reports-one-year-progress-on-2030-sustainability-goals-301545046.html,1
cathepsin-k,1
catheter-based,1
catholic,1
catlett,1
catro,1
caught-between,1
caught-in,1
cavadas,1
cavero,1
cavu,1
cazenove,1
cb's,1
cb-equivalent,1
cb3,1
cbdc,1
cbdcs,1
cbr,1
cbr-8,1
cbre,1
cbsas,1
cc6,1
ccaas,1
ccar.htm,1
ccbadomain,1
ccbc's,1
ccbj,1
ccbsi,1
ccc-,1
cccc,1
cccimember,1
cceagmember,1
ccfl,1
cch,1
cchan20,1
ccl,1
cco,1
ccoonnssuullttiinngg,1
ccrmember,1
ccs,1
cctv,1
ccus,1
ccxi,1
cd38,1
cd59,1
cda,1
cdb,1
cdf,1
cdfi,1
cdfis,1
cdk,1
cdn$11.2,1
cdn$2.2,1
cdn$21.52,1
cdn$7.1,1
cdo-squared,1
cdp7851,1
ce4,1
ce4100,1
ceasar,1
cec,1
cecil,1
cedars-sinai,1
celine,1
cell-associated,1
cell-phone,1
cellfie,1
cellscience,1
cellulosic,1
celona,1
celtics,1
cember,1
cementing,1
censured,1
censuswide,1
centauro,1
cente,1
centennial,1
center-as-a-service,1
center-focused,1
center-related,1
centerville,1
centivo,1
centoni's,1
centrale,1
centrally-defined,1
centrally-located,1
centrally-provided,1
centro,1
century-old,1
ceo-designee,1
ceo-led,1
cepeda,1
ceremonies,1
certaine,1
certares,1
certarus,1
certiain,1
certificates.fullreport.061812.pdf,1
certification-aligned,1
cerutti,1
cesar,1
cet11,1
cet12,1
cet15,1
cev,1
ceva,1
cew.georgetown.edu,1
cf1,1
cfd,1
cfda,1
cfius,1
cfo_survey,1
cfpb's,1
cfs,1
cfsinnovation,1
cfsinnovation.com,1
cfw-guest,1
cfw-neighborhood,1
cgmps,1
cgnc,1
cgr,1
ch-4056,1
cha,1
chacon,1
chaffin,1
chai,1
chainsaw,1
chaiti,1
chaiti.sen,1
chalcogenide,1
chaleureux,1
chalk,1
chamber's,1
chamberlain,1
chambliss,1
chamfered,1
chanbond's,1
chancellor,1
chanel,1
change-of-control,1
change3,1
changeable,1
changeants,1
changements,1
changers,1
channel-led,1
channel1,1
chantilly,1
chantlings,1
chapel,1
character.ai,1
charbroil,1
charge-,1
charge-offs1,1
charge-offs2,1
charge-offs3,1
chargent,1
charles.w.kauffman2,1
charlie's,1
charming,1
charni,1
charred,1
chartering,1
chase-bank,1
chase-hosted,1
chase-mayfield,1
chase-originated,1
chase-sponsored,1
chasers,1
chatroom,1
chattanooga,1
chattem,1
chatter.com,1
chaude,1
chawla,1
chazz,1
chd,1
che,1
chebbak,1
chec,1
check-the-box,1
check3,1
checkbook.io,1
checkout.com,1
checkup,1
cheddar,1
chedule,1
cheering,1
chelle,1
chellhase,1
chelonn,1
chelsea.hamilton,1
chement,1
chemically,1
chemo,1
chemoattractant,1
chemokine,1
chemoradiotherapy,1
chemotherapy-free,1
cher,1
cherish,1
chesapeake,1
chesterfield,1
chevet,1
chevr,1
chevro,1
chevron-caterpillar-announce-collaboration-agreement-on-hydrogen-301371742.html,1
chevy,1
cheyenne,1
chi's,1
chi-raq,1
chibuzo,1
chicago-based,1
chicagoland,1
chiefly,1
chihuido,1
childbearing,1
childcare-support,1
chile-based,1
chilosi,1
chim,1
chimeric,1
chin,1
china-airlines-announces-order-for-eight-787-dreamliners-at-paris-air-show-301855106.html,1
chinabottlingoperationmember,1
chinaincludinghongkongmember,1
chinooks,1
chip's,1
chir,1
chirag-gunashli,1
chissement,1
chivas,1
chlorhexidine,1
chlorine,1
chocolat,1
chocolate,1
choisis,1
choisissant,1
chop,1
choppier,1
choppiness,1
chord,1
choreography,1
chosewood,1
chou,1
chow,1
chp,1
chq,1
christ,1
christen,1
christensen,1
christina.robertson,1
christophe,1
christus,1
chroma,1
chromat,1
chromosome,1
chros,1
chubu,1
chuo-ku,1
churchill,1
ciaa,1
cialit,1
ciasp,1
cibc,1
cidabondsmember,1
cifg,1
cilium,1
cilta-cel,1
cimb,1
cin,1
cin1,1
cinema-grade,1
cioffi,1
cips,1
circa,1
circo,1
circus,1
cirri,1
cisco--mobile-world-congress-showcasing-simple-and-secure-wireless-experiences-to-help-businesses-connect-more-people-and-things-301756203.html,1
cisco-advances-the-hybrid-work-experience-with-audio-and-interoperability-innovations-301734112.html,1
cisco-and-att-join-forces-to-help-businesses-expand-connectivity-for-a-growing-mobile-first-workforce-301844223.html,1
cisco-and-bang--olufsen-unveil-new-wireless-earbuds-for-secure-hybrid-work-301966058.html,1
cisco-and-bank-of-america-securities-to-host-internet-for-the-future-tech-talk-301742634.html,1
cisco-and-credit-suisse-to-host-a-tech-talk-on-ciscos-security-business-301798036.html,1
cisco-and-nutanix-forge-global-strategic-partnership-to-simplify-hybrid-multicloud-and-fuel-business-transformation-301911584.html,1
cisco-and-the-tribeca-festival-partner-to-broadcast-the-2023-closing-gala-of-a-bronx-tale-301853022.html,1
cisco-announces-december-2022-events-with-the-financial-community-301686516.html,1
cisco-announces-december-2023-event-with-the-financial-community-301995351.html,1
cisco-announces-june-2023-event-with-the-financial-community-301840658.html,1
cisco-announces-march-2023-event-with-the-financial-community-301758373.html,1
cisco-announces-november-2022-event-with-the-financial-community-301668233.html,1
cisco-announces-november-2023-event-with-the-financial-community-301975111.html,1
cisco-announces-september-2023-events-with-the-financial-community-301913140.html,1
cisco-announces-sovereign-controls-for-webex-european-customers-together-with-eviden-and-deutsche-telekom-301953238.html,1
cisco-app-attention-index-reveals-consumer-fury-as-brands-fail-to-deliver-seamless-digital-experiences-301994924.html,1
cisco-appdynamics-launches-business-transaction-insights-in-appdynamics-cloud-for-observability-of-cloud-native-applications-on-aws-301689363.html,1
cisco-appoints-dan-schulman-to-board-of-directors-301952775.html,1
cisco-appoints-oliver-tuszik-as-new-europe-middle-east-and-africa-president-301892688.html,1
cisco-appoints-sarah-rae-murphy-to-its-board-of-directors-301611916.html,1
cisco-connects-and-protects-with-new-cloud-tools-across-networking-security-and-operations-to-provide-greater-visibility-and-control-over-networks-301740218.html,1
cisco-declares-quarterly-cash-dividend-301611138.html,1
cisco-declares-quarterly-cash-dividend-301697673.html,1
cisco-doubles-down-on-frictionless-security-to-protect-hybrid-work-and-multi-cloud-environments-301740207.html,1
cisco-doubles-down-on-network-assurance-with-aws-301998658.html,1
cisco-enhances-partner-program-to-drive-partner-differentiation-and-profitability-301980056.html,1
cisco-equips-partners-to-own-new-opportunities-through-programs-and-innovation-introduced-at-27th-annual-cisco-partner-summit-301662894.html,1
cisco-exceeds-goal-to-positively-impact-one-billion-people-302006929.html,1
cisco-introduces-six-new-partner-solution-specializations-to-meet-customer-demands-301662884.html,1
cisco-launches-full-stack-observability-platform-301843725.html,1
cisco-launches-meraki-5g-gateways-with-t-mobile-to-deliver-simple-and-scalable-business-internet-301756206.html,1
cisco-launches-new-business-performance-insight-and-visibility-for-modern-applications-on-aws-301998458.html,1
cisco-launches-new-research-highlighting-seismic-gap-in-companies-preparedness-for-ai-301986858.html,1
cisco-named-a-visionary-in-the-2023-gartner-magic-quadrant-for-communications-platform-as-a-service-cpaas-301934063.html,1
cisco-named-an-official-technology-partner-of-the-new-england-patriots-301946991.html,1
cisco-partners-with-nvidia-to-unleash-the-power-of-hybrid-workspaces-301967511.html,1
cisco-powers-unrivaled-hybrid-work-experiences-with-purpose-built-ai-innovations-in-webex-301783330.html,1
cisco-proprietary,1
cisco-redefines-cybersecurity-defense-with-powerful-portfolio-wide-artificial-intelligence-capabilities-302006751.html,1
cisco-reports-first-quarter-earnings-301680668.html,1
cisco-reports-first-quarter-earnings-301989704.html,1
cisco-reports-fourth-quarter-and-fiscal-year-2022-earnings-301607968.html,1
cisco-reports-fourth-quarter-and-fiscal-year-2023-earnings-301902895.html,1
cisco-reports-second-quarter-earnings-301748045.html,1
cisco-reports-third-quarter-earnings-301827742.html,1
cisco-schedules-conference-call-for-q1-fiscal-year-2023-financial-results-301665067.html,1
cisco-schedules-conference-call-for-q1-fiscal-year-2024-financial-results-301973558.html,1
cisco-schedules-conference-call-for-q2-fiscal-year-2023-financial-results-301730669.html,1
cisco-schedules-conference-call-for-q3-fiscal-year-2023-financial-results-301813374.html,1
cisco-schedules-conference-call-for-q4-and-fiscal-year-2023-financial-results-301888453.html,1
cisco-secure-application-delivers-business-risk-observability-for-cloud-native-applications-301923963.html,1
cisco-showcases-latest-innovations-to-secure-organizations-wherever-work-happens-301664240.html,1
cisco-showcases-new-product-innovations-centered-around-ai-security-and-observability-at-the-28th-annual-cisco-partner-summit-301979723.html,1
cisco-showcases-vision-to-simplify-networking-and-securely-connect-the-world-301843693.html,1
cisco-shows-breakthrough-innovation-towards-ai-first-security-cloud-301843863.html,1
cisco-simplifies-product-category-and-customer-market-reporting-301948941.html,1
cisco-survey-reveals-as-consumers-shift-towards-a-smarter-digital-life-reliability-security-and-sustainability-emerge-as-key-needs-301877369.html,1
cisco-to-acquire-isovalent-to-define-the-future-of-multicloud-networking-and-security-302021005.html,1
cisco-to-acquire-splunk-to-help-make-organizations-more-secure-and-resilient-in-an-ai-powered-world-301934777.html,1
cisco-to-host-2022-virtual-annual-meeting-of-stockholders-301691100.html,1
cisco-to-host-2023-virtual-annual-meeting-of-stockholders-301998297.html,1
cisco-to-host-technology-strategy-investor-briefing-301840244.html,1
cisco-to-train-10-million-people-with-digital-skills-over-10-years-across-emea-301740370.html,1
cisco-transforms-crisis-to-control-with-new-automated-ransomware-recovery-301890317.html,1
cisco-unveils-new-solution-to-rapidly-detect-advanced-cyber-threats-and-automate-response-301805174.html,1
cisco-unveils-next-gen-solutions-that-empower-security-and-productivity-with-generative-ai-301844934.html,1
cisco-unveils-webex-ai-strategy-at-webexone-301967407.html,1
cisco4ukraine,1
cision,1
citadel,1
citco,1
citi's,1
citibank's,1
citiholdings,1
citiinsurance,1
citn-09,1
city-driving,1
city-of-fort-worth-partners-with-cisco-to-promote-digital-inclusion-in-under-connected-neighborhoods-301606165.html,1
civ,1
civics,1
civilized,1
cj9,1
cjwkcajwskqobhbpeiwalrrqiaacj7kcyclx31rei_ar6oqwxck3ztirp9osdgwlmmopcf4mveey9bocmpuqavd_bwe,1
ck6,1
ckd-mbd,1
ckhammar,1
cla,1
claims-including,1
clairement,1
clairmd,1
clamav,1
clarient,1
clarksville,1
class-by-class,1
classroom-based,1
classwide,1
claude,1
clc,1
clea,1
clean-tech,1
cleanse,1
clearwater,1
cleary,1
cleated,1
clemente,1
clements,1
clever,1
cleverly,1
click-through,1
click-to-cash,1
click-to-code,1
clickbait,1
clicked,1
clickstream,1
clie,1
client-credit,1
client-oriented,1
client-owned,1
client-relationship,1
client-segment,1
clientcomputinggroupmember,1
clientele,1
clienteling,1
clients.these,1
clifford,1
climate-change,1
climate-compatible,1
climate-positive,1
climbed,1
clingan,1
clinique,1
clint,1
clint.sabin,1
clinton,1
clipper,1
cliquez,1
clns,1
cloak,1
clorox's,1
close-up,1
closed-out,1
clothe,1
clothes,1
cloud-,1
cloud-application,1
cloud-connected,1
cloud-enabling,1
cloud-manage,1
cloud-networking,1
cloud-optimized,1
cloud-scale,1
cloud.redhat.com,1
cloudability,1
cloudamize,1
cloudera's,1
cloudfabrix,1
cloudigo,1
cloudpak,1
cloudpaks,1
cloudreach,1
cloupia,1
clover,1
cloverly,1
clovertrail,1
cls,1
clt,1
cltv3,1
clude,1
clueless,1
clustering,1
cmaa,1
cmcsk,1
cmma,1
cmmb,1
cmmf,1
cms's,1
cmtelematics.com,1
cmtss,1
cmulloy,1
cnbc.com,1
cncr.10541,1
cnda,1
cns,1
cnsp,1
cnto3,1
co-advisor,1
co-author,1
co-ceos,1
co-chairperson,1
co-created,1
co-creator,1
co-declaratory,1
co-design,1
co-designed,1
co-designing,1
co-director,1
co-execute,1
co-executive-in-residence,1
co-founders,1
co-founding,1
co-headquartered,1
co-host,1
co-innovate,1
co-innovation,1
co-legislators,1
co-located,1
co-mvp,1
co-obligor,1
co-occurring,1
co-operate,1
co-partner,1
co-passengers,1
co-pending,1
co-presidents,1
co-principal,1
co-produced,1
co-published,1
co-registrars,1
co-resident,1
co-sanctions,1
co-sellers,1
co-worker,1
co2.com,1
co2e,1
coached,1
coadministered,1
coalition's,1
coat,1
cobalt,1
cobbs,1
coblp,1
coc,1
coca-cola-to-acquire-costa,1
cocacolaenterprisesincmember,1
cochlear,1
cocktail,1
cocreator,1
cod,1
coda,1
code-editing,1
code-switch,1
code.org,1
coded,1
codegen,1
codenamed,1
codepath,1
codeshare,1
codestar,1
codet5,1
codetf,1
codify,1
codifying,1
codina,1
codms,1
cods,1
coexist,1
coffeehouse-style,1
coffield,1
cofi,1
cofield,1
cofounding,1
cogmd,1
cognea,1
cognitively,1
cogs,1
coh,1
coherence,1
coherence-based,1
coherex,1
cohesity,1
cohesity's,1
cohosts,1
coi,1
coinbase,1
coincidence,1
coined,1
colacompany.com,1
colao,1
coldest,1
coles,1
colgan,1
collabor,1
collaborator,1
collatera,1
collateralizes,1
collecte,1
collectibles,1
collectively-set,1
collector,1
collegial,1
colley,1
collier,1
collierville,1
colludi,1
collusively,1
colocated,1
colonel,1
color-block,1
color-led,1
colorably,1
colored,1
colossal,1
coltan,1
columbite-tantalite,1
columbo,1
comac,1
combats,1
combined-loan-to-value,1
combust,1
combustible,1
combustor,1
comco,1
comdensed,1
comedian,1
comercio,1
comicstaan,1
comm'n,1
commandant,1
commande,1
commend,1
commendable,1
commerce's,1
commerce-cloud,1
commercial-grade,1
commercial-market-outlook,1
commercialpapermember,1
commissione,1
commn,1
commnet,1
commodities-based,1
commodity-based,1
commodity-cost,1
commodity-driven,1
commodity-producing,1
common4,1
commonalities,1
commonstockincludingadditionalpaidincapitalmember,1
commonstocksincludingadditionalpaidincapital,1
commonwealths,1
communal,1
communaut,1
commune,1
communication.presse,1
communications-as-a-service,1
communications-related,1
communiquer,1
communities.the,1
community's,1
community-building,1
community-informed,1
community-oriented,1
commutes,1
comorbidities,1
compa-,1
compactor,1
company-consolidated,1
company-initiated,1
comparabilit,1
compassionate,1
compels,1
compen-,1
compensation2,1
competences,1
competency-based,1
competition's,1
comping,1
compl,1
complacent,1
complainants,1
complement-driven,1
complement-mediated,1
complet,1
complets,1
compliance-ready,1
compliance-related,1
complication,1
compliment,1
compny,1
component-based,1
composting,1
comprehen-sive,1
comprehenive,1
comprehensible,1
comprehension,1
comprehensiveincomenetoftax,1
comprend,1
comprendront,1
comprennent,1
compressor,1
compris,1
compromis,1
comptant,1
compte,1
computacenter,1
compute-,1
compute-hungry,1
computer-,1
computer-security,1
computing-based,1
computing-tabulating-recording-co,1
comstock,1
conatumumab,1
conceal,1
concede,1
concedes,1
conceicao,1
concentr,1
concentrator,1
concentrators,1
conceptualize,1
concession's,1
concessionaires,1
conciergeclaim,1
concise,1
concord,1
concourses,1
cond,1
condemnation,1
condition-based,1
condominium,1
condos,1
conducive,1
conduction,1
condyloma,1
conferring,1
confidentiels,1
config,1
confirmi,1
conflict-complicit,1
conflicts-of-laws,1
confluencia,1
conformant,1
confusing,1
confusingly,1
congestive,1
conglomerate,1
congregation,1
congressman,1
conna,1
conneally,1
connecter,1
connecticut-based,1
connectivities,1
connextions,1
connie,1
connor,1
conocophillips,1
consacrent,1
consacrons,1
conscionability,1
consciously,1
consedine,1
conseil,1
consensually,1
conservatism,1
conservatory,1
consid,1
consignor,1
consignors,1
consob,1
consol,1
console-class,1
console-quality,1
consolidat,1
consolidera,1
consortia,1
constructioninnovation.travelers.com,1
constructioninprogressmember,1
consul,1
consulate,1
consultancies,1
consultant's,1
consulting's,1
consum,1
consumability,1
consumer-confidence,1
consumer-managed,1
consumer-preferred,1
consumer-scale,1
consumer-spending,1
consumer-to-business,1
consumer1,1
consumer3,1
consumerisation,1
consumers-,1
consumers-and,1
consumers-want-more-transparency-on-how-businesses-handle-their-data-new-cisco-survey-shows-301645691.html,1
container-deposit,1
containerizing,1
contemporain,1
contemporaine,1
contemporized,1
contemporizing,1
content-creation,1
content-discovery,1
content-viewing,1
content.tfl.gov.uk,1
context-aided,1
contextualize,1
contextually,1
contiennent,1
contingency-fee,1
continu,1
continuons,1
continuous-context,1
continuting,1
contour,1
contra-cardmember,1
contrac,1
contractually-specified,1
contractwithcustomerliabilitycurrent,1
contractwithcustomerliabilitynoncurrent,1
contradicted,1
contradiction,1
contrail,1
contrails,1
contrasted,1
contre,1
contribuent,1
control-side,1
control.12,1
contusions,1
convenient-to-use,1
converged-enterprise,1
converse's,1
convict,1
conviennent,1
convinces,1
conyers,1
cooked,1
cookie-less,1
cookpad,1
cookstoves,1
cookware,1
coolants,1
coolspeak,1
coop,1
cooperates,1
cooperatively,1
coordinator,1
coordonn,1
cop,1
cop26,1
cop28,1
copilot-powered,1
coping,1
copy-on-read,1
copyleft,1
copyright-protected,1
coraz,1
corbett,1
cords,1
core2,1
coreoptics,1
cormac,1
cormier,1
corolla,1
corp.'s,1
corporate-sustainability,1
corporate1,1
corporate2,1
corporatecommunications,1
corporation-related,1
corportation,1
corrected-transcript-visa,1
correctionnel,1
correctol,1
corrects,1
corrina,1
corrobo,1
corrugate,1
cors,1
cort,1
cortana,1
cortisol,1
cortiula,1
corus,1
corvus,1
cosp,1
cost-,1
cost-e,1
cost-focused,1
cost-of-living,1
costacoffee.com,1
coster,1
costley,1
costs2,1
costs5,1
cotino,1
cottrell,1
coty's,1
coughing,1
coughs,1
couleurs,1
counseled,1
counselor,1
counter-claims,1
counter-signing,1
counterclaim-plaintiff,1
counterclaiming,1
counterintuitive,1
counternarcotics,1
countersanctions,1
countersign,1
countersuit,1
country-level,1
couples,1
couponing,1
couric,1
courriel,1
court-southern,1
court-supervised,1
court.3m,1
courtesy,1
couture,1
cov,1
cov-2,1
covanta,1
covcered,1
covd-19,1
covenant.compliance,1
covent,1
covid-,1
covid-impacted,1
covid-leave,1
coworker,1
coworking,1
cp3,1
cpanagio,1
cpc1,1
cpcu,1
cph,1
cplr,1
cpo,1
cpoc,1
cpu-to-device,1
cpu-to-memory,1
cpv,1
cquisition-,1
cr9,1
crackdowns,1
cradle,1
crafting,1
craftsmanship,1
cramped,1
cran,1
crane,1
cranio,1
crashworthiness,1
cravath.com,1
crawling,1
crayola,1
crd4,1
creams,1
creator-centric,1
creator-driven,1
creator-led,1
credential-on-file,1
credentialed,1
credibly,1
credit's,1
credit-card,1
credit-individuals,1
credit-to-cash,1
credit28,1
creditconcentrationriskmember,1
credithero,1
credo-based,1
cree,1
creed's,1
creepy,1
creme,1
cremental,1
creos,1
crerar,1
crim,1
crisis-related,1
crisps,1
cristal,1
crit,1
critic,1
crm-q3fy22xexhibit991.htm,1
crm-q4exhibit991fy2017.htm,1
crm2022,1
crm2023,1
crn's,1
crocs,1
croissance,1
croissant,1
croix-rouge,1
cross-appe,1
cross-architectural,1
cross-category,1
cross-checked,1
cross-cloud,1
cross-collaboration,1
cross-connect,1
cross-country,1
cross-crm,1
cross-cumulation,1
cross-device,1
cross-divisional,1
cross-generational,1
cross-intel,1
cross-licensing,1
cross-network,1
cross-over,1
cross-reactive,1
cross-section,1
cross-subsidization,1
cross-unit,1
cross-vendor,1
crosscurrencyinterestratecontractmember,1
crosscurrents,1
crossdock,1
crossdocking,1
crosses,1
crosstown,1
crowd-based,1
crowd-source,1
crpo,1
crth2,1
cru,1
crucible,1
cruisers,1
crummey,1
crunch,1
crunchy,1
crushable,1
crushing,1
crying,1
crypto-currencies,1
crypto-linked,1
cryptoasset,1
cryptogram,1
cryptograms,1
cryptovision,1
crystallization,1
crystals,1
cs2,1
cs6,1
cs7,1
csddd,1
csel,1
csf,1
csiro,1
cspm,1
csrd,1
css,1
csv,1
ct5,1
ctb,1
ctdi,1
cter,1
cth,1
ctivities,1
ctl,1
ctober,1
ctos,1
cts,1
cty,1
cu2,1
cub,1
cucinelli,1
cuckoo,1
cues,1
cuisines,1
cullen,1
culligan,1
culling,1
culminated,1
cultiba,1
culture-changing,1
cumming,1
cumulativeeffectperiodofadoptionadjustedbalancemember,1
cuong,1
cup2023,1
cupa,1
curating,1
curator,1
curently,1
curiae,1
curiam,1
curities,1
curren,1
curren-,1
currentc,1
currently-planned,1
currents,1
curtin,1
cusick,1
cusips,1
custom-,1
custom-made,1
custome,1
customer-centered,1
customer-centricity,1
customer-controlled,1
customer-donated,1
customer-favorites,1
customer-obsessed,1
customer-requested,1
customer-serving,1
customerconcentrationriskmember,1
customizes,1
cv-2993,1
cv-3003,1
cv0,1
cvds,1
cvr,1
cvrs,1
cw,1
cwa,1
cwim,1
cwm,1
cx6,1
cxaas,1
cxo,1
cy2020,1
cy21,1
cy21-cy25,1
cy22,1
cy23,1
cy24,1
cy25,1
cyber-insurance,1
cyber-intrusion,1
cyber-readiness,1
cyber-risks,1
cyberattaque,1
cyberbrains,1
cybercrime-to-cost-the-world-8-trillion-annually-in-2023,1
cybercriminal,1
cybereason,1
cybermagazine.com,1
cyberrisk,1
cybersecurity-readiness-index,1
cybersecurity-readiness-index-report.pdf,1
cybersecurity-readiness-index.html,1
cybersecurity-reports,1
cybersecurity-resilience-emerges-as-top-priority-as-62-percent-of-companies-say-security-incidents-impacted-business-operations-301696237.html,1
cybersecurityventures.com,1
cybertruth,1
cyclase-activating,1
cycled,1
cyclin-dependent,1
cyclist,1
cyclists,1
cyclone,1
cynosa,1
cynthia.waldmeier,1
cypress,1
cyrus,1
cystic,1
cytokine,1
cytyc,1
d'a,1
d'abord,1
d'acc,1
d'affaires,1
d'amasser,1
d'appr,1
d'autres,1
d'en,1
d'enfants,1
d'ext,1
d'histoire,1
d'ici,1
d'int,1
d'offrir,1
d'organismes,1
d'une,1
d-10,1
d-11,1
d-1700,1
d-1800,1
d-21,1
d-2700,1
d-2800,1
d-e,1
d-orbit,1
d-prostanoid,1
d.10,1
d.5,1
d.6,1
d.7,1
d.b,1
d0385b9f3461fb99bc8584af95a0dd3,1
d1000,1
d103146dex991.htm,1
d103146dex992.htm,1
d11,1
d124536dex41.htm,1
d124536dex42.htm,1
d124536dex43.htm,1
d124536dex44.htm,1
d136354dex11.htm,1
d136354dex41.htm,1
d136354dex42.htm,1
d136354dex43.htm,1
d153729dex991.htm,1
d163364dex991.htm,1
d164707dex51.htm,1
d168744dex991.htm,1
d172606dex991.htm,1
d172606dex992.htm,1
d173702dex991.htm,1
d177964dex991.htm,1
d199884dex11.htm,1
d199884dex41.htm,1
d199884dex51.htm,1
d2000,1
d200100dex991.htm,1
d207130dex51.htm,1
d209946dex11.htm,1
d209946dex41.htm,1
d209946dex51.htm,1
d210748dex42.htm,1
d210748dex43.htm,1
d210748dex44.htm,1
d210748dex51.htm,1
d213858dex11.htm,1
d213858dex42.htm,1
d213858dex51.htm,1
d216884dex991.htm,1
d216884dex992.htm,1
d217055dex991.htm,1
d219346dex991.htm,1
d219346dex992.htm,1
d21951dex991.htm,1
d232740dex51.htm,1
d233827dex991.htm,1
d233992dex991.htm,1
d239488dex991.htm,1
d242205dex991.htm,1
d242205dex992.htm,1
d246647dex991.htm,1
d247231dex991.htm,1
d247231dex992.htm,1
d251268dex101.htm,1
d251268dex102.htm,1
d251268dex103.htm,1
d253675dex991.htm,1
d255697dex101.htm,1
d255697dex102.htm,1
d259993dex32.htm,1
d264830dex99.htm,1
d266515dex101.htm,1
d26798dex991.htm,1
d26798dex992.htm,1
d269880dex51.htm,1
d274478dex32.htm,1
d275986dex101.htm,1
d27843dex991.htm,1
d284105dex41.htm,1
d284105dex42.htm,1
d284105dex43.htm,1
d284105dex44.htm,1
d287503dex991.htm,1
d287503dex992.htm,1
d291508dex41.htm,1
d291508dex81.htm,1
d291508dex82.htm,1
d293337dex5a.htm,1
d294699dex101.htm,1
d294699dex102.htm,1
d294699dex103.htm,1
d299919dex991.htm,1
d2c,1
d3-s4520,1
d3-s4620,1
d309621dex11.htm,1
d309621dex41.htm,1
d309621dex42.htm,1
d309621dex43.htm,1
d318338dex991.htm,1
d322190dex991.htm,1
d322190dex992.htm,1
d32488296e4304-wk-fact-6253d86afb939b5e4d8a30966691b8d2,1
d335499dex991.htm,1
d337382dex991.htm,1
d346710dex51.htm,1
d348450dex11.htm,1
d348450dex41.htm,1
d348450dex51.htm,1
d359217dex11.htm,1
d359217dex41.htm,1
d359217dex42.htm,1
d359217dex43.htm,1
d361432dex991.htm,1
d366128dex101.htm,1
d366128dex32.htm,1
d370065dex991.htm,1
d370065dex992.htm,1
d373368dex991.htm,1
d38968dex991.htm,1
d390659dex11.htm,1
d390659dex41.htm,1
d390659dex42.htm,1
d390659dex43.htm,1
d392908dex991.htm,1
d397755dex991.htm,1
d3en,1
d400465dex991.htm,1
d406070dex991.htm,1
d414605dex991.htm,1
d417697dex991.htm,1
d420303dex31.htm,1
d424593dex11.htm,1
d433368dex11.htm,1
d433368dex41.htm,1
d433368dex51.htm,1
d433368dex52.htm,1
d440879dex5a.htm,1
d441973dex32.htm,1
d445229dex991.htm,1
d447690dex991.htm,1
d449886dex101.htm,1
d460734dex11.htm,1
d460734dex41.htm,1
d460734dex42.htm,1
d460734dex43.htm,1
d464033dex11.htm,1
d464033dex41.htm,1
d464033dex51.htm,1
d468248dex101.htm,1
d468248dex102.htm,1
d470127dex991.htm,1
d472956dex11.htm,1
d472956dex121.htm,1
d472956dex42.htm,1
d472956dex51.htm,1
d476508dex991.htm,1
d5,1
d5-p5316,1
d515253dex51.htm,1
d517008dex11.htm,1
d517008dex42.htm,1
d517008dex43.htm,1
d517008dex51.htm,1
d519402dex31.htm,1
d519402dex41.htm,1
d519402dex42.htm,1
d519402dex51.htm,1
d570922dex991.htm,1
d572435dex991.htm,1
d589297dex101.htm,1
d589297dex102.htm,1
d589297dex21.htm,1
d589297dex991.htm,1
d597061dex991.htm,1
d599354dex31.htm,1
d599354dex991.htm,1
d599354dex992.htm,1
d60848dex42.htm,1
d60848dex43.htm,1
d616272dex991.htm,1
d61844dex81.htm,1
d61844dex82.htm,1
d61844dex83.htm,1
d625081dex231.htm,1
d625081dex991.htm,1
d625081dex992.htm,1
d625081dex993.htm,1
d62777dex11.htm,1
d62777dex51.htm,1
d634727dex101.htm,1
d652898dex991.htm,1
d676913dex11.htm,1
d676913dex12.htm,1
d676913dex41.htm,1
d676913dex42.htm,1
d688459dex31.htm,1
d688459dex41.htm,1
d688459dex42.htm,1
d688459dex51.htm,1
d69055dex44.htm,1
d69055dex45.htm,1
d69055dex51.htm,1
d691715dex31.htm,1
d691715dex41.htm,1
d691715dex42.htm,1
d691715dex51.htm,1
d69223dex991.htm,1
d704619dex99.htm,1
d714944dex991.htm,1
d743720dex991.htm,1
d755429dex101.htm,1
d76122dex21.htm,1
d76122dex991.htm,1
d766717dex231.htm,1
d766717dex991.htm,1
d777737dex991.htm,1
d788341dex51.htm,1
d794346dex991.htm,1
d796627dex991.htm,1
d800214dex1a.htm,1
d800214dex4a.htm,1
d800453dex11.htm,1
d800453dex42.htm,1
d800453dex43.htm,1
d800453dex44.htm,1
d806069dex991.htm,1
d806069dex992.htm,1
d807692dex991.htm,1
d810080dex991.htm,1
d813815dex32.htm,1
d813815dex991.htm,1
d817139dex5a.htm,1
d817506dex991.htm,1
d822038dex991.htm,1
d893789dex11.htm,1
d893789dex42.htm,1
d893789dex51.htm,1
d894000dex11.htm,1
d894000dex42.htm,1
d894000dex51.htm,1
d89910dex99.htm,1
d910758dex991.htm,1
d916954dex101.htm,1
d924162dex991.htm,1
d92463dex32.htm,1
d929769dex11.htm,1
d929769dex42.htm,1
d929769dex43.htm,1
d929769dex44.htm,1
d937363dex11.htm,1
d937363dex41.htm,1
d937363dex51.htm,1
dad,1
daeja,1
dagan,1
dagne,1
dahaad,1
daily-,1
dailylook,1
dailypay,1
dalberg,1
dalila,1
dall-e,1
dallas-based,1
dallas-ft,1
daly,1
dam,1
damage-free,1
damarcus,1
dambisa,1
dampen,1
dan.farber,1
dang,1
daniela,1
danino,1
danmelli,1
danny,1
danville,1
darby,1
dares,1
darfur,1
darktrace,1
darla,1
darretta,1
darryl,1
darunavir-based,1
dasburg,1
dashcams,1
dat,1
data-,1
data-breach,1
data-demanding,1
data-first,1
data-heavy,1
data-informed,1
data-integration,1
data-managed,1
data-note,1
data-notes,1
data-related,1
data-savvy,1
database-related,1
datacenter-centric,1
datacenterandaimember,1
datacentergroupmember,1
datadog,1
datahawk,1
datamax-o,1
dataops,1
dataprotect,1
dataroom,1
datasecurity,1
datasentics,1
datasite,1
daughter,1
dava,1
dave's,1
davis's,1
davison,1
dawn's,1
dawnyel,1
dawson,1
day-after-broadcast,1
day-long,1
day1,1
daycare,1
daydream,1
dayi,1
dayon,1
days-a-week,1
days-long,1
db.reorg,1
dba,1
dbaccess,1
dbsv,1
dc-8,1
dc1,1
dcart,1
dcf,1
dcg's,1
dclng,1
dcm_eea,1
dcp,1
dd-1,1
ddas,1
ddd,1
dddd,1
ddr5,1
de-arching,1
de-certified,1
de-energizing,1
de-identification,1
de-installation,1
de-leveraging,1
de-listing,1
de-registration,1
de-reverberation,1
de-risked,1
de-risks,1
deactivate,1
deadbolt,1
deadloch,1
deadpool,1
deal-making,1
dealer-related,1
dealerpolicy,1
deanship,1
deb,1
debartolo,1
debatable,1
debating,1
debebe,1
debinha,1
debiting,1
deblase,1
debris,1
debt-specific,1
debt-to-total-,1
debt1,1
debt2,1
debt_advisory,1
debtinstrumenteightmember,1
debtinstrumentelevenmember,1
debtinstrumentfortyfourmember,1
debtinstrumentfortyonemember,1
debtinstrumentfortythreemember,1
debtinstrumentfortytwomember,1
debtinstrumentseventeenmember,1
debtinstrumentsixteenmember,1
debtinstrumentthirtythreemember,1
debtinstrumentthirtytwomember,1
debtinstrumenttwelvemember,1
debtor's,1
debugger,1
debugging,1
dec'16,1
dec-10,1
dec-11,1
dec-12,1
dec-13,1
dec-14,1
dec.12,1
deca-billionaires,1
decade-and-a-half,1
decade-high,1
decades-old,1
decals,1
decarbonise,1
decaro,1
decay-preventative,1
deceitful,1
decel,1
decency,1
decentralization,1
decentralize,1
decentro,1
dechambeau,1
decipher,1
decisiveness,1
decitabine,1
decoders,1
decompensation,1
decon-,1
deconsol-idation,1
deconsolid-,1
deconstructing,1
decoupled,1
decrepit,1
decrypting,1
deee0009252,1
deemphasize,1
deeply-integrated,1
deepracer,1
deepsafe,1
deepu,1
dees,1
deese,1
deface,1
defame,1
defamed,1
default-,1
defeasible,1
defectively,1
defendant's,1
defense's,1
defense-related,1
deferability,1
deferredincometaxexpensebenefit,1
deferredincometaxliabilitiesnet,1
deficiency-positive,1
deficient-positive,1
deficit-reducing,1
defies,1
definedbenefitpostretirementhealthcoveragemember,1
definedcrowd,1
deforming,1
deftly,1
degeneres,1
degrader,1
degraders,1
degrasse,1
degroot,1
dehaan,1
dehghan,1
dehiscence,1
dehoff,1
dehydration,1
dehydrogenase,1
deleveraged,1
delevering,1
delevingne,1
delgrosso,1
delicate,1
delighter,1
delightfully,1
delineating,1
delite,1
deliv,1
delivery-from-club,1
delker,1
dellincmember,1
dellpro-300,1
delorefice,1
delores,1
deluca,1
deluge,1
demand-creation,1
demand-side,1
demande,1
demandes,1
demandware's,1
demetrius,1
demeurent,1
demeurer,1
demeurera,1
demilew,1
deming,1
demise,1
demised,1
demna,1
demo,1
democratizing,1
demurrage,1
denatured,1
denigrate,1
denim,1
denison,1
denissov,1
denmark-based,1
denny,1
densely,1
densely-populated,1
dents,1
department's,1
department-specific,1
dependably,1
depersonalized,1
deposit-,1
depository's,1
deposits2,1
deposits3,1
depots,1
depreciationamortizationandother,1
depreta,1
deprioritize,1
depriving,1
dept,1
derails,1
derazantinib,1
deregistration,1
deregulated,1
dermatologists,1
derni,1
dernier,1
derogatory,1
derri,1
derrick,1
derrick.howard,1
descend,1
design-driven,1
design-forward,1
desirous,1
desktopmember,1
desmond-hellmann,1
despega,1
despicable,1
desquamation,1
destrehan,1
destroyer,1
detachables,1
determin,1
detox,1
detractors,1
detrimental-than-in-fact,1
detriments,1
dettmer,1
deutsches,1
deuxi,1
devalua-tion,1
devant,1
developedtechnologyrightsmember,1
developements,1
developer-centric,1
developer-quality,1
developer-rich,1
developer.amazon.com,1
developer.apple.com,1
developer.novopayment.com,1
development-certified,1
developmentfollowing,1
devenir,1
devicefidelity,1
devices2,1
devised,1
devonshire,1
devries,1
devry,1
dex103.htm,1
dex121.htm,1
dex231.htm,1
dex31.htm,1
dex32.htm,1
dex33.htm,1
dex52.htm,1
dex99.htm,1
dex993.htm,1
df3,1
dffhvvleohwkurxjkdqgsrvwhgrqrxu,1
dffrxqwlqj,1
dfherrndqg7zlwwhudvglvwulexwlrqfkdqqhovripdwhuldo,1
dfherrnsdjhdw,1
dg.lm-emea,1
dg.prospectus_requests,1
dgb,1
dh4,1
dhadda,1
dhamane,1
dhavlek,1
dhiren,1
dhl,1
diabetics,1
diagonally,1
diapering,1
diarra,1
diarylquinoline,1
diaz,1
dibilit,1
dicales,1
dicks,1
dicle,1
dicle.pecen,1
dictation,1
didem,1
die-cast,1
diebold,1
diedrich,1
dietrich,1
difficile-associated,1
difficult-to-control,1
diffusion,1
dig,1
digi,1
digital-cooperation-roadmap,1
digital-facing,1
digital-led,1
digital.security,1
digitalized,1
digitally-,1
digitally-centric,1
digitally-connected,1
digitally-enabling,1
digitally-engaged,1
digitally-enhanced,1
digitally-issued,1
digitally-oriented,1
digitally-savvy,1
digitally-transformed,1
digitisation,1
digitsecure,1
digs,1
dilatation,1
dill,1
dilutable,1
dim,1
dimaggio,1
dimensionalize,1
dimensionalizing,1
dimensionally,1
dimensioned,1
dimensioning,1
diminishment,1
dinners,1
dinuba,1
dion,1
diplomacy,1
dips,1
dire,1
direct-mail,1
directacquisition,1
directedge,1
directoire,1
director-class,1
directtv,1
direito,1
disaffiliation,1
disambiguation,1
disappearing,1
disappoint,1
disappointed,1
disarm,1
disaster-ready,1
disastrous,1
disbanded,1
discon-tinued,1
discontented,1
discount-window,1
discountinued,1
discover's,1
discriminated,1
discrimination-related,1
discu,1
discussi,1
diseas,1
disease-mineral,1
disenrollment,1
disent,1
dishonor,1
dishwasher,1
disinvested,1
disks,1
dism,1
dismis,1
disney-abc,1
disneystore.co.jp,1
disneystore.co.uk,1
disparaged,1
disparages,1
dispels,1
dispersal,1
dispersant,1
dispersion,1
disposalgroupsincludingdiscontinuedoperationsnamedomain,1
disposed-of,1
disrespected,1
disrupter,1
disrupters,1
disruption's,1
disrupts,1
dissect,1
dissecting,1
dissenters,1
dissimilar,1
distancedance,1
distancia,1
distill,1
distilled,1
distilling,1
distinctly,1
distraction-free,1
distribuci,1
distribuidora,1
distribut,1
distributer,1
disturbance,1
disturbances,1
disturbing,1
ditching,1
dition,1
diven,1
diverged,1
diversity-and-inclusion,1
diversity-certifying,1
divest-,1
divestiture-driven,1
divestments,1
divests,1
divine,1
divinely,1
diving,1
divtable.com,1
divulge,1
dixon,1
dizziness,1
dj0,1
djusted,1
djustments,1
dk7,1
dl5,1
dlqv,1
dlqvdqg,1
dlr,1
dm.epiq11.com,1
dmms,1
dmo,1
dna-encoded,1
dnepr,1
dns,1
doba,1
dobry,1
doc_financials,1
doche,1
docks,1
doctorate,1
documentdb,1
docusign,1
dodd-,1
doggr,1
doivent,1
doll,1
dollar-roll,1
dollar-weighted,1
dollars-$313,1
dollars2,1
dolleen,1
dolls,1
dom,1
domaines,1
domesticated,1
domesticcountrymember,1
dominate,1
dominguez,1
dominica,1
domp,1
don's,1
donahoe's,1
donateur,1
donation-matching,1
donato,1
donavan,1
donetsk,1
donn,1
donne,1
doorizklfkfdqeh,1
doorstep,1
doorsteps,1
dorai,1
doritos,1
dormakaba,1
dortmund,1
dorval,1
dose-dependent,1
dossiers,1
dot1,1
dotcom,1
doubl,1
double-bind,1
double-down,1
double-dummy,1
double-underlined,1
doubleverify,1
doute,1
douwe,1
douyin,1
dovly,1
dowdupont,1
dowers,1
down-is,1
downfall,1
downing,1
downsizings,1
downwards,1
doyletech,1
dpd,1
dpo,1
dpp-iv,1
dq,1
dqg,1
dqgrxu7zlwwhudffrxqw,1
dqgsuhihuuhgvwrfnglylghge,1
dqqxdouhsruwrq,1
dqrxworrniru,1
dr4,1
dr5,1
drags,1
dragun,1
dramedy,1
drance,1
drapeau,1
dreamed,1
dreaming,1
dreampass,1
dreamplane,1
dreft,1
dressing,1
dressmaker,1
drewe,1
drexler,1
dreyer,1
drg,1
dri,1
dri-f.i.t,1
drift,1
drillships,1
drinker,1
drinkers,1
driscoll,1
driscoll_jennifer,1
drive-ahead,1
drive-forward,1
drive-in,1
driver-assist,1
driver-facing,1
drivers5,1
driversbroadband,1
driversprepaid,1
drivetime.fm,1
drivewell,1
droga,1
dropbox,1
drov,1
drowsiness,1
drowsy,1
drs-enabled,1
druck,1
drucker-mann,1
drug-induced,1
drug-pricing-policy,1
drug-resistant,1
drugapplications,1
drugstoc,1
drumroll,1
dryl-,1
dryness,1
drywall,1
ds8000,1
ds8870,1
ds8900,1
dsarmac,1
dsc,1
dsl-based,1
dst,1
dsu,1
dsus,1
dthum,1
dtl,1
dtls,1
dto,1
dtp,1
dtpw,1
dts,1
dual-,1
dual-badged,1
dual-band,1
dual-camera,1
dual-domain,1
dual-drive,1
dual-primary,1
dual-screen,1
duan,1
duane,1
dub,1
dubai-airshow-2023-boeing-to-showcase-innovations-in-sustainable-aviation-and-its-leading-commercial-defense-and-services-portfolio-301977968.html,1
dubai-based,1
dube,1
duck,1
duckett,1
ducktales,1
duct,1
ducts,1
dudenhoeffer,1
dudley,1
duel,1
duerden,1
duet,1
duff,1
duggan,1
duhamel,1
duit,1
dukouhe,1
dulanermin,1
duluth,1
dumas,1
dunetz,1
dunkard,1
dunne,1
dunstable,1
duo's,1
durables,1
duramed,1
durango,1
durham,1
dusk,1
duster,1
dusters,1
duvall,1
dv5hsruwhgru1hw,1
dva4,1
dvertising,1
dvphdvxuhge,1
dvrs,1
dvwkhhqglqjsrlqw,1
dvwkhvwduwlqjsrlqwdqg$xjxvw,1
dvwkhvwduwlqjsrlqwdqg'hfhpehu,1
dvxsgdwhge,1
dwelling,1
dworkin,1
dwwkhehjlqqlqjdqghqgrihdfkriwkhtxduwhuviruwkhshulrgsuhvhqwhgglylghge,1
dx5,1
dx650,1
dx70,1
dx80,1
dxp,1
dxwrpdwlfdoo,1
dy,1
dy3,1
dydlodeohdwwkh6,1
dyke,1
dylan,1
dynapack,1
dyplasias,1
dysgeusia,1
dysphonia,1
dystrophy,1
dz0,1
e-195,1
e-23,1
e-24,1
e-25,1
e-2d,1
e-42,1
e-8,1
e-biofuels,1
e-businesses,1
e-commerce-articles,1
e-commerce-market-insights,1
e-enabled,1
e-ink,1
e-letters,1
e-money,1
e-poster,1
e-procurement,1
e-ready,1
e-retailers,1
e-series,1
e-sign,1
e-tax,1
e-trade,1
e.10,1
e.on,1
e1.l,1
e11259ex1-1.htm,1
e11259ex4-1.htm,1
e11259ex4-2.htm,1
e11259ex4-3.htm,1
e1910,1
e195-e2,1
e20511_ex1-1.htm,1
e20511_ex1-2.htm,1
e20511_ex99-1.htm,1
e21534_ex99-1.htm,1
e21666_ex99-1.htm,1
e22121_ex99-1.htm,1
e22509_ex3-2.htm,1
e2ee,1
e371956,1
e5-2600,1
e_type,1
ea4,1
eaa,1
eaas,1
eac,1
eadv,1
eagerness,1
eal,1
eal4,1
ealization,1
eams,1
earbuds,1
earlier-generation,1
earlier.the,1
early-august,1
early-onset,1
early-to-mid-stage,1
earn-outs,1
earnest,1
earnings-,1
earnings-4q20,1
earnings-4q22,1
earnings-per-share-percent-decline,1
earnings-per-share-percent-growth,1
earningsq110,1
earningsq111,1
earningsq112,1
earnup,1
earplug,1
earpods,1
ears,1
earthquake-affected,1
ease-of-integration,1
easterseals,1
easures,1
easy-,1
easy-to-access,1
easy-to-attach,1
easy-to-manage,1
easy-to-navigate,1
easy-to-open,1
easy-to-shop,1
easy-to-understand,1
eater,1
eateries,1
eb2b,1
eba,1
ebace,1
ebbinghaus,1
eberle,1
ebi,1
ebitda-based,1
ebitda1$12.2b,1
ebpf,1
ebpf-based,1
ebusiness,1
ec-imposed,1
ec.europa.eu,1
ec12,1
ec2r,1
ec2y,1
ec4m,1
eccmid,1
ecdi,1
ecebs,1
eceivables,1
ecfinemember,1
echo-301,1
echo360,1
echoes,1
ecitals,1
eckert,1
eco-consciousness,1
eco-travel,1
ecoact,1
ecoclic,1
ecofin,1
ecog-acrin,1
ecol,1
ecolab,1
ecole,1
ecological,1
econometric,1
economic-driven,1
economically-developed,1
economically-sensitive,1
economy's,1
economy-driven,1
economy1,1
ecosystem-based,1
ecosystem-enabling,1
ecosystem-wide,1
ecovadis,1
ecredithero,1
ected,1
ective,1
ecu,1
ed's,1
ed.d,1
edas,1
edd,1
edelweiss,1
edge-lit,1
edge-native,1
edge-optimized,1
edge-to-edge,1
edgy,1
edh7,1
edia,1
edifixio,1
edison's,1
edit-to-amplify,1
edits,1
edium-term,1
edk0,1
edmond,1
edmunds.com,1
edoyle,1
edps,1
edr,1
edsff,1
edson,1
edu-tainment,1
eee,1
eeee,1
eements,1
eer,1
eere,1
efendant,1
efer,1
eferral,1
eff,1
effec,1
effectofexchangerateoncashcashequivalentsrestrictedcashandrestrictedcashequivalentsincludingdisposalgroupanddiscontinuedoperations,1
effector,1
effectual,1
effectuation,1
efficacies,1
efficiency-related,1
efficient-core,1
efinopegdutide,1
efran,1
eft,1
efv,1
egalitarian,1
egarding,1
egative,1
egberts,1
egencia,1
egfr-,1
egfr-inhibiting,1
eggers,1
eghirlan,1
eglin,1
egories,1
egrate,1
egration,1
egrrcpa,1
egt8,1
eguide,1
egypt's,1
eh9,1
eharmony,1
ehhunt,1
ehrlich,1
ehuhdgzlwkrxu,1
eid,1
eight-core,1
eight-hole,1
eight-in-10,1
eight-in-ten,1
eight-point,1
eight-well,1
eighteen-month,1
eighth-generation,1
eighty-seven,1
eim,1
ein,1
einstein's,1
eisele,1
eisler,1
eivables,1
ej5,1
ek2,1
ekeledo,1
ekv,1
el0,1
elam,1
elas,1
elastically-scalable,1
elastomers,1
elberg,1
eld-to-maturity,1
eldar,1
eldridge,1
electively,1
electorate,1
electric-,1
electro-mobility,1
electron-beam,1
electrophoretic,1
electrowinning,1
elegant,1
elekta,1
elementary,1
elementscore,1
elemica,1
eless,1
elevator,1
elfin,1
elia,1
elias,1
elicitation,1
eligibilty,1
elijah,1
elik,1
elisabeth,1
elissa,1
eliud,1
elizabeth.bibi,1
elkin,1
ella,1
ellenwood,1
ellin,1
ellipsis,1
ellison,1
ells,1
ellucian,1
ellwanger,1
elm,1
elmfield,1
eloise,1
elongating,1
ely,1
ema-hma,1
emained,1
emand,1
emarss,1
emballage,1
embarcadero,1
embauche,1
embeddable,1
ember,1
embl,1
embodiment,1
embodiments,1
embold,1
embroidery,1
embross,1
emceed,1
emea's,1
emea_syndicate,1
emealoanoperations,1
emeamember,1
emgality,1
emirate,1
emirates-orders-nearly-100-more-boeing-widebody-airplanes-301985923.html,1
emiri,1
emirodatamab,1
emission-free,1
emissions-,1
emmen,1
emmett,1
emmy-winner,1
emoji,1
empathetic,1
empathy,1
emplacement,1
emploi,1
emploie,1
employe,1
employee-employer,1
employee-fraud,1
employee-fraud-,1
employee-fraud-and,1
employee-from,1
employee-prompted,1
employee-training,1
employee_id,1
employeerelatedliabilitiescurrent,1
employer's,1
employer-based,1
employer-provided,1
emporter,1
emq,1
emta,1
emulate,1
emulation,1
emulsions,1
emv-related,1
enaction,1
enamel,1
enchanted,1
encharter,1
encoders,1
encourageant,1
encrypting,1
encumbers,1
end-,1
end-customers,1
end-of-contract,1
end-of-sale,1
end-of-service,1
end-of-treatment,1
end-of-use,1
end-of-year,1
end-organ,1
end-used,1
endanger,1
endeavour,1
endel,1
endling,1
endo-mechanical,1
endothelin,1
endowed,1
energize,1
energy-as-a-service,1
energy-climate.html,1
energy-consumed,1
energy-focused,1
energy2,1
energy4u,1
enesa,1
enetpulse,1
enever,1
enforcement-related,1
enforcer,1
engag,1
engage.3m.com,1
engie,1
engine-optimized,1
engl,1
engr,1
enhanc,1
enjoys,1
enlarged,1
enlightened's,1
enlivened,1
enqu,1
enron-related,1
ensamble,1
ensembles,1
entailing,1
enterobacter,1
enterprise-designed,1
enterprise-focused,1
enterprise-scale,1
enterprisewide,1
entertainments,1
enti,1
enticed,1
entitie,1
entity-to-entity,1
entrepreneur-run,1
entrepreneurship-landing-page,1
entrepris,1
entrusts,1
entry-pathways,1
env,1
env3,1
envelopes,1
envers,1
envi-,1
enviga,1
envir,1
enviroments,1
environment's,1
environment.the,1
environmentally-friendly,1
environmentally-minded,1
environnement,1
envy,1
eod,1
eographic,1
eoi,1
eox,1
eoy,1
epacadostat,1
epd,1
ephemeral,1
epicenter,1
epiq,1
epiqglobal.com,1
eported,1
epostim,1
eps1,1
eps1$1.22,1
eps8,1
epsagon,1
epsnchicago.com,1
epyc,1
eqt,1
equ,1
equalizing,1
equipage,1
equipment-net,1
equipment-such,1
equired,1
equities5,1
equity-,1
equity-junior,1
equity-minded,1
equity-related18,1
equity-related3,1
equity-sponsored,1
equity5,1
equity7,1
equityholder,1
equityincentiveplanonemember,1
equitysecuritiesinternationalbasedcompaniesmember,1
equitysecuritiesusbasedcompaniesmember,1
eqx,1
eras,1
erasable,1
erasing,1
erations,1
erdoes,1
erg,1
erger,1
ergonomics,1
eric.hausman,1
erica,1
erick,1
erika,1
ering,1
eris,1
ernational,1
ernesto,1
ernie,1
eroding,1
errands,1
ertain,1
ertuglifozin,1
erythema,1
erythrodysesthesia,1
erythropoietic,1
erythropoietic-stimulating,1
eryyeeaar,1
esc,1
escalator,1
escapists,1
escheatment,1
escheer,1
escondida,1
escort,1
escort-controlled,1
escreens,1
escrowed,1
escuela,1
esfarjani,1
esg-focused,1
esg-hub,1
esg-oriented,1
esg-resources,1
esg.html,1
esiason,1
eslr,1
esm,1
esma,1
esmail,1
esmart,1
esme,1
esme.knight,1
esmeron,1
esmirtazapine,1
esomar,1
esoteric,1
espace,1
espanol,1
esper,1
espinosa,1
espn's,1
espn-,1
espn3.com,1
esprit,1
esquire,1
esri,1
essaji,1
establ,1
estate4,1
esteghlal,1
esthetic,1
estilo,1
estimateoffairvaluefairvaluedisclosuremember,1
estimates-principles,1
estrin,1
etd,1
eternally,1
ethic,1
ethiopia's,1
ethiopian's,1
ethiopian-airlines-agrees-to-landmark-order-for-up-to-67-boeing-jets-301987410.html,1
ethiopianairlines.com,1
ethisphere,1
ethos,1
eti,1
etienne,1
etihad,1
etiology,1
etisalat,1
etl,1
etoro,1
etoys,1
etsy,1
ettlement,1
etudes,1
eu-approved,1
eu-located,1
eu-to-us,1
eu27,1
eucs,1
eudora,1
eugenie,1
eul,1
eun,1
eunan,1
euncap,1
eunice,1
eur30,1
eurex,1
euribor-based,1
euromarket,1
euromoney,1
europace,1
europe-based,1
europeanandcanadianplansmember,1
europeans,1
eurosport,1
euroyen,1
euvix,1
ev1,1
eva-air-boosts-sustainable-fleet-with-five-additional-787-9-dreamliners-301786622.html,1
evaporates,1
evaporation,1
evening,1
event.on24.com,1
events-and-presentations.html,1
events-breast,1
events-prostate,1
events-solid,1
eventures,1
evenues,1
ever-exploding,1
ever-more,1
ever-shifting,1
evercore13,1
evercore33,1
everest,1
everette,1
everlance,1
evers,1
eversafe,1
eversana,1
everybody's,1
everyone's,1
evguenia,1
eviden,1
eviden's,1
evidence-backed,1
evidian,1
eviously,1
evisions,1
evoking,1
evolutio,1
evorolimus,1
evron,1
evtol,1
ewa,1
ewg,1
ewing,1
ewkhqxpehuritxduwhuvlqwkh,1
ex-$0.07,1
ex-1,1
ex-1.a,1
ex-3.3,1
ex-4.5,1
ex-4.a,1
ex-4q14,1
ex-5.a,1
ex-8.3,1
ex-99.4,1
ex-99.htm,1
ex-991dividend.htm,1
ex-99d1.htm,1
ex-business,1
ex-chase,1
ex-covid,1
ex-divestitures,1
ex-dividend,1
ex-energy2,1
ex-mortgages,1
ex-north,1
ex-pci,1
ex-portfolio,1
ex-tac,1
ex-territory,1
ex-us,1
ex10-1.htm,1
ex101-364xdaycreditagreeme.htm,1
ex102-364xdaylocalcurrency.htm,1
ex103-364xdayjapanlocalcur.htm,1
ex103tojan2023formcompdeci.htm,1
ex104-amendno1to2ndar3xyea.htm,1
ex31amendedbylaws.htm,1
ex4-1.htm,1
ex4-2.htm,1
ex4-3.htm,1
ex4-4.htm,1
ex90,1
ex99-2.htm,1
ex99-3.htm,1
ex991-lettertoemployees.htm,1
ex9918k4q.htm,1
ex991sharerepurchase.htm,1
ex991toformcat3q2021earnin.htm,1
ex992toformcat3q2021retail.htm,1
ex99_1.htm,1
ex99_2.htm,1
ex99_3.htm,1
exabyte,1
exabyte-scale,1
exactitude,1
excavating,1
excellency,1
excerpted,1
excesses,1
exchange's,1
exchange-listed,1
exchange-rate,1
exchequer,1
excipients,1
excludable,1
excreted,1
excruciating,1
excuses,1
exelon,1
exemplar,1
exemplifying,1
exemptive,1
exfiltrated,1
exh101-usipaagreement.htm,1
exh102-formofdealeragreeme.htm,1
exhale,1
exhausting,1
exhbit,1
exhibit-3.1,1
exhibit1.htm,1
exhibit101-364daycreditame.htm,1
exhibit101-amendmentno3tos.htm,1
exhibit101execofficersannu.htm,1
exhibit101forjan2023recomp.htm,1
exhibit101toform8-kpsu.htm,1
exhibit102-fiveyearcredita.htm,1
exhibit102execofficersoff-.htm,1
exhibit102toform8-knqs.htm,1
exhibit102tojan2023formsta.htm,1
exhibit103toform8-ksta.htm,1
exhibit104jan2023formcompd.htm,1
exhibit11underwritingagree.htm,1
exhibit12pricingagreement.htm,1
exhibit21.htm,1
exhibit231201610278-k.htm,1
exhibit31-byxlawsasamended.htm,1
exhibit32amendedandrestate.htm,1
exhibit41.htm,1
exhibit41certificateandord.htm,1
exhibit42.htm,1
exhibit42certificateandord.htm,1
exhibit5feb162023renotesis.htm,1
exhibit91ercc.htm,1
exhibit99-q32021earningsre.htm,1
exhibit99-q42022earningsre.htm,1
exhibit991-05162022.htm,1
exhibit991-10232017.htm,1
exhibit991-12162021.htm,1
exhibit991-123122.htm,1
exhibit991-4082020.htm,1
exhibit991-9232021.htm,1
exhibit991-9302012.htm,1
exhibit991-9302014.htm,1
exhibit991-9302021.htm,1
exhibit991-depatureofd.htm,1
exhibit991-pressrelease818.htm,1
exhibit99111232021.htm,1
exhibit99152o4thqtr2010.htm,1
exhibit99154q2010.htm,1
exhibit99154thqtr2010.htm,1
exhibit991_johnson.htm,1
exhibit991_pressrelease.htm,1
exhibit991erq1fy19.htm,1
exhibit991pressrelease7-18.htm,1
exhibit991updated201512311.htm,1
exhibit992-10232017.htm,1
exhibit992-123122.htm,1
exhibit992-9302012.htm,1
exhibit992-9302014.htm,1
exhibit992-9302021.htm,1
exhibit99787january2013.htm,1
exhibit99er.htm,1
exhibit99march82012.htm,1
exhibit_10_136,1
exhibit_10_25,1
exhibit_3_3,1
exhibit_45,1
exhibit_5_1,1
exhibit_83,1
exhibit_91,1
exhibit_99_105,1
exhibit_99_107,1
exhibit_99_111,1
exhibit_99_112,1
exhibit_99_152,1
exhibit_99_181,1
exhibit_99_4,1
exhibit_99_787,1
exhibiting,1
exhibitions,1
exigent,1
exington,1
existe,1
exits3,1
exoatmospheric,1
exon2,1
expandability,1
expansion.3,1
expansively,1
expe,1
expecta,1
expectations.to,1
expedia.com,1
expedition,1
expel,1
expel.com,1
expending,1
expense-,1
expense.total,1
expense2,1
expense5,1
experien,1
experion,1
explainability,1
explainable,1
explic,1
explique,1
exploitable,1
exploitations,1
explorations,1
exposu,1
express-foursquare,1
expressive,1
expresspay,1
exprim,1
ext.4,1
ext.75186,1
extenclip,1
extended-term,1
extensbile,1
external.cisco.com,1
extinct,1
extinction,1
extraa,1
extrahop,1
extrahop's,1
extrapolate,1
exxon-mobilhaldor,1
eyck,1
eye-opening,1
eye-specific,1
eyeq-based,1
eyeq5,1
eyeq6h,1
eyeq6l,1
ez-squeeze,1
ezetro,1
f-10,1
f-11,1
f-12,1
f-15qa,1
f-15se,1
f-3,1
f-35c,1
f-4,1
f-5,1
f-6,1
f-7,1
f-8,1
f-9,1
f-current,1
f-g,1
f-l,1
f-o-t,1
f.3d,1
f.v.p,1
f25426,1
faa-n16,1
fabricate,1
fabrice,1
fabricpath,1
fabriqu,1
fabrizio,1
fabros,1
face-off,1
face-to-,1
facemasks,1
facilitator,1
faciliteront,1
facility.in,1
facp,1
facsimiles,1
faction,1
factorial,1
factors---new,1
factors-catastrophe,1
factors-our,1
factors-the,1
factset,1
facture,1
fadi,1
fading,1
fafsa,1
fagin,1
failu,1
faintuch,1
fair-,1
fairbanks,1
fairen,1
fairer,1
fairvaluemeasurementsnonrecurringmember,1
fairvaluemeasurementsrecurringmember,1
faisons,1
faites,1
faits,1
faiza,1
fakes,1
falloff,1
fallout,1
fals,1
familiales,1
familiarit,1
familiarize,1
famille,1
family-building,1
family-favorite,1
familyfun,1
familysearch,1
fanatics,1
fandango,1
fang,1
fangda,1
fanless,1
fannin,1
fanshop,1
faq,1
far-east,1
farber,1
fared,1
farestart,1
farhadi,1
faring,1
farley,1
faroe,1
farther,1
farthest,1
fascinate,1
fast-approaching,1
fast-casual,1
fast-cycle,1
fast-forward,1
fast-start,1
fast-tracked,1
fast-tracking,1
fast-turning,1
fastball,1
faster-performing,1
fastest-selling,1
fatima,1
faust,1
faut,1
faw,1
faye,1
fayer,1
fayre,1
fb0,1
fbc,1
fbi,1
fcc-imposed,1
fcpa-related,1
fcx,1
fda-,1
fda-mandated,1
fdc,1
fdic's,1
fdic-designated,1
fdoowrdfwlrq,1
fdtr,1
fdvxdow,1
feat,1
feats,1
feature-poor,1
febraury,1
fedcmt,1
federally-supervised,1
federov,1
fedramp,1
fedsmallbusiness,1
fee-earning,1
feeder,1
fees1,1
fees18,1
fees2,1
fees4,1
fees8,1
fegp,1
fehily,1
fehring,1
fein,1
feinberg,1
feld's,1
felton,1
female-founded,1
female-run,1
femke,1
femke.baudoin,1
femtocell,1
femure,1
fences,1
fenton,1
fergerson,1
fergusson,1
fermented,1
fern,1
fernandez-carbajal,1
ferragamo,1
ferral,1
ferried,1
ferriss,1
ferro,1
ferrovial,1
fes,1
fet,1
fevenue,1
ffc,1
ffected,1
ffective,1
fff,1
ffff,1
ffprebon,1
ffs,1
fg-2216,1
fg-4592,1
fgfr,1
fgfr1c,1
fgfr2b-overexpressing,1
fgs,1
fgsglobal.com,1
fhir,1
fhoohqfh,1
fi.dcm,1
fiat-denominated,1
fiber-optic-based,1
fiber-to,1
fiber-to-the-cell-site,1
fiberglass,1
fiberlink,1
fibrinogen,1
fibrogen,1
fic,1
ficc5,1
fice,1
ficos,1
fid,1
fiddler,1
fidem,1
fido,1
fiea,1
fiel,1
field-specific,1
fielder,1
fieldhouse,1
fier,1
fifawomen,1
fifra-06-2018-0302,1
fifte,1
fifth-largest,1
fifty-eight,1
fifty-one,1
figg,1
figo,1
figueres,1
figueroa,1
fil,1
filariasis,1
file--the,1
fileless,1
filemi,1
filgrastim-sndz,1
filgrastims,1
filmmaker,1
filmmaking,1
filte,1
fimpel,1
fin-tech,1
finagraph,1
finale,1
finalist,1
finance-related,1
financia,1
financial-related,1
financial-statements-q122,1
financial-statements-q123,1
financial-statements-q222,1
financial-statements-q322,1
financial-statements-q422,1
financialsoccer.com,1
financing-related,1
finanzas,1
fine-grained,1
fine-tuned,1
fine-tuning,1
fined50,1
finer,1
finfet,1
fingerprints,1
fingers,1
fingertips,1
finitelivedintangibleassetsnet,1
finlab,1
finlab's,1
finning's,1
finnosummit,1
finny,1
finsa,1
finsbury,1
finspace,1
fiorentino,1
fira,1
fireamp,1
firearms,1
firedog,1
firehose,1
fireman,1
firesight,1
firestarters,1
firm-calculated,1
firm-pcaob,1
firm-related,1
firm3,1
firming,1
first-aid,1
first-and,1
first-and-only,1
first-for-pro,1
first-generation,1
first-in-kind,1
first-in-the-country,1
first-look,1
first-of,1
first-run,1
first_name,1
firstfuel,1
firsts,1
fisal,1
fiscal-quarter,1
fisma,1
fistula,1
fit3,1
fit5,1
fitb,1
fitment,1
fitpay,1
fitterling,1
fitzgerald,1
fitzpatric,1
fiumara,1
five-country,1
five-minute,1
five-ship,1
five-star,1
five-year-plus,1
fixating,1
fixed-data,1
fixed-network,1
fixedinterestratedebtwithamaturitydatein2019member,1
fixedinterestratedebtwithamaturitydatein2022member,1
fixedinterestratedebtwithmaturitydatesrangingfrom2022to2031member,1
fixedrateseniornotes160dueaugust2028member,1
fixedrateseniornotes200dueaugust2031member,1
fixedrateseniornotes280dueaugust2041member,1
fixedrateseniornotes305dueaugust2051member,1
fixedrateseniornotes310duefebruary2060member,1
fixedrateseniornotes320dueaugust2061member,1
fixedrateseniornotes340duemarch2025member,1
fixedrateseniornotes375dueaugust2027member,1
fixedrateseniornotes375duemarch2027member,1
fixedrateseniornotes390duemarch2030member,1
fixedrateseniornotes405dueaugust2029member,1
fixedrateseniornotes415dueaugust2032member,1
fixedrateseniornotes460duemarch2040member,1
fixedrateseniornotes475duemarch2050member,1
fixedrateseniornotes490dueaugust2052member,1
fixedrateseniornotes495duemarch2060member,1
fixedrateseniornotes4point88percentduefebruary2026member,1
fixedrateseniornotes4point88percentduefebruary2028member,1
fixedrateseniornotes505dueaugust2062member,1
fixedrateseniornotes5point13percentduefebruary2030member,1
fixedrateseniornotes5point20percentduefebruary2033member,1
fixedrateseniornotes5point63percentduefebruary2043member,1
fixedrateseniornotes5point70percentduefebruary2053member,1
fixedrateseniornotes5point90percentduefebruary2063member,1
fizer,1
fj3,1
fk0,1
fk7,1
fkdqjh,1
fkdqjh$fwri,1
fl5,1
flack,1
flag-carrier,1
flaherty,1
flanagan,1
flank,1
flannery,1
flap,1
flash-enabled,1
flash-fraud,1
flash-memory-,1
flashes,1
flashsystem,1
flat-edge,1
flatley,1
flattened,1
flattening,1
flaum,1
flavor-based,1
fleet's,1
fleeting,1
flesh,1
fletcher,1
flexball,1
flextime,1
flexview,1
flexvolt,1
flight-hours,1
flightflex,1
flightspeed,1
flighty,1
flip-to-mute,1
flis,1
flitedeck,1
floating-interest-rate,1
floating-point,1
floating-to-,1
flock,1
floored,1
flops,1
florida-fort,1
floripa,1
florists,1
flourine,1
flourish,1
flouropolymers,1
flow-based,1
flow-driven,1
flow1,1
flower,1
flowline,1
flows9,1
flowthrough,1
flr-,1
flsa,1
flt-3,1
flu-related,1
fluency,1
fluoroscopy,1
fluroquinolone,1
flus,1
flush,1
flush-front,1
flutterwave,1
flux,1
flydubai,1
flydubai's,1
flydubai-orders-30-boeing-787-dreamliners-its-first-widebody-airplanes-301985941.html,1
fm3,1
fmap,1
fo,1
focused-strategy,1
fof,1
foley,1
folks,1
follow-ups,1
fombpr,1
fomc,1
fonc.2018.00208,1
fonctionnement,1
fondamentale,1
fondateur,1
fonds,1
fonts,1
foo,1
foodstores,1
foodstuff,1
foote,1
footing,1
footlocker,1
footnoted,1
footprint1,1
footsie,1
for-home,1
for.it,1
foradil,1
force's,1
fore,1
forecaster,1
forecasters,1
foreclosure-prevention,1
foreign-related,1
foreigncountrymember,1
foreigncurrencyandinterestratecontractsmember,1
foreigncurrencydenominateddebtdomain,1
forensik,1
foresight,1
forest-based,1
foreworld,1
forfeitability,1
forget,1
forgiving,1
form-factor,1
form-fitting,1
formalizes,1
formid-2010,1
forrest,1
forrestal,1
forte,1
fortes,1
fortescue,1
fortitude,1
forts,1
fortunately,1
fortune's,1
forty-nine,1
forty-percent,1
forty-three,1
forvhg,1
forward-share,1
forwarde,1
fou,1
fouett,1
foulkes,1
foundation-based,1
foundry-first,1
four-hour,1
four-price,1
four-quarter,1
fourier-open,1
fournies,1
fournisseurs,1
fournitures,1
fourths,1
fovs,1
fox-rsn,1
foxconn,1
foxglqj1hw8quhdol,1
foxglqjqhw,1
foxglqjqhwxquhdol,1
foxglqjwkhsruwlrquhodwhgwrqhwxquhdol,1
foxx,1
fp-16,1
fp1,1
fpc,1
fr-y9c,1
fr-y9lp,1
fra,1
frac,1
fraction-of-new,1
fractured,1
fragments,1
fraises,1
framing,1
franca,1
france-based,1
francesco,1
franchise-based,1
franchise-generated,1
franchit,1
franciscan,1
franco,1
frankenweenie,1
frankie,1
fransokyo,1
fraser,1
fraser-pryce,1
fraud-detection,1
fraud-fighting,1
fraud-reducing,1
fraud-reduction,1
fraudster,1
fraudulese,1
fraught,1
frb's,1
frb-identified,1
frb-provided,1
frbcmt,1
frbny,1
freak,1
frederik,1
free-to-play,1
freedive,1
freelancer,1
freemium,1
freeport-mcmoran-to-convert-fleet-of-cat-793-trucks-at-its-bagdad-mine-in-arizona-to-autonomous-haulage-using-cat-minestar-command-for-hauling-301972583.html,1
freertos,1
freighter's,1
french-language,1
frequency-modulated,1
fresa,1
frescas,1
freshbooks,1
freshdirect,1
freshener,1
frestea,1
friar,1
friction-free,1
fridge,1
friendfeed,1
friendliness,1
friendships,1
fright,1
frigidare,1
fritz,1
frm,1
from$4.3,1
from$6.0,1
fromage,1
front-collision,1
front-half,1
front-to-back,1
frontlines,1
frp,1
frpsdq,1
frpsdudeoh,1
frpshwlwlyhdgydqwdjhv,1
frugos,1
fruitbite,1
fruitful,1
frustrates,1
frut,1
fs,1
fs-,1
fs-18,1
fs-20,1
fs-30,1
fs-34,1
fs-42,1
fs-44,1
fs-55,1
fs-58,1
fs-63,1
fs-66,1
fs-7,1
fs-71,1
fs-72,1
fsaeed,1
fsmb,1
ftes,1
ftp,1
ftse4good,1
ftt,1
ftware,1
fudan,1
fudd,1
fuel-efficiency,1
fuel-saving,1
fuhdwhgydoxhryhughfdghv,1
fuji,1
ful,1
full-benefit,1
full-day,1
full-electric,1
full-face,1
full-featured,1
full-life,1
full-month,1
full-out,1
full-prices,1
full-recourse,1
full-retrospective,1
full-screen,1
full-sized,1
fuller,1
fullerton,1
fully-funded,1
fully-loaded,1
fully-paid,1
fully-personalized,1
fully-utilized,1
fuloria,1
functionality-rich,1
functioned,1
fund2,1
fundbox,1
fundbox.com,1
funddoctor,1
fundraisings,1
funds3,1
fungi,1
funnel,1
furchgottoct,1
furry,1
fury,1
fuse,1
fushimimachi,1
fusing,1
fusion's,1
futur,1
future-of-meeting,1
future-proofing,1
future.the,1
futurebuilder,1
futuristic,1
fvp,1
fw,1
fx1,1
fxr-,1
fy'13,1
fy'14,1
fy'15,1
fy'16,1
fy'17,1
fy06,1
fy1718,1
fy17188-krecastexhibit991r.htm,1
fy17188-krecastexhibit992r.htm,1
fy17188-krecastexhibit993r.htm,1
fy17188-krecastexhibit994m.htm,1
fy1718q2ond8-kexhibit991.htm,1
fy2009,1
fy2014_q1_8k_ex3.1_amendedbylaws,1
fy2014_q1x8kxex31xamendedb.htm,1
fy2014_q2_pr_ex99.1,1
fy2014_q2xprxex991.htm,1
fy2015_q1_pr_ex99.1,1
fy2015_q1xprxex991.htm,1
fy2016_q2x8kxex31xrestated.htm,1
fy2016_q3xprxex991.htm,1
fy2017_q2xprxex991.htm,1
fy2017_q3xprxex991.htm,1
fy2019_q1x8kxcertofelimxex31.htm,1
fy2019_q2xprxex991.htm,1
fy2019_q3x8kxcmcsagreexex991.htm,1
fy2019q3prex991.htm,1
fy2019q48k310ex23.htm,1
fy2019q4prex991.htm,1
fy2020,1
fy2020q1prex991.htm,1
fy2020q28kex101364-day.htm,1
fy2020q28kex1025-yearc.htm,1
fy2020q28kexhibit101.htm,1
fy2020q28kexhibit102.htm,1
fy2020q28kexhibit991.htm,1
fy2020q2prex991.htm,1
fy2020q3prex991.htm,1
fy2020q4prex991.htm,1
fy2021,1
fy2021_q1xprxex991.htm,1
fy2021_q2x10kaxex23.htm,1
fy2021_q2xprxex991.htm,1
fy2021_q3xprxex991.htm,1
fy2021_q3xxnewdirectorxex9.htm,1
fy2021_q4xprxex991.htm,1
fy2021q18kextex101.htm,1
fy2022_q3xprxex991.htm,1
fy2023_q1x8kxex101.htm,1
fy2023_q1xprxex991.htm,1
fy2023e,1
fy2025e,1
fy22e,1
fy23e,1
fy7,1
fye,1
fyq14,1
fytd,1
fz4,1
g-force,1
g-r,1
g-related,1
g-sifis,1
g-xchange,1
g.709,1
g.i,1
g10,1
g3,1
g4ad,1
g5,1
g6,1
g9,1
ga4,1
ga8,1
gabbay,1
gabriel,1
gabriela,1
gabrielle,1
gachou,1
gade,1
gael,1
gage,1
gaiman,1
gain-smoothing,1
gainlossoninvestmentsandderivativeinstruments,1
gal,1
galantamine,1
galanz,1
galavant,1
gale,1
gallagher,1
galleries,1
gallo,1
galvanize,1
galveston,1
galymuly,1
game-changer,1
game-changers,1
game-winning,1
gamecircle,1
gamely,1
gamification,1
gammes,1
gangs,1
gangster,1
gannon,1
gap-fill,1
garbage,1
garborg,1
garc,1
gardena,1
gardner,1
garment,1
garodia,1
garret,1
garrett-related,1
garrn,1
gary.willihnganz,1
gas-bearing,1
gas-directed,1
gaseosa,1
gaseous,1
gasolines,1
gated,1
gatorade,1
gaudelli,1
gaudi2,1
gauss,1
gauss-3,1
gauthier,1
gavin,1
gaye,1
gayton,1
gba,1
gba's,1
gbp1.5672,1
gbs's,1
gbt's,1
gbvix,1
gc,1
gcb,1
gclid,1
gclsrc,1
gcmd,1
gctb,1
gdebartolo,1
gdp-weighted,1
gdrs,1
ge0-1,1
ge1-3,1
gee,1
geely,1
gehem,1
gels,1
gelsinger's,1
gemologists,1
genai,1
gendalo,1
gender-associated,1
gender-lens,1
gener,1
general-knowledge,1
general-motors-executive-to-join-caterpillars-board-of-directors-301236038.html,1
general-superintendence,1
generalizable,1
generals,1
generat,1
generation-,1
generation-privacy-younger-consumers-are-7-times-more-likely-to-exercise-their-data-rights-new-cisco-survey-shows-301960417.html,1
generative-ai,1
genet,1
genie's,1
genies,1
gennadievich,1
gennaro,1
genovez,1
genpact,1
genral,1
genscript,1
gent,1
gentler,1
gentrification,1
genworth's,1
geo-diverse,1
geocoding,1
geofence,1
geofencing,1
geoff,1
geoffrey,1
geographic-specific,1
geographically-focused,1
geopagos,1
geopolitically,1
george's,1
georgiadis,1
geos,1
gerald,1
geri,1
gerling,1
gerling's,1
germany-based,1
gert,1
geste,1
gestes,1
get-go,1
getaway,1
getfeedback,1
gethers-clark,1
geti,1
getters,1
geupel,1
ggg,1
gggg,1
ghaith,1
ghent,1
ghg-constrained,1
ghirlando,1
ghizlane,1
gi-related,1
gia,1
gianna.dimick,1
giannis,1
gibbs,1
gic,1
gica,1
gigabit-capable,1
gigabits-per-second,1
gigajoules,1
gigaton,1
gigawatt,1
gilbane,1
gildersleeve,1
giles,1
gillette's,1
gillian,1
gilliland,1
gilt-edged,1
gilti-related,1
gimenez,1
gimme,1
gindi,1
ginther,1
giri,1
girish,1
gist,1
giuliani,1
givehub,1
giver,1
gla,1
glaas,1
glagov,1
glamper,1
glamping,1
glasglow,1
glassdoor's,1
glawe,1
glean,1
glenbrook,1
glenda,1
glenmark's,1
glennon,1
glidden,1
gliihuhqwldwlqjdqggliilfxowwruhsolfdwh,1
glinde,1
glint,1
glitch,1
global's,1
global-ecommercefigures-2017,1
global-online-sales-top-1-14t-during-2022-holiday-season-salesforce-data-reveals-301716988.html,1
global-ready,1
global-scale,1
global.loans.support,1
global_newsroom,1
globalaccess,1
globaldata,1
globalemail,1
globalized,1
globally-connected,1
globally.for,1
globalprivacyoffice.web.boeing.com,1
globant,1
globenet,1
globenewswire,1
globescan,1
glomerulopathy,1
gloster,1
glove,1
glucokinase,1
gluconate,1
gluon,1
gluska,1
glutilityagencyloansops,1
glycaemic,1
glycine,1
glycosylphosphatidylinositol-anchored,1
glylghge,1
glyt-1,1
gmail,1
gmate,1
gmc,1
gmd's,1
gme,1
gmo-payment,1
gmr,1
gmxvwhgdyhudjh,1
gmxvwhgerrnydoxhshuvkduh,1
gmxvwhgvkduhkroghuv,1
gnasri,1
gnawi,1
go-m,1
goalball,1
goals-,1
goals-based,1
goanimate,1
goare,1
goetz,1
goh,1
gohenry,1
gohenry.co.uk,1
gohenry.com,1
gojek,1
gold-certified,1
goldblum,1
goldenwest,1
goldfinch,1
goldfish,1
goldmans,1
goldsmith,1
golfer,1
golocal,1
goncalves,1
gonfreville,1
goodwill4,1
goodwin,1
goodwyn,1
goog,1
google-hosted,1
gordy,1
gospel,1
gotshal,1
gotta,1
gottlieb,1
gough,1
gould,1
goulding,1
gov,1
government-insured,1
government-reported,1
government-set,1
governmentdebtsecuritiesmember,1
gp3,1
gpcc,1
gpon,1
gprc5d,1
gr3n,1
grab-and-go,1
graciously,1
graddick-weir,1
grader,1
grady,1
graf,1
graft-versus-host-disease,1
grains,1
grammarly,1
grammatically,1
grammy,1
grandchild,1
granddaughter,1
grandino,1
grands,1
granger,1
grant-back,1
grante,1
grantley,1
granulocyte-macrophage,1
grape,1
grapevine,1
graph-based,1
graphic-intensive,1
graphiques,1
grapple,1
gration,1
grats,1
gratuite,1
gratuities,1
gratuits,1
gratuity,1
grauze,1
gravel,1
gravis,1
gravitate,1
graviton2-powered,1
grazer,1
graziadio,1
grazing,1
greater-bay-airlines-announces-order-for-15-737-9-airplanes-301761896.html,1
greater-than,1
greaterbay-airlines.com,1
greatly-condensed,1
greats,1
grebert,1
greco,1
greenbondsmember,1
greenhouse-gas,1
greenpath,1
greenpoint,1
greenrow,1
greentown,1
greenville,1
greer,1
greets,1
gregor,1
grenada,1
grew11,1
grewal,1
grey's,1
greycroft,1
gridchain,1
gridlock,1
grief,1
grieve,1
grilled,1
grind,1
gription,1
grm,1
grn,1
grober,1
grooms,1
gross-up,1
grossed,1
grossman,1
grossnickle,1
group-stage,1
group.1,1
groupes,1
grouping's,1
growth$340b,1
growth-stage,1
growth.changes,1
growth12,1
growth3,1
growth4,1
growth8,1
grp,1
gruau,1
grundig,1
grusz,1
gryphon,1
gs10,1
gs5,1
gschoen,1
gsi's,1
gsib3,1
gsis,1
gsmmdp,1
gspic's,1
gsr,1
gsu,1
gt1-infected,1
gt4-infected,1
gth,1
gti,1
gtoc,1
gtsgbsconsulting,1
gtx,1
guadeloupe,1
guang,1
guarantor's,1
guardi,1
guayaba,1
guayaquil,1
guelfand,1
guerra,1
guerrero,1
guessed,1
guiana,1
guidance4,1
guidance5,1
guidehouse,1
guideline-recommended,1
guilds,1
guinea's,1
guitars,1
gujarat,1
gulabo,1
gulbrandsen,1
gulf's,1
gulfstream,1
gulp,1
gump,1
gunderson,1
guney,1
gunnarsdottir,1
guns,1
gunter,1
gunther,1
guo,1
gutierrez,1
guts,1
guyana,1
gvs,1
gwh,1
gwu4,1
gy,1
gyao,1
gyeongchung-daero,1
gyeonggi-do,1
gymkit,1
gymnastics,1
gynecology,1
gzweifach,1
h$a3t,1
h-1,1
h-2,1
h.265,1
h.r.1,1
h0305,1
h1-2023,1
h100,1
h12,1
h14,1
h15,1
h15upd.htm,1
h17-2019,1
h21,1
h22,1
h23,1
habitability,1
habitually,1
hace,1
hacer,1
hacher,1
hachigian,1
had$8,1
hadn,1
haematol,1
haematology,1
haemoglobinuria,1
hagopian,1
hai,1
hainan,1
haircare,1
hairston,1
hairstyling,1
hajime,1
hajimu,1
half-a-percentage-point,1
half-a-world,1
half-point,1
half-year,1
halfords,1
halifax,1
halima,1
hallmarks,1
hallucinations,1
halpin,1
halting,1
halves,1
halving,1
halyk,1
han,1
hanan,1
hanask,1
hand-delivery,1
hand-foot,1
hand-in-hand,1
hand-offs,1
handed,1
handelsbanken,1
handing,1
handmaid,1
handoff,1
handoffs,1
handwritten,1
handy,1
handygames,1
hanes,1
hanoi,1
hanson,1
hap,1
happenings,1
happily,1
haptic,1
haptics,1
haptx,1
hard-disk,1
hard-earned,1
hard-hit,1
hard-hitting,1
hard-to-get,1
hardening,1
hardline,1
hardware-enabled,1
hardware-enhanced,1
hardware-related,1
hardworking,1
harewood,1
harlan,1
harmaceuticals,1
harman's,1
harman.com,1
harmonious,1
harnessed,1
harold,1
harrison,1
harrold,1
hart-scott,1
harvest,1
harvests,1
hary,1
hash,1
hashtags,1
hassett,1
haswell-based,1
hat's,1
hat-related,1
hate,1
hateful,1
hatkoff,1
hatton,1
hauled,1
haunted,1
haupt,1
haupt's,1
haus,1
hausman,1
haussmann,1
hautement,1
havas,1
haves,1
haviland,1
havlek,1
hawai'i,1
haymanot,1
haysfield,1
hazelton,1
hba,1
hbcu,1
hbm,1
hcabs,1
hce,1
hcm,1
hd_ex991pressrelease2242022.htm,1
hd_ex991x05012022xactive.htm,1
hd_ex991x1292023xactive.htm,1
hd_exhibit11x1127-ua2018.htm,1
hd_exhibit42x06172019.htm,1
hd_exhibit43x06172019.htm,1
hd_exhibit51x06172019.htm,1
hd_exhibit991x10292017.htm,1
hdexhibit99105032020-n.htm,1
hdfn,1
hdmi-capable,1
hdol,1
hdr10,1
hds,1
hdu,1
hdu86,1
hdudvwkhhqglqjsrlqw,1
hduglylghge,1
hduhqghg'hfhpehu,1
hdur,1
head-of-state,1
head-on,1
head-to-toe,1
headcount12,1
headcount2,1
headcount3,1
headcount7,1
headhunters,1
headless,1
headlines1,1
headquarter,1
headroom,1
heads-down,1
healthcare-acquired,1
healthe,1
healthscribe,1
heartbeat,1
heartbroken,1
heartburn-related,1
heartened,1
heartfelt,1
heat-reflective,1
heathcare,1
heather,1
heaviest,1
heavy-lift,1
heavy-weight,1
hector,1
hedge's,1
hedgefundsmember,1
hedule,1
heeney,1
heidelberger,1
heimowitz,1
heine,1
heiress,1
hel,1
held-for-,1
helen,1
helix,1
heller,1
hellmann,1
helmholz,1
helpdesk,1
helstrom,1
hematide,1
hemolysis,1
hendley,1
henna,1
hennes,1
henninger,1
her-mes,1
heralds,1
herb,1
herclon,1
herefrom,1
hereinto,1
herera,1
herewithin,1
hern,1
hero-themed,1
herpesvirus-8,1
herrington,1
hertz,1
herzliya,1
hese,1
hesitation,1
heterogeneity,1
heterogenous,1
heuberger,1
heure,1
heusen,1
heusler,1
heutink,1
hevron,1
heydar,1
heyman,1
heyward,1
hezekiah,1
hfo-1234ze,1
hfos,1
hfpo,1
hfri,1
hfrqfloldwlrqri6kduhkroghuv,1
hfrqrplffrqglwlrqv,1
hfsr,1
hg,1
hglqfrphuhwxuqv,1
hglqy,1
hglqyhvwphqwjdlqvdqgorvvhvqhwriwd,1
hglqyhvwphqwjdlqvorvvhvqhwriwd,1
hgr,1
hgtv,1
hhh,1
hhhh,1
hhu,1
hhwkh,1
hi,1
hibit,1
hickman,1
hiddleston,1
hie,1
hies,1
hifi,1
higg,1
higgins,1
high-20,1
high-achieving,1
high-compute,1
high-converting,1
high-energy,1
high-flow,1
high-income,1
high-margin,1
high-na,1
high-precision,1
high-priority,1
high-single-,1
high-standard,1
high-taxed,1
high-turnover,1
high-wage,1
higher-aspect,1
higher-coupon,1
higher-full,1
higher-margins,1
higher-order,1
higher-performance,1
higher-performing,1
higher-revenue,1
higher-spread,1
higher-than-normal,1
higher-than-planned,1
higher-wage,1
higherhigher,1
highest-and-best-use,1
highest-caliber,1
highest-ever,1
highest-ranking,1
highly-accomplished,1
highly-connected,1
highly-curated,1
highly-integrated,1
highly-publicized,1
highly-sensitive,1
highly-tailored,1
highly-targeted,1
highly-taxed,1
hightail,1
hilary.smith,1
hilbert,1
hileman,1
hilleman,1
hillemann,1
hillhouse,1
hillmen,1
hillshire,1
hindlian,1
hindrance,1
hippie,1
hirers,1
hiring-related,1
hiroyuki,1
histoire,1
history-making,1
hitoshi,1
hitt,1
hiv-infected,1
hive,1
hk$4,1
hk$6,1
hlebite,1
hlt,1
hma,1
hmg-coa,1
hobby,1
hobson,1
hocken,1
hodges,1
hodulik,1
hoffmeister,1
hoganlovells.com,1
holborn,1
holdover,1
holeinthewallgang.org,1
holifield,1
holistique,1
hollis,1
hollister,1
holman,1
holy,1
holz,1
homas,1
home-based,1
home-grown,1
homebrite,1
homekit,1
homelite,1
homeowner,1
homestay,1
hominem,1
homyk,1
hon-20201231,1
hon-20211231,1
hon-20221231,1
hon1q15,1
hon1q16,1
hon2q16,1
hon3q16,1
hon3qupdate,1
hon4q16,1
hone,1
honey,1
honeycode,1
honeywell-reports-first-quarter-2016-sales-of-95-billion-earnings-up-9-to-153-per-share-300255956.html,1
honeywell-reports-full-year-2015-sales-of-386-billion-earnings-up-10-to-610-300212071.html,1
honeywell-reports-second-quarter-2016-sales-of-100-billion-up-2-earnings-up-10-to-166-per-share-announces-split-of-automation-and-control-solutions-business-group-300302647.html,1
honeywell-reports-strong-finish-to-2016-300398018.html,1
honeywell-reports-third-quarter-2016-sales-of-98-billion-up-2-earnings-per-share-of-160-300349046.html,1
honeywell.co,1
honig,1
honolulu,1
honourable,1
honq413,1
hoodie,1
hookup,1
horacio,1
horization,1
horologists,1
hospital-,1
hospitalisation,1
hoteliers,1
hotly-anticipated,1
hotmail,1
hotspots,1
houghton,1
hours-a-day,1
house's,1
house6,1
househ,1
households1,1
households2,1
housekeeping,1
housemark,1
hover-1,1
hoverboard,1
hovland,1
howard.ellin,1
howard.waterman,1
hoyt,1
hpc6a,1
hpg,1
hpinc.member,1
hqdfwhg,1
hqhilwlqjiurpwkhlqyhvwphqwv,1
hqla4,1
hr-today,1
hrd-positive,1
hri,1
hristopher,1
hrr-mutated,1
hrtcs,1
hsct,1
hspa,1
hspa-,1
hsuhvhqwvwkhfkdqjhlqvwrfnsulfhsoxvwkhfxpxodwlyhdprxqwriglylghqgvdvvxplqjglylghqguhlqyhvwphqw,1
hsv1,1
htxlw,1
hu09dsuqymde4utq,1
huashan,1
hubert,1
hudgens,1
huffpost,1
huh,1
huirup,1
hulian,1
human-capital,1
human-centered,1
human-computer,1
human-organization-computer,1
human-rated,1
human-readable,1
humanability,1
humanature,1
humbling,1
humes,1
hummer,1
humorous,1
hungry,1
hunters,1
hunting,1
hunts,1
huntsville,1
hurac,1
huracan,1
hurry,1
huskies,1
husseini,1
hutz,1
huynh,1
hvw,1
hx-575,1
hybri,1
hybrid-,1
hybrid-cloud,1
hyde,1
hydrate,1
hydraulics,1
hydro-power,1
hydrogen's,1
hydrogen-fueling,1
hydrogenious,1
hydrotreating,1
hymkent,1
hymson,1
hynes,1
hyper-builder,1
hyper-commerce,1
hyper-compatible,1
hyper-compliant,1
hyper-connectivity,1
hyper-efficient,1
hyper-personalization,1
hyper-scalable,1
hyper-secure,1
hyper-threading,1
hyperbole,1
hypercholesterolemic,1
hyperconnected,1
hyperfuse,1
hyperlocal,1
hyperlocation,1
hypermarcas,1
hyperpigmentation,1
hypertensive,1
hypervenom,1
hypervisors,1
hypocalcemia,1
hypogammaglobulinaemia,1
hypomagnesemia,1
hypothecate,1
hypothecating,1
hypothecation,1
hypotheses,1
hypothesized,1
hypr,1
hyslop,1
hz,1
i--offices,1
i-4,1
i-accept,1
i-iii,1
i-spy,1
i.a.e,1
i.g,1
i20511_ex4-4.htm,1
i4,1
i660695feb38641c385f9afb0da8123a7_d20200101-20201231,1
i9-9900k,1
iaeg,1
iain,1
ial,1
iance,1
iap,1
iaslc,1
ib-iiia,1
ibd,1
iberdrola,1
ibhs,1
ibis,1
ibm-20211004xex99d1.htm,1
ibm-20220124xex99d1.htm,1
ibm-20220718xex99d1.htm,1
ibm-sponsored,1
ibm_ex99_1,1
ibraces,1
ibrahim,1
ibrary,1
ibuted,1
ic984da669fe64ab0ae5306c711e5f518_d20180101-20181231,1
ical,1
icans,1
icao,1
icap,1
icard,1
icer,1
ich,1
ichelle,1
icheon-si,1
icivics,1
icroban,1
icrosoft,1
icsa,1
id3vybdovl2rvy3mudjevzg9jojexythhy2jhnzu4yjqyngu4zjjmogmyzdmwotaznjdil3nlyzoxmwe4ywniytc1ogi0mjrlogyyzjhjmmqzmdkwmzy3yl8xnzuvznjhzzo5yjm1nzjjmwezntm0ndjiytfjndu3ytqxnjy2odi3oc90zxh0cmvnaw9uojlimzu3mmmxytm1mzq0mmjhmwm0ntdhnde2njy4mjc4xzy5mza_24734dda-3fcc-47bc-8829,1
id3vybdovl2rvy3mudjevzg9jojy4ntvizta4otizzdqxmdk4oge0njkwmtrlztu1zthhl3nlyzo2odu1ymuwodkym2q0mta5odhhndy5mde0zwu1nwu4yv8xotkvznjhzzpknmfjogu2n2nlnmu0yjg0odbhzjzjnzq1yzm0ntyzms90ywjszto3mzy2zwqzytu4zjg0mge1owrmy2y5mmm1m2i3ndhmzc90ywjszxjhbmdlojcznjzlzdnhnthmodqwytu5zgzjzjkyyzuzyjc0ogzkxzm0lte1ltetms0w_678761a8-f597-4ca1-baaa-2628,1
id8,1
idalia,1
idd,1
idecabtagene,1
idends,1
identifia,1
identifications,1
ideo,1
ideo.org,1
ides,1
idfherrnfrpwudyhohuv,1
idimadakala,1
idms,1
idnomic,1
idolizes,1
idr,1
idr$71,1
ien,1
ietf,1
ifc,1
ife,1
ific,1
ifit,1
ifsc,1
ifttt,1
ig3,1
ige,1
igen,1
igf,1
igf-1,1
igffinancing,1
ighted-,1
ighter,1
ignature,1
ignoring,1
ii--meetings,1
ii-5,1
iibm,1
iihs.org,1
iii's,1
iii--directors,1
iii-3,1
iii-based,1
iiii,1
iiroc,1
ik,1
il-1,1
il-2-responsive,1
il5,1
ilable,1
ilac,1
ilcs,1
ilham,1
ili,1
ilities,1
ilko,1
illegitimately,1
illimit,1
illuminate,1
illuminating,1
illusion,1
illustrator,1
illustrious,1
illy,1
illycaff,1
ilohgzlwkwkh6,1
ilohgzlwkwkh6hfxulwlhvdqg,1
ilolqjvzlwkwkh6,1
ilqdqfldophdvxuhv,1
ilson,1
ilt4,1
ilypsa,1
imaginable,1
imaginative,1
imagine-dr,1
imai,1
imarily,1
imately,1
imatinib,1
imerys's,1
imf,1
imid,1
imm,1
immaculate,1
immature,1
immeasurably,1
immediacy,1
immerse,1
immeubles,1
immigrants,1
immortal,1
immunization-eligible,1
immuno-suppressants,1
immunobiologic,1
immunocompetent,1
immunosuppressant,1
imp,1
impa,1
impact-accelerator-program,1
impact-focused,1
impact-measuring,1
impact8,1
impartially,1
impassioned,1
impella,1
imperfect,1
implied2,1
importante,1
importantes,1
importants,1
imposter,1
impoundment,1
impower,1
impressively,1
imprimer,1
imprints,1
impson,1
impuestos,1
ims,1
imsnanofabricationgmbhimsmember,1
imy,1
in-application,1
in-arena,1
in-club,1
in-core,1
in-drive,1
in-ear,1
in-fact,1
in-hospital,1
in-product,1
in-restaurant,1
in-season,1
in-source,1
in-state,1
in-stocks,1
in-transaction,1
in-tune,1
in-use,1
in2pay,1
inaccessibility,1
inad,1
inadvisability,1
inalienable,1
inancing,1
inaudible,1
inaugural-caterpillar-2022-lobbying-report-highlights-political-and-advocacy-efforts-that-help-advance-enterprise-strategy-301738703.html,1
incentivizes,1
incident-to,1
incidentals,1
incipient,1
incline,1
included$29,1
inclusion-related,1
income-effective,1
income.these,1
income1,1
income5,1
income8,1
incomenotes,1
incontestable,1
incorporated's,1
incre-mental,1
increased150,1
increasedecreaseinaccountspayable,1
increasedecreaseinaccountsreceivable,1
increasedecreaseinaccruedincometaxespayable,1
increasedecreaseincontractwithcustomerliability,1
increasedecreaseininventories,1
increasedecreaseinothercurrentassets,1
increasedecreaseinothercurrentliabilities,1
increasedecreaseinothernoncurrentassets,1
increasedecreaseinothernoncurrentliabilities,1
incurr,1
indefinite-life,1
indefiniteness,1
indemni,1
indemnifier,1
indentifiable,1
independents,1
indescribable,1
index.aspx,1
indi,1
indicia,1
indictable,1
indiewire,1
indigenous-owned,1
indigo,1
indiqu,1
indique,1
indomitable,1
indoor-only,1
indorsed,1
indusind,1
industr,1
industrial-strength,1
industrial2,1
industrialauthorityofthecityofchandlerarizonamember,1
industrie,1
industry-breakthroughs,1
industry-low,1
industry-proven,1
industry-specifc,1
industry2,1
industry4,1
industryedge,1
ineffectively,1
ineffectual,1
inequalities,1
iness,1
inesses,1
inexperienced,1
inexplicably,1
inextricable,1
infers,1
infiniband,1
infinitebusiness,1
infinitum,1
inflamed,1
inflating,1
inflation-adjusted,1
inflation-driven,1
inflation-led,1
inflict,1
influencer-curated,1
influx,1
infographic_v5,1
infographics,1
informa,1
information-and,1
information-technology,1
infoseek,1
infosphere,1
infotech,1
infra-red,1
infrastructure's,1
infrastructure-agnostic,1
infrastructure-driven,1
infrastructure-wide,1
infromation,1
infus,1
infuses,1
ingolstadt,1
inhale,1
inhance,1
inhealthcare,1
inhibitor-na,1
iniciados,1
ininal,1
initialed,1
initiative-driven,1
initiatives4,1
initions,1
injection-site,1
injects,1
injury-,1
injury-reduction,1
inlays,1
inmarsat-5,1
inn,1
inna,1
innings,1
innovasport,1
innovated,1
innovates,1
innovation-focused,1
innovation-led,1
innovation-related,1
innovatively,1
innovator's,1
inoperative,1
inorganic-based,1
inputting,1
inquiring,1
insana,1
insanely-fast,1
insatiable,1
insead,1
insecticide,1
insects,1
inset,1
insisted,1
insistence,1
inspirato,1
instamed,1
instant-on,1
instantly-issued,1
instants,1
instaview,1
institute's,1
instranet,1
instructor,1
instruments-overall,1
insufficiency,1
insur-,1
insuramatch,1
insurance-as-a-service,1
insurance-focused,1
insurance-other,1
insuranceedge,1
insurances,1
insureline,1
insurgent,1
insurity,1
insurpay,1
int-8,1
int.sc.mufg.jp,1
intangibles2,1
intc-20200627,1
intc-20200926,1
intc-20210626,1
intc-20210925,1
intc-20211225,1
intc-20220402,1
intc-20220702,1
intc-20221001,1
intc-20221231,1
intc-20231230,1
integr,1
intel-micron,1
intel-powered,1
intelcorporationandbrookfieldassetmanagementmember,1
intelfoundryservicesmember,1
intellidriveplus,1
intelligence-based,1
intelligence-driven,1
intelligent-tiering,1
intelligentcloudmember,1
inten,1
intensifie,1
intentionally-added,1
inter-entity,1
inter-exchange,1
inter-governmental,1
inter-partes,1
inter-related,1
interbanks,1
interbrand's,1
interceptor,1
interchangeables,1
intercollegiate,1
interdental,1
interdependence,1
interdisciplinary,1
interes,1
interest-bear,1
interestexpense,1
interestingly,1
interjet,1
interleukin-1,1
interleukin-12,1
interleukin-23,1
intermediate-range,1
intermediate-sized,1
intern,1
internally-,1
internally-calculated,1
internatio,1
international2,1
internationally-agreed,1
internet-only,1
internet-ready,1
internetofthingsgroupmember,1
internotes,1
interoperates,1
interoperating,1
interpleader,1
interpublic,1
interregional,1
intersegmenteliminationmember,1
intersil,1
intersport,1
intervenor-plaintiff,1
intervention4,1
intestacy,1
inthe,1
intimidation,1
intolerable,1
intra-equity,1
intracardiac,1
intravitreal,1
intricacies,1
intricate,1
introdu,1
intubation,1
intuitions,1
inuing,1
inures,1
inv,1
invariably,1
invenger,1
invention-in-process,1
inventiveness,1
inventorying,1
inventorynet,1
investcloud,1
investec,1
investit,1
investments1,1
investmnt,1
investor-,1
investor-relations.htm,1
investor-resources,1
investor.t-mobile.com,1
investor13,1
investor14,1
investor16,1
investor28,1
investor38,1
investor39,1
investor40,1
investor41,1
investor42,1
investor43,1
investor44,1
investor45,1
investor8,1
investorday2022,1
investors.att.com,1
investors.html,1
investors.splunk.com,1
invex,1
invictus,1
invictus-games-foundation,1
invictusgames.org,1
invictusgames23.de,1
invictusgamesfoundation,1
invigorating,1
invincible,1
invisibility,1
invitant,1
invitants,1
invitations,1
involved-from,1
invoxia,1
inward,1
inzerillo,1
io1,1
iocs,1
iodine-refractory,1
ioer,1
ion4,1
iorama,1
ios-14,1
ios-15,1
ios-based,1
ip67,1
ip68,1
ip_23_2246,1
ipa,1
ipad-related,1
ipcc,1
ipd,1
iphone-upgrade-program,1
ipo-related,1
ipod-compatible,1
ipsk,1
ipsos,1
ipsotek,1
ipv6,1
ira.sheinfeld,1
irbc,1
irc,1
ire,1
iri,1
iridian,1
irina,1
iris-based,1
ironically,1
iroverview.jsp,1
irradiated,1
irrelevance,1
irresponsible,1
irrigation-related,1
iruwkhshulrg,1
irxqgdwwkh,1
iscal,1
isclosure,1
ise,1
isetan,1
isobel,1
isosceles,1
isosceles-1,1
isovalent,1
isovalent's,1
isppd,1
isps,1
issimo,1
issuer13,1
issuer14,1
issuer7,1
issuer9,1
istanbul,1
it-,1
itative,1
itc's,1
itchy,1
itd,1
item-1a,1
item_5_04_current_report,1
itemized,1
items9,1
iterated,1
iteration,1
iti,1
ities,1
itigation,1
itigroup,1
itinerary,1
itops,1
itories,1
itranslate,1
its-kind,1
ittee,1
itures,1
itv,1
ity,1
iv--committees,1
iv-1,1
iv-3,1
iv-4,1
iv-5,1
ivm1a,1
ivm1c,1
ivokamet,1
ivs,1
ivz,1
iwabuchi,1
iwenofu,1
ix--seal,1
ixekizumab,1
izettle,1
izmir,1
izod,1
j.c.bamford,1
j.crew,1
j.ejca.2020.03.006,1
j.j,1
j.jtho.2018.06.019,1
j.k,1
j.r.r,1
ja,1
jaac,1
jabber,1
jabong,1
jac,1
jacc,1
jacob,1
jacobs,1
jacques,1
jacqui,1
jad,1
jada,1
jaddi,1
jade,1
jaehwan,1
jaffar,1
jahangir,1
jail,1
jal.com,1
jala,1
jam,1
jama,1
jameel,1
james.kapenstein,1
jamnagar,1
jampacked,1
jams,1
janeeb,1
janey,1
janice,1
janitorial,1
janiya,1
janssenemea,1
january-march,1
japan-airlines-selects-737-8-to-grow-sustainable-world-class-fleet-301779510.html,1
japan-domiciled,1
japan-related,1
jaques,1
jarnagin,1
jarrell,1
jasdaq,1
jasmine,1
jason's,1
jason.ledder,1
jason.s.capeheart,1
jason_armstrong,1
jaus,1
jax,1
jayme,1
jazeera,1
jazlen,1
jazz-based,1
jbwere,1
jck01-0218,1
jcm,1
jco.2004.12.149,1
jcrain,1
jdam,1
jde,1
jdpower.com,1
jdw,1
je,1
jealous,1
jean-marie,1
jedec,1
jeff133,1
jeld-wen,1
jen,1
jeni,1
jenni,1
jennifer.langione,1
jennifer_khoury,1
jennings,1
jenny,1
jensen,1
jeny,1
jeremiah,1
jermakian,1
jesus,1
jet's,1
jetson,1
jetter,1
jetty,1
jetwave,1
jeune,1
jeuner,1
jeunes,1
jewish,1
jfe,1
jhynes,1
jianghuai,1
jiangsu,1
jil,1
jim's,1
jim-umpleby-to-continue-as-caterpillar-chairman--ceo-301649060.html,1
jim.proulx,1
jimenez,1
jin-guan-zheng-fa-1030023000,1
jin-guan-zheng-fa-1050042349,1
jinsung,1
jjj,1
jjjj,1
jll,1
jmb,1
jmhlw,1
jmildon,1
jmoore29,1
jnj-1887,1
jnj-4804,1
jnj-78436735,1
jnj-81201887,1
jnjinnovmed,1
jnjnews,1
jo,1
jo-ann,1
joann,1
joao,1
job-readiness,1
job-ready,1
job-shadowing,1
job-training,1
jobs.boeing.com,1
jobsites,1
jockey,1
joe's,1
joeb,1
john.dern,1
john.kowalczuk,1
johnny,1
johnson--johnson-reports-q4-and-full-year-2021-results-301467057.html,1
johnson-trammell,1
johri,1
joinders,1
joiners,1
joint-partnership,1
jolts,1
jonathan.adashek,1
jonopulos,1
joon,1
joplin,1
jorang,1
jordanian,1
jordanian's,1
jorge,1
jorgow,1
jorie,1
joris,1
joris_evers,1
josephson,1
joshua.d.roth,1
josua,1
joswiak,1
jouent,1
journalist,1
jours,1
jpc,1
jpc's,1
jpmam,1
jpmc2016ccarexhibit991,1
jpmc2016ccarexhibit991.htm,1
jpmc2017idexhibit99,1
jpmc2017idexhibit99.htm,1
jpmc3,1
jpmc3q12exhibit991,1
jpmc3q12exhibit991.htm,1
jpmc4q14exhibit991,1
jpmc4q14exhibit991.htm,1
jpmc4q19exhibit99,1
jpmc4q19exhibit99.htm,1
jpmim,1
jpms,1
jpmse,1
jpt,1
jpx,1
jr.___,1
jrd's,1
js,1
jsargen3,1
jtt-305,1
ju,1
jud,1
judson,1
judy's,1
judy.huang,1
juego,1
juggling,1
juicer,1
juin,1
jujhar,1
jump-start,1
jumping,1
jumps,1
jun-11,1
jun-12,1
jun-13,1
jun-14,1
jun-18,1
jun-22,1
june-july,1
junk,1
juntos,1
jurisdicti,1
jurong,1
jurors,1
jursidictional,1
jusqu'au,1
justed,1
justin.p.grant,1
justin.venech,1
justments,1
juvenille,1
jw,1
jw1,1
k-$300m,1
k-1,1
k-4,1
k.w,1
k123,1
k80,1
ka-band,1
kaalai,1
kacey,1
kacur,1
kadri,1
kaerhoeg,1
kahan,1
kai's,1
kaiann,1
kaiserpartners.com,1
kale,1
kalhans,1
kalifowitz,1
kaly,1
kamala,1
kamryn,1
kanari,1
kang,1
kanji,1
kannan,1
kantar,1
kapenstein,1
kapoor,1
kapor,1
kar,1
karagenc,1
karamo,1
karen.hobson,1
karie,1
karigar,1
karim,1
karla,1
karna,1
karnataka,1
karolina,1
karsch,1
kart,1
kartiko,1
kary,1
kasch,1
kaseedee,1
kash,1
kat,1
katalyst,1
kate_scolnick,1
katen,1
katerina,1
kathi,1
katsoudas,1
katw,1
katy,1
katz,1
kauffman_org,1
kayak,1
kazakhstan's,1
kazan,1
kazemi,1
kazkommertsbank,1
kazmunaygas,1
kazpost,1
kazuki,1
kc-767a,1
kddi,1
kddz,1
kdis,1
kdiz,1
kdush5dwlrfdofxodwhgdvwkhphdqri,1
kdzr,1
ke,1
kede,1
keera,1
keera.hart,1
kehoe,1
keirstead,1
keith.flaum,1
keithley,1
keiyo,1
kelleher,1
kelun,1
kenan-flagler,1
kenji,1
kenji.morita,1
kenmore,1
kennesaw,1
kennett,1
kenney,1
kenrick,1
kenrickko,1
kensie,1
kensington,1
kent's,1
kenth,1
kenya--,1
kenyon,1
keogh,1
kep,1
keratinised,1
kermit,1
kerr,1
kertay,1
kesamanski,1
kesn,1
keswick,1
ketable,1
keung,1
kevin.k.sellers,1
kevin.mayer,1
key-entry,1
keynote-024,1
keynote-051,1
keynote-055,1
keynote-061,1
keynote-122,1
keynote-252,1
keynote-598,1
keynote-913,1
keynote-942,1
keynote-966,1
keynote-991,1
keynote-a33,1
keypad,1
keypads,1
keyvan,1
kf,1
kgi.com,1
khalaf,1
khalil,1
khan,1
khater,1
khfkduw,1
kice,1
kick-start,1
kicked-off,1
kicking,1
kid-influencer,1
kid-proof,1
kidde's,1
kiernan,1
kiid,1
kilimanjaro,1
kilogram,1
kilograms,1
kilometer,1
kim-williams,1
kimberly-clark,1
kimberly.maki,1
kimmett,1
kimono,1
kinases,1
kindi,1
kindly,1
kinetic-force,1
kingston,1
kinney,1
kipchoge,1
kircos,1
kirkman,1
kite,1
kitsch,1
kittelberger,1
kitts,1
kjell,1
kjesbu,1
kkdz,1
kkk,1
kkkk,1
klemens,1
kliegerman,1
klingenberg,1
klotho,1
kloudgin,1
klug,1
klvsuhvhqwdwlrqvkrxog,1
kmic,1
kmik,1
kmki,1
kmky,1
kmus,1
kn95,1
knelman,1
knewitz,1
knife-edge,1
knighted,1
knit,1
knitting,1
knocking,1
knotwords,1
knowhow,1
knowledge-hub,1
knowledgebase,1
knutson,1
ko21b,1
ko22,1
ko22b,1
kobe's,1
kodak,1
kodama,1
kohan,1
koike,1
koji,1
koker,1
kolta,1
komal,1
komp,1
konate,1
kone,1
konecranes,1
koneval,1
konfio,1
kong-based,1
konnect,1
konosuke,1
konrad,1
kontesi,1
kookmin,1
korchmar,1
kosovare,1
kosta,1
kotschwar,1
kowalczuk,1
kownatzki,1
kphn,1
kpi,1
kpn,1
kq3fy15erccexhibit991,1
kraft-heinz,1
krakow,1
krd,1
krdy,1
kremer,1
krikorian,1
kristina.schake,1
kristo,1
kroger's,1
krone,1
kronz,1
krulewitch,1
krups,1
krzanich's,1
krzysztof,1
kshirsagar,1
kspn,1
ktx,1
kuala,1
kuat,1
kuehne,1
kulin,1
kulkov,1
kullman,1
kumaraswamy,1
kurkova,1
kw,1
kwabena,1
kwdz,1
kwhs,1
kyall,1
kyjahmy,1
kyla,1
kyn,1
kyushu,1
l'acc,1
l'achat,1
l'aire,1
l'ajout,1
l'allure,1
l'am,1
l'ambiance,1
l'an,1
l'appel,1
l'appli,1
l'approbation,1
l'approvisionnement,1
l'argent,1
l'atmosph,1
l'emploi,1
l'entremise,1
l'exp,1
l'ext,1
l'h,1
l'image,1
l'immense,1
l'infrastructure,1
l'int,1
l'occasion,1
l'omrmmd,1
l'or,1
l'oreal,1
l'un,1
l'uniformit,1
l'utilisation,1
l.a.'s,1
l0,1
l1-l2,1
l11,1
l2,1
l4,1
la'eeb,1
la-ep2006,1
la7,1
laa,1
laax,1
lab's,1
label-free,1
label-less,1
labelers,1
labor-based,1
laboratory-based,1
laborious,1
laced,1
laces,1
lactaid,1
lactamase,1
lactate,1
lad,1
ladd,1
ladera,1
lafond,1
lagacy's,1
laggan,1
laggards,1
lagoas,1
lagonda,1
lagos,1
lagraves,1
laguardia,1
laguarta,1
lahr,1
laid-off,1
laird,1
lait,1
lake-h,1
lakkundi,1
laliga,1
lame,1
laminar's,1
laminates,1
lamonde,1
lamp,1
lampkin,1
lampung,1
lana,1
lance,1
lancement,1
lanco,1
landandbuildingmember,1
landings,1
landowners,1
landscaped,1
lane-departure,1
lane-level,1
lanes,1
lanfredi,1
lange,1
langford,1
langione,1
lankan,1
lansberry,1
lansing,1
laoghaire,1
laos,1
lap,1
laplace-timi,1
laquelle,1
large-,1
large-format,1
large-size,1
larger-sized,1
lark,1
laropipant,1
laropriprant,1
laser-guided,1
lasers,1
lashinski,1
lasseter,1
lassifications,1
lasso,1
last_name,1
late-2019,1
late-breaker,1
late-cycle,1
late-state,1
lately,1
laterally,1
latest-gen,1
latest-generation,1
latest-technology,1
latif,1
latikafusp,1
latina,1
latinamericamember,1
latino-owned,1
latinoam,1
latinx-,1
lation,1
latte,1
lau,1
laughing,1
laura.m.anderson,1
laureates,1
laurine,1
lavaughn,1
lavernos,1
lavon,1
law-based,1
law-some,1
lawfully-permitted,1
lawfulness,1
lawsof,1
laxative,1
lay-offs,1
layaway,1
lazarus,1
lb5,1
lc,1
lca,1
lcademen,1
lcar-b38m,1
lcci,1
lcfs,1
lcp,1
lcr7,1
ld,1
ldc,1
ldh,1
ldl-lowering,1
lds,1
ldvs,1
leach,1
leaching,1
leaderboard,1
leading-node,1
leadmanagedbondnotices,1
leafs,1
leakproof,1
leaps,1
learn-at-home,1
learner-centric,1
learnership,1
leary,1
leas,1
leaseholders,1
lecommunications,1
lection,1
lects,1
lecture,1
led-back-lit,1
led-backlit,1
led-lit,1
ledder,1
ledecky,1
leed-nc,1
leeds,1
leeming,1
left-sided,1
leftover,1
leftovers,1
legal-primarymarkets,1
legal-proceeding,1
legally-binding,1
legally-permissible,1
legalnotices,1
legible,1
legitimately,1
leila,1
leist,1
leland,1
len,1
lender10,1
lending-and,1
lending7,1
lendings,1
lendio,1
lendstreet,1
lennon,1
lenny,1
lenovogrouplimitedmember,1
leopold,1
leow,1
lepore,1
leray,1
lesforce,1
lesher,1
less-active,1
less-costly,1
less-severe,1
less-than-expected,1
lessor-supported,1
lessors-certain,1
letsgetchecked,1
letterman,1
letters-of-credit,1
lettman,1
lettre,1
lettuce,1
leukoencephalopathy,1
leukotriene,1
leuven,1
levant,1
leve,1
level-yield,1
leveling,1
levelup,1
leverageable,1
leveraged-lending,1
levere,1
levett,1
levey,1
leviton,1
levittown,1
levvel,1
lewkowicz,1
lexicon,1
leyen,1
leyenda,1
lge,1
lgpd,1
lhd,1
lhn03-6b,1
liabilit,1
liabilites,1
liabilities-current,1
liabilities-derivative,1
liabilitiesandstockholdersequity,1
liabilitiescurrent,1
liam,1
liani,1
liaoning,1
libertycocacolabeveragesmember,1
libor02,1
libra,1
librexia,1
licensable,1
license-only,1
licensedtechnologyandpatentsmember,1
licensedtechnologymember,1
licensing-restricted,1
lichtstrasse,1
licieux,1
lidars,1
lie-flat,1
lieutenant,1
life-,1
life-changing,1
life-sustaining,1
lifecycle-based,1
lifehacker,1
lifeline,1
lifestyle-based,1
lift-and-shift,1
liftoff,1
light-sweet,1
light-weighting,1
lightcycle,1
lightguide,1
lightning-fast,1
lightning-related,1
lightspeed,1
lightspin,1
like-new,1
likeagirl,1
liked,1
likely-term,1
liking,1
lil,1
lillian,1
lily,1
limb,1
limbik,1
limited-purpose,1
limitent,1
limiters,1
limitless,1
limon,1
lindbergh,1
line-rate,1
lined,1
lineofcreditmember,1
liner,1
lines-operated,1
lingerie,1
lingua,1
lingualcare,1
linguistic,1
linguistics,1
linklaters,1
linktree,1
linux-only,1
linville,1
linz,1
lion's,1
lionbridge,1
lionsgate,1
lioration,1
liorations,1
lip-bu,1
lip-protection,1
lipase,1
lipegfilgrastim,1
lipid-modifying,1
lipovich,1
lipschutz,1
lipton,1
liquefied-natural-gas,1
liquida,1
liquidates,1
liquidators,1
liquids-stabilization,1
liquified,1
liquor,1
lisa.a.maull,1
lisc,1
lisenberg,1
listened,1
liswood,1
litecoin,1
literate,1
lithographed,1
lithonia,1
lithos,1
lithosenergy.com,1
litig,1
litigation-,1
litigation-multidistrict,1
liverpool,1
livesafe,1
livestream,1
livestreamed,1
livestreams,1
livret,1
liyuan,1
lj,1
ll.m,1
llama,1
llars,1
llaves,1
llc-prepaid,1
llection,1
ller,1
llf-based,1
lll,1
llll,1
llowed,1
lmc,1
lmd,1
ln,1
lnb,1
lnh03-6b,1
load-balancing,1
loan-,1
loan-by-loan,1
loan-equivalent,1
loans2,1
loans5,1
lob-level,1
lobby,1
lobey,1
localish,1
locally-,1
locally-advanced,1
locas,1
location-aware,1
location-related,1
locator-enabled,1
locaux,1
lochnagar,1
lock-downs,1
locker's,1
lockouts,1
lockup,1
lockwood,1
loctite,1
loeb,1
loffing,1
log-centric,1
log-ins,1
log-rank,1
logan,1
logc2,1
logicalis,1
logins,1
logistically,1
loh,1
lohc,1
lois,1
lomax,1
lomb,1
londyn,1
loneliness,1
long-circulating,1
long-covid,1
long-tenured,1
longed-lived,1
longer-range,1
longest-range,1
longtermdebtcurrent,1
longtermdebtcurrentmaturitiesdomain,1
longtermdebtcurrentmaturitiesmember,1
longtermdebtnoncurrent,1
longterminvestments,1
longues,1
lonnie,1
lonoke,1
look-backs,1
lookbook,1
looming,1
loomis,1
loops,1
loose,1
loot,1
looting,1
lor,1
loretta.m.gunter,1
loss-,1
loss--lease,1
loss--loan,1
loss-breast,1
loss-prostate,1
loss.1,1
losse,1
losses3,1
losses4,1
losses7,1
lossless,1
lost-time,1
lothian,1
lotte,1
lotteries,1
louie,1
louis.a.piscitelli,1
lourdes,1
louthan,1
loveable,1
lovenburg,1
loves,1
lovett,1
lovingly,1
low-band,1
low-bandwidth,1
low-barrier,1
low-carbon-intensity,1
low-friction,1
low-global,1
low-global-warming,1
low-global-warming-potential,1
low-grade,1
low-growth,1
low-paying,1
low-powered,1
low-probability,1
low-single-digits,1
low-sugar,1
low-to-moderate,1
low-value,1
lower-,1
lower-discounts,1
lower-end,1
lower-income,1
lower-mean-injection,1
lower-performing,1
lower-than-planned,1
lower-yielding,1
lowest-rated,1
lowfare,1
loyalists,1
lpa,1
lpharma,1
lpsdfw,1
lpsurylqjil,1
lq,1
lqd,1
lqdqfh,1
lqdqfldodqgrwkhulpsruwdqwlqirupdwlrquhjduglqjwkhfrpsdq,1
lqfoxghglqvkduhkroghuv,1
lqirupdwlrq,1
lqyhvwru,1
lqyhvwruwudyhohuvfrp,1
lromank3,1
lsas,1
lstm,1
lston,1
lte-advanced,1
ltlinfo,1
ltm3,1
ltp,1
ltr,1
ltvs,1
ltx,1
luanda,1
lucent,1
lucia,1
lucian,1
luckily,1
luft-,1
lufthansa-group-to-buy-up-to-100-737-max-jets-in-first-boeing-single-aisle-order-in-nearly-30-years-302018963.html,1
luhansk,1
luiz,1
lukasz,1
lukehart,1
lulls,1
lumeos,1
luminaire,1
luminary,1
luminate,1
lumpur,1
lunarlon,1
lunartempo,1
lundi,1
lune,1
lung-,1
lung-disease-,1
lung-disease-lookup,1
lungs,1
lupa,1
lust,1
lustre,1
luxair-selects-boeing-737-7-to-grow-single-aisle-fleet-301856371.html,1
luxair-to-grow-single-aisle-fleet-with-boeing-737-jets-301762028.html,1
luxairgroup.lu,1
luxe,1
luxembourgian,1
luxembourgish,1
luxoft,1
luxurious,1
lvdwkhvxpriwrwdodgmxvwhgvkduhkroghuv,1
lve,1
lvqrwglv,1
lvqrwglvforvhg,1
lvurxwlqho,1
lvvkduhkroghuv,1
lvwrwdofrpprqvkduhkroghuv,1
lykke,1
lyles,1
lymphatic,1
lymphomes,1
lynch's,1
lynda,1
lyndsey,1
lynnfield,1
lysis,1
m-$100m,1
m-$25m,1
m-50m,1
m-a,1
m-announces-upcoming-virtual-strategic-update-and-2022-outlook-meeting-301464316.html,1
m-annual-meeting-highlights-strong-2021-investments-for-future-301544469.html,1
m-records-compromised-by-cyber-breaches-in-march-2023,1
m-reports-first-quarter-2022-results-301532553.html,1
m-reports-first-quarter-2023-results-company-announces-restructuring-actions-301806229.html,1
m-reports-fourth-quarter-and-full-year-2021-results-301467175.html,1
m-reports-fourth-quarter-and-full-year-2022-results-301728788.html,1
m-reports-second-quarter-2022-results-301593191.html,1
m-reports-second-quarter-2023-results-proactive-initiatives-drive-strong-quarterly-financial-results-raises-full-year-adjusted-eps-guidance-301884976.html,1
m-reports-third-quarter-2021-results-301408231.html,1
m-reports-third-quarter-2022-results-301657901.html,1
m-reports-third-quarter-2023-results-company-increases-full-year-adjusted-earnings-and-cash-flow-expectations-301965141.html,1
m-to-exit-pfas-manufacturing-by-the-end-of-2025-301707085.html,1
m.2,1
m.h,1
m.k,1
m.s,1
m1-powered,1
m13,1
m18,1
m4bank,1
m4bank.softpos,1
m5k,1
m5zn,1
m60,1
m7,1
m8,1
maasarani,1
maboqueiro,1
macaronies,1
macarthur,1
macasaddu,1
macewen,1
machel,1
machine's,1
machine-driven,1
machine-executable,1
machineryandequipmentcertainproductionassetsmember,1
machining,1
mackey,1
mackie,1
macklemore,1
maclennan,1
macro-,1
macro-challenged,1
macro-factors,1
macro-financial,1
macroarchitecture,1
macrocyclic,1
macrolide,1
macron,1
macroworx,1
macuira,1
macy's,1
maddy,1
made-on-demand,1
made-to-order,1
maersk,1
maggioni,1
magic-quadrant,1
magiccube,1
magill,1
magliola,1
magnet,1
magnificent,1
magowan,1
magsafe,1
maguire,1
magwire,1
mahaan,1
mahadeo,1
mahan,1
mahmoud,1
maiden,1
mainspring,1
mainstay,1
mainstreet,1
maintenance-repair-operate,1
maio,1
mais,1
maison,1
majali,1
majoras,1
majors,1
make-believe,1
maki,1
makita,1
malades,1
maladies,1
malandrino,1
malate,1
maldives,1
maletta,1
malibu,1
malik,1
malkiel,1
mall-based,1
malleable,1
mallincrodt,1
mamaroneck,1
man-,1
man-in-the-middle,1
mana,1
manabu,1
manag,1
managed-basis,1
manager-traded,1
mandarin,1
mandate-in,1
maner,1
manfred,1
mangat,1
manges,1
manhattan's,1
mania,1
manifestations,1
manifesting,1
manifestly,1
manifesto,1
manila,1
manji,1
mannoochahr,1
manny,1
mano,1
manoj,1
manpower,1
mansarde,1
mansion,1
mantra,1
manuela,1
manufacturable,1
manufactured-often,1
manufacturing-style,1
manufacturingincentivesandpermanentbooktotaxadjustmentsmember,1
mapbox,1
mappers,1
mar'17,1
mar-09,1
mar-10,1
mar-11,1
mar-12,1
mar-17,1
mar-18,1
mar-21,1
mar-22,1
mara,1
maracuy,1
maradona,1
maranguape,1
marathoner,1
marathons,1
marauder,1
marcan,1
march2020,1
marches,1
marchese,1
marcia,1
marcia.b.costley,1
mardekian,1
margetanski,1
margin-,1
margin1,1
margin2,1
margin3,1
marginalized,1
margoldb,1
margot,1
margot.leeds,1
maria-related,1
maria-victoria,1
mariani,1
mariant,1
marie-elise,1
marijuana,1
marin,1
mariner,1
marines,1
mariniello,1
marino,1
marital,1
maritz,1
mark's,1
mark-to-markets,1
mark.bendza,1
mark.h.henninger,1
marker,1
markers,1
market-comparable,1
market-focused,1
market-maker,1
market-makers,1
market-place,1
market-proven,1
market-share-oriented,1
market-standard,1
market-to-market,1
market1,1
marketbasedrestrictedstockunitsmember,1
marketed-products,1
marketeers,1
marketing-driven,1
marketing-northwest,1
marketing-spending,1
marketing1,1
marketingcloud,1
marketron,1
markets-and-regulations,1
markets2,1
markets3,1
markets7,1
marketscape,1
marketwatch,1
marko.lukin,1
markstevens,1
marlon,1
marni,1
maroc,1
maroc's,1
marrakech,1
marrakesh,1
marriage,1
marries,1
marry,1
marsden,1
marshawn,1
marsouin,1
marstaller,1
marta,1
martel,1
martha's,1
martian,1
martinets,1
martinique,1
marton,1
maru,1
marvalee,1
marvin,1
marwick,1
marykay.leo,1
marzecet,1
mas,1
mash-ups,1
mashable,1
mask-wearing,1
mass.--,1
massdrive,1
masse,1
massimo,1
mastercard-branded,1
mastercardnews,1
masterful,1
mastering,1
masterpass,1
masterson,1
masum,1
mat,1
match-eligible,1
mateos,1
mater,1
material-moving,1
materialise,1
mateusz,1
mathey,1
mati,1
mating,1
mation,1
matiques,1
mats,1
matson,1
matsumoto,1
matsushita,1
matt.stearns,1
mattblake,1
matters-including,1
matters-the,1
mattheus,1
matthew.gould,1
matthey,1
mattie,1
maturit,1
maturities2,1
maull,1
mauritz,1
maven,1
max's,1
maxar,1
maxi,1
maxillofacial,1
maxim,1
maximise,1
maximized,1
maxman,1
maxvantage,1
may-june,1
maybankard,1
mayhill,1
mayorga,1
mazda,1
maze,1
mazoe,1
mbchb,1
mbedu,1
mbia,1
mbly,1
mbooth.com,1
mbs-related,1
mbusa,1
mc,1
mcafee.com,1
mcafeeenterprisebusinessmember,1
mcafeemember,1
mccalister,1
mccallester,1
mccann,1
mccarran,1
mccharen-tran,1
mcchicken,1
mcclean,1
mccoll,1
mcconnell,1
mccoy,1
mccrispy,1
mccroquettes,1
mccroquettesmd,1
mccue,1
mccune,1
mcd-20201231,1
mcd-20211231,1
mcd-20221231,1
mcdarby,1
mcdon,1
mcdonal,1
mcdonaldmc,1
mcdonough,1
mcelroy,1
mcfadden,1
mcflurries,1
mcgarvie,1
mcgill,1
mcgraw,1
mcgregor,1
mcgriddle,1
mcintire,1
mckay,1
mckenzie,1
mckinney,1
mckinstry,1
mclarty,1
mclaughlin,1
mclaurin,1
mclennan,1
mclivraisonmd,1
mcminn,1
mcnamara,1
mcneal,1
mcneil-janssen,1
mcpherson,1
mcquiston,1
mcsherry,1
mcsweeney,1
mcx,1
mdi,1
mdiaccelerate,1
mdis,1
mdl-wide,1
mdr-tb,1
mdurham,1
mdus,1
mdx,1
meagan,1
meakim,1
meara,1
measurably,1
measure's,1
measurecomp,1
measurecomp's,1
measurements-financial,1
measurex,1
mectizan,1
medalists,1
medell,1
media-alert-robert-de-niro-and-jane-rosenthal-to-headline-ciscos-webexone-event-301914325.html,1
media-minded,1
media.audiusa.com,1
media.monks,1
medialibrary,1
median-income,1
median1,1
median3,1
mediarelations.hdq,1
mediators,1
medical-technology,1
medicarerx,1
medicine's,1
medimmune,1
meditative,1
medium-and,1
medium-enterprise,1
medium-income,1
medium-range,1
medley,1
medstar,1
medvec,1
meego,1
mefa,1
mega,1
megabit-per-second,1
megafon,1
megajoules,1
mehoopany,1
meiers,1
meilleur,1
meilleure,1
meiragtx,1
meji,1
melancon,1
melanie.l.backs,1
melia,1
melinda.zurich,1
melizsa,1
mellanox,1
mellinger,1
mello,1
melvin,1
mem,1
membership-based,1
membre,1
memor,1
memorex,1
memory-and-storage,1
memory-intensive,1
memory-like,1
memorygel,1
mems,1
mendations,1
mendel,1
mendelson,1
menefee,1
mensah,1
mentaires,1
mental-health-focused,1
mentalhealth,1
mentionne,1
mentions,1
mentorships,1
ments,1
meois,1
mercado,1
mercedes-amg,1
mercedes-benz-ag-partners-with-cisco-to-drive-hybrid-work-innovation-in-automotive-301756173.html,1
mercer,1
merchant-presented,1
merck-retained,1
mercurial,1
meredith,1
mereshko,1
merican,1
mericle,1
merieux,1
meritor,1
merkur,1
merkur-spiel,1
meropenem,1
merz,1
mesfin,1
mess,1
messier-bugattin,1
messing,1
metacritic,1
metadata-enabled,1
metallica's,1
metallurgical,1
metascore,1
metastases-breast,1
metastases-prostate,1
metaverse-related,1
meteorological,1
meteorologists,1
meter-tall,1
methanol-to-olefins,1
methodolgy,1
metrics3,1
metrics4,1
metricstream,1
metro-goldwyn-mayer,1
metrohartford,1
metropcs,1
metrorail,1
metrowerks,1
mettons,1
mexicali,1
meyers,1
mez,1
mff,1
mfiorentino,1
mfk,1
mfolfox6,1
mfr,1
mfs,1
mfsafrica.com,1
mgen,1
mgmt,1
mh-139a,1
mhra,1
miami-dade,1
micah,1
micellar,1
michael.levey,1
michaela,1
michalisin,1
michaud,1
michoac,1
mickelson,1
mico,1
micro-business,1
micro-market,1
micro-merchants,1
micro-sellers,1
microban,1
microbot,1
microbusinesses,1
microcontroller,1
microdecisions,1
microenvironment,1
microflex,1
microgrid,1
micropal,1
microsoft-designed,1
microspherix,1
microsteps,1
microsystems,1
mid-1950,1
mid-2005,1
mid-2008,1
mid-2009,1
mid-62,1
mid-august,1
mid-century,1
mid-december,1
mid-fuselage,1
mid-quarter,1
mid-single-,1
mid-summer,1
mid-to,1
mid-to-high-single-digit,1
mid-to-high-teens,1
midcontinental,1
midfielder,1
mids,1
midsole,1
midtown,1
midyear,1
mie,1
mieux,1
mifidii,1
mightiest,1
mignault,1
mignone,1
migraines,1
migu,1
miguel,1
mike's,1
mike.ma2,1
mike.o,1
milder,1
mildew,1
mildon,1
miley,1
military-affiliated,1
military-spacecraft,1
millard,1
millham,1
millhiser,1
milliard,1
milligram,1
milliliter,1
million-pounds-per-year,1
million-square-foot,1
million-to-1,1
milllion,1
milne,1
milsten,1
milvexian,1
mimeographed,1
minaj,1
mind-boggling,1
minded,1
minding,1
mindsets,1
mindshare,1
mineragua,1
mineralization,1
mineraltree,1
minet,1
mingsheng,1
mingshui,1
minh,1
mini-can,1
mini-format,1
minimalist,1
minimu,1
minimus,1
minna,1
mino,1
minsheng,1
minted,1
mintz,1
minutiae,1
minzu,1
miocene,1
mip,1
mirage,1
miramar,1
mire,1
mirian,1
miron,1
misant,1
misconfigured,1
mishka,1
misjudge,1
mislead,1
misled,1
mismanaged,1
misread,1
missile-defense-agency-boeing-led-industry-team-conduct-early-release-intercept-test-302011662.html,1
mission-,1
misunderstood,1
mite-specific,1
mitel,1
mitre,1
mitsukoshi,1
mix-related,1
mix1,1
mix2,1
mixed-product,1
mixed-signal,1
mixers,1
mixology,1
mixte,1
mk-2578,1
mk-2866,1
mk-431d,1
mk-653c,1
mk-8527,1
mk-8591-013,1
mk-8591-022,1
mk-8591-024,1
mk3009,1
ml-based,1
ml-driven,1
mlb.com,1
mlbam,1
mlcommons,1
mlk,1
mllions,1
mlops,1
mlp,1
mlperf,1
mlps,1
mls,1
mm-$2b,1
mm-$500mm,1
mm-2b,1
mm3,1
mm4,1
mm6,1
mm8,1
mmbsi,1
mmd,1
mmdas,1
mmes,1
mmh,1
mn10-132c,1
mncs,1
mnes,1
mnpi,1
moat,1
mob,1
mobile-enabled,1
mobile-optimized,1
mobile-payments,1
mobile-related,1
mobiles,1
mobileyemember,1
mobileyesegmentmember,1
mobley,1
mocha,1
mockups,1
modcloth,1
modcloth.com,1
moderate-sized,1
moderates,1
modern-day,1
moderne,1
modernes,1
modernisation,1
modgil,1
modularized,1
moellenhoff,1
moen,1
moerdler,1
moex,1
moffett,1
moffettnathanson's,1
mohamed,1
mohammed,1
mohit,1
moines,1
mojave,1
mojo,1
moka,1
molekule,1
molina,1
molino,1
mollenkopf,1
mollica,1
monahan,1
monde,1
monetizes,1
moneyline,1
moneypak,1
mongeon,1
mongon,1
mongoose,1
monika,1
monitron,1
monoxide,1
monsoon,1
mont,1
montagne,1
montagnino,1
montavista,1
monterey,1
month's,1
month-over-month,1
month-periods,1
month-to-date,1
months-ended,1
montlake,1
montoya,1
montre,1
monumental-1,1
moonlight,1
moonstruck,1
moor,1
moosejaw,1
moosejaw.com,1
moov,1
morawiecki,1
moreno,1
morepersonalcomputingmember,1
moresby,1
morikawa,1
morita,1
morningstar2,1
morningstar4,1
moroccan,1
moroccans,1
morocco's,1
morocco--,1
morphea,1
morrisey,1
morrissey,1
mort,1
mortage,1
mortgage-back,1
mortgage-modification,1
mortgaged,1
mortgages2,1
mortgaging,1
mortimer,1
mortization,1
mosaic,1
mosbach,1
moschella,1
moscone,1
mosquito-borne,1
mossville,1
most-viewed,1
moteur,1
motionsense,1
motiv,1
moto,1
motonaga,1
motorcity,1
motorcycles,1
motorists,1
motown,1
motto,1
moubayed,1
moulus,1
mounts,1
mouthrinse,1
movember,1
moviegoers,1
movies.com,1
movilizer,1
mowry,1
mowry-hardrict,1
moyen,1
mp,1
mp-2018,1
mp-2019,1
mp-2020,1
mp-2021,1
mpact,1
mpany's,1
mpeg,1
mplementation,1
mpliance,1
mporary,1
mpos,1
mpower,1
mpro,1
mri,1
mrna-4157-p201,1
ms-24-1-c,1
ms2,1
msl,1
msm,1
msmbs,1
msme,1
msms,1
msps,1
msrb,1
mst,1
mtg,1
mtn,1
mto,1
mtpa,1
mtvn,1
much-improved,1
much-needed,1
mucositis,1
muffin,1
muffins,1
mugyenyi,1
mulcahy,1
mulesoft-recognized-as-a-leader-in-gartner-magic-quadrant-for-full-life-cycle-api-management-301680980.html,1
mulesoft-recognized-as-a-leader-in-gartner-magic-quadrant-for-integration-platform-as-a-service-worldwide-ipaas-301734114.html,1
mulligan,1
mulloy,1
multi-architectural,1
multi-award-winning,1
multi-bank,1
multi-billionaires,1
multi-chip,1
multi-device,1
multi-die,1
multi-dimensional,1
multi-drug,1
multi-fab,1
multi-gigabit,1
multi-gigabit-capable,1
multi-golden,1
multi-jurisdiction,1
multi-line,1
multi-master,1
multi-megawatt,1
multi-million,1
multi-network,1
multi-partner,1
multi-person,1
multi-petabyte,1
multi-plan,1
multi-player,1
multi-position,1
multi-rail,1
multi-region,1
multi-stage,1
multi-stakeholder,1
multi-system,1
multi-type,1
multi-variable,1
multibrand,1
multicentre,1
multicentric,1
multicohort,1
multiday,1
multidevice,1
multidimensional,1
multidirectional,1
multidisciplinary,1
multidose,1
multidrug-resistant,1
multifield,1
multiframe,1
multifunctional,1
multimillion-dollar,1
multimode-multiband,1
multimonth,1
multipack,1
multiplateformes,1
multiple-ascending,1
multiple-device,1
multiple-room,1
multiplexer,1
multipronged,1
multireservoir,1
multitask,1
multitenant,1
multitiered,1
multitouch,1
multnomah,1
mundy,1
munger,1
muni,1
municipalbondsmember,1
municipales,1
municipals,1
municipio,1
mural,1
muraux,1
murdoch's,1
murgu,1
murky,1
murphy's,1
murrieta,1
musaic,1
muscat,1
muscat-based,1
muscle-wasting,1
musgraves,1
music-based,1
music-oriented,1
music-related,1
mussels,1
musser,1
must-watch,1
muster,1
mut,1
mutation-negative,1
mutes,1
mutilation,1
mutually-beneficial,1
mva-bn-filo,1
mvabea,1
mwl,1
mx200,1
mx300,1
mx50,1
mx700,1
mx800,1
mxa710,1
mxa920,1
mya,1
myasthenia,1
mybrighthouse.com,1
myca,1
myclaims,1
mycoke,1
mycotoxins,1
myhealthcare,1
myhealthcarecost,1
mypinpad,1
myplan,1
myriota,1
myths,1
mytomorrows,1
mytravelers.com,1
myuhc.com,1
myview,1
n'ai,1
n'ont,1
n'y,1
n-1,1
n-gaap,1
n-skus,1
n.a.'s,1
n.a.-calculated,1
n.c.--,1
n112,1
n12,1
n26,1
naartjie,1
naas,1
nabeel,1
nacaxe,1
nachmann,1
nacho,1
nafta,1
nagel,1
nages,1
nagomi,1
nagy,1
nahas,1
nail,1
naive,1
nally,1
naloxone,1
named-plaintiff-only,1
namesake,1
nan,1
nance,1
nancing,1
nandmemorybusinessdivestituremember,1
nandmemorybusinessmember,1
nanette,1
nang's,1
nannies,1
nano-ceramic,1
nanofabrication,1
nans,1
nantes,1
nantucket,1
naperville,1
napkins,1
naples,1
napoli,1
narayan,1
narco-,1
nardos,1
narlinger,1
narrated,1
narratives,1
narrowband,1
narrowbody,1
nas,1
nasa-boeing,1
nasaa,1
nasco,1
nasd,1
nasopharyngitis,1
nasri,1
nassetta,1
nast,1
natalie,1
natania,1
natel,1
nati,1
national_economy,1
nationalities,1
nationally-recognized,1
natural-gas-liquids,1
natural-language,1
natural-looking,1
naucalpan,1
navarixin,1
navcom,1
navigate-on-pilot,1
navigational,1
navini,1
navisite,1
nazarov,1
nazi,1
nazionale,1
nbaa,1
nbaa-bace,1
nbase-t,1
nbcuniversal's,1
nbcuniversal.com,1
nbd,1
nbty,1
nc1-001-05-46,1
ncentive,1
ncial,1
ncis,1
nclr,1
nconsistent,1
ncorporate,1
ncos2,1
ncos3,1
ncs1000,1
ncs5500,1
ncsoft,1
nct03399799,1
nct04248829,1
nct04634552,1
nct04671433,1
nct05811351,1
nderwriting,1
ndez,1
ndez-carbajal,1
ndi,1
ndr,1
ndustrial,1
ndx,1
neain,1
near-failures,1
near-real,1
near-to,1
near-zero,1
nearly-new,1
nears,1
neb,1
nec's,1
neca-ibew,1
necessitates,1
neckline,1
ned,1
nedam,1
nedbank,1
nederlandse,1
nedlloyd,1
need-to-know,1
needful,1
needle,1
nefe,1
neg,1
neglected,1
negotiator,1
negra,1
nehp,1
neighborhood-based,1
neighbours,1
neigum,1
neiswender,1
nements,1
neo-banking,1
neo-banks,1
neoantigens,1
neogen-garden,1
neogen-spinco,1
neogen.com,1
neomycin,1
neoplast,1
neos,1
neostrata's,1
nephew,1
nephritis,1
nervana,1
nerve,1
nervive,1
ness,1
net-cash,1
net-of-fee,1
net-write,1
net102-s,1
netanya,1
netcashprovidedbyusedinfinancingactivities,1
netcashprovidedbyusedininvestingactivities,1
netcashprovidedbyusedinoperatingactivities,1
netcom,1
netease,1
netlists,1
netspend,1
nettoyage,1
networ,1
network-1,1
network-agnostic,1
network-as-a-sensor,1
network-branded,1
network-deployment,1
network-integrated,1
network-wide,1
networkandedgemember,1
networkmc,1
networkservices,1
neu,1
neu-targeted,1
neugranin,1
neupeg,1
neurodiverse-friendly,1
neurodiversity-focused,1
neurologic,1
neuron,1
neuropathic,1
neuropathy,1
neuropsychiatric,1
neuropsychological,1
neurotoxicity,1
neuson,1
neuss,1
neutrally,1
nev,1
nevada-based,1
new-age,1
new-cisco-innovation-helps-organizations-meet-sustainability-targets-301740216.html,1
new-cisco-study-finds-only-15-of-companies-surveyed-are-ready-to-defend-against-cybersecurity-threats-301775224.html,1
new-hire,1
new-joiner,1
new-production,1
new-research-shows-companies-globally-report-an-average-of-25-it-cost-savings-with-salesforce-301669886.html,1
new-salesforce-customer-360-innovations-help-businesses-go-digital-faster-and-drive-efficient-growth-with-automation-and-intelligence-301624030.html,1
new-salesforce-for-retail-innovations-help-personalize-every-shopping-moment-301720119.html,1
new-saudi-arabian-carrier-riyadh-air-to-launch-with-all-boeing-fleet-of-up-to-72-787-9-dreamliners-301771521.html,1
new-slack-innovations-and-salesforce-customer-360-integrations-unlock-team-productivity-adding-value-to-the-digital-hq-301627666.html,1
new-to-amazon,1
new-to-firm,1
newborns,1
newbury,1
newby,1
newcomer,1
newell,1
newly-created,1
newly-developed,1
newly-passed,1
newly-published,1
newly-released,1
newly-reorganized,1
newly-unsealed,1
newmont's,1
news.skhynix.com,1
newsapp,1
newsfeed,1
newspublisher,1
newsroom.aem.org,1
newsweek,1
newyork,1
nexavar-treated,1
next-best,1
next-closest,1
next-horizon,1
nextbase,1
nextday,1
nextgen,1
neymar,1
nfavorable,1
nfi-odce,1
nfl.com,1
nfm,1
nfv,1
ng-pon2,1
ngc,1
ngee,1
ngips,1
ngl,1
ngl's,1
ngm313,1
ngo,1
ngoc,1
nha,1
nhl's,1
nhl.com,1
nhu,1
nia,1
niac1,1
niaid,1
nic,1
nicely,1
nicki,1
nico,1
niconico,1
nicos,1
niflynn,1
nightmare,1
nih-led,1
nik,1
nike-exclusive,1
nikebiz.com,1
nikeid,1
nikestore.com,1
nikita,1
nikki,1
niko,1
nikolay,1
niles,1
nim,1
nimbix,1
nimbu,1
nin,1
nine-periods,1
nineties,1
ninety-first,1
ninety-seven,1
ninety-two,1
ninety-two-percent-of-organizations-think-they-need-to-do-more-to-reassure-customers-about-how-their-data-is-used-in-ai-new-cisco-research-finds-301729137.html,1
nings,1
ningxia,1
ninlaro,1
ninth-annual,1
nior,1
nipendo,1
nipendo.com,1
niro's,1
nit,1
niubiz,1
niugini,1
nium,1
niural,1
niveaux,1
niven,1
nized,1
njbca,1
nkeex101.htm,1
nkeex102.htm,1
nkeex103.htm,1
nkeex991.htm,1
nkeexhibit991-jrt.htm,1
nkf-kidney,1
nksj,1
nlp,1
nmaahc,1
nmyoy,1
nnn,1
nnrti,1
no-contact,1
no-flip,1
no-shows,1
no-sugar,1
no.1,1
no.118,1
no.144a-__,1
no.2,1
no.3,1
no.4,1
no.600,1
nobel,1
nobelium,1
noc,1
nocs,1
nod,1
node.js,1
noise-induced,1
noises,1
noit,1
noitle,1
nomac-e2,1
nomadic,1
nomgov,1
nominates,1
non-additive,1
non-advance-refunded,1
non-advocate,1
non-aligned,1
non-alignment,1
non-amazon.com,1
non-amortizing,1
non-assignability,1
non-assignable,1
non-authoritative,1
non-automatically,1
non-bds,1
non-billable,1
non-binary,1
non-branch,1
non-brokerage,1
non-canadian,1
non-carbon,1
non-carriers,1
non-centrally-cleared,1
non-certificated,1
non-cervical,1
non-chase,1
non-cns,1
non-co,1
non-co-brand,1
non-co2,1
non-collectability,1
non-comp,1
non-comparability,1
non-competitors,1
non-consolidation,1
non-contested,1
non-contiguous,1
non-contravention,1
non-core1,1
non-covid-19,1
non-crm,1
non-crypto,1
non-customized,1
non-differentiating,1
non-diluting,1
non-disclosures,1
non-durable,1
non-election,1
non-electronics,1
non-enbrel,1
non-encrypted,1
non-enforcement,1
non-english-language,1
non-erisa,1
non-exclusionary,1
non-exhaustive,1
non-fdic,1
non-gas,1
non-german,1
non-hispanic,1
non-hodgkin's,1
non-holiday,1
non-imaging,1
non-impacted,1
non-industrial,1
non-iphone,1
non-judicial,1
non-lending,1
non-liquidity,1
non-m,1
non-markets-related,1
non-misappropriation,1
non-msl,1
non-muscle-invasive,1
non-negotiated,1
non-nike,1
non-officers,1
non-op,1
non-pah,1
non-partisan,1
non-patent,1
non-paying,1
non-pharmacologic,1
non-prevailing,1
non-primetime,1
non-privileged,1
non-purchased,1
non-radiographic,1
non-ratable,1
non-raw,1
non-reallocated,1
non-recognizable,1
non-refillable,1
non-returning,1
non-revocation,1
non-risk,1
non-road,1
non-rsn,1
non-rule,1
non-russia,1
non-russian-owned,1
non-satisfaction,1
non-sec,1
non-shareholder,1
non-skype,1
non-solicited,1
non-specific,1
non-standalone,1
non-statin,1
non-stock,1
non-survival,1
non-susceptible,1
non-tlac,1
non-tradeable,1
non-u.s.-denominated,1
non-us-dollar,1
non-use,1
non-users,1
non-valvular,1
non-vef,1
non-viable,1
non-violation,1
non-visa-branded,1
non-widebody,1
non-working,1
non-woverns,1
non-written,1
nonactive,1
nonauthoritative,1
nonconforming,1
noncore,1
nondefault,1
nondefaulted,1
nondiscrimination,1
nondollar-,1
nonexchange-traded,1
nonfiduciary,1
nonfood,1
noninterest-rate,1
nonpartisan,1
nonpersonal,1
nonprincipal,1
nonprocurement,1
nonretirement,1
nonsmall,1
nonsubstantive,1
nonunitized,1
nonusmember,1
nonvotes,1
nopa,1
norad,1
nordisk,1
nordquist,1
nordstrom's,1
norgestimate,1
normalizes,1
nortek,1
north-rhine,1
north-western,1
northamericamember,1
northford,1
northridge,1
northside,1
northwest-operated,1
nortrak,1
noseworthy,1
nostalgia,1
notamment,1
notated,1
notations,1
note-,1
note-taking,1
note-that,1
note11,1
note5,1
notebookmember,1
notes-optional,1
notes4,1
notesdueaugust12017domain,1
notesdueaugust152019member,1
notesduefebruary12022memberdomain,1
notesduejanuary152038member,1
notesduemarch182037member,1
notesduemarch92021member,1
notesduenovember152026member,1
notesdueoctober12026member,1
notesdueoctober152036member,1
notesdueonmarch82019member,1
notesdueonmarch82021member,1
notesdueonmarch82024member,1
notesdueonmay252022member,1
notesdueonmay252027member,1
notesdueseptember152022member,1
notesdueseptember152023member,1
notesdueseptember152028member,1
nother,1
nothwithstanding,1
noticing,1
nottingham,1
notyet,1
noun,1
nourish,1
nouveau,1
nouveaut,1
nouvelle,1
nouvelles,1
novartis-exclusive,1
nove,1
novice,1
novick,1
novida,1
novopayment.com,1
now-consolidated,1
now-invalid,1
now-terminated,1
nowhere,1
noxzema,1
noyce,1
npi,1
npr2,1
npr5,1
npu,1
nqs,1
nrel,1
nrf,1
ns5b,1
nsclc-expressing,1
nses,1
nsfr8,1
nslcomm,1
nta,1
nteg,1
ntinuing,1
ntnx,1
ntrs10,1
ntrs8,1
ntts,1
ntu,1
nubi,1
nuc,1
nucamendi,1
nuclear-powered,1
nuclear-trained,1
nucleases,1
nucs,1
nuevolution,1
nullifies,1
num,1
num-dot-decimal,1
numbering,1
numerique,1
nurtured,1
nussbaum,1
nutanix's,1
nutpods,1
nutrien,1
nutritionnelle,1
nutritionnels,1
nuvei,1
nvega,1
nventories,1
nvidia's,1
nw,1
nw1,1
nxt,1
ny1-050-12-02,1
ny20004937x9_ex99-1.htm,1
ny20004937x9_ex99-2.htm,1
ny20004937x9_ex99-3.htm,1
nyach,1
nyag,1
nyca,1
nycomed,1
nyenrode,1
nyfw,1
nylonge,1
nypd,1
nyre,1
nysbd,1
nyx,1
o'clock,1
o'connell,1
o'leary,1
o'melveny,1
o-optimized,1
o-ran,1
oaketree,1
oals,1
oanda.com,1
oaths,1
oats,1
obama's,1
obap,1
obe,1
obispo,1
objectif,1
objet,1
obligating,1
obligation's,1
obscure,1
obsessive,1
obstetrics,1
obtiennent,1
ocations,1
ocbc,1
occlude,1
occluded,1
occupancy-,1
occupant,1
occupant-centric,1
oceanic,1
oceanographer,1
oceanographic,1
ocf,1
ochsner,1
oci-effective,1
ocm,1
oct.1,1
october's,1
october-2019-5-00-pm-et.pdf,1
oculus,1
od,1
odds,1
odera,1
odzvdqgwd,1
oef,1
of$0.6,1
of$62,1
of-sequence,1
of-the-art,1
ofac's,1
off-field,1
off-site.in,1
off-take,1
offboard,1
offe,1
offeree,1
offert,1
offerte,1
offerts,1
office-,1
office-flexible,1
officemax,1
officer's,1
official-cybersecurity-jobs-report,1
offloads,1
offrant,1
offriront,1
offset-paired,1
ofiice,1
ofit,1
ofs,1
og,1
oh3c,1
ohfc,1
ohio's,1
ohvvwkh,1
oid,1
oil-field,1
oil-related,1
oilfield,1
oilseed,1
oive,1
okan,1
okeke,1
okla,1
oklahoma-based,1
okoudjou,1
okr,1
okx,1
olathe,1
olefin,1
olidation,1
olivier,1
olley,1
olog,1
olomouc,1
olson,1
olufsen,1
olufsen's,1
olukiyesimi,1
oluwadamilola,1
olx,1
olympians,1
olympic-related,1
olympic-themed,1
oman-air-takes-delivery-of-first-737-800-boeing-converted-freighter-301986594.html,1
omap,1
omens,1
omidyar,1
oml127,1
oml128,1
ommercial,1
omnia,1
omnicom,1
omnio,1
omny,1
omontys,1
omotosho,1
omply,1
omprehensive,1
omri,1
omrm,1
omrmmd,1
on-boarded,1
on-book,1
on-camera,1
on-chain,1
on-ear,1
on-ramps,1
on-year,1
onboarded,1
once-in-a-generation,1
onchocerciasis,1
oncile,1
oncogenesis,1
one's,1
one-at-a-time,1
one-bedroom,1
one-in-six,1
one-in-three,1
one-level,1
one-press,1
one-second,1
one-time-passcode,1
one-twenty,1
onefiber,1
onet.pl,1
oneunited,1
onfido,1
onida,1
onion,1
oniqua,1
online2,1
onment,1
onshored,1
onstage,1
onstraints,1
ontract,1
ontributed,1
ontrols,1
onxx,1
onyxpharm,1
ooma,1
ooo,1
oort,1
opacity,1
opara,1
ope,1
open-standards,1
open-standards-based,1
open-system,1
openai's,1
openappid,1
openbank,1
opened4,1
opener,1
openers,1
opengl,1
openinfluence,1
opening3,1
openinvest,1
openpages,1
openroaming,1
openscale,1
openstack,1
openstack-based,1
opentable,1
operat,1
operating-related,1
operatinggrantmember,1
operatingleaseliabilitynoncurrent,1
operatingleaserightofuseasset,1
operatingsegmentsmember,1
operatio,1
operational-risk,1
operator.hello,1
operatorchallenge,1
opererations,1
ophthalmol,1
ophthalmological,1
oppo,1
opportune,1
opportunities-improving,1
opte,1
opted-out,1
opti,1
optimale,1
optimer,1
option-valuation,1
optionally,1
options-approved,1
options-pricing,1
options-related,1
optometry,1
optrell,1
opts-in,1
optumhealth's,1
optumrx's,1
oqo,1
or-less,1
ora,1
oracle's,1
oral-once,1
oral-weekly,1
orange-flavored,1
orbits,1
orchestrated,1
orchestrator,1
order-by-order,1
ordonnance,1
ordos,1
oregonandarizonabondsdue2035to2040member,1
oregonandarizonabondsmember,1
oregonbusinessdevelopmentcommissionbondsmember,1
oreo,1
organis,1
organism,1
organismes,1
organiz,1
orgs,1
orienting,1
originations4,1
originations6,1
originator-product,1
orix,1
orized,1
ork,1
ormit,1
orporate,1
orporation,1
orr.4,1
orrpehuj,1
orrpehujli2shudwlqj,1
orrpehujli2shudwlqj52,1
orth,1
ortho-,1
orthotics,1
orward,1
osaka-shi,1
osats,1
oscar-winning,1
oscars,1
oschadbank,1
osei,1
osei-sarpong,1
osmosis,1
osmotic,1
ossible,1
osteoanabolic,1
osteolysis,1
oster,1
osu,1
ota,1
otchere,1
otezla's,1
other-divested,1
other-than-,1
other-than-temporarily-impaired,1
other1,1
othercomprehensiveincomelossavailableforsalesecuritiesadjustmentnetoftax,1
othercomprehensiveincomelosscashflowhedgegainlossafterreclassificationandtax,1
othercomprehensiveincomelossforeigncurrencytransactionandtranslationadjustmentnetoftax,1
othercomprehensiveincomelossnetoftaxportionattributabletoparent,1
othercountriesmember,1
othercurrentassetsmember,1
otherduethrough2046member,1
otherlongtermassetsmember,1
otherlongtermliabilitiesmember,1
othermember,1
othernonoperatingincomeexpense,1
othernonoperatingincomeexpensemember,1
otherproductorservicemember,1
othropaedics,1
otp,1
otsuka,1
ottawa,1
ottawa-based,1
otto,1
our-leadership-team,1
ourbusiness,1
ourocard,1
ourself,1
ourt,1
ousd,1
out-dated,1
out-of,1
out-of-band,1
out-of-box,1
out-paced,1
outcome-focused,1
outcome-oriented,1
outdo,1
outerstuff,1
outerwear,1
outfalls,1
outgrown,1
outliers,1
outlook1,1
outmoded,1
outre,1
outstanding1,1
outstanding7,1
ovel,1
oven,1
ovens,1
over-allocation,1
over-allotment,1
over-delivered,1
over-indexing,1
over-payment,1
over-sampled,1
over-saturate,1
over-the-,1
over-year,1
overabundance,1
overachievement,1
overages,1
overallotments,1
overbroad,1
overconfidence,1
overdoses,1
overdrawn,1
overgaard,1
overhang,1
overlays,1
overlimit,1
overlooking,1
overpaid,1
overrun,1
overseer,1
overseers,1
oversies,1
overstates,1
overtly,1
overutilization,1
overweight,1
overwhelmed,1
ovided,1
ow,1
owen,1
ower,1
own-risk,1
owned-stations,1
owned2,1
ownerships,1
ows,1
ox40,1
oxfam,1
oxfam's,1
oxfam.org,1
oxfamamerica.org,1
oxley,1
p-card,1
p-series,1
p-techs,1
p-timi,1
p-value,1
p.e,1
p.g12c,1
p.o.box,1
p.s,1
p004221.pdf,1
p1026,1
p1028,1
p1165,1
p119,1
p3dn,1
p3y,1
p4,1
p4d,1
p500,1
p5800x,1
p8-i,1
pa-,1
pac-12,1
pac1,1
pacifica,1
pacino,1
packa,1
packaging-free,1
pacs,1
pact,1
pacts,1
padded,1
paddle,1
padmini,1
padmini.persaud,1
pae2,1
paga,1
pah5,1
paid-out,1
paid-programming,1
paiement,1
pain-point,1
pain-points,1
painful,1
painting,1
pairings,1
paj,1
pajor,1
pal6,1
palace,1
palacios,1
palau,1
palestine-israel,1
palettes,1
palladino,1
pallet,1
pallets,1
palmar-plantar,1
palmdale's,1
palminteri,1
palmpay,1
pam's,1
pam4,1
pambianchi,1
pamidronate,1
pamitate,1
pan-african,1
panasonic,1
pand,1
pandemic-aid,1
panera,1
panoptica's,1
pant,1
pantai,1
pap7,1
papa,1
papel,1
paper-driven,1
paper-nonfinancial,1
papermaster,1
paperwhites,1
paperwork,1
papillary,1
paq5,1
par-1,1
para-cycling,1
para-sport,1
parabens,1
parallax,1
parallel-group,1
paralympian,1
paralympics,1
paramus,1
parasite,1
parasol,1
parasympathetic,1
paration,1
pares,1
paresthesia,1
parfaits,1
paris--,1
paris-based,1
parital,1
parkinson's,1
parra,1
parslow,1
partake,1
partenaire,1
partenaires,1
parti,1
partial-year,1
particle,1
particulier,1
partir,1
partisan,1
partner-centric,1
partner-marketing,1
partner-with-us,1
partnerre,1
party-in-interest,1
pas,1
pascale,1
pascente,1
pasha,1
pasi,1
paso,1
passenger-pleasing,1
passholder,1
passionately,1
passions,1
pasterick,1
pastewka,1
pastry,1
patankar,1
pate,1
patent-dispute-resolution,1
patent-ineligible,1
pathogenic,1
pathology,1
pathophysiology,1
pathward,1
patient-clinician,1
patient-controlled,1
patient-physician,1
patient-reported,1
patiently,1
patomak,1
patriarchy,1
patriots,1
patti,1
patties,1
paul's,1
paul.j.lewis2,1
paul.melvin,1
paula_drake,1
pauloarea,1
paulsen,1
pavd,1
paw2,1
pawel,1
pawlikowski,1
pay-generated,1
pay-per-session,1
pay.m,1
payactiv,1
paycore,1
payer-initiated,1
paygoal,1
payhawk,1
paymate,1
payment-guides,1
payment-holiday,1
payment-security-market-103748,1
payments2,1
paymentsense,1
paymentsforproceedsfromotherinvestingactivities,1
paymentsforrepurchaseofcommonstock,1
paymentsofdividendscommonstock,1
paymentstoacquireinvestments,1
paymentstoacquirepropertyplantandequipment,1
payne,1
paynearme,1
paypal-owned,1
paypal.com,1
paysend.com,1
payve,1
paywalls,1
paywithbpn.com,1
payworks,1
pba9,1
pbc5,1
pbh4,1
pbr,1
pci1,1
pcl,1
pcle,1
pcmag.com,1
pcmhs,1
pcr-based,1
pcv13,1
pde3,1
pdf0,1
pdfs,1
pdgfr-b,1
pdlo1rwlilfdwlrqvhfwlrqdw,1
pdp4,1
pdq2,1
pdqdjhphqwdgmxvwhgerrnydoxhshuvkduhlvxvhixolqdqdqdo,1
peach,1
peak-to-trough,1
peanut,1
pearman,1
peat,1
pectively,1
pedal,1
pedcev,1
pedestrian,1
pedometer,1
pee,1
peeks,1
peele,1
peep,1
peephole,1
peers1,1
peet,1
peg-epo,1
peggy,1
peglntron,1
peine,1
pel,1
pel90,1
pelliccia,1
pelman,1
peluso,1
penang,1
pendulum,1
penelope,1
penelope.bruce,1
penetrance,1
penguins,1
pennsylvania-based,1
penplace,1
penrose,1
pentair,1
people-culture,1
people-first,1
peppered,1
pepperidge,1
pepsi-self-checkout-two.jpeg,1
pepsico's,1
peptidic,1
per-and,1
per-patient,1
per-seat,1
per-transaction,1
per-user,1
per-user-based,1
peratief,1
perceiving,1
percen,1
percent-,1
percent.2,1
percentage-based,1
percutaneous,1
peretti,1
perfluorooctanoic,1
perfor,1
performance-,1
performance-core,1
performance-driven,1
performance-leading,1
performance-wise,1
performanceperiod2020to2022member,1
performanceperiod2022to2024member,1
performanceshareunits20182020awardmember,1
performant,1
performix,1
perfume,1
pergo,1
peri,1
peric,1
perimeters,1
period-year,1
periodical,1
periodicity,1
perished,1
permeate,1
permeates,1
permet,1
permettant,1
permettra,1
permettre,1
permissioned,1
pernambuco,1
peroxide,1
perpetrate,1
perrizo,1
persaud,1
persero,1
perseverance,1
persevere,1
persistency,1
perso,1
persona,1
personable,1
personnalisation,1
personne,1
personnels,1
personnes,1
pertamina,1
pertinents,1
pervasively,1
pesticides,1
petabit-scale,1
peter.dannenbaum,1
petersen,1
petnet,1
petno,1
petro,1
petronas,1
petrophysical,1
petrovietnam-operated,1
petta,1
petters,1
petyko,1
peu,1
peugeot,1
peut,1
peyton,1
pezzini,1
pfas-based,1
pfc-related,1
pfd,1
pfizer's,1
pflager,1
pfoa-related,1
pg-ir,1
pg2,1
pg22b,1
pg26e,1
pg31b,1
pgatour.com,1
pgatourhq.com,1
pgx,1
pharmacogenomics,1
pharmacueticals,1
pharmacylics,1
phase-ins,1
phase-outs,1
phase.1,1
phased-in2,1
phcs,1
phdqiruhdfkuhvshfwlyh,1
phdvxuhvsohdvhvhhwkhsdjhvwkdwiroorz,1
phennecs,1
phenomenally,1
philippe,1
philippon,1
phillips-van,1
philosophical,1
philosophie,1
phishing-resistant,1
phlebas,1
phoenix--,1
phone-enabled,1
phonepos,1
phos,1
phosphate-binding,1
phosphorous,1
photographic,1
photographing,1
photonic,1
phpt,1
phqwjdlqvorvvhvsuhihuuhgvwrfndqgglvfrqwlqxhgrshudwlrqv,1
phrasing,1
phsa,1
physical-digital,1
physician's,1
physician-patient,1
physics,1
pibb,1
picker,1
picketing,1
pickets,1
pickman,1
pickups,1
pierced,1
pierre-louis,1
pierric,1
pietracci,1
pif,1
pif-owned,1
pig,1
pigmentosa,1
pilarz,1
pilaszek,1
pilatesbklyn,1
pillartree,1
pillows,1
pimco,1
pin-yen,1
pinda,1
pineapple,1
pinhoe,1
pink,1
pinned,1
pins,1
pinsly,1
pip,1
pipelay,1
piperacillin,1
pirate,1
pires,1
piscitelli,1
pismo,1
pismo.io,1
pit,1
pital,1
pitaro,1
pitched,1
pitcher,1
pitfall,1
pitfalls,1
pits,1
pittway,1
pituach,1
pituitary,1
pivots,1
pixi,1
pixpay,1
pkesamanski,1
pla,1
plaine,1
plair,1
plaisir,1
plan-eligible,1
planner,1
planograms,1
planspan,1
plant-for-the-planet,1
planta,1
plantation,1
planted,1
plantings,1
plaque-type,1
plastiq,1
plat,1
plateaued,1
platelet-derived,1
platfo,1
platform-based,1
platform-connected,1
platform-neutral,1
platform1,1
platina,1
platinum-pemetrexed,1
play-,1
play-doh,1
playdates,1
playful,1
playtika,1
playtime,1
pleasing,1
pleinement,1
plentiful,1
pleted,1
plin,1
plinehan,1
plinio,1
ploie,1
plots,1
plowe,1
pls,1
pls-success,1
plug-in,1
plugable,1
plush,1
plusquedesfrites,1
plymouthrock.com,1
pmblc,1
pmmr,1
pmms,1
pneu-day,1
pneu-direction,1
pneu-path,1
pneu-plan,1
pneu-true,1
pod,1
podvin,1
point-and-a-half,1
point-and-click,1
point-earn,1
point-of-purchase,1
point-of-sales,1
point-of-scale,1
pointfive,1
points-based,1
points-of-sale,1
points.the,1
poitiers,1
pok,1
poland's,1
polaroid,1
polartec,1
pole,1
polestar,1
policies-pension,1
policy's,1
policy-holders,1
politico,1
politics,1
polled,1
pollen-induced,1
pollen-specific,1
pollens,1
poller,1
polley,1
polotico.eu,1
polymask,1
polymerized,1
polyphenylene-sulfide,1
pomezia,1
pomme,1
pondent,1
pondre,1
ponmagal,1
ponos,1
pontus,1
ponvory,1
ponzi,1
poonen,1
poorest,1
popcornflix,1
pope's,1
popsugar,1
populaires,1
populate,1
por,1
porch,1
pornography,1
porphyry,1
porro,1
porsche,1
portal1,1
porte,1
portera,1
portfoli,1
portfolio-optimization,1
portfolio-wide,1
portfolio1,1
portfolio5,1
portland-area,1
portoflio,1
portrait,1
portraits,1
portraying,1
portrays,1
posent,1
posi-,1
posit,1
position-sensing,1
position.in,1
positions2,1
positivity,1
positons,1
posnett,1
possi,1
post-2002,1
post-2004,1
post-2005,1
post-65,1
post-breach,1
post-change,1
post-chapter,1
post-disaster,1
post-dodd-frank,1
post-fda,1
post-filing,1
post-first,1
post-frp,1
post-hoc,1
post-internet,1
post-march,1
post-order,1
post-osimertinib,1
post-partum,1
post-processing,1
post-red,1
post-reserve,1
post-resolution,1
post-second,1
post-secondary,1
post-transition,1
post-vaccination,1
postale,1
postemenopausal,1
postepay,1
postes,1
postgres,1
postgresql-compatible,1
posto,1
postul,1
postuler,1
potash,1
potassium-hydrochlorothiazide,1
potato,1
potion,1
pottsville,1
potty,1
pouce,1
pouch,1
pouchak,1
poulet,1
poulin,1
poulter,1
poursuit,1
poursuivons,1
poursuivre,1
pouvez,1
powe,1
power-based,1
power-intensive,1
power-over-ethernet,1
power8-based,1
powercore,1
powered-industrial-truck,1
powerload,1
powertrains,1
poynt,1
pp6m,1
ppac,1
ppac-optimized,1
pping,1
ppnr,1
ppp-001,1
pproximate,1
pps,1
prado,1
praise,1
prakash,1
prasad,1
prashant,1
prat,1
prathamesh,1
prather,1
pre-2015,1
pre-65,1
pre-and,1
pre-announced,1
pre-assembled,1
pre-beauty,1
pre-c-band,1
pre-cancers,1
pre-clearance,1
pre-combination,1
pre-conditional,1
pre-dating,1
pre-designed,1
pre-dispute,1
pre-distribution,1
pre-eminent,1
pre-event,1
pre-feed,1
pre-first,1
pre-inflation,1
pre-liquidity,1
pre-operative,1
pre-ordained,1
pre-position,1
pre-positioned,1
pre-processing,1
pre-reserve,1
pre-sale,1
pre-second,1
pre-shared,1
pre-shut-in,1
pre-signing,1
pre-sorted,1
pre-spectrum,1
pre-split,1
pre-standardized,1
pre-stored,1
pre-strike,1
pre-trade,1
pre-validation,1
prebon,1
prebreach,1
precent,1
precincts,1
precipitously,1
precision-crafted,1
precision-knit,1
precursors.1,1
precursors.1talquetamab,1
predated,1
predatory,1
prediabetics,1
predictably,1
predun,1
preeclampsia,1
preempting,1
preestablished,1
preestablishes,1
pref,1
preferrable,1
prejudices,1
prejudicial,1
preliminary-project,1
preload,1
premi,1
premia,1
premiseedgeawsazuregooglealibaba,1
premium-tier,1
premiumization,1
premiumsupport,1
prenant,1
prendre,1
preoccupied,1
preorder,1
prepackaged,1
prepandemic,1
preparer,1
prepositions,1
preprovision,1
preqin,1
prerequisite,1
presale,1
presales,1
prescription-drug-pricing,1
prescription-to-otc,1
preselected,1
presen,1
presence6,1
presentation-final.pdf,1
presentaton,1
preservatives,1
preset-spending,1
president-finance,1
president-governance,1
presides,1
presidio,1
presidio's,1
presque,1
press-center,1
press-releases,1
presscorner,1
presse,1
pressoffice,1
presspass,1
pressrelease_ex991,1
pressrelease_ex991.htm,1
prestige-inspired,1
presumably,1
presuming,1
presumptive,1
pretend,1
preto,1
preuve,1
previn,1
previously-issued,1
previously-modified,1
previously-scheduled,1
previously-treated,1
pric,1
price-conscious,1
price-cycle,1
price-margin,1
price-per-gigabyte,1
price-referencing,1
price-tiers,1
priceless,1
priceline,1
prides,1
pril,1
prim,1
primacy,1
primar,1
primari,1
primaries,1
primary2,1
primedia,1
primus,1
printable,1
prinum,1
prior-cycle,1
prior-four,1
prior-generation,1
prior-quarter,1
priorbank,1
priorit,1
prioritizations,1
prison,1
priv,1
privacy's,1
privacy-by-design,1
privacy-safe,1
privalia,1
private-equity,1
privately-negotiated,1
privately-owned,1
privatization,1
privatized,1
prized,1
pro-growth,1
pro-health,1
pro-inflammatory,1
pro-innovation,1
pro-ration,1
probabilistic,1
probability-weighted-income,1
proc,1
procedurally,1
proceedsfrominvestments,1
proceedsfromissuanceofcommonstock,1
proceedsfrommaturitiesprepaymentsandcallsofavailableforsalesecurities,1
proceedsfrompaymentsforotherfinancingactivities,1
process-,1
process-from,1
process-level,1
process-oriented,1
processia,1
processor-intensive,1
processor-powered,1
prochaine,1
procoralan,1
procurer,1
procyclical,1
procyclicality,1
produ,1
product-centric,1
product-either,1
product-level,1
production-ready,1
productively,1
productivity19,1
productivityandbusinessprocessesmember,1
productize,1
products-patents,1
products.these,1
products1,1
profepa,1
professional-level,1
proffer,1
profiling,1
profit-split,1
profit-take,1
profit4sf,1
profitant,1
progra,1
program-to-program,1
programmer,1
progression-,1
prohealth,1
project-,1
project-specific,1
proliferated,1
proliferations,1
promerica,1
prominently,1
promoda,1
promos,1
promoters,1
promotion-predicted,1
promulgates,1
promulgating,1
propagate,1
property-based,1
propertyplantandequipmentnet,1
proportionality,1
propylene,1
prosa,1
prosecutorial,1
prosep,1
proshield,1
prosiebensat.1,1
protease-activated,1
proteccio,1
protein-coupled,1
prothrombin,1
protoflight,1
prototypes-commercial,1
proulx,1
proved-reserve,1
provenant,1
provi-,1
provid,1
provider-aligned,1
provider-led,1
provo,1
provoked,1
proximately,1
proxyholder,1
proxyholders,1
proxymaterials,1
prudence,1
pruebas,1
prysmian,1
psa,1
psdfw,1
psi,1
pss,1
psychological,1
psychologist,1
psychotropic,1
pta,1
ptm,1
ptured,1
publ,1
public-company,1
public-policy,1
publicdocs,1
publicit,1
publicly-,1
publicly-offered,1
publicly-operated,1
publiclytradedcompaniesmember,1
publipostage,1
pubnub,1
puck,1
puddle,1
pudhu,1
puesto,1
puisement,1
puisqu'elle,1
puisse,1
pull-ins,1
pull-market,1
punch,1
punch-in,1
punctures,1
pune,1
punishment,1
pups,1
purchase-driven,1
purchase-price,1
purge,1
purged,1
purify,1
purina,1
purnell,1
purpose-fit,1
purpose-focused,1
pursing,1
purtouch,1
purwin,1
push-to-account,1
push-to-wallet,1
push-ups,1
putham,1
putre,1
puzzler,1
pv,1
pvh,1
pwa-prosep,1
px,1
pxp,1
pymnts,1
pypl,1
pyramids,1
pyrexia,1
pyroban,1
pys,1
python,1
pyttorch,1
q06,1
q07,1
q1'21,1
q121,1
q122,1
q13.phtml,1
q14-4q16,1
q14.html,1
q16-4q18,1
q16.html,1
q17.html,1
q1fy22exhibit991er.htm,1
q1fy23exhibit991er.htm,1
q2'20,1
q2'21,1
q2'22,1
q20n,1
q23,1
q23_vz_foi_012324.pdf,1
q23_vz_nongaap_012324.pd,1
q23_vz_nongaap_012324.pdf,1
q2fy18erccexhibit991.htm,1
q2fy23exhibit991er.htm,1
q3'19,1
q3'21,1
q320exhibit991.htm,1
q320exhibit992.htm,1
q321exhibit991.htm,1
q321exhibit992.htm,1
q3fy22exhibit991er.htm,1
q4'12,1
q4'19,1
q4'20,1
q4-2019-earnings-call,1
q4e,1
q4fy22exhibit991er.htm,1
q99,1
qantas-nearly-doubles-boeing-787-dreamliner-fleet-with-order-for-12-widebody-jets-301908574.html,1
qatalyst,1
qatar's,1
qatar--,1
qatar-based,1
qdgglwlrq,1
qdot,1
qed,1
qfrph52,1
qh,1
qhwuhdol,1
qi-certified,1
qi-enabled,1
qib,1
qiis,1
qilibei,1
qing,1
qingyi,1
qiwi,1
qnb,1
qohvvrwkhuzlvhqrwhgdoolqirupdwlrqlqwklvsuhvhqwdwlrqlvdvriruiruwkh,1
qoo,1
qoq6,1
qpb,1
qpbs,1
qqq,1
qqrydwlqjrqwrs,1
qt,1
qtc,1
qtr,1
qtr20fin,1
qty,1
qu'elle,1
qu'en,1
qu'ils,1
qu'offre,1
quadrupling,1
quaker,1
qualit,1
quality-assured,1
qualtrics,1
quant-,1
quanta,1
quantas,1
quantative,1
quanti,1
quantifications,1
quantitively,1
quantum-resistant,1
quantumania,1
quarte,1
quarter-on-quarter,1
quarter-pound,1
quarter3,1
quarterly-results.html,1
quartiles24,1
quartus,1
quat,1
quatre,1
queen's,1
quelques,1
quent,1
questioning,1
quests,1
quick-serve,1
quickbooks,1
quickdeposit,1
quickest,1
quickpay,1
quickstart-online,1
quietly,1
quilibr,1
quiluma,1
quin,1
quincey's,1
quincy,1
quintessential,1
quintile,1
quintiles,1
quintupled,1
quipement,1
quipiers,1
quire,1
quirk,1
quivalents,1
quo,1
quote-to-order,1
qvxulqjrxufrqwlqxhgvxffhvv,1
qwest,1
qwilt,1
qwkhrslqlrqriwkh,1
qwklvsuhvhqwdwlrqzhpd,1
qyhvwphqw,1
qyhvwruv,1
qytd22,1
r$168,1
r$647,1
r$8.9,1
r.bedell,1
r.h,1
r1,1
r2-d2,1
r5b,1
r5d,1
ra3,1
rabais,1
rabbi,1
rabiller,1
rabobank,1
race-day,1
racers,1
racersys,1
racetrac,1
rachael,1
rachio,1
racial-equity-justice-initiative,1
racially-diverse,1
rack-mount,1
rack-space,1
raconteur,1
radiant,1
radio-opaque,1
radiodisney,1
radiotherapy,1
radke,1
raed,1
raf,1
raffael,1
raffolent,1
rafra,1
rag,1
raging,1
rahm,1
rahul,1
railbound,1
railroads,1
railsbank,1
raina,1
raining,1
raisin,1
raison,1
rajan,1
rajiv,1
rallied,1
ramaswamy,1
rambus.com,1
ramesh,1
ramona,1
ramped-up,1
ramping-up,1
rams,1
randhir,1
randstad's,1
rangan,1
range-,1
rankers,1
ranking3,1
ransactions,1
rapidmove,1
rappel,1
rappitenderos,1
rapsodia,1
raptive,1
raptors,1
rare-disease,1
rasheed,1
raspberry,1
rassemblent,1
ratchet,1
rate-bonds,1
rate.the,1
rate1,1
rate7,1
rates3,1
rathore,1
rating8,1
ratings-infringe,1
ratingtm,1
ratio2,1
ratio4,1
ratio6,1
rations,1
ratios2,1
rauch,1
rauchenberger,1
raumfahrt,1
raunheim,1
rav4,1
rave,1
ravens,1
ravenswood,1
ravichandran,1
raving,1
rayford,1
raygen,1
rayong,1
rays,1
raza,1
razadyne,1
rbalsham,1
rbc-wealth-managements-us-business-increases-efficiency-delivers-on-client-expectations-with-salesforce-301691110.html,1
rccs,1
rcito,1
rcmo,1
rcp,1
re-accelerate,1
re-administered,1
re-affirming,1
re-allege,1
re-alleging,1
re-allocate,1
re-architected,1
re-authorized,1
re-breaches,1
re-characterization,1
re-characterize,1
re-conducted,1
re-consideration,1
re-defining,1
re-deliberate,1
re-deliberations,1
re-directed,1
re-downloaded,1
re-elect,1
re-emphasize,1
re-energize,1
re-enforce,1
re-engage,1
re-engagement,1
re-engineered,1
re-enrolled,1
re-enrolling,1
re-enrollment,1
re-entering,1
re-establishing,1
re-examining,1
re-focused,1
re-hedging,1
re-imagining,1
re-imposed,1
re-inc,1
re-invention,1
re-joining,1
re-lighting,1
re-located,1
re-made,1
re-nominate,1
re-occur,1
re-opens,1
re-performed,1
re-platform,1
re-population,1
re-que,1
re-routing,1
re-shaping,1
re-shutdowns,1
re-sited,1
re-skilling,1
re-tested,1
re-tier,1
re-tiering,1
re-work,1
re100,1
re47,1
reaccelerating,1
reacquires,1
reaction-based,1
reactivated,1
reactor,1
reacts,1
read-only,1
readjustment,1
readmission,1
readmissions,1
ready-,1
ready-certified,1
reagan,1
real-,1
real-3,1
realigns,1
reallocations,1
realreal,1
realsense,1
realservice,1
realtimes,1
realtor.com,1
realty,1
reaping,1
reappointed,1
rear-facing,1
rear-seat,1
reared,1
reargue,1
rearrangement-negative,1
reassertion,1
reassure,1
reater,1
reath,1
reauthenticate,1
reb,1
reba,1
reback,1
rebal,1
rebels,1
rebooted,1
rebooting,1
reborrowing,1
rebounds,1
rebuildcampfund,1
rebuttal,1
recalibrate,1
recalibrations,1
recapping,1
recategorized,1
recaudaciones,1
receiptmatch,1
receive-variable,1
recently-agreed,1
recently-approved,1
recently-completed,1
recently-filed,1
receptor-,1
receptor-mutant,1
recession-proof,1
recettes,1
recharged,1
recharging,1
recherche,1
recited,1
reclaiming,1
recochoku,1
recog,1
recognised,1
recogniton,1
recom-,1
recommencement,1
recompense,1
reconfirm,1
reconfirmed,1
reconnaissants,1
reconnu,1
reconsidering,1
reconvene,1
reconvening,1
record--thanks,1
record-high,1
recovere,1
recovery-related,1
recruiter,1
rectangle,1
recueillir,1
recumbent,1
recuperate,1
recurring2,1
recusals,1
recycled-content,1
recycled-rubber,1
recycles,1
redact,1
redaction,1
redawning.com,1
redburn,1
reddall,1
reddington,1
redeemed-in-kind,1
redeliver,1
redelivery,1
redemption-in-kind,1
redenominating,1
redesignation,1
redetermined,1
redhat,1
redhawk,1
redhibition,1
redi,1
rediscover,1
redistributable,1
redistribute,1
redistricting,1
redit,1
redocument,1
redonner,1
redpoint,1
reds,1
reduc,1
reduced-sugar,1
reductase,1
reduction4,1
reductions-in-force,1
redundantly,1
reel,1
reemerge,1
reena,1
reena.vaidya,1
reenact,1
reenforces,1
reenter,1
rees,1
reexaminations,1
reexamining,1
refco,1
referees,1
reference-pricing,1
refinery29,1
refitted,1
reflec,1
reflecte,1
reflectin,1
reformulated,1
refrains,1
reframe,1
refrigerator,1
reg-104226-18,1
reg-104390-18,1
regaine,1
regenerating,1
regenerative,1
reggie,1
regina,1
regionalization,1
register-transfer,1
regressions,1
regret,1
regroup,1
regularity,1
regularly-scheduled,1
rehabilitator,1
rehausse,1
rehaussement,1
rehaussera,1
reignited,1
reilley,1
reincorporate,1
reincubate,1
reinemund,1
reins,1
reinstitutes,1
reinvigorate,1
rejoint,1
rejuvenation,1
relapsing,1
related-charges,1
relations.in,1
relationship1,1
relationships2,1
relaunches,1
relaunching,1
relaying,1
relays,1
releasee,1
releases3,1
releasors,1
relebactum,1
relieves,1
relitigate,1
relive,1
reloaded,1
relx,1
rem-based,1
remade,1
remainco-rsn,1
remaking,1
remanufacturers,1
remarking,1
remeasure-ment,1
remediates,1
remembered,1
remembrance,1
rement,1
reminds,1
remis,1
remittances.html,1
remitter,1
remitters,1
remixed,1
remobilize,1
remobilizing,1
remotes,1
remov,1
remova,1
remplac,1
remtoula,1
remy,1
rena,1
renames,1
renat,1
rendle,1
renie,1
reno,1
renouvelle,1
renovations,1
rent-a-car,1
rentailers,1
renter-friendly,1
rentes,1
renvoi,1
reopens,1
reorg,1
reorienting,1
repairers,1
repaymentsofdebtmaturinginmorethanthreemonths,1
reperfusion-injury,1
replacemen,1
replenishes,1
replex,1
replicable,1
report-working-capital-index,1
reports.caterpillar.com,1
repositionings,1
repowers,1
repr,1
reprieve,1
reproducing,1
reproduise,1
reprofiled,1
reptrak,1
republican,1
repudiating,1
repurch,1
repurchaseagreementsmember,1
repurchases5,1
repurpose,1
reputation-impacting,1
reputation1,1
requirements-including,1
rer,1
reront,1
rerouted,1
rescinding,1
research-alliance,1
research-and-surveys,1
research-driven,1
researched,1
resegmentation,1
resegregate,1
reserve-adjusted,1
reserve-based,1
reserve-related,1
reserve1,1
reservists,1
resid,1
resizable,1
resizing,1
reskilled,1
reso,1
resolutely,1
resort's,1
resounding,1
resourced,1
resourcefulness,1
respectively.1,1
respira,1
response-evaluable,1
responsibility-one,1
responsibly-farmed,1
restacked,1
restaurantsmcdonald,1
rester,1
restore-imi,1
restruc-turing,1
restructuringcharges,1
resu,1
resul,1
resultin,1
resultjing,1
results10,1
results11,1
results12,1
results13,1
results15,1
results2,1
results3,1
results4,1
results5,1
results6,1
results7,1
results8,1
results9,1
resurface,1
reta,1
retail-equivalent,1
retail-specific,1
retailer-proprietary,1
retained3,1
retainedearningsaccumulateddeficit,1
retardant,1
retelling,1
retinitis,1
retooled,1
retour,1
retractable,1
retracts,1
retreating,1
retreats,1
retrench,1
retrenchment,1
retrenchments,1
retrocession,1
return-on-investment,1
return-to-office,1
return-to-vendor,1
return-to-work,1
return-to-workplace,1
return.this,1
return3,1
return7,1
returns1,1
reunite,1
reuniting,1
reusability,1
reusing,1
reuter,1
reux,1
revamp,1
revel,1
reven,1
revent,1
revenue--reaching,1
revenue-driven,1
revenue-impacting,1
revenue1,1
revenue3,1
revenus,1
reverberate,1
reverberation-based,1
revered,1
reversions,1
revich,1
revisionofpriorperiodaccountingstandardsupdateadjustmentmember,1
revitalized,1
reviver,1
revocability,1
revolt,1
revolut,1
revolut.com,1
revolutions,1
revolves,1
revolvingcreditfacilitymember,1
revs,1
revup,1
rewashing,1
rewilding,1
reworking,1
rey,1
rfilm,1
rformance,1
rfp,1
rfs2,1
rganic,1
rha,1
rhapo2l,1
rheinbad,1
rheumatrex,1
rhino,1
rhythms,1
riaux,1
ribeiro,1
ribute,1
ric,1
richard.petrino,1
richards,1
riche,1
richemont,1
richfield,1
richly,1
richo,1
riclef,1
rico-based,1
ridding,1
riddled,1
ridership,1
ridirxqgdwlrqrih,1
rie,1
rie's,1
rien,1
riess,1
riethmiller,1
rieurs,1
rif,1
rife,1
rifkin,1
rig-related,1
righi,1
right-sized,1
rightcliq,1
rights-of-way,1
rightsholders,1
rightsizing,1
rigors,1
rijksmuseum,1
riley,1
rimac,1
rin-unresponsive,1
ring-fence,1
ringback,1
ringer,1
ringsofpower,1
ringtones,1
ringworld,1
rins,1
rinses,1
riodes,1
riorit,1
ripdfur,1
ripe,1
ripples,1
rirwkhuilqdqfldowhupvxvhglqwklvsuhvhqwdwlrqzhuhihu,1
risankizumab,1
rishi,1
risk-acceptance,1
risk-average,1
risk-base,1
risk-budgeting,1
risk-corridors,1
risk-focused,1
risk-intermediation,1
risk-layered,1
risk-neutral,1
risk-rating,1
risk-shifting,1
risk-taker,1
risk-weighted-assets,1
risk.we,1
risk7,1
rison,1
rissent,1
ritable,1
ritchson,1
rities,1
ritonavir-boosted,1
rituximab-arrx,1
rivard,1
rivello,1
riven,1
riveo,1
rivet,1
rivhohfwhglqvxudqfhwhupvzhuhihu,1
riwkhuhohydqw,1
riyadh-based,1
rkheim,1
rkiye's,1
rkruper,1
rld,1
rlen,1
rm,1
rmann,1
rmm,1
rmms,1
rmu,1
rnas,1
roa1,1
road-show,1
roadm,1
roadmap_for_digital_cooperation_en.pdf,1
roaring,1
roast,1
robb,1
roberson,1
robert.josephson,1
roberta,1
roberts,1
robin's,1
robotaxis,1
roboticists,1
robustly,1
rochford,1
rockford,1
rodino,1
rodliff,1
rodrigo,1
rodrigues,1
rodwlolw,1
roe3,1
roe4,1
roed,1
roesbery,1
roesch,1
rohrbaugh,1
rolaids,1
role-,1
role-concurrent,1
role-playing,1
role-since,1
rollforwards,1
rollins,1
rollouts,1
romance,1
romano,1
romanski,1
ronan,1
ronmental,1
room-based,1
room-filling,1
room-size,1
roomba,1
roose,1
rootstown,1
ropemaker,1
rosa,1
rosamund,1
rosc,1
rose-hulman,1
roseland,1
rosemont,1
rosenblatt,1
rosendin,1
rosit,1
rosneft,1
rossignol,1
rosuze,1
rotate,1
rotated,1
rotce1,1
rotce3,1
rotce4,1
rotechnique,1
rother,1
rothesay,1
rothman,1
rothstein,1
rotisserie,1
rotsc,1
rotten,1
rottenberg,1
round-ing,1
rousseau,1
router's,1
rowdy,1
rowe,1
rowenta,1
rowing,1
roxanne,1
royal-air-maroc-confirms-order-for-two-boeing-787-dreamliners-301986035.html,1
royal-jordanian-grows-its-long-haul-fleet-with-order-for-boeing-787-9-dreamliners-301986011.html,1
royer-brennan,1
rp2ds,1
rpet,1
rpfs,1
rpgr,1
rpls,1
rpms,1
rpplvvlrq6,1
rpprq6kduhkroghuv,1
rpsdq,1
rrmm,1
rrmm.3,1
rrnydoxhshuvkduh,1
rrowings,1
rrp,1
rrr,1
rsac,1
rsg,1
rsl,1
rsnco,1
rsonal,1
rsonally,1
rtfolio,1
rtm,1
rtor,1
rubean,1
rubicon,1
ruble-based,1
rucka,1
rudjorvvdu,1
rudolph,1
ruduhfrqfloldwlrqriwkhvhphdvxuhvwrwkhprvw,1
ruebensaal,1
ruh52,1
ruhdfk,1
ruixuwkhulqirupdwlrqsohdvhvhh7udyhohuvuhsruwvilohgzlwkwkh6,1
rul,1
rule-interpretations,1
rule-writing,1
ruler,1
rulesets,1
run-anywhere,1
run-of-business,1
run-your-business,1
runaways,1
rune,1
runner's,1
running-inspired,1
running-only,1
runny,1
runup,1
runways,1
rup,1
ruption,1
rupture,1
russia-associated,1
russia-imposed,1
russia-related,1
russian-related,1
rust-oleum,1
rutstein,1
rutta,1
rutter,1
rvasive,1
rvvhv1hwri7d,1
rvvhvdvfdofxodwhge,1
rvw,1
rwa1,1
rwa2,1
rwa5,1
rwandan,1
rwdo6kduhkroghu5hwxuq,1
rwe,1
rxhquroo,1
rxpd,1
rxu,1
rxuhpdlodgguhvve,1
rxuvxevhtxhqwshulrglf,1
rxuvxevhtxhqwshulrglfilolqjvzlwkwkh6,1
rxwrrxup,1
rxwrwkh,1
ry,1
ryan.zimmerman,1
ryanair's,1
ryanair-places-its-biggest-boeing-order-for-up-to-300-737-max-jets-301818920.html,1
rybrevant-based,1
ryton,1
rz-rqhv,1
rza,1
rzesz,1
s$2.99,1
s$200,1
s'adapter,1
s'additionneront,1
s'attendent,1
s'inscrit,1
s-16,1
s-17,1
s-18,1
s-19,1
s-35,1
s-class,1
s.d,1
s.l,1
s1.q4cdn.com,1
s12325-018-0840-8,1
s22.q4cdn.com,1
s2p,1
s742718av11,1
s8,1
saas-managed,1
saavedra,1
sab118,1
saba,1
sabastian,1
saber,1
sabin,1
sabo,1
sacchi,1
sachse,1
sactiv,1
sadewa,1
sadness,1
sae,1
saeeda,1
saf-capable,1
saf-specific,1
safe-keeping,1
safekey,1
safety's,1
safety-centric,1
safety-detector,1
sagami,1
sagem,1
sagliocca,1
sago,1
sagrado,1
saha,1
saheli,1
saiesh,1
saik,1
saikat,1
sail,1
saillant,1
saine,1
saisis,1
saison,1
sakra,1
saksham,1
salamanca,1
salarie,1
salava,1
saleability,1
sales-cloud,1
sales-cycle,1
sales-leaseback,1
sales1,1
salesforce-and-nbcuniversal-launch-new-branded-series-the-shift-301619972.html,1
salesforce-announces-first-of-its-kind-carbon-credit-marketplace-empowering-any-organization-to-take-climate-action-on-their-journey-to-net-zero-301628194.html,1
salesforce-announces-genie--a-new-data-platform-powering-the-worlds-first-real-time-crm-301627877.html,1
salesforce-announces-new-customer-360-innovations-across-commerce-and-marketing-clouds-for-building-trusted-relationships-at-scale-301563604.html,1
salesforce-appoints-robin-washington-lead-independent-director-301630230.html,1
salesforce-changes-legal-name-to-salesforce-inc-301510542.html,1
salesforce-expands-flow-automation-suite-now-delivers-more-than-1-trillion-monthly-automations-and-2-trillion-in-customer-business-value-301533987.html,1
salesforce-expands-mulesoft-to-every-team-with-easy-automation-and-integration-across-any-system-or-workflow-301577244.html,1
salesforce-flow-for-industries-announcement,1
salesforce-genie-customer-data-cloud-now-powered-by-tableau-processes-more-than-100-billion-customer-records-on-average-daily-making-it-easy-for-every-company-to-become-a-customer-company-301698044.html,1
salesforce-grants-equity-awards-to-atonit-employees-under-its-inducement-equity-incentive-plan-301531271.html,1
salesforce-grants-equity-awards-to-phennecs-employees-under-its-inducement-equity-incentive-plan-301556353.html,1
salesforce-grants-equity-awards-to-traction-on-demand-employees-under-its-inducement-equity-incentive-plan-301574650.html,1
salesforce-grants-equity-awards-to-troopsai-employees-under-its-inducement-equity-incentive-plan-301613377.html,1
salesforce-has-been-positioned-by-gartner-in-the-leaders-quadrant-of-the-magic-quadrant-for-b2b-marketing-automation-platforms-for-the-fifth-consecutive-year-301645972.html,1
salesforce-named-a-leader-in-2022-gartner-magic-quadrant-for-multichannel-marketing-hubs-for-the-fifth-consecutive-year-301591546.html,1
salesforce-positioned-as-a-leader-in-gartner-magic-quadrant-for-digital-commerce-for-seventh-consecutive-year-301608028.html,1
salesforce-ranked-1-crm-provider-for-ninth-consecutive-year-301538342.html,1
salesforce-recognized-as-a-leader-in-the-gartner-magic-quadrant-for-sales-force-automation-platforms-for-16th-consecutive-year-301641164.html,1
salesforce-reveals-record-breaking-cyber-week-281-billion-in-global-online-sales-301689543.html,1
salesrevenuenetmember,1
salisa,1
sallam,1
salsberg,1
salvatore,1
samaritan's,1
samberg,1
samcart,1
same-,1
samer,1
sami,1
samii,1
samknows,1
sampath,1
samr,1
samuelle,1
sandbox,1
sandboxed,1
sandboxing,1
sandeep,1
sandella,1
sandoz's,1
sandquist,1
sandstone,1
sanfilippo,1
sanitized,1
sanitizers,1
sanjay,1
sankalp,1
sanremo,1
santana,1
santaniello,1
santarus,1
santoro,1
saplings,1
sappho,1
sarah.a.salava,1
sarbanes,1
sarcopenia,1
sarima,1
sarm,1
sarms,1
sarpal,1
sars-,1
sartain,1
sata,1
satchel,1
satin,1
sation,1
satire,1
satisfaction22,1
satmetrix,1
saturdays,1
saturno,1
satyavolu,1
satyr-2,1
satyr-3,1
satyr-4,1
sauce,1
sauces,1
saudia's,1
saudia-to-grow-long-haul-fleet-with-up-to-49-boeing-787-dreamliners-301771504.html,1
sauerberg,1
saunderstown,1
sausalito,1
saustin,1
sauter,1
savannah,1
savinay,1
savo,1
savoir,1
savoureux,1
saws,1
sawyers,1
sawzall,1
saxid,1
saxon,1
sayres,1
sbcs-employer-firms-report.pdf,1
sbe1,1
sbernar5,1
sbf5,1
sbs,1
sc1,1
scai,1
scale-cognitive,1
scalet,1
scaleup,1
scamfluencers,1
scammell,1
scammer,1
scan-and-pay,1
scan-to-pay,1
scandinavian-themed,1
scarlet,1
scarlett,1
scat,1
scat's,1
scat-airlines-announces-order-for-seven-boeing-737-max-jets-to-connect-new-markets-301987179.html,1
scat.kz,1
scattered,1
scchn,1
scd59,1
scenario-driven,1
schaefer,1
schaeffler,1
schaefflercontinental,1
schaerer,1
schaillee,1
schake,1
schall,1
schaumburg,1
schaupp,1
schaupp's,1
scheer,1
schematics,1
scher,1
schlage,1
schlegel,1
schlesinger,1
schlumberger,1
schmidt-clausen,1
schoen,1
scholas,1
scholes,1
schonaich,1
school-based,1
school-wide,1
schoolhouse,1
schoolhouses,1
schooling,1
schoolwork,1
schouten,1
schubert,1
schulin-zeuthen,1
schumacher,1
schuss,1
schwark,1
schwartzman,1
schwarz,1
schweon,1
science-,1
science-backed,1
science-bringing,1
science-driven,1
science-fiction,1
sciencedirect,1
scientifically-based,1
scooter,1
scooting,1
score1,1
scores1,1
scot,1
scotland-based,1
scott.sayres,1
scotti,1
scottsdale,1
scout,1
scp,1
scraping,1
scrapping,1
scratches,1
screen-based,1
screenshot,1
screenshots,1
screenwriter,1
scripps,1
scriptwriting,1
scroggins,1
scruff-a-luv,1
scuderia,1
scuff,1
sculpted,1
sd-branch,1
sdc,1
sdcs,1
sdd,1
sddc,1
sde,1
sdks,1
sds,1
seagram's,1
seahawks,1
sealed-bid,1
sealift,1
seamless.com,1
seamlessly-integrated,1
sean.meakim,1
seaports,1
searchedgar,1
searchmanager,1
season's,1
seatbelt,1
seaweed,1
seback,1
sec-defined,1
second-guess,1
second-lien,1
secondaries,1
secondary3,1
secondhand,1
secretariat,1
secretary's,1
secretary-general,1
secreted,1
secretion,1
sectoral,1
secu,1
secularly,1
secur,1
securement,1
securent,1
security-enhanced,1
security-focused,1
securitypr,1
sed,1
sedan's,1
seddon,1
seed-to-growth,1
seel,1
seelze,1
segmen,1
segment-and,1
segment-fy,1
segment-leading,1
segment-optimized,1
segmenttype,1
seidman,1
seigle,1
seismic-related,1
sejin,1
sek,1
selah,1
selectable,1
selena,1
selenium,1
self-administer,1
self-administration,1
self-assess,1
self-care,1
self-certified,1
self-designated,1
self-diagnose,1
self-disclosures,1
self-generated,1
self-healing,1
self-install,1
self-installations,1
self-organizing,1
self-preferencing,1
self-produced,1
self-propelled,1
self-renewing,1
self-sealing,1
self-select,1
selfie,1
sell-to-cover,1
seller-focused,1
sellouts,1
seltorexant,1
seltzer,1
selvaggio,1
semaine,1
semaines,1
semantic,1
semantics,1
sembrowser,1
semester-long,1
semi-,1
semi-autonomous,1
semi-closed,1
semi-trailer,1
semiconductorcoinvestmentprogramconstructioncostsmember,1
semifinals,1
seminara,1
sempels,1
sempra,1
sen,1
send-to-wallet,1
senegal,1
seniornotesduedecember2022member,1
seniornotesduejuly2022member,1
seniornotesduemay2022member,1
seniornotesduenovember2023member,1
seniornotesmember,1
seniors-focused,1
sensification,1
sensing-state,1
sensity,1
sente,1
sentent,1
sentes,1
sentinelone,1
seok-hee,1
sep'16,1
sep-08,1
sep-09,1
sep-10,1
sep-11,1
sep-12,1
sep-17,1
sep-18,1
sep-19,1
sep-22,1
sep.30,1
separ,1
separationof,1
separationpost,1
sept-18,1
sept-19,1
septe,1
september2022,1
septembre,1
sequelae,1
sequencing-based,1
serendipitous,1
serhan,1
serie,1
series-by-series,1
series-china,1
series-production,1
seriousness,1
serotype,1
serps,1
server-less,1
servic,1
service-cloud,1
service-rich,1
service-station,1
service-users,1
servicelifemember,1
servicemarks,1
servicemen,1
servicer9,1
services-based,1
services-centric,1
services-first,1
services7,1
servicing-,1
servicio,1
servir,1
servo,1
seryu,1
sesso,1
set-asides,1
set-in,1
set-offs,1
setagaya-ku,1
sete,1
setoo,1
setra,1
seturian,1
seven-acre,1
seven-kilometer,1
seven-minute,1
seventh-annual,1
seventy-seven,1
seventy-six,1
seventy-two,1
sf6,1
sfc,1
sfd,1
sfdc,1
sfo,1
sfr1.25,1
sft,1
sfusd,1
sga,1
sgi,1
sgp,1
shack,1
shaded,1
shadows,1
shafer,1
shafir,1
shaft,1
shake-out,1
shaken,1
shakked,1
shamit,1
shanshan,1
shapers,1
shaquille,1
shar,1
share-settled,1
share-value,1
share1,1
share2,1
share5,1
sharebasedcompensation,1
sharebuilder,1
shared-,1
shareholder-aligned,1
shareholdings,1
shareowner-nominated,1
shareowner-requested,1
shareplan,1
shareplay,1
sharie,1
sharpest,1
sharpness,1
shashua,1
shastri,1
shatsky,1
shattering,1
shatters,1
shauna,1
shaver,1
shawki,1
shawn,1
sheares,1
shebelieves,1
shed,1
shedding,1
sheena,1
sheinfeld,1
shelby,1
shelf-scanning,1
shells,1
shelly-ann,1
shellye,1
shep,1
sheppard,1
sheriffs,1
sherilyn,1
sherman-palladino,1
sherwood.s.willardjr,1
shesnext,1
shibuya,1
shift4,1
shimauchi,1
shined,1
shino,1
shino.yuasa,1
shionogi,1
ship-to-home,1
shipmates,1
shippers,1
shipset,1
shirt,1
shivani,1
shoebuy.com,1
shoot,1
shop.marvel.com,1
shopdisney.com,1
shopkeepers,1
shopper's,1
shoprunner,1
shoreline,1
short-cut,1
short-lived,1
short-to-medium,1
shortened-lived,1
shortlist,1
shortlisted,1
shortness,1
shortterminvestments,1
shortterminvestmentsmember,1
shotgun,1
shougang,1
shoulder,1
shovel,1
show-stoppers,1
showings,1
showpad,1
shp-2,1
shqvhuhvhuyhv,1
shrank,1
shrek,1
shreveport,1
shrill,1
shrinkage,1
shrm,1
shroff,1
shrugging,1
shryock,1
shubham,1
shudwlqj,1
shudwlqj52,1
shuffles,1
shui,1
shulga,1
shulrg,1
shuplvvlrqri,1
shure,1
shurman,1
shut-ins,1
shuts,1
shutter,1
shutterfly,1
sia,1
sibor,1
sicklerville,1
sicor,1
side-scroller,1
sidekick,1
sidetracks,1
sidewalls,1
siebel,1
siemenstyco,1
sigda,1
sige,1
sign-up,1
signalfire,1
signifi,1
significanc,1
signification,1
significative,1
signified,1
signify,1
signifying,1
signing-up,1
signpost,1
signposts,1
signups,1
silberhorn,1
silicon-germanium,1
silk-way-west-airlines-takes-delivery-of-first-boeing-777-freighter-301945111.html,1
sillin,1
siltuximab,1
silvent,1
silverline,1
silverpop,1
silverstein,1
sim,1
simba,1
sime,1
simfund,1
simi,1
similarweb,1
similarweb.com,1
simmons,1
simple-to-operate,1
simpleair,1
simplification4,1
simplification8,1
sims,1
simulate,1
simulating,1
sincerest,1
sindhu,1
singapore-based,1
singaporean,1
single-acquirer,1
single-agent,1
single-brand,1
single-click,1
single-digit-percentage,1
single-entity,1
single-hull,1
single-level,1
single-message,1
single-metric,1
single-sales,1
single-socket,1
single-thread,1
single-underlined,1
single-vendor,1
single-year,1
singularity,1
sinqia,1
sions,1
sioson,1
sipos,1
sirent,1
sirketi,1
sirop,1
sirukumab,1
sis2go,1
siskind,1
sita,1
sitabo,1
sitc,1
site-level,1
site-to-site,1
sites-as,1
sitewise,1
sitions,1
sivaram,1
six-,1
six-0-two,1
six-cent,1
six-core,1
six-foot,1
six-game,1
six-in-ten,1
six-minute,1
six-month-long,1
six-monthly,1
six-pack,1
six-point,1
sixt,1
sixteen-and-a-half,1
sixty-eight,1
sixty-five,1
sixty-four,1
sixty-nine,1
sixty-percent,1
size-wise,1
sjl,1
skadden.com,1
skateboarder,1
skating,1
skaugen's,1
skeletally,1
sketch,1
skhynix.com,1
skill-development,1
skillful,1
skillfully,1
skills-development,1
skills-to-jobs,1
skillset,1
skimmer,1
skjerven,1
skydance,1
skypass,1
skyrim,1
skyrocketing,1
skytrax's,1
slack-certified,1
slack-related,1
slacker,1
slam,1
slant,1
slas,1
slashing,1
slb,1
sleepless,1
sleeves,1
slesinger,1
slicing,1
sliding,1
slip,1
slit,1
slit-tablet,1
sll,1
slogans,1
slower-than-anticipated,1
slowness,1
slr3,1
slump,1
small-and,1
small-form,1
small-form-factor,1
small-molecule-drug,1
small-scale,1
smart-home,1
smart-living,1
smartcockpit,1
smartfeeder,1
smartlook,1
smartnic,1
smartpesa,1
smartretirement,1
smartshop,1
smartthings,1
smartthinq,1
smartwatches,1
smas,1
smashing,1
smbc's,1
smbc-aviation-capital-orders-25-boeing-737-max-jets-301923934.html,1
smbg,1
smbhav,1
smc,1
smic,1
smiledirectclub,1
smiles,1
smink,1
smis,1
smit,1
smithsonian's,1
smooths,1
smotryaev,1
snc,1
sneakeasy,1
sneeze,1
snocks,1
snoring,1
snorre,1
snort,1
snowmobile,1
snowstorm,1
snowstorms,1
sns,1
sny,1
so-hyun,1
soapnetic,1
soar,1
soc-equipped,1
social-commerce,1
social-distancing,1
social-emotional,1
social-impact,1
socialbot,1
socialbots,1
sociale,1
socialmedia,1
socket-compatible,1
sockliner,1
soda,1
soe-2019,1
sofi,1
soft-layer,1
softeners,1
softpos,1
softpos-with-pin,1
softpos.eu,1
software-assisted,1
software-compatible,1
software-driven,1
software-optimized,1
sohail,1
soi,1
soin,1
soins,1
solace,1
solak,1
solana,1
solano,1
solar-hydro,1
solarcaine,1
solarton,1
sold-out,1
solder,1
solectron,1
solidarity,1
solidation,1
solider,1
solidly,1
solorigate,1
solos,1
solscan,1
soltos,1
soltys,1
solutio,1
solutions1,1
solutionspecializations,1
someday,1
sometrics,1
somewhere,1
somme,1
sommer,1
sondra,1
song-beverly,1
sonoma,1
soon-to-be-completed,1
soon-to-open,1
soot,1
sophistiqu,1
sopra,1
sops,1
sor,1
sorresso,1
sorts,1
sosa,1
souhaitent,1
souligner,1
sounded,1
souplesse,1
source-accessible,1
source-to-pay,1
source1,1
soussan,1
soutenons,1
soutenus,1
south-east,1
southcap,1
southcentral,1
southwest's,1
southwest-airlines-orders-108-additional-boeing-737-max-jets-301969219.html,1
souvenir,1
sow,1
soy-,1
soy-based,1
space-constrained,1
space-themed,1
spaceflight,1
spaceplane,1
spacious,1
spaciousness,1
spacs,1
spade,1
spades,1
spaeth,1
spansion,1
sparc,1
spared,1
sparks,1
sparoparvovec,1
spathinc.com,1
spc's,1
spear,1
spec-in,1
specially-trained,1
spectral,1
spectrums,1
speculating,1
speculative-trading,1
speech-to-text,1
speed-up,1
speedo,1
spell,1
spelled,1
spellman,1
spelman,1
spend2,1
spenders,1
spending-momentum-index.html,1
spherical,1
spicy,1
spiekerman,1
spiel-arena,1
spielberg,1
spieth,1
spiking,1
spillover,1
spin-off-,1
spira,1
splashaccess,1
split-dosing,1
split-rating,1
splk,1
splunk's,1
splunk.com,1
spohr,1
spoiling,1
spondyloarthritis,1
sponsorships.html,1
spontaneously,1
spoofing,1
spooky,1
spoorwegen,1
sport-specific,1
sport-tested,1
sports-style,1
sportscasting,1
sportsnet,1
sportswoman,1
sporty,1
spotlighted,1
spotted,1
spotting,1
spotty,1
sprawl,1
spreadsheet,1
spreyer,1
spring'23,1
spring-23-release,1
spring-based,1
springboard,1
springfield,1
sprout,1
sprung,1
spsa,1
sq-km,1
squared,1
squeeze-out,1
squeezed,1
squeezing,1
sram,1
srcww,1
srinivas,1
ssd-associated,1
ssi,1
ssing,1
ssion,1
ssos,1
sss,1
ssued,1
st-elevated,1
st-ericsson,1
st-germain,1
st-series,1
st1,1
stabilising,1
stacia,1
stade,1
staeco,1
stagecoach,1
stain,1
stairs,1
stakeholder-oriented,1
stall,1
stambler,1
stamford,1
stand-,1
stand-in,1
standard-based,1
standard-cell,1
standard-definition,1
standardaero,1
standardised,1
standardized1,1
standings,1
standout,1
standring,1
stanley's,1
staple,1
star's,1
stargate,1
starlight,1
starozhilova,1
starpoints,1
starr,1
startupdelta,1
stasis,1
statcast,1
state-,1
state-carve-ins,1
state-contingent,1
state_of_entrepreneurship_2019_digital_checklist.pdf,1
statemen,1
statements-note,1
states-based,1
states-china,1
statistics1,1
statistics3,1
statstes,1
stature,1
staurants,1
stay-home,1
stay-signed-in,1
stayce,1
staykoff,1
stc,1
stc's,1
stearn,1
steele,1
steen,1
steeper,1
steepest,1
steeply,1
stefan,1
stellantis,1
stem-cell,1
stemcells,1
stemi,1
step-changed,1
step-function,1
step-one,1
stephes6,1
stereo,1
sterne,1
steuart,1
steven.graziano,1
stevens-johnson,1
stevie,1
sticking,1
stigma,1
stillman,1
stimulatory,1
stip,1
stivarga-treated,1
stla,1
stmts,1
sto,1
stoc,1
stock--stock,1
stock-assuming,1
stock-basic,1
stock-flow,1
stock-holder,1
stock-repurchase,1
stock-ups,1
stockbridge,1
stockbroker,1
stockdale,1
stockholder-demanded,1
stockholder-nominated,1
stockholder-related,1
stockholdersequity,1
stockpurchaseplanmember,1
stockpurchaseplanrightsmember,1
stockton,1
stoichkova,1
stokes,1
stone's,1
stonier,1
storable,1
store-branded,1
store-within-a-store,1
storefront-like,1
storm2,1
storonsky,1
story-telling,1
storybulbs,1
storyliving,1
stough,1
straddle,1
stragglers,1
straightline,1
strangely,1
strapazon,1
strasser,1
strategicupdate2022outlook,1
strategize,1
strathspey,1
stratmor,1
straws,1
streaming-only,1
streampass,1
street's,1
streetevents,1
strength-related,1
strenuous,1
stress-related,1
stress-relief,1
stressor,1
stressors,1
stricken,1
stride-3,1
strike-affected,1
striken,1
strikethrough,1
strived,1
stroke-inducing,1
stroller,1
strollers,1
stron,1
strongholds,1
strongloop,1
strp,1
struc,1
structur,1
struer,1
struts,1
stubborn,1
stud,1
student-to-teacher,1
studies.3,1
studiocanal,1
study-004,1
stuff,1
stuffing,1
stump,1
stuttgart,1
stuttgart-untert,1
stylecodelive,1
stylesnap,1
stylish,1
stylists,1
suape,1
sub-analysis,1
sub-basket,1
sub-clauses,1
sub-facility,1
sub-groups,1
sub-leases,1
sub-lob,1
sub-lobs,1
sub-national,1
sub-optimal,1
sub-optimize,1
sub-pathway,1
sub-platforms,1
sub-policies,1
sub-set,1
sub-standard,1
sub-study,1
sub-systems,1
subaccount,1
subaccounts,1
subacute,1
subchapter,1
subcompact,1
subcontract,1
subcustodian,1
subje,1
subject-matter,1
subjects-3,1
subleasing,1
sublessee,1
submarines,1
submarket,1
submerged,1
submicron,1
submittal,1
subor,1
subordin,1
subparticipations,1
subpopulation,1
subra,1
subramanyam,1
subrogee,1
subroutines,1
subsalt,1
subscale,1
subsequ,1
subsequenteventmember,1
subsi,1
subside,1
subsidiariesmember,1
subsoil,1
subsonic,1
substanti,1
substantiated,1
substitutability,1
subtenant,1
subway,1
suc,1
success.this,1
succinctly,1
sucre,1
sud-,1
suddleson,1
sudeikis,1
suez,1
suffice,1
suhvhqwhgwkhhiihfwridfkdqjhlqwd,1
suicide-in-construction,1
suis,1
suk,1
sulemaan,1
sulfide,1
sulting,1
sume,1
summer-23-release,1
summertime,1
summing,1
sunak,1
sunburn,1
sundeep,1
sunexpress,1
sunexpress's,1
sunexpress-to-buy-up-to-90-boeing-737-max-jets-to-fuel-robust-growth-301985868.html,1
sunexpress.com,1
sunless,1
sunrise-1,1
sunrun,1
sunspots,1
suosheng,1
supe,1
super-app,1
super-peptide,1
super-users,1
super.fly,1
superabrasive,1
supercedes,1
supercharged,1
supercharging,1
superclean,1
superficially,1
superior-quality,1
supersku,1
supersonic,1
superstore,1
supplanted,1
supplementa,1
supply-,1
supply-demand,1
supportpay,1
supranationals,1
surer,1
surfer,1
surgeon,1
surging,1
surgrx,1
surma,1
surprisingly,1
surreal,1
surrenders,1
surrey,1
surrogacy,1
surrogates,1
surround,1
surveys2,1
survivable,1
survivors,1
sus-,1
susana,1
susman,1
suspects,1
sussex,1
sussman,1
sustainability.html,1
sustainabilityquestionbank,1
sustainalytics,1
sutherland,1
sutherland's,1
suv,1
suwon,1
suyash,1
suzette's,1
suzi,1
suzy.m.ramirez,1
sva,1
sva5,1
svante,1
svb,1
svc'd,1
svend,1
svenska,1
svhc,1
svitkova,1
svniles,1
svpg,1
swap's,1
swaption,1
swarm,1
swatch,1
sweat,1
sweeny,1
sweeper,1
swelled,1
swiebodzin,1
swif,1
swimmer,1
swinging,1
swingline,1
swingvision,1
swipe,1
swipes,1
swisscom,1
switcher,1
sword,1
sxsw,1
sxuvxdqwwrwkh6hfxulwlhv,1
sybase,1
sycamore,1
sycurio,1
sylvant,1
sylvera's,1
sympathetic,1
sympathy,1
symposia,1
synapse,1
synced,1
syncope,1
syncora,1
syndications18,1
synonymous,1
synopsys,1
syntel,1
synthes.the,1
synthesize,1
synthesized,1
synthetics,1
syntiant,1
syntouch,1
system-in-package,1
system-on-chips,1
systems-involved,1
systems-those,1
t-7,1
t-mobile.com,1
t-shirt,1
t-shirts,1
t-systems,1
t.e.c,1
t.h,1
t120000,1
t130000,1
t2,1
taag,1
taag-angola-airlines-to-renew-fleet-with-boeing-787-dreamliners-301951373.html,1
tab-3,1
tack,1
tackles,1
tact.ai,1
tadalafil,1
tadikonda,1
taf,1
tage,1
tagline,1
tagnaout,1
tahari,1
taikoo,1
tail-f's,1
tail-risk,1
taillants,1
tainability,1
taipei-based,1
taiwan's,1
taiwansemiconductormanufacturingcompanyltdtsmcmember,1
taj,1
take-down,1
take-home,1
take-off,1
takeback,1
takehara,1
takeoffs,1
takeshi,1
talent-driven,1
talisker,1
talitha,1
talitha.l.humes,1
talla,1
tallahassee,1
tallapragada,1
taller,1
talquetamab-tgvs,1
tamarindo,1
tamil,1
tandis,1
tandy,1
tangent,1
tangent's,1
tangibly,1
tangoe,1
tanner,1
tannin,1
tanning,1
tanno,1
tanox,1
tantial,1
tap-to-phone,1
tapbacks,1
taper,1
tapered,1
taping,1
tapped,1
tar,1
tar-200,1
tara,1
tarasovich,1
target-driven,1
target-setting,1
target_uuid,1
taris,1
tarjeta,1
tarkan,1
tarullo,1
tase,1
tasew,1
taskbot,1
tasmania,1
tasneem,1
tastier,1
tatiana,1
taubert,1
tawazun,1
tax-allocation,1
tax-available,1
tax-effects,1
tax-favorable,1
tax-indemnity,1
tax-preferred,1
tax-reform,1
tax-sharing,1
taxane,1
tbhisgdrorivesthp,1
tbma,1
tbo-filgrastim,1
tbvps7,1
tcfdreport,1
tcftv,1
tcja's,1
tco's,1
tcsg,1
tda,1
tdf,1
tdrs3,1
tea-based,1
tea-flavored,1
tease,1
tech-,1
tech-centric,1
tech-driven,1
tech-enabled,1
techaisle,1
technic,1
technik,1
techno,1
techno-economics,1
technology-demonstration,1
technology-minded,1
technologym,1
teck,1
teclistamab-cqyv,1
tecnologia,1
tee,1
teeth,1
teezy,1
tefal,1
tegan,1
tehran,1
teladoc,1
tele-operations,1
tele2,1
telecommuting,1
telecopies,1
telefonaktiebolaget,1
telefonica,1
telefonos,1
telegraphing,1
telelogic,1
telemetry-centric,1
telenav,1
telenor,1
telephoning,1
telerate,1
telerobotic,1
telesat's,1
teletype,1
televisa,1
televisa-univision,1
televisaunivision,1
telework,1
teliasonera,1
teligen,1
telkman,1
tellectual,1
teller,1
telmex,1
tels,1
telsey,1
telstra,1
telugu,1
telum,1
tempe,1
temperature-sensitive,1
temperature.potential,1
temporal,1
tempted,1
ten-episode,1
ten-page,1
ten-point,1
tenable,1
tenancy,1
teneur,1
tengelmann,1
tenmarks,1
tenpay,1
tent,1
tentpole,1
tents,1
tera,1
terex,1
teribone,1
teriparatide,1
term-prospects,1
terme,1
termin,1
ternio.io,1
terr,1
terraces,1
terrible,1
territoire,1
terrorist-sponsoring,1
tesija,1
test-of-cure,1
testa,1
testi,1
tetragon,1
texarkana,1
texting-style,1
textract,1
textually,1
tezel,1
tfcfa,1
tfe,1
tfn-advanced,1
tgerber,1
tgf-beta,1
tha,1
thakur,1
thankfully,1
thanking,1
thasunda,1
the-cell,1
the-coca-cola-company,1
the-counter,1
the-it-talent-gap-is-fueling-tech-investment-decisions-according-to-new-research-301618804.html,1
thefts,1
thelma,1
themself,1
then-accreted,1
then-difficult,1
then-past,1
then-recent,1
then-related,1
then-remaining,1
thenetwork.cisco.com,1
thenext.jnjmedtech.com,1
thenoutstanding,1
therapy.1,1
therapy.2,1
thereover,1
theresa,1
therma-sphere,1
thermacare,1
thermoregulation,1
thermostat,1
thes,1
thesis,1
thetake,1
thibaut,1
thick,1
thickening,1
thicket,1
thiems,1
thill,1
things-based,1
thingy,1
think's,1
think450,1
thinks,1
thinly,1
thinners,1
thiol-based,1
third-class,1
third-highest,1
third-lowest,1
thirdparty,1
thirdpoint.com,1
thirsty,1
thirty-two,1
thoo,1
thornburg,1
thought-provoking,1
thq,1
thr,1
thre,1
threading,1
threadneedle,1
threat-focused,1
threat-representative,1
threatgrid's,1
three-and-a,1
three-arm,1
three-cola,1
three-d,1
three-dose,1
three-fold,1
three-part,1
three-point,1
three-runway,1
three-screen,1
three-stage,1
three-to-five-year,1
three-ton,1
three-way,1
three-wheeled,1
threelargestcustomersmember,1
threem,1
threemo,1
threemon,1
thrill,1
thrilling,1
thrills,1
thrive's,1
thrive-for-webex,1
thriveglobal.com,1
thrombectomy,1
thrombin-receptor,1
thrombo-embolic,1
throughoutq1,1
throw,1
throwers,1
thrus,1
thum,1
thunes,1
thunes.com,1
thuso,1
thwarted,1
tially,1
tian,1
tianjin,1
tibco,1
tibia,1
tic,1
ticket-buying,1
ticketek,1
tickets.com,1
tie-in,1
tiede,1
tienshanpo,1
tier-products,1
tier1,1
tietje,1
tigation,1
tigger,1
tighe,1
tight-fit,1
tightness,1
tigress,1
tijuana,1
tiki,1
tilapia,1
timbre,1
time-adjusted,1
time-employees,1
time-honored,1
time-saver,1
time-sharing,1
time-tested,1
time-to,1
time-to-disease,1
timelier,1
timeshare,1
timetoact,1
timings,1
tinashe,1
tinder,1
tink's,1
tink.com,1
tinkering,1
tint,1
tiny,1
tional,1
tions,1
tippett,1
tir,1
tired,1
tiredness,1
tirement-,1
tisser,1
tissot,1
tit,1
titan,1
titchener,1
titre,1
tiv,1
tkg,1
tlac6,1
tlb,1
tlg,1
tlp,1
tltros,1
tly,1
tm2016917d1_ex99-1.htm,1
tm2016917d1_ex99-2.htm,1
tm2024683d1_ex99-1.htm,1
tm2035903d2_ex10-1.htm,1
tm2038625d1_ex99-1.htm,1
tm2038625d1_ex99-2.htm,1
tm2128856d1_ex99-1.htm,1
tm2128856d2_ex3-1.htm,1
tm2131077d1_ex99-1.htm,1
tm2131077d1_ex99-2.htm,1
tm2225239d1_ex99-1.htm,1
tm2227726d1_ex99-1.htm,1
tm2227726d1_ex99-2.htm,1
tm2227726d1_ex99-3.htm,1
tm226241-3_nonfiling,1
tm226241d3_ex99-1.htm,1
tm233040d1_ex99-1.htm,1
tm235007d1_ex99-1.htm,1
tm235007d1_ex99-2.htm,1
tm235234d1_ex1-1.htm,1
tm235234d1_ex1-2.htm,1
tm235234d1_ex4-1.htm,1
tm235234d1_ex4-2.htm,1
tmbh,1
tmclean,1
tmgcapitalmarkets,1
tms,1
tmus,1
tmz,1
tno155,1
tns,1
to-do,1
to________,1
toby,1
tock,1
tod,1
today-tomorrow,1
toigo,1
toit,1
token-of-tokens,1
tokenize,1
tokenizes,1
tola,1
tolkien,1
tolles,1
toluwanimi,1
tomatoes,1
tomer,1
tommaney,1
tomoyuki,1
ton-class,1
ton-per-day,1
ton-per-year,1
tonal,1
tone's,1
toney,1
tong,1
toni,1
tonight,1
tonne-class,1
tonne-per-day,1
tony.balow,1
tookitaki,1
tool's,1
toolchains,1
top-10,1
top-2,1
top-and,1
top-of-mind,1
top-quality,1
top-tiered,1
topic740,1
topratedbykids,1
tops,1
tor,1
torc,1
tormore,1
torn,1
toro,1
torpedo7,1
torque,1
torr,1
torrance,1
torrid,1
tosch,1
toss,1
tot,1
tota,1
totaled$4.6,1
totalenergies,1
totalling,1
totalprincipalnotesduemarch82019domain,1
totalprincipalnotesduemarch82019member,1
totalprincipalnotesduemarch92017domain,1
totalprincipalnotesduemay152098domain,1
totalprincipalnotesduemay302019domain,1
totalprincipalnotesduemay302019member,1
totalprincipalnotesduenovember162017domain,1
totalprincipalnotesdueoctober22017domain,1
totalprincipalnotesdueonjune12027domain,1
totalprincipalnotesdueonjune12030domain,1
totalprincipalnotesdueonjune12040domain,1
totalprincipalnotesdueonjune12050domain,1
totalprincipalnotesdueonjune12060domain,1
totalprincipalnotesdueonjune92020domain,1
totalprincipalnotesdueonmarch152028domain,1
totalprincipalnotesdueonmarch152029domain,1
totalprincipalnotesdueonmarch152031domain,1
totalprincipalnotesdueonmarch152033domain,1
totalprincipalnotesdueonmarch152040domain,1
totalprincipalnotesdueonmarch152051domain,1
totalprincipalnotesdueonmarch252025domain,1
totalprincipalnotesdueonmarch252027domain,1
totalprincipalnotesdueonmarch252030domain,1
totalprincipalnotesdueonmarch252040domain,1
totalprincipalnotesdueonmarch252050domain,1
totalprincipalnotesdueonmarch82021domain,1
totalprincipalnotesdueonmarch92021domain,1
totalprincipalnotesdueonmay252022domain,1
totalprincipalnotesdueonnovember12020member,1
totalprincipalnotesdueonnovember152020member,1
totalprincipalnotesdueonoctober272020member,1
totalprincipalnotesdueonseptember12021domain,1
totalprincipalnotesdueonseptember222022domain,1
totalprincipalnotesdueseptember92019domain,1
totalprincipalnotesdueseptember92019member,1
totalprincipalnotesduesoctober272017domain,1
touch-screens,1
touchdown,1
touches,1
tough-minded,1
tour-pga,1
toured,1
touring,1
tourre,1
toussaint,1
toutes,1
toutiao,1
tovar,1
towersemi.com,1
towersemiconductorltdmember,1
townsend,1
tp-link,1
tpost,1
tpsco,1
tr20fin,1
tra,1
tracers,1
track-and-field,1
trackpad,1
tractions,1
trade-level,1
trade-off,1
trade-up,1
trade4,1
trade6,1
trademarkable,1
trades-in,1
trading-volume,1
traditionnelles,1
trafficmaster,1
trafford,1
tragedy,1
trailheadx,1
trailing-edge,1
traini,1
trainor,1
trajectories1,1
trans-,1
trans-oceanic,1
transaction-based,1
transaction-specific,1
transactionadvisorygroup,1
transactions.this,1
transactions3,1
transactionstotal,1
transbay,1
transcending,1
transcoders,1
transcribed,1
transdev,1
transfer-pricing,1
transferwise,1
transformania,1
transformation1,1
transforme,1
transit-oriented,1
transit-rail,1
transitory,1
translatable,1
translink,1
transocean,1
transportations,1
transporter,1
transrating,1
transreport,1
traumas,1
travaill,1
travaillent,1
travailleurs,1
travelers.co.uk,1
travelersinstitute.org,1
travellers,1
travers,1
trbratto,1
treasury-stock,1
treatment-naive,1
treatment-related,1
treg,1
tremfaya,1
tremplin,1
trench,1
trend1,1
trend2,1
trendler,1
trends-and-forecasting,1
trenton's,1
trepp,1
tressler,1
trexall,1
trey,1
trey.s.campbell,1
tri-pen,1
tri-state,1
triages,1
trial-and-error,1
trial12,1
trick,1
tricks,1
triennial,1
trigeneration,1
trilegiant,1
trilogue,1
trinova-2,1
trinova-3,1
trio,1
triple-,1
triple-digits,1
triple-screens,1
triples,1
tripod,1
tripped,1
tristrata,1
triton,1
troiano,1
trojan,1
tronic,1
troops.ai,1
trop2-targeting,1
troubled-debt,1
troughs,1
trouve,1
trouveront,1
troves,1
trow,1
trow1,1
troy-bilt,1
true-earnings,1
truedepth,1
truekids,1
truemesh,1
truer,1
trujillo,1
truncated,1
trustassure,1
trustmart,1
trustpilot,1
trustway,1
truthfully,1
try2check,1
tsasa,1
tsat,1
tsay,1
tscg,1
tsem,1
tsion,1
tsu-jae,1
tsukuba,1
tsuruoka,1
tsx,1
tsys,1
tte,1
ttt,1
tuberville,1
tubi,1
tuffey,1
tufts,1
tuiles,1
tumor-induced,1
tumpane,1
tumwater,1
tuna,1
tunein.com,1
tuners,1
tunes,1
turbocharge,1
turf,1
turgut,1
turin,1
turn-key,1
turn-taking,1
turnstiles,1
turok,1
tuscaloosa,1
tuskegee,1
tuszik,1
tuszik's,1
tutelage,1
tuxedo,1
tv-visible,1
tv18,1
tva,1
tw13,1
twc.com,1
twcable.com,1
tweeting,1
twelve-30,1
twenge,1
twenties,1
twenty-,1
twenty-five-year,1
twfg,1
twilli65,1
twin-jacket,1
twist,1
twitchcon,1
two-and-a-half-,1
two-digit,1
two-fifths,1
two-fold,1
two-item,1
two-million-plus,1
two-quarter,1
two-sport,1
two-time,1
two-times,1
two-to-one,1
two-year-old,1
tx9000,1
txlw,1
txw-3620,1
tyan,1
tycoon,1
tylynn,1
tymothi,1
type-ii,1
type1,1
type2,1
typeface,1
typesetting,1
typewriting,1
typewritten,1
typi,1
typology,1
tyra,1
tyrrell,1
tz,1
u-1,1
u-series,1
u.2,1
u.a,1
u.n,1
u.s-africa,1
u.s-based,1
u.s.$3,1
u.s.-benefit-eligible,1
u.s.-ecuador,1
u.s.-regulated,1
u.s.-sourced,1
u.s.-style,1
u.s.-themed,1
u.s.-wide,1
u.s.1,1
u.s.2,1
u.s.3,1
u.s.5,1
u.s.tax,1
u03160,1
u09dsuqymde4utq,1
u14912,1
u19121ah2,1
uab,1
uae's,1
ual,1
uary,1
ubs2,1
ucaas,1
ucc-1,1
uccessfully,1
ucie,1
ucits,1
uconn,1
uconnect,1
ucp,1
ucs-based,1
uction,1
udelv,1
udqvirup,1
udvar-hazy,1
udwhvdwhqdfwphqwh,1
udyhohuvdw,1
udyhohuvpd,1
uebelhart,1
uerto,1
ufcw,1
ufeg,1
ugami,1
uhdvxu,1
uhfhlyhhpdlodohuwvdqgrwkhulqirupdwlrqderxw7udyhohuvzkhq,1
uhfhqwdqqxdouhsruwrq,1
uhfrjql,1
uhihuwrvrphqrq,1
uhiohfwv,1
uhwxuqlvfdofxodwhgzlwk-dqxdu,1
ui,1
uitm,1
uk-eu,1
uk-wide,1
uki,1
ukraine's,1
ukt,1
ule,1
ull-time,1
ullmann,1
uln,1
ulrgsuhvhqwhgwlphvwzr,1
ulster,1
ultima,1
ultra-breathable,1
ultra-deep,1
ultra-deepwater,1
ultra-efficient,1
ultra-high-definition,1
ultra-high-efficiency-lightweight,1
ultra-large,1
ultra-light,1
ultra-long-haul-system,1
ultra-long-range,1
ultra-low-power,1
ultra-modern,1
ultra-premium,1
ultra-private,1
ultra-responsive,1
ultra-short,1
ultra-soft,1
ultracluster,1
ultrathin,1
umbilicals,1
umbs,1
umpqua,1
un-,1
un-backed,1
un-carrier,1
un-impacted,1
un-remedied,1
un-revoked,1
unabated,1
unaddressable,1
unaided,1
unamortizable,1
unannounced,1
unbottled,1
unbox,1
unboxing,1
uncertainti,1
unclassified,1
uncluttered,1
uncomfortable,1
uncommonly,1
unconscious-bias,1
unconverted,1
und,1
undaunted,1
unde,1
undecided,1
unden-farboud,1
under-capitalized,1
under-connected,1
under-penetrated,1
under-review,1
under-utilized,1
underbanked,1
undercarriages,1
undercut,1
underexposed,1
undergrads,1
underlies,1
underline,1
underlined,1
underlines,1
underlining,1
underpenetrated,1
underperform,1
understates,1
understudy,1
undervalue,1
undervalued,1
underwater,1
undiscovered,1
undisputable,1
undisputed,1
undoing,1
undruggable,1
unearth,1
unearthing,1
unease,1
unending,1
unevenly,1
unevenness,1
unexchanged,1
unexpectedness,1
unexpended,1
unfailing,1
unfolded,1
unfolds,1
unforgiving,1
unfortunate,1
unfortunately,1
ungc,1
unh8-kexhibit991.htm,1
unibody,1
unicom,1
unicorns,1
unifam,1
uniformed,1
unigroup.com.cn,1
unindemnified,1
uninterruptedly,1
union-,1
unionization,1
uniquement,1
unit-dose,1
unit-of-account,1
unit1,1
united's,1
united-airlines-orders-50-more-boeing-787-dreamliners-301946292.html,1
unitholders,1
unity,1
univerge,1
universe1,1
unl,1
unleashing,1
unload,1
unobligate,1
unowned,1
unp,1
unprovoked,1
unquestionably,1
unredacted,1
unrefunded,1
unreliability,1
unreserved,1
unrespectable,1
unsc,1
unsch,1
unse,1
unsecuritized,1
unstoppables,1
unsuccessfully,1
unsung,1
unsure,1
unsurpassed,1
unsuspecting,1
unsustainable,1
unsweetened,1
unswerving,1
unt,1
unthinkable,1
unthoughtful,1
untouchable,1
untraditional,1
unvaccinated,1
unveilings,1
unwell,1
unyielding,1
uob,1
up-and-coming,1
up-and-running,1
up-sell,1
upb,1
upc,1
upleveling,1
uplifts,1
uplink,1
upmc,1
upoe,1
upped,1
upper-end,1
uppers,1
upreti,1
uprising,1
upscale,1
upscaling,1
upsets,1
upsides,1
upward-trending,1
ura,1
uralsib,1
urbana,1
urgence,1
uriah,1
urisdictions,1
uroepithelial,1
urologic,1
urotherial,1
urxslqfoxghv,1
us$1,1
us$1.092,1
us$100,1
us$148,1
us$149,1
us$153,1
us$155,1
us$157,1
us$158,1
us$160,1
us$161,1
us$2,1
us$35,1
us$369,1
us$389,1
us$440,1
us$441,1
us$446,1
us$458,1
us$462,1
us$463,1
us$470,1
us$474,1
us$479,1
us$484,1
us$500,1
us$578,1
us$641,1
us$72,1
us$76,1
us$79,1
us$81,1
us-africa,1
us-airlines-to-support-nasa-boeing-sustainable-flight-demonstrator-project-301885246.html,1
us-asean,1
us-based,1
us-dollar,1
us-dollar-denominated,1
us-east,1
us-ecommerce-sales,1
us-focused,1
us.mizuho-sc.com,1
us031162aw01,1
us031162ay66,1
us031162ba71,1
us031162bc38,1
us031162bh25,1
us031162bk53,1
us031162bp41,1
us037833dx52,1
us037833dy36,1
us037833dz01,1
us037833ea41,1
us037833eh93,1
us037833ej59,1
us037833ek23,1
us037833el06,1
us097023bm69,1
us097023bn43,1
us097023bp90,1
us149123ca78,1
us191216at79,1
us191216av26,1
us191216br05,1
us191216by55,1
us191216cf57,1
us191216cp30,1
us191216cq13,1
us2,1
us254687fk79,1
us254687fl52,1
us254687fm36,1
us254687fy73,1
us254687fz49,1
us254687ga88,1
us25468pde34,1
us25468pdf09,1
us38141gwu48,1
us38141gwv21,1
us437076bs00,1
us437076bu55,1
us437076bv39,1
us437076bw12,1
us437076bx94,1
us437076by77,1
us437076ch36,1
us437076cj91,1
us437076ck64,1
us438516ce43,1
us438516cf18,1
us594918ap95,1
us594918aq78,1
us594918ar51,1
us742718bg35,1
us742718bh18,1
us742718bj73,1
us742718cb39,1
us742718db20,1
us742718df34,1
us742718fb02,1
us742718fj38,1
us742718fk01,1
us91324pch38,1
us91324pdp45,1
us91324pdq28,1
usa-latin,1
usaa,1
usaid,1
usaucion,1
usauction,1
usb-if,1
uscbp,1
usda,1
usdollarzerocouponnotesduejune202020member,1
used-car,1
user-based,1
users.with,1
usfftarget,1
usiness,1
usitc,1
usmnt,1
uspb,1
usprime,1
usprime1,1
uspto-fda,1
uss,1
ussf,1
ussoccer.com,1
ustomers,1
ustransactionadvisorygroup,1
usts,1
usu14912ab24,1
usu19121ah24,1
usuels,1
uswnt,1
utilise,1
utiliserons,1
utilizers,1
utm_content,1
utmas,1
utr,1
uttarakhand,1
utually,1
uuid,1
uuu,1
uwm,1
uxl,1
uzzell,1
v-,1
v--officers,1
v-1,1
v-116,1
v-2,1
v-us,1
v.tal,1
v1,1
v114-016,1
v114-017,1
v114-019,1
v114-020,1
v114-029,1
v22020,1
v3,1
v5,1
v7000,1
v8,1
vacaville,1
vaccaro,1
vaccinate,1
vaccine-naive,1
vacuum,1
vadim,1
vae,1
vague,1
vaidya,1
valarie,1
valdemar,1
valencia,1
valerie,1
valet,1
valle's,1
vallejo,1
valorem,1
value-accretive,1
value-add,1
value-chains,1
value-creating,1
value-end,1
value-goodwill,1
value1,1
valueact.com,1
valueand,1
values-driven,1
values-led,1
vancouver-whistler,1
vandenberg,1
vandhal,1
vanille,1
vantiv,1
vanwoerkom,1
vap,1
vapocool,1
vaporfly,1
varbin,1
vardenifil,1
varga,1
vari,1
variableinterestratedebtwithamaturitydatein2019member,1
variably,1
varian,1
varo,1
varro,1
varsity,1
vasculature,1
vass,1
vassar,1
vaste,1
vat-exclusive,1
vaude,1
vax,1
vblock,1
vca,1
vca's,1
vcc,1
vcop,1
vcpu,1
vd,1
vdc,1
veb,1
vedettes,1
vedra,1
veena,1
veeps,1
vegfr-1,1
vegfr-2,1
vegfr-3,1
vehicle-as-a-service,1
veiller,1
velocity-comprehensive,1
veloppement,1
vence,1
vendor-independent,1
vendor-neutral,1
vendor-purchased,1
vendredi,1
venech,1
venessa,1
venir,1
venkateshwar,1
ventes,1
ventilated,1
ventilator,1
venture-backed,1
ventured,1
venturing,1
ver,1
veracity,1
vered,1
vergara,1
verifi.com,1
verifone,1
verilog,1
verily's,1
verisign,1
veritas,1
verizonlong,1
verizonshort,1
verma,1
vermelha,1
vernakalent,1
verrnydoxhshuvkduhdvlwuhpryhvwkhhiihfwrifkdqjlqjsulfhvrqlqyhvwhgdvvhwvlhqhw,1
versaca,1
verser,1
vertiv,1
vesper,1
vestel,1
veteran's,1
vetsch,1
veulent,1
vevo,1
vevre,1
vex99107052018.htm,1
vex991earningsrelease33117.htm,1
vex992earningsdeck33117,1
vex992earningsdeck33117.htm,1
vgpr,1
vgs,1
vhfjry,1
vhfwlrqdw,1
vhgzlwk,1
vhgzlwkshuplvvlrqri,1
vi--contracts,1
viaje,1
viaplay,1
vibrancy,1
vibrantes,1
vice's,1
vice-versa,1
vices,1
vicleucel,1
victoria.davis,1
victorville,1
victreli,1
videla,1
video-,1
video-based,1
video-delivery,1
video-enable,1
video-enabling,1
video-intelligence,1
video-over-ip,1
video-tracking,1
video.ibm.com,1
videocon,1
videowhile,1
vidmob,1
viendra,1
viennent,1
viet,1
vietnam's,1
vietnam-airlines-selects-50-boeing-737-max-airplanes-to-grow-its-fleet-301923257.html,1
vietnambottlingoperationsmember,1
viewable,1
viewer-specific,1
vif,1
vigilancia,1
vigilare,1
vihaan.ai,1
vii--capital,1
viii--fiscal,1
viii-a,1
viii-b,1
vikas,1
viktor,1
villanova,1
villeneuve,1
vinay,1
vines,1
vineyard,1
vip-customers-order-up-to-four-boeing-business-jets-301830289.html,1
vipps,1
vipul,1
viren,1
virgil,1
virgin-like,1
virtual-card,1
virus-1,1
virus-containing,1
virus-positive,1
visa-approved,1
visa-business-solutions.foleon.com,1
visa-certified,1
visa-compliant,1
visa-consulting-analytics,1
visa-direct,1
visa-foundation.html,1
visa-funded,1
visa-quality,1
visab2bconnect,1
visage,1
visanet's,1
visant,1
viscaya,1
viseurs,1
vishny,1
vision-based,1
visionlink,1
visitation,1
visiter,1
visitez,1
visme,1
visually-impaired,1
visuelles,1
visy,1
vitally,1
vitals,1
vitamine,1
vitao,1
vite,1
vithal,1
vittorio,1
vivant,1
vive,1
vividly,1
vivint,1
vivisimo,1
vkduhkroghuv,1
vlad,1
vladimir,1
vlcc,1
vlerick,1
vlp,1
vlph,1
vlphu09dsuqymde4utq,1
vlsitechnologyllcvintelmember,1
vlvridsurshuw,1
vm,1
vmg,1
vmworld,1
vocalife,1
vodacom,1
voice-control,1
voice-driven,1
voice-over-lte,1
voicemails,1
voiceview,1
voiding,1
voie,1
voight,1
volatility1,1
volga,1
volley,1
volta,1
voltstar,1
volume.we,1
volume1,1
volume10,1
volume11,1
volume16,1
volume2,1
volume3,1
volume4,1
volume6,1
volumes2,1
volution,1
volutionn,1
volving,1
vomero,1
vonpar's,1
vont,1
voracious,1
vote-counting,1
voting-interest,1
vous,1
voxware,1
voyons,1
vp9,1
vpcs,1
vpi,1
vppas,1
vprvwuhfhqwdqqxdouhsruwrq,1
vslilitigationmember,1
vsphere,1
vsphere-based,1
vuitton,1
vulture,1
vvv,1
vying,1
vz.n,1
vz_3q23_formal_remarks.pd,1
vz_3q23_formal_remarks.pdf,1
vz_3q23_fs.pdf,1
vz_3q23_infographic.pdf,1
vz_3q23_nongaap.pdf,1
vz_3q23_presentation_0.pd,1
vz_3q23_presentation_0.pdf,1
vz_3q23_transcript_3.pdf,1
vzaccess,1
vzc,1
vzemail,1
vzhevlwh,1
vzq,1
w'z,1
w-02,1
w3c,1
w9,1
wa-274-p,1
wa-37-l,1
wa-383-p,1
wa-42-r,1
wa-439-p,1
wachtell,1
wacker,1
waco,1
wadhwa,1
waf,1
waggoner,1
wagoneer,1
wagonlit,1
wagstaff,1
wahls,1
wai2023,1
wain,1
waistband,1
waite,1
waivr,1
wakeman,1
waking,1
wal-mart-sponsored,1
walden,1
waldenstrom's,1
waldmeier,1
waldorf,1
walgreens,1
walk-forward,1
walk1,1
walkie-talkies,1
walkout,1
walkouts,1
wall-cross,1
wall-mounted,1
walmart-connect-logo.png,1
walmart-display-ad.jpg,1
walmart-self-checkout-area.jpeg,1
walmart-sponsored,1
walmart-sponsored-ad.jpg,1
walmart.com's,1
walmartlabs,1
walnut,1
waltz,1
walz-cuccioli,1
wambach,1
wamgr,1
waned,1
waning,1
wappa,1
wardell,1
warden,1
wards,1
warehousemen,1
wares,1
warfarin,1
warfighting,1
warm-tier,1
warmack,1
warmer,1
warmth,1
warner's,1
warns,1
warrantyadvance,1
warships,1
wary,1
wasn,1
wasn't,1
wasser,1
wasserman,1
waste-minimization,1
waste-related,1
waste-to-green,1
wasted,1
watch-boeing-and-atlas-air-celebrate-the-final-747-on-jan-31-301729810.html,1
watchabc,1
watchful,1
watchlists,1
water-efficient,1
water-saving,1
water-stressed,1
watercraft,1
waterman,1
watermark,1
watermarking,1
waterproofing,1
watery,1
watson-powered,1
wauter,1
wavecrest,1
waved,1
waxman-markey,1
way's,1
wb,1
wba,1
wbca,1
wbwl,1
wbyu,1
wci,1
wddy,1
wddz,1
wdrd,1
wds,1
wdwd,1
wdyz,1
wdzk,1
wdzy,1
weae,1
wealthiest1,1
wealthy-hand-to-mouth,1
weareinvictus,1
weareinvictusgames,1
weathering,1
weatherization,1
weavers,1
web-ordering,1
web3,1
webex-by-cisco-advances-hybrid-work-with-breakthrough-innovations--partnerships-301658716.html,1
webex-by-cisco-announces-ai-powered-solutions-to-empower-contact-center-agent-potential-and-reduce-burnout-301968863.html,1
webex-by-cisco-delivers-first-app-for-hybrid-work-to-audi-vehicles-301840208.html,1
webex-by-cisco-enhances-customer-experiences-for-the-digital-era-301660066.html,1
webexpr,1
webexvirtual,1
webgl,1
webloyalty.com's,1
webmd,1
webpages,1
website-including,1
webster's,1
webusers.htm,1
webvr,1
weeds,1
week-to-week,1
weeknd,1
weeknights,1
wei,1
weibo,1
weichert,1
weightage,1
weighted-average7,1
weighted-averaged,1
weightedaveragemember,1
weiguo,1
weil,1
weill,1
weinbaum,1
weiner,1
weirton,1
weis,1
weisler,1
welcome.html,1
well-connected,1
well-contained,1
well-coordinated,1
well-defended,1
well-developed,1
well-earned,1
well-executing,1
well-intentioned,1
well-liked,1
well-loved,1
well-regarded,1
well-seasoned,1
wellbore,1
wendel,1
wennberg,1
wepn,1
weps,1
weren't,1
wesemeier,1
west's,1
west-1,1
west-2,1
westampton,1
westchester,1
westex,1
westfield,1
westhill,1
westhillglobal.com,1
westin,1
westjet,1
westphalia,1
westside,1
westward,1
westwood,1
westworld,1
weta,1
wetzel,1
wexler,1
weyerhaeuser,1
wf,1
wfay,1
wfc5,1
wfdf,1
wfr,1
wgfy,1
what-if,1
wheel-tractor,1
wheeled,1
wheeler,1
wheelhouse,1
whey,1
whic,1
whishaw,1
whispered,1
whispers,1
whistle,1
whistles,1
whitbread,1
white.rb.1,1
whiteboard,1
whiteboards,1
whitehurst,1
whiten,1
whitening,1
whiteside,1
whitfield,1
whitson,1
whittaker,1
whittier,1
who's,1
who-prequalified,1
whoever,1
whole-genome,1
whole-heartedly,1
whole-home,1
whole-sale,1
wholefoods,1
wholefoods.com,1
wholesale-equivalent,1
wholly-,1
whsmith,1
whye,1
whyte,1
wi-fi6e,1
wi-fi6e-ready,1
wide-angle,1
wide-area-networking,1
wider-spread,1
wields,1
wiener-dog,1
wifi-enabled,1
wifi-programmable,1
wifi6-based,1
wiget,1
wilder,1
wilderotter,1
wildfire-related,1
wildfiredefense,1
wilkes,1
williamson,1
willihnganz,1
willner,1
willyerd,1
wilman,1
wilshire,1
wilson-scott,1
wimmer,1
win-,1
win-loss,1
win-rate,1
windcave,1
winddown,1
winder,1
windfarm,1
windrunner,1
wingspan,1
winkelman,1
winnipeg,1
winsten,1
winston,1
winston-salem,1
winter-24-release,1
wintherthur,1
wiped,1
wirele,1
wireless-branded,1
wireless-n,1
wirelin,1
wireline's,1
wisconsin-milwaukee,1
wisebanyan,1
wished-for,1
wishenpoof,1
wison,1
wistron,1
witches,1
withdrawl,1
witherspoon,1
withstood,1
witlee,1
wix.com,1
wizkids,1
wj,1
wjrt-tv,1
wkat0,1
wkdwduhuhohydqw,1
wkh,1
wkhqxpehurifrpprqvkduhvrxwvwdqglqj,1
wksh,1
wkurxjk,1
wl,1
wlrk.com,1
wm1,1
wmf,1
wmi,1
wmki,1
wmo,1
wmvp,1
wmym,1
wn,1
wolfram,1
wolframite,1
wolfsburg,1
wollman,1
woman-owned,1
women'straining,1
women-centered,1
women-founded,1
womply,1
wonderfully,1
wonderstruck,1
wondertime,1
woodbridge,1
woodruff,1
woodstock,1
woodworking,1
woosley,1
woot,1
word-of-mouth,1
wordperfect,1
wordpress.com,1
wore,1
work-flow,1
work-from,1
work-made-for-hire,1
work-streams,1
work-up,1
workarounds,1
workflo,1
working-class,1
working-from-home,1
working-together,1
workingwell,1
workload-optimizations,1
workmail,1
workspace's,1
workstream,1
workstyles,1
worku,1
workwear,1
world-at-large,1
world-firsts,1
world-scale,1
world-wide-web,1
world2,1
worldcom,1
worldgrid,1
worldpay,1
worm,1
worn-out,1
worried,1
worth's,1
wounded,1
wovens,1
wp-content,1
wpa2-enterprise,1
wqew,1
wr$gmxvwhg6kduhkroghuv,1
wrap-,1
wrap-ups,1
wraparound,1
wrappers,1
wrdz,1
wrenches,1
write-once,1
wrwdo,1
wrwdouhwxuqlvfdofxodwhgzlwk-dqxdu,1
wsdz,1
wsm,1
wsmb,1
wss,1
wta,1
wtvg-tv,1
wtw,1
wu-tang,1
wucherpfennig,1
wudyhohuvfrp,1
wujiang,1
wunderman,1
wuxi,1
wv,1
wv2,1
wwdc23,1
wwe,1
wwjz,1
wwmi,1
wwmk,1
wwt,1
www.airleasecorp.com,1
www.airniugini.com.pg,1
www.amgenbiosimilars.com,1
www.aviationcapitalgroup.com,1
www.billtrust.com,1
www.biosensewebster.com,1
www.bnsf.com,1
www.boeing-me.com,1
www.brighthouse.com,1
www.brookings.edu,1
www.businesstravelconnexion.com,1
www.caseys.com,1
www.centauro.com.br,1
www.certarus.com,1
www.cfsinnovation.com,1
www.chemocentryx.com,1
www.coca,1
www.coca-colablog.com,1
www.comcast.com,1
www.comcastcorporation.com,1
www.costa.co.uk,1
www.deloitte.com,1
www.digitalcommerce360.com,1
www.directeventreg.com,1
www.electdisney.com,1
www.esentire.com,1
www.esquirebank.com,1
www.ethiopianairlines.com,1
www.fedsmallbusiness.org,1
www.fined50.com,1
www.finra.org,1
www.fortunebusinessinsights.com,1
www.gartner.com,1
www.geaerospace.com,1
www.hoganlovells.com,1
www.holeinthewallgang.org,1
www.icloud.com,1
www.intervet.com,1
www.invictusgamesfoundation.org,1
www.ipc.be,1
www.jamsadr.com,1
www.janssenrnd.com,1
www.jsad.or.jp,1
www.kauffman.org,1
www.kirkland.com,1
www.leed.homedepot.com,1
www.letsgetchecked.com,1
www.mbusa.com,1
www.mbvans.com,1
www.merial.com,1
www.mfsafrica.com,1
www.mlssoccer.com,1
www.morganhealth.com,1
www.morningstar.com,1
www.navisite.com,1
www.newmont.com,1
www.nexavar-us.com,1
www.nutanix.com,1
www.nyse.com,1
www.onyx.com,1
www.opensource.org,1
www.rdamicro.com,1
www.refinitiv.com,1
www.retina.janssen.com,1
www.richmondfed.org,1
www.sanofi-aventis.com,1
www.sedar.com,1
www.shrm.org,1
www.skhynix.com,1
www.slack.com,1
www.smbc.aero,1
www.sourcefire.com,1
www.spreadtrum.com,1
www.stivarga-us.com,1
www.sunexpress.com,1
www.t-mobile.com,1
www.therealreal.com,1
www.thriveglobal.com,1
www.thunes.com,1
www.timewarnercable.com,1
www.towersemi.com,1
www.twcbc.com,1
www.twcmedia.com,1
www.un.org,1
www.unigroup.com.cn,1
www.united.com,1
www.up.com,1
www.venteprivee.com,1
www.verizonwireless.com,1
www.webcaster4.com,1
www.whitbread.co.uk,1
www.wholefoodsmarket.com,1
www.withmathican.org,1
wyatt,1
wylde,1
wyman,1
wysa,1
wyss,1
wzlwwhufrpwudyhohuv,1
x--waiver,1
x-2.0x,1
x-37b,1
x-8f,1
x-force,1
x-linked,1
x-perion,1
x-plane,1
x-series,1
x.x,1
x2gd,1
x2y's,1
x6000e,1
xandr,1
xcc,1
xcelerator,1
xdr's,1
xecutive,1
xelerated,1
xeon-d,1
xffhvvixoo,1
xforce,1
xgoals,1
xhaul,1
xi--amendments,1
xiao,1
xii--emergency,1
xin,1
xk,1
xlhealth,1
xlrp,1
xlte,1
xm-22,1
xmm,1
xo's,1
xochimilco,1
xoxo,1
xpense,1
xpenses,1
xpire,1
xpus,1
xquhdol,1
xrtt,1
xs0405876672,1
xs1112678559,1
xs1405766624,1
xs1405766897,1
xs1405767275,1
xs1405769727,1
xs1431263588,1
xs1568966672,1
xs1574671662,1
xs1955024390,1
xs1955024630,1
xs2233155261,1
xs2233155345,1
xs2479941499,1
xs2479941572,1
xs2479942034,1
xs2583741934,1
xs2583742239,1
xssruwhge,1
xuzhou,1
xvhlwvzhevlwhdqgruvrfldophgldrxwohwvvxfkdv,1
xvix,1
xwv,1
xx.x,1
xx.xx,1
xxx-xx-xxxx,1
xxx.x,1
xxxiii,1
xxxiv,1
xxxv,1
xxxvi,1
xxxx,1
y-cam,1
y-laws,1
y-series,1
y1,1
y2,1
yacht,1
yachty,1
yacine,1
yamada,1
yamane,1
yann,1
yardline,1
yarmouth,1
yarrington,1
yasuhiko,1
yatsenko,1
yawn,1
ydulhw,1
ye-2022ye,1
ye2021,1
ye2025,1
ye22,1
yea,1
yeah,1
year--a,1
year-on,1
year-on-,1
year-one,1
year-over-your,1
year-to,1
year-to-period,1
year-year,1
year4,1
years10,1
years2,1
years6,1
yeary,1
yees,1
yehoshua,1
yelder,1
yello,1
yellowpepper.com,1
yelyzaveta,1
yeo,1
yeomans,1
yeovil,1
yervoy,1
yesterday's,1
yesterday-today-tomorrow,1
yeux,1
yigal,1
yixi,1
ylvlwlqjwkh,1
ymorah,1
yoga,1
yogourt,1
yogourts,1
yong,1
york-issued,1
yorkshire,1
yoshikazu,1
yoshimoto,1
you'd,1
young-adult,1
youngdon,1
youngwood,1
yoy6,1
yoy7,1
yr.-to,1
yr.-to-yr,1
ytd'19,1
ytd'21,1
ytd12,1
ytd20111,1
yuasa,1
yuchai,1
yuji,1
yukui,1
yukui.wang,1
yung,1
yuval,1
yv$yhudjh52,1
yyy,1
z-ia,1
z10,1
z196,1
z1d,1
z2560,1
z670,1
za,1
zabdeno,1
zabka,1
zaccaria,1
zach,1
zachary,1
zagros,1
zahra,1
zaillian,1
zaim,1
zakhour,1
zal,1
zaltrap,1
zambian,1
zapata-cardone,1
zarbee's,1
zayla,1
zbx,1
zdata,1
zdf,1
zeal,1
zebra-motorola,1
zebulon,1
zedillo,1
zeid,1
zeina,1
zela,1
zellweger,1
zelnick,1
zemba,1
zengo,1
zenimax,1
zentrum,1
zenz,1
zero's,1
zero-,1
zero-as-a-service,1
zero-calorie,1
zero-copy,1
zero-cost,1
zero-data,1
zero-distance,1
zero-percent,1
zero-suicide,1
zerodash,1
zeroing,1
zeros,1
zevo,1
zeyad,1
zeyad.maasarani,1
zhao,1
zhen,1
zhevlwhdw,1
zhkdyhpdghdqgfrqwlqxhwrpdnhdvsduwrirxu,1
zhongshan,1
zielinski,1
ziff,1
zillow,1
zima-evans,1
ziprecruiter,1
ziv,1
zk,1
zklfk,1
zklfkduh,1
zklfkgrqrwkdyhdqhtxlydohqwlpsdfwrqxqsdlgfodlpvdqgfodlpdgmxvwph,1
zkutak,1
zobkiw,1
zoellner,1
zolendronic,1
zona,1
zone-infrequent,1
zoned,1
zooms,1
zor,1
zshops,1
zt1,1
zta,1
ztna,1
zubin,1
zubova,1
zulily,1
zvex,1
zwart,1
zwift,1
zwjindrecht,1
zz,1
